{
  "format": 1,
  "result": "pass-source-structure-only",
  "production_qualified": false,
  "formal_proof": false,
  "ada_execution": false,
  "capabilities": 41,
  "lineage": {
    "restored_files": 98,
    "kept_newer_files": 18,
    "restored_canonical_ada": 95,
    "amended_restored_files": 2,
    "independent_review": "pending",
    "source_archive": "mission-core-mission-critical-distro-source-2026-09-06.zip",
    "source_sha256": "0f7abaee8a747ddfe2f9d0700870d1c7190a39b924b40d8b7a2a3b726db8fd07"
  },
  "packaging": {
    "covered_application_mains": [
      "assurance/assure",
      "assurance/controlctl",
      "assurance/platformctl",
      "pkgcore/pkg_recoveryctl",
      "pkgcore/pkgctl",
      "pkgcore/pkg_worker",
      "pkgcore/pkg_scrubctl",
      "statecore/hostctl",
      "statecore/statectl",
      "statecore/state_worker",
      "statecore/state_recovery_worker",
      "statecore/state_healing_admin",
      "controlcore/nia",
      "controlcore/missionctl",
      "controlcore/mission_sign",
      "configcore/configctl",
      "resolvercore/resolverctl"
    ],
    "transport": "deb",
    "package_build_executed": false,
    "native_dependencies_qualified": false,
    "legacy_rpm_recipes_active": false
  },
  "documentation": {
    "documents": [
      {
        "path": "assurance/CONTRIBUTING.md",
        "sha256": "20c0a11376da06b9b5c023f8d28f8452c175a0cd36498e3ff26212c7e9d8ab51",
        "scope": "component-contract-check-nia-product-overlay",
        "semantic_review": "selected-design-boundaries; full semantic equivalence not established"
      },
      {
        "path": "assurance/README.md",
        "sha256": "5729ecb1e5024104ba1cd5298d323104b603dffb1a3d1644aaf9703687b78938",
        "scope": "component-contract-check-nia-product-overlay",
        "semantic_review": "selected-design-boundaries; full semantic equivalence not established"
      },
      {
        "path": "assurance/SECURITY.md",
        "sha256": "ce6aa928c275d342811638e598d9138562e854b7184ce7483209375092ef551c",
        "scope": "component-contract-check-nia-product-overlay",
        "semantic_review": "selected-design-boundaries; full semantic equivalence not established"
      },
      {
        "path": "assurance/deployment/README.ja.md",
        "sha256": "7830cc45d03a45f8e6964254796b67bd2908a8e5a7fe4a22adb178869fc7c446",
        "scope": "component-contract-check-nia-product-overlay",
        "semantic_review": "selected-design-boundaries; full semantic equivalence not established"
      },
      {
        "path": "assurance/docs/architecture.md",
        "sha256": "1c371086ff39095011f3018ccb3d5f733c23733401e26970112eae242ee2f525",
        "scope": "component-contract-check-nia-product-overlay",
        "semantic_review": "selected-design-boundaries; full semantic equivalence not established"
      },
      {
        "path": "assurance/docs/assured-operations.ja.md",
        "sha256": "ad437eefe45a7e5ea3ff51e912e1bcd9da02d09332551b3f166eaaca53eb5c48",
        "scope": "component-contract-check-nia-product-overlay",
        "semantic_review": "selected-design-boundaries; full semantic equivalence not established"
      },
      {
        "path": "assurance/docs/assured-sources.md",
        "sha256": "a4cd47a74914ddad6af6ba09e35acba9d8b666f345cddf125db3b9f96ff642f3",
        "scope": "component-contract-check-nia-product-overlay",
        "semantic_review": "selected-design-boundaries; full semantic equivalence not established"
      },
      {
        "path": "assurance/docs/assured-traceability.md",
        "sha256": "b6bbb1164edf5140299080428792df4f05fc6b65ffecdb0df2c5b5561118e0e4",
        "scope": "component-contract-check-nia-product-overlay",
        "semantic_review": "selected-design-boundaries; full semantic equivalence not established"
      },
      {
        "path": "assurance/docs/build-and-test.ja.md",
        "sha256": "347f522a8504b3f8d106fb0a2601d32dd0e922996e587ffe8cba27b2c64b3dce",
        "scope": "component-contract-check-nia-product-overlay",
        "semantic_review": "selected-design-boundaries; full semantic equivalence not established"
      },
      {
        "path": "assurance/docs/checkpoints.ja.md",
        "sha256": "dafd7a2677662de21ed1610f67859a3b5ed80e542cfe1bae16e0c0d70d7231b3",
        "scope": "component-contract-check-nia-product-overlay",
        "semantic_review": "selected-design-boundaries; full semantic equivalence not established"
      },
      {
        "path": "assurance/docs/ci-policy.md",
        "sha256": "73440021145802eb2b3000f104be9114533c34e9cb888b32f9961d784867d899",
        "scope": "component-contract-check-nia-product-overlay",
        "semantic_review": "selected-design-boundaries; full semantic equivalence not established"
      },
      {
        "path": "assurance/docs/connector-evolution.ja.md",
        "sha256": "5b9cd76951b9e569292ff20ee232b911f0e811b86f962ae6ab32954b22437992",
        "scope": "component-contract-check-nia-product-overlay",
        "semantic_review": "selected-design-boundaries; full semantic equivalence not established"
      },
      {
        "path": "assurance/docs/control-protocol.ja.md",
        "sha256": "3f7128ffe07d9756b79078cc107d1f2d7cfbf7d296e96cdd2aa04566ab6eddb2",
        "scope": "component-contract-check-nia-product-overlay",
        "semantic_review": "selected-design-boundaries; full semantic equivalence not established"
      },
      {
        "path": "assurance/docs/coordination-integrity.ja.md",
        "sha256": "2983c2e94fcc420f613d93a6409ef063c3e0d2a35fb2147866476fbf18501a2a",
        "scope": "component-contract-check-nia-product-overlay",
        "semantic_review": "selected-design-boundaries; full semantic equivalence not established"
      },
      {
        "path": "assurance/docs/coordination-traceability.md",
        "sha256": "172ba5a7ee3b4fa7fa8967f56a5f455a2e33ca11b07bf256e06c37ff1a7a5ac6",
        "scope": "component-contract-check-nia-product-overlay",
        "semantic_review": "selected-design-boundaries; full semantic equivalence not established"
      },
      {
        "path": "assurance/docs/distro-foundation.ja.md",
        "sha256": "d7b3f48fbe5eb589f6d08fc557bd3693fcdc956350b561afcb69dcccc5ac8b29",
        "scope": "component-contract-check-nia-product-overlay",
        "semantic_review": "selected-design-boundaries; full semantic equivalence not established"
      },
      {
        "path": "assurance/docs/distro-migration.ja.md",
        "sha256": "2cbd5bd900e15fc7ecbc6897438d8bc9c21735782d48d9c839a87ddca0d6e954",
        "scope": "component-contract-check-nia-product-overlay",
        "semantic_review": "selected-design-boundaries; full semantic equivalence not established"
      },
      {
        "path": "assurance/docs/distro-sources.md",
        "sha256": "25fb07b287c7a604ab0bb74bb325ad17bdb6db5f6e77fa94acb315383f0044bc",
        "scope": "component-contract-check-nia-product-overlay",
        "semantic_review": "selected-design-boundaries; full semantic equivalence not established"
      },
      {
        "path": "assurance/docs/distro-traceability.md",
        "sha256": "8b314a4fe646c4ec9c8d54a5df61efd19ba98596ce10ca810f76f67ceb57d492",
        "scope": "component-contract-check-nia-product-overlay",
        "semantic_review": "selected-design-boundaries; full semantic equivalence not established"
      },
      {
        "path": "assurance/docs/implementation-status.ja.md",
        "sha256": "adee8c17b1ff4417f5e90a9543ba564b6987d3326148c914a19617eec4b49c47",
        "scope": "component-contract-check-nia-product-overlay",
        "semantic_review": "selected-design-boundaries; full semantic equivalence not established"
      },
      {
        "path": "assurance/docs/limits-and-operations.ja.md",
        "sha256": "1766374f33dbc5a3cd0c25b3f7179f45b9856125384e438bae52231f4b05bf3e",
        "scope": "component-contract-check-nia-product-overlay",
        "semantic_review": "selected-design-boundaries; full semantic equivalence not established"
      },
      {
        "path": "assurance/docs/mission-critical-linux.ja.md",
        "sha256": "0607d5dc7e97ecf61c0c8803807522ad9343e120568e512a42f7da344bdc18cd",
        "scope": "component-contract-check-nia-product-overlay",
        "semantic_review": "selected-design-boundaries; full semantic equivalence not established"
      },
      {
        "path": "assurance/docs/platform-qualification.ja.md",
        "sha256": "8c69b879f26874ea849e00d0ee45f8b90bb089fd20ea260b23f5b0a142fc5ae7",
        "scope": "component-contract-check-nia-product-overlay",
        "semantic_review": "selected-design-boundaries; full semantic equivalence not established"
      },
      {
        "path": "assurance/docs/proof-boundary.md",
        "sha256": "10056ed4953b60cc69a123ffc8d736413bb124626d2c5d6dffa804a5edae95de",
        "scope": "component-contract-check-nia-product-overlay",
        "semantic_review": "selected-design-boundaries; full semantic equivalence not established"
      },
      {
        "path": "assurance/docs/protocol.md",
        "sha256": "4eaab22cb878dcd910624608afc26738039a5426c96ab5e6ef2639a922aac0b5",
        "scope": "component-contract-check-nia-product-overlay",
        "semantic_review": "selected-design-boundaries; full semantic equivalence not established"
      },
      {
        "path": "assurance/docs/qualification-gap.md",
        "sha256": "80f5e040d341232a2d44e9ef5ec7889928eecb01fe58aa15d36fb73d95d71f88",
        "scope": "component-contract-check-nia-product-overlay",
        "semantic_review": "selected-design-boundaries; full semantic equivalence not established"
      },
      {
        "path": "assurance/docs/release-qualification.ja.md",
        "sha256": "e4f2b72b2a83c5860ccd5fb8b9fbe6b243e1fde0dd72aadf624abb7e91b50b44",
        "scope": "component-contract-check-nia-product-overlay",
        "semantic_review": "selected-design-boundaries; full semantic equivalence not established"
      },
      {
        "path": "assurance/docs/resilience.ja.md",
        "sha256": "19dec0a6b5b82d51df7fcbaa1fd8bf332adc2f1de2d5cc3c4ce3929661f89c53",
        "scope": "component-contract-check-nia-product-overlay",
        "semantic_review": "selected-design-boundaries; full semantic equivalence not established"
      },
      {
        "path": "assurance/docs/sources.md",
        "sha256": "6920240ea62372362a70433c933cda67e60455ba1399f840ad851a832719c215",
        "scope": "component-contract-check-nia-product-overlay",
        "semantic_review": "selected-design-boundaries; full semantic equivalence not established"
      },
      {
        "path": "assurance/docs/stop-barrier.ja.md",
        "sha256": "7b0c320a8b2bada85d4776de4d9df42701b79decdabe49d29198b05006b1e88f",
        "scope": "component-contract-check-nia-product-overlay",
        "semantic_review": "selected-design-boundaries; full semantic equivalence not established"
      },
      {
        "path": "assurance/docs/trusted-computing-base.ja.md",
        "sha256": "cfea6a691df8bcfc63fad068e8110450eb31c8221f78b9d4cc1b32223577e993",
        "scope": "component-contract-check-nia-product-overlay",
        "semantic_review": "selected-design-boundaries; full semantic equivalence not established"
      },
      {
        "path": "assurance/docs/engineering/README.ja.md",
        "sha256": "1b862f33433ad175e05c9a27d35452790a977d0638637f3a647d8dbc5a468b9d",
        "scope": "component-contract-check-nia-product-overlay",
        "semantic_review": "selected-design-boundaries; full semantic equivalence not established"
      },
      {
        "path": "assurance/docs/engineering/api-index.ja.md",
        "sha256": "6528740a3e893e38c891283f94b877f148e1fe4ca365be6b1d1b3401295975b2",
        "scope": "component-contract-check-nia-product-overlay",
        "semantic_review": "selected-design-boundaries; full semantic equivalence not established"
      },
      {
        "path": "assurance/docs/engineering/change-review.ja.md",
        "sha256": "e89dba72ed1116e0220b100a7fe3e82b2346f19aeea22dffea774e6ca7e29cad",
        "scope": "component-contract-check-nia-product-overlay",
        "semantic_review": "selected-design-boundaries; full semantic equivalence not established"
      },
      {
        "path": "assurance/docs/engineering/final-review.ja.md",
        "sha256": "f9ad6a364df663587c0cdb5a289629aa9a55b60a6c62b6666943a5f5f06677c1",
        "scope": "component-contract-check-nia-product-overlay",
        "semantic_review": "selected-design-boundaries; full semantic equivalence not established"
      },
      {
        "path": "assurance/docs/engineering/solver-change-review.ja.md",
        "sha256": "31d21eeaca1a44ef11e2b8ac1b48847d04ed61a3824d03115872152a08ea8db8",
        "scope": "component-contract-check-nia-product-overlay",
        "semantic_review": "selected-design-boundaries; full semantic equivalence not established"
      },
      {
        "path": "assurance/docs/engineering/sources.ja.md",
        "sha256": "6bd15e1322fdb1b8a7878ef67c78bce048b5025c1a25ee73e3b1c4de5b5c1d4a",
        "scope": "component-contract-check-nia-product-overlay",
        "semantic_review": "selected-design-boundaries; full semantic equivalence not established"
      },
      {
        "path": "assurance/docs/engineering/suse-config-change-review.ja.md",
        "sha256": "0ac428bb9c10c8ae95809bb89f0cd113d0b84f720fd6da38f07a08613edf01ed",
        "scope": "component-contract-check-nia-product-overlay",
        "semantic_review": "selected-design-boundaries; full semantic equivalence not established"
      },
      {
        "path": "assurance/docs/engineering/traceability.ja.md",
        "sha256": "c7a3ef2b83f9bf5a414940aa75732017d68f69ca72ee3aabce288594997be240",
        "scope": "component-contract-check-nia-product-overlay",
        "semantic_review": "selected-design-boundaries; full semantic equivalence not established"
      },
      {
        "path": "assurance/docs/engineering/unified-change-review.ja.md",
        "sha256": "7139253f0a81b2835e8f4adf89c6cc65a2fd4c524a55bdade816c0341530c062",
        "scope": "component-contract-check-nia-product-overlay",
        "semantic_review": "selected-design-boundaries; full semantic equivalence not established"
      },
      {
        "path": "assurance/docs/engineering/adr/ADR-0001.ja.md",
        "sha256": "ab9d72391e3945d8117153d6fe88a0550c69caedf083fc4c9f2640b402479caf",
        "scope": "component-contract-check-nia-product-overlay",
        "semantic_review": "selected-design-boundaries; full semantic equivalence not established"
      },
      {
        "path": "assurance/docs/engineering/adr/ADR-0002.ja.md",
        "sha256": "674f72c2186c0715a1167c52bed7946a2a0d1d56ee31980c99956be615d82288",
        "scope": "component-contract-check-nia-product-overlay",
        "semantic_review": "selected-design-boundaries; full semantic equivalence not established"
      },
      {
        "path": "assurance/docs/engineering/adr/ADR-0003.ja.md",
        "sha256": "f94f243f87a7c9f2afe65057e229a87644056f0d3737c639a71d789785f2429d",
        "scope": "component-contract-check-nia-product-overlay",
        "semantic_review": "selected-design-boundaries; full semantic equivalence not established"
      },
      {
        "path": "assurance/docs/engineering/adr/ADR-0004.ja.md",
        "sha256": "2bacef2504c0ae54e64d1c69191f657cee6d412fa464a50e4e17f8a6693a3ef8",
        "scope": "component-contract-check-nia-product-overlay",
        "semantic_review": "selected-design-boundaries; full semantic equivalence not established"
      },
      {
        "path": "assurance/docs/engineering/adr/ADR-0005.ja.md",
        "sha256": "5905eaab46c1369de45b055b76c378e4cdd566730019ac57dd5837b0d10a2dad",
        "scope": "component-contract-check-nia-product-overlay",
        "semantic_review": "selected-design-boundaries; full semantic equivalence not established"
      },
      {
        "path": "assurance/docs/engineering/adr/ADR-0006.ja.md",
        "sha256": "021287f205e33e39ce58a13b4876e774928b4823d67e2bbfb4c3eb37b786ac3c",
        "scope": "component-contract-check-nia-product-overlay",
        "semantic_review": "selected-design-boundaries; full semantic equivalence not established"
      },
      {
        "path": "assurance/docs/engineering/adr/ADR-0007.ja.md",
        "sha256": "7865a1d59b6aa8c6306cf060f6f4bd6f9c93833f123510013a9d2db0b2ba81f8",
        "scope": "component-contract-check-nia-product-overlay",
        "semantic_review": "selected-design-boundaries; full semantic equivalence not established"
      },
      {
        "path": "assurance/docs/engineering/adr/ADR-0008.ja.md",
        "sha256": "a5d539e87ca57e6bda7d22e9cbcd6bf24c15f1126dc8929ced971f7b267f16ee",
        "scope": "component-contract-check-nia-product-overlay",
        "semantic_review": "selected-design-boundaries; full semantic equivalence not established"
      },
      {
        "path": "assurance/docs/engineering/adr/ADR-0009.ja.md",
        "sha256": "c4a9da62558c9da7798ce481600ccb08c3363884bddbf08a9435709d44c34103",
        "scope": "component-contract-check-nia-product-overlay",
        "semantic_review": "selected-design-boundaries; full semantic equivalence not established"
      },
      {
        "path": "assurance/docs/engineering/adr/ADR-0010.ja.md",
        "sha256": "2595d38cbe02103a34da7832dfe09a721a69f81f2f3ac67b08fa487b36328a62",
        "scope": "component-contract-check-nia-product-overlay",
        "semantic_review": "selected-design-boundaries; full semantic equivalence not established"
      },
      {
        "path": "assurance/docs/engineering/adr/ADR-0011.ja.md",
        "sha256": "2cc1eda762829a4d595d1c80c78c88f19996aea744222f84a5d6f5d20b4999a3",
        "scope": "component-contract-check-nia-product-overlay",
        "semantic_review": "selected-design-boundaries; full semantic equivalence not established"
      },
      {
        "path": "assurance/docs/engineering/adr/ADR-0012.ja.md",
        "sha256": "d503b086e4a1728368c94d72d13fe74199c4a68ca8c24d4316f2e83c7e961a87",
        "scope": "component-contract-check-nia-product-overlay",
        "semantic_review": "selected-design-boundaries; full semantic equivalence not established"
      },
      {
        "path": "assurance/docs/engineering/adr/ADR-0013.ja.md",
        "sha256": "1703ac6e6b131d0b099d79b220a1355328cd11e4e88d1f8a3c50ed3a350121ab",
        "scope": "component-contract-check-nia-product-overlay",
        "semantic_review": "selected-design-boundaries; full semantic equivalence not established"
      },
      {
        "path": "assurance/docs/engineering/adr/ADR-0014.ja.md",
        "sha256": "992493cdd0136e8d758df0e7fe825b1a555b18505708064bae70b4a8d9a861c2",
        "scope": "component-contract-check-nia-product-overlay",
        "semantic_review": "selected-design-boundaries; full semantic equivalence not established"
      },
      {
        "path": "assurance/docs/engineering/adr/ADR-0015.ja.md",
        "sha256": "797a0bcd8dc8e6346201fcd87b9e85b9848cd5e6d05547ffc0db57933dd66e3a",
        "scope": "component-contract-check-nia-product-overlay",
        "semantic_review": "selected-design-boundaries; full semantic equivalence not established"
      },
      {
        "path": "assurance/docs/engineering/adr/ADR-0016.ja.md",
        "sha256": "a2641d35b967603f5f054cabe610ef5bcd761f991ebd370f830959b4d58831f8",
        "scope": "component-contract-check-nia-product-overlay",
        "semantic_review": "selected-design-boundaries; full semantic equivalence not established"
      },
      {
        "path": "assurance/docs/engineering/adr/ADR-0017.ja.md",
        "sha256": "0a9d5b8915b5b374bc0803cde6e9a73e22c200b4308c0d89dfefba172951714c",
        "scope": "component-contract-check-nia-product-overlay",
        "semantic_review": "selected-design-boundaries; full semantic equivalence not established"
      },
      {
        "path": "assurance/docs/engineering/adr/ADR-0018.ja.md",
        "sha256": "ce38405cc0b0d7f946b0171722ffc95ac75cb8116abd6963b14d615af451b52e",
        "scope": "component-contract-check-nia-product-overlay",
        "semantic_review": "selected-design-boundaries; full semantic equivalence not established"
      },
      {
        "path": "assurance/docs/engineering/adr/ADR-0019.ja.md",
        "sha256": "a6ecb8a65d9305b0dec5e4c478647ff7fa3c63b8d66667adcf5ef11e274b414d",
        "scope": "component-contract-check-nia-product-overlay",
        "semantic_review": "selected-design-boundaries; full semantic equivalence not established"
      },
      {
        "path": "assurance/docs/engineering/adr/ADR-0020.ja.md",
        "sha256": "3c60dcbae14e611742c84af8c367726f4a26b3b3ea3d9c777bf64a7a10f56f3c",
        "scope": "component-contract-check-nia-product-overlay",
        "semantic_review": "selected-design-boundaries; full semantic equivalence not established"
      },
      {
        "path": "assurance/docs/engineering/adr/ADR-0021.ja.md",
        "sha256": "c4af90a4141d3c2c2d6b07187945134cd3019f76e69a4a43db8d7668f5de1518",
        "scope": "component-contract-check-nia-product-overlay",
        "semantic_review": "selected-design-boundaries; full semantic equivalence not established"
      },
      {
        "path": "assurance/docs/engineering/adr/ADR-0022.ja.md",
        "sha256": "a7ef353d3e7b71c640bcf6fc32c12acd03386c4c215f4fb2611a1fa64853a6e2",
        "scope": "component-contract-check-nia-product-overlay",
        "semantic_review": "selected-design-boundaries; full semantic equivalence not established"
      },
      {
        "path": "assurance/docs/engineering/adr/ADR-0023.ja.md",
        "sha256": "e6bcfcfe9dadd55889beb1ba34d48d327be373ab6db13cbfa56f0d99cdbf3b88",
        "scope": "component-contract-check-nia-product-overlay",
        "semantic_review": "selected-design-boundaries; full semantic equivalence not established"
      },
      {
        "path": "assurance/docs/engineering/adr/ADR-0024.ja.md",
        "sha256": "de7eb439e4b5cb826895c09510412a2acb508fb1df71b72d47e5272fd5f6bc9d",
        "scope": "component-contract-check-nia-product-overlay",
        "semantic_review": "selected-design-boundaries; full semantic equivalence not established"
      },
      {
        "path": "assurance/docs/engineering/adr/ADR-0025.ja.md",
        "sha256": "bbff826c679b091cb868ac3d780c627fca67b934f8ba67b8fc4bea44d3abcfd1",
        "scope": "component-contract-check-nia-product-overlay",
        "semantic_review": "selected-design-boundaries; full semantic equivalence not established"
      },
      {
        "path": "assurance/docs/engineering/adr/ADR-0026.ja.md",
        "sha256": "440209af158c89639835aa56eed15aa7e36758b7336e6ac1c88ce76f4bc8928b",
        "scope": "component-contract-check-nia-product-overlay",
        "semantic_review": "selected-design-boundaries; full semantic equivalence not established"
      },
      {
        "path": "assurance/docs/engineering/adr/ADR-0027.ja.md",
        "sha256": "dd4a8f127ee657f570802c961f0dd8d64782fb3b32bce036b7e7236160c39f44",
        "scope": "component-contract-check-nia-product-overlay",
        "semantic_review": "selected-design-boundaries; full semantic equivalence not established"
      },
      {
        "path": "assurance/docs/engineering/adr/ADR-0028.ja.md",
        "sha256": "327da040264c34212c92eacee7e6e2f2a12c5af74fa4cf73bc2886e78c7540b9",
        "scope": "component-contract-check-nia-product-overlay",
        "semantic_review": "selected-design-boundaries; full semantic equivalence not established"
      },
      {
        "path": "assurance/docs/engineering/adr/ADR-0029.ja.md",
        "sha256": "71cc2eda1418e3a9ecccba739e2fe9244d6bc95d2d0f11111ee9f28ef4320463",
        "scope": "component-contract-check-nia-product-overlay",
        "semantic_review": "selected-design-boundaries; full semantic equivalence not established"
      },
      {
        "path": "assurance/docs/engineering/adr/ADR-0030.ja.md",
        "sha256": "a890382a412084454cf5b6916e70b0f27eca052cb39a50f7a807eef7fd53d199",
        "scope": "component-contract-check-nia-product-overlay",
        "semantic_review": "selected-design-boundaries; full semantic equivalence not established"
      },
      {
        "path": "assurance/docs/engineering/adr/ADR-0031.ja.md",
        "sha256": "63912d4edfa89e7a8977a89a359e68652f2a5dc232c7a1dcad8392df292edb7c",
        "scope": "component-contract-check-nia-product-overlay",
        "semantic_review": "selected-design-boundaries; full semantic equivalence not established"
      },
      {
        "path": "assurance/docs/engineering/adr/ADR-0032.ja.md",
        "sha256": "924bed3d5d285760de3d9e6b078668b2765a1cfff6626bd095d8dc047dba75b5",
        "scope": "component-contract-check-nia-product-overlay",
        "semantic_review": "selected-design-boundaries; full semantic equivalence not established"
      },
      {
        "path": "assurance/docs/engineering/adr/ADR-0033.ja.md",
        "sha256": "8ed8c9e2d1981d1143e072e7d89ad8ea3a1c2fd7591a9c9b4993d0356189a3c6",
        "scope": "component-contract-check-nia-product-overlay",
        "semantic_review": "selected-design-boundaries; full semantic equivalence not established"
      },
      {
        "path": "assurance/docs/engineering/adr/ADR-0034.ja.md",
        "sha256": "c69ece5f599d2a2e2db462538280d56a920c239ec7e4ea332570fbe32c3a8d07",
        "scope": "component-contract-check-nia-product-overlay",
        "semantic_review": "selected-design-boundaries; full semantic equivalence not established"
      },
      {
        "path": "assurance/docs/engineering/adr/ADR-0035.ja.md",
        "sha256": "475eb7ff6517b21d421bbf7436ad49795085d47fcb532cfb084b6b7d972ef7bd",
        "scope": "component-contract-check-nia-product-overlay",
        "semantic_review": "selected-design-boundaries; full semantic equivalence not established"
      },
      {
        "path": "assurance/docs/engineering/adr/ADR-0036.ja.md",
        "sha256": "a62c3adde9c272735fdf67f7b5cbfb3dbb86de0d2f0d4fc2cc05fb28746a1e48",
        "scope": "component-contract-check-nia-product-overlay",
        "semantic_review": "selected-design-boundaries; full semantic equivalence not established"
      },
      {
        "path": "assurance/docs/engineering/adr/ADR-0037.ja.md",
        "sha256": "c289589bf6303c827d55bfc71175d18617d491679672a04539a9298b7b4b9e22",
        "scope": "component-contract-check-nia-product-overlay",
        "semantic_review": "selected-design-boundaries; full semantic equivalence not established"
      },
      {
        "path": "assurance/docs/engineering/adr/ADR-0038.ja.md",
        "sha256": "acf3a7083719d5a6930ff8afabf189cc12245b9c753ce0abfb86b3f6cf824cf2",
        "scope": "component-contract-check-nia-product-overlay",
        "semantic_review": "selected-design-boundaries; full semantic equivalence not established"
      },
      {
        "path": "assurance/docs/engineering/adr/ADR-0039.ja.md",
        "sha256": "a0541fafccf4e95e7d954838b24072000448c6b4c6d8e1e6a4656e641f91c998",
        "scope": "component-contract-check-nia-product-overlay",
        "semantic_review": "selected-design-boundaries; full semantic equivalence not established"
      },
      {
        "path": "assurance/docs/engineering/adr/ADR-0040.ja.md",
        "sha256": "714abe5ccd6bc8061151069568999acbdc0d2e92439b4d9ce48fe7177dbb58ad",
        "scope": "component-contract-check-nia-product-overlay",
        "semantic_review": "selected-design-boundaries; full semantic equivalence not established"
      },
      {
        "path": "assurance/docs/engineering/adr/ADR-0041.ja.md",
        "sha256": "7f59b5629b6b76ced25e75ad11607e0f3df1e76fc39b65188e7719df44f44898",
        "scope": "component-contract-check-nia-product-overlay",
        "semantic_review": "selected-design-boundaries; full semantic equivalence not established"
      },
      {
        "path": "assurance/docs/engineering/adr/ADR-0042.ja.md",
        "sha256": "12c04f5880de73e3d3a13f9bdd565ff5edb30d0ec4f2c19a959681b60f33206c",
        "scope": "component-contract-check-nia-product-overlay",
        "semantic_review": "selected-design-boundaries; full semantic equivalence not established"
      },
      {
        "path": "assurance/docs/engineering/adr/ADR-0043.ja.md",
        "sha256": "204fdd1d4547cfc991891d9a0bb2858be2bef634590ef6f0e485201a24abe080",
        "scope": "component-contract-check-nia-product-overlay",
        "semantic_review": "selected-design-boundaries; full semantic equivalence not established"
      },
      {
        "path": "assurance/docs/engineering/adr/ADR-0044.ja.md",
        "sha256": "9665f5e1bafbe6cf9c92a0f723c94c2426bd9c9410afb3c05b236a1dd59c8a8b",
        "scope": "component-contract-check-nia-product-overlay",
        "semantic_review": "selected-design-boundaries; full semantic equivalence not established"
      },
      {
        "path": "assurance/docs/engineering/adr/ADR-0045.ja.md",
        "sha256": "3e026eb5e2535503873659e8154663de1db4247ffcdaabfccee99ae7642452da",
        "scope": "component-contract-check-nia-product-overlay",
        "semantic_review": "selected-design-boundaries; full semantic equivalence not established"
      },
      {
        "path": "assurance/docs/engineering/adr/ADR-0046.ja.md",
        "sha256": "11a25b8aa2a41bb2237202bbadba4ee937560ae1c84d4971fab6420156e957f7",
        "scope": "component-contract-check-nia-product-overlay",
        "semantic_review": "selected-design-boundaries; full semantic equivalence not established"
      },
      {
        "path": "assurance/docs/engineering/adr/ADR-0047.ja.md",
        "sha256": "fa0842090b7ab4f59e1691b79901e4d7691b7afc57762cf9f9bb0cc560ab96d6",
        "scope": "component-contract-check-nia-product-overlay",
        "semantic_review": "selected-design-boundaries; full semantic equivalence not established"
      },
      {
        "path": "assurance/docs/engineering/adr/ADR-0048.ja.md",
        "sha256": "00267bdf76d63d94f2b0439920e3f5f5e2ba9ee9bd542d34ee53d8fd8ec68fd0",
        "scope": "component-contract-check-nia-product-overlay",
        "semantic_review": "selected-design-boundaries; full semantic equivalence not established"
      },
      {
        "path": "assurance/docs/engineering/adr/ADR-0049.ja.md",
        "sha256": "90e039c7574e7f9157d00469b6ffbfa5b2b8f5966ce598236625289b3e3f78da",
        "scope": "component-contract-check-nia-product-overlay",
        "semantic_review": "selected-design-boundaries; full semantic equivalence not established"
      },
      {
        "path": "assurance/docs/engineering/adr/README.ja.md",
        "sha256": "218f111285e336d73413079e6e9ddd855a8ddcfc19c277dc6e3264fe4f00ddf3",
        "scope": "component-contract-check-nia-product-overlay",
        "semantic_review": "selected-design-boundaries; full semantic equivalence not established"
      },
      {
        "path": "assurance/docs/engineering/runbooks/RB-001.ja.md",
        "sha256": "4938f06727f0178ba395695b54471f9d9462028ee1efeca6111734015e7040b8",
        "scope": "component-contract-check-nia-product-overlay",
        "semantic_review": "selected-design-boundaries; full semantic equivalence not established"
      },
      {
        "path": "assurance/docs/engineering/runbooks/RB-002.ja.md",
        "sha256": "fc72a70c0d14424501817adf8496a2b697411ad62c5ba05303259cf954c349a0",
        "scope": "component-contract-check-nia-product-overlay",
        "semantic_review": "selected-design-boundaries; full semantic equivalence not established"
      },
      {
        "path": "assurance/docs/engineering/runbooks/RB-003.ja.md",
        "sha256": "53575ea285a0bac3b34225da8eb434a322398f48b789e78b9ed3e52912760b5c",
        "scope": "component-contract-check-nia-product-overlay",
        "semantic_review": "selected-design-boundaries; full semantic equivalence not established"
      },
      {
        "path": "assurance/docs/engineering/runbooks/RB-004.ja.md",
        "sha256": "407b963fb082f023890872ae53c4d7738c853825c77dfb97688e5ddfc63ab487",
        "scope": "component-contract-check-nia-product-overlay",
        "semantic_review": "selected-design-boundaries; full semantic equivalence not established"
      },
      {
        "path": "assurance/docs/engineering/runbooks/RB-005.ja.md",
        "sha256": "47058c7428e5ae15873db790fe174049676117b9063bd8431343268def5ae0d1",
        "scope": "component-contract-check-nia-product-overlay",
        "semantic_review": "selected-design-boundaries; full semantic equivalence not established"
      },
      {
        "path": "assurance/docs/engineering/runbooks/RB-006.ja.md",
        "sha256": "185b623b514e07bc6e81c03953da5f69182231cad837fc2899b7e51e5cd22c52",
        "scope": "component-contract-check-nia-product-overlay",
        "semantic_review": "selected-design-boundaries; full semantic equivalence not established"
      },
      {
        "path": "assurance/docs/engineering/runbooks/RB-007.ja.md",
        "sha256": "f851bc195c7da7444faea6965a5070a7e1e9431fe0a40f51bbaf2a9905d9ada6",
        "scope": "component-contract-check-nia-product-overlay",
        "semantic_review": "selected-design-boundaries; full semantic equivalence not established"
      },
      {
        "path": "assurance/docs/engineering/runbooks/RB-008.ja.md",
        "sha256": "3ae8dc1d2b0eeb67245bd59684987aad373c161545370d83f4e5781127797508",
        "scope": "component-contract-check-nia-product-overlay",
        "semantic_review": "selected-design-boundaries; full semantic equivalence not established"
      },
      {
        "path": "assurance/docs/engineering/runbooks/RB-009.ja.md",
        "sha256": "ff456873759a83785d4993ff813e7265146c3d4af3326a21415a924151735679",
        "scope": "component-contract-check-nia-product-overlay",
        "semantic_review": "selected-design-boundaries; full semantic equivalence not established"
      },
      {
        "path": "assurance/docs/engineering/runbooks/RB-010.ja.md",
        "sha256": "11aef5ee1580bb4bde099b7f301259686d19860c8f9a69f6d4b2d609c5cd2b67",
        "scope": "component-contract-check-nia-product-overlay",
        "semantic_review": "selected-design-boundaries; full semantic equivalence not established"
      },
      {
        "path": "assurance/docs/engineering/runbooks/RB-011.ja.md",
        "sha256": "26b3ec5e120c48678ba4532b0bc9f92208b5ff3ce1931807474c4ddb69a48923",
        "scope": "component-contract-check-nia-product-overlay",
        "semantic_review": "selected-design-boundaries; full semantic equivalence not established"
      },
      {
        "path": "assurance/docs/engineering/runbooks/RB-012.ja.md",
        "sha256": "235815ac598230b41707baa5d69b20f81c6ec9bfeabdf43cf7d924a183ebbe52",
        "scope": "component-contract-check-nia-product-overlay",
        "semantic_review": "selected-design-boundaries; full semantic equivalence not established"
      },
      {
        "path": "assurance/docs/engineering/runbooks/RB-013.ja.md",
        "sha256": "0e3839cbf72bf65122de945bb4f399511f8859085eaf97b4f18db8f1c600c3da",
        "scope": "component-contract-check-nia-product-overlay",
        "semantic_review": "selected-design-boundaries; full semantic equivalence not established"
      },
      {
        "path": "assurance/docs/engineering/runbooks/RB-014.ja.md",
        "sha256": "226e220fd402236c727205c5c156ee3f8ae89b50bf739fb442f4571cbd9026f1",
        "scope": "component-contract-check-nia-product-overlay",
        "semantic_review": "selected-design-boundaries; full semantic equivalence not established"
      },
      {
        "path": "assurance/docs/engineering/runbooks/RB-configuration.ja.md",
        "sha256": "03ad76a03788da00a1e22a5f7ec5c68c5afc77bc3682a1198a3bc70aacbdb0d4",
        "scope": "component-contract-check-nia-product-overlay",
        "semantic_review": "selected-design-boundaries; full semantic equivalence not established"
      },
      {
        "path": "assurance/docs/engineering/runbooks/README.ja.md",
        "sha256": "309afe0bce03aafdbb6b5da7062ce939857c63d997bf93103c16e266c60a2338",
        "scope": "component-contract-check-nia-product-overlay",
        "semantic_review": "selected-design-boundaries; full semantic equivalence not established"
      },
      {
        "path": "assurance/docs/engineering/runbooks/solver-rejection.ja.md",
        "sha256": "f740355fefe00f848485b9e02f0e0eee23886ee9a00a091289647bbd4c7511cc",
        "scope": "component-contract-check-nia-product-overlay",
        "semantic_review": "selected-design-boundaries; full semantic equivalence not established"
      },
      {
        "path": "assurance/docs/engineering/specs/acid-contract.ja.md",
        "sha256": "561da3a7592126ed38e29d7401dce75a0dde61ae35967a0dc9db49b55af67072",
        "scope": "component-contract-check-nia-product-overlay",
        "semantic_review": "selected-design-boundaries; full semantic equivalence not established"
      },
      {
        "path": "assurance/docs/engineering/specs/architecture.ja.md",
        "sha256": "f5983bcabcbc9a4309c3b92b89334d7728997a937cba1d0454b4df80283d732f",
        "scope": "component-contract-check-nia-product-overlay",
        "semantic_review": "selected-design-boundaries; full semantic equivalence not established"
      },
      {
        "path": "assurance/docs/engineering/specs/capability-matrix.ja.md",
        "sha256": "811474f1a069ecf0be7fc9faa18c680dbc74c6a7b97cd2833f481d9c3c057b42",
        "scope": "component-contract-check-nia-product-overlay",
        "semantic_review": "selected-design-boundaries; full semantic equivalence not established"
      },
      {
        "path": "assurance/docs/engineering/specs/connector-contracts.ja.md",
        "sha256": "5c7dab8799d6fc444e83463087dd75a1a1b9ad38a45fe9ee500ea8e529ea241a",
        "scope": "component-contract-check-nia-product-overlay",
        "semantic_review": "selected-design-boundaries; full semantic equivalence not established"
      },
      {
        "path": "assurance/docs/engineering/specs/continuation.ja.md",
        "sha256": "692b8ce1bdcf3b509072f9447ee95ab428fb4d098a77198e609f9d8c9b717f65",
        "scope": "component-contract-check-nia-product-overlay",
        "semantic_review": "selected-design-boundaries; full semantic equivalence not established"
      },
      {
        "path": "assurance/docs/engineering/specs/development.ja.md",
        "sha256": "605b2364cb6fdd4a727a35ca1c8cec5c2ca50afd8d9174610f25f2eb1dd22291",
        "scope": "component-contract-check-nia-product-overlay",
        "semantic_review": "selected-design-boundaries; full semantic equivalence not established"
      },
      {
        "path": "assurance/docs/engineering/specs/execution-safety.ja.md",
        "sha256": "496b6211d849352db976de35d118af18a7fc04e864775ea56062d77478e38aef",
        "scope": "component-contract-check-nia-product-overlay",
        "semantic_review": "selected-design-boundaries; full semantic equivalence not established"
      },
      {
        "path": "assurance/docs/engineering/specs/failure-model.ja.md",
        "sha256": "e1a2f0d99362095ca7dde6504aa0e7f3df3c3551f67a744cba502c5a859311fd",
        "scope": "component-contract-check-nia-product-overlay",
        "semantic_review": "selected-design-boundaries; full semantic equivalence not established"
      },
      {
        "path": "assurance/docs/engineering/specs/observability.ja.md",
        "sha256": "40774b639f0dfea3a6101579cc239d334c59801099810e5cea909ddfbfc134fd",
        "scope": "component-contract-check-nia-product-overlay",
        "semantic_review": "selected-design-boundaries; full semantic equivalence not established"
      },
      {
        "path": "assurance/docs/engineering/specs/production-closure.ja.md",
        "sha256": "af2f1806e3cee182c7057fc430808c10ba0c7a159a41367bf78393d8432e807f",
        "scope": "component-contract-check-nia-product-overlay",
        "semantic_review": "selected-design-boundaries; full semantic equivalence not established"
      },
      {
        "path": "assurance/docs/engineering/specs/proof-plan.ja.md",
        "sha256": "a6c71892defd701559a036ecaa1e8590a6b2072883c661938ef09ea30dbd4d73",
        "scope": "component-contract-check-nia-product-overlay",
        "semantic_review": "selected-design-boundaries; full semantic equivalence not established"
      },
      {
        "path": "assurance/docs/engineering/specs/recovery-protocol.ja.md",
        "sha256": "516e19037c4f033484a057a28027955b86b6fa733318849f58af2539348f7ef8",
        "scope": "component-contract-check-nia-product-overlay",
        "semantic_review": "selected-design-boundaries; full semantic equivalence not established"
      },
      {
        "path": "assurance/docs/engineering/specs/release-migration.ja.md",
        "sha256": "ace0994f50e1d130a7c1128536b41d5694d101c3eedc096b5aa80ff06a568ff7",
        "scope": "component-contract-check-nia-product-overlay",
        "semantic_review": "selected-design-boundaries; full semantic equivalence not established"
      },
      {
        "path": "assurance/docs/engineering/specs/security.ja.md",
        "sha256": "435c9ea17b0d137e102f2a98c497bb6d847214b638fd5fba8d41143fdcc8db1f",
        "scope": "component-contract-check-nia-product-overlay",
        "semantic_review": "selected-design-boundaries; full semantic equivalence not established"
      },
      {
        "path": "assurance/docs/engineering/specs/solver-assurance.ja.md",
        "sha256": "ce866240931ad038f62a9c9ace6ef3071b9cb554115338475f348e8e66746eae",
        "scope": "component-contract-check-nia-product-overlay",
        "semantic_review": "selected-design-boundaries; full semantic equivalence not established"
      },
      {
        "path": "assurance/docs/engineering/specs/storage-formats.ja.md",
        "sha256": "9d9aee59ce52fd7400aa5092927c91841b7c012aa43cf1c9330b1e971a66fb1f",
        "scope": "component-contract-check-nia-product-overlay",
        "semantic_review": "selected-design-boundaries; full semantic equivalence not established"
      },
      {
        "path": "assurance/docs/engineering/specs/suse-config.ja.md",
        "sha256": "d249766c949292f638e568e66655632dea75591a3bd957a58fc7a0ad6ae078b4",
        "scope": "component-contract-check-nia-product-overlay",
        "semantic_review": "selected-design-boundaries; full semantic equivalence not established"
      },
      {
        "path": "assurance/docs/engineering/specs/unified-management.ja.md",
        "sha256": "27d226399d40c7c182d09351f9d93cd62f21e8276971bde8596cbe367e72d9e5",
        "scope": "component-contract-check-nia-product-overlay",
        "semantic_review": "selected-design-boundaries; full semantic equivalence not established"
      },
      {
        "path": "assurance/docs/engineering/specs/verification.ja.md",
        "sha256": "932f5217348592f6f8760e417b2e2fad0063072be7aa8848458a051028003b6c",
        "scope": "component-contract-check-nia-product-overlay",
        "semantic_review": "selected-design-boundaries; full semantic equivalence not established"
      },
      {
        "path": "assurance/docs/engineering/templates/ADR-template.ja.md",
        "sha256": "5026c9e8ebce2ed37b9c1dad681018a689f01113e9bdcd3344500bf2d8c1fa1e",
        "scope": "component-contract-check-nia-product-overlay",
        "semantic_review": "selected-design-boundaries; full semantic equivalence not established"
      },
      {
        "path": "assurance/docs/engineering/templates/change-review.ja.md",
        "sha256": "d6828952590b22923437142a20bceeeaad0ad9162a85321c446b5a830f133988",
        "scope": "component-contract-check-nia-product-overlay",
        "semantic_review": "selected-design-boundaries; full semantic equivalence not established"
      },
      {
        "path": "assurance/docs/engineering/templates/incident.ja.md",
        "sha256": "267a9c8b527d9dac4eef8950ebf95befbf32f6fdc63b38f6f528788870dd78e2",
        "scope": "component-contract-check-nia-product-overlay",
        "semantic_review": "selected-design-boundaries; full semantic equivalence not established"
      },
      {
        "path": "assurance/docs/history/distro-foundation-readme.ja.md",
        "sha256": "36dd3ec16259279184e46350e2b3f5f2fcf436359b66004888027d0c7b13ec99",
        "scope": "archived-not-product",
        "semantic_review": "selected-design-boundaries; full semantic equivalence not established"
      },
      {
        "path": "assurance/docs/history-v1/README.md",
        "sha256": "5cb2410ea1d5be2174acc4fa6d72faa7d5ecd4106fcd053a93c6625c2b3f7e54",
        "scope": "component-contract-check-nia-product-overlay",
        "semantic_review": "selected-design-boundaries; full semantic equivalence not established"
      },
      {
        "path": "assurance/docs/nia/README.ja.md",
        "sha256": "bd99571550651db4d04d543c65a7ca233afed3d42ba1b1b20ee7e4c1a66790c0",
        "scope": "active-nia-product-specification",
        "semantic_review": "selected-design-boundaries; full semantic equivalence not established"
      },
      {
        "path": "assurance/docs/nia/change-review.ja.md",
        "sha256": "3288c42f41fc7da97e060a69b8f5b4b734bee12fe86ea90290ef695021a7a9af",
        "scope": "active-nia-product-specification",
        "semantic_review": "selected-design-boundaries; full semantic equivalence not established"
      },
      {
        "path": "assurance/fixtures/README.md",
        "sha256": "57252af4c5e82d09153f51ba3be2eb16c4bf37ef9b93098613130e1d9a2e03d2",
        "scope": "component-contract-check-nia-product-overlay",
        "semantic_review": "selected-design-boundaries; full semantic equivalence not established"
      },
      {
        "path": "assurance/fixtures/qualification-v1/README.ja.md",
        "sha256": "a511402bf3f824d74bc231a4069efc4e95c25b83b018e760df5fd22544b49c9b",
        "scope": "component-contract-check-nia-product-overlay",
        "semantic_review": "selected-design-boundaries; full semantic equivalence not established"
      },
      {
        "path": "assurance/fixtures/stop-v1/README.ja.md",
        "sha256": "9c1183e280aa936e22aa12615e376f187e5139a0fe2db0ead63a073c5c8e7055",
        "scope": "component-contract-check-nia-product-overlay",
        "semantic_review": "selected-design-boundaries; full semantic equivalence not established"
      },
      {
        "path": "assurance/packaging/README.ja.md",
        "sha256": "5ad98c72ac75125cf0d85f23ebd4ea5fa90a09d945f5c78b87ea11ad7077f4b6",
        "scope": "component-contract-check-nia-product-overlay",
        "semantic_review": "selected-design-boundaries; full semantic equivalence not established"
      },
      {
        "path": "assurance/tests/fixtures/control-v1/README.md",
        "sha256": "de9ef1500d57389994ea11b938dff1203cd8f3454fadb104fdd06d6afb362411",
        "scope": "component-contract-check-nia-product-overlay",
        "semantic_review": "selected-design-boundaries; full semantic equivalence not established"
      },
      {
        "path": "pkgcore/CONTRIBUTING.md",
        "sha256": "20c0a11376da06b9b5c023f8d28f8452c175a0cd36498e3ff26212c7e9d8ab51",
        "scope": "component-contract-check-nia-product-overlay",
        "semantic_review": "selected-design-boundaries; full semantic equivalence not established"
      },
      {
        "path": "pkgcore/README.md",
        "sha256": "34dfb18b8f1afde4a6b2652d22656a519e0120077171afc534659d50f36634a7",
        "scope": "component-contract-check-nia-product-overlay",
        "semantic_review": "selected-design-boundaries; full semantic equivalence not established"
      },
      {
        "path": "pkgcore/SECURITY.md",
        "sha256": "ce6aa928c275d342811638e598d9138562e854b7184ce7483209375092ef551c",
        "scope": "component-contract-check-nia-product-overlay",
        "semantic_review": "selected-design-boundaries; full semantic equivalence not established"
      },
      {
        "path": "pkgcore/docs/backup-retention.ja.md",
        "sha256": "5660b00fab7fb2e7513256078af63667d4ae89ca3c33592b557bfb942d7ed037",
        "scope": "component-contract-check-nia-product-overlay",
        "semantic_review": "selected-design-boundaries; full semantic equivalence not established"
      },
      {
        "path": "pkgcore/docs/enterprise-maintenance-model.ja.md",
        "sha256": "6718811daeaec079e188b90fd3620d44f050533bb28bfa03d8a31b68b68a8b59",
        "scope": "component-contract-check-nia-product-overlay",
        "semantic_review": "selected-design-boundaries; full semantic equivalence not established"
      },
      {
        "path": "pkgcore/docs/operations-v2.ja.md",
        "sha256": "5201fd8e3aa4e7071d8594a24db28b8093632d6aa162399ef0009d12cff9b3bd",
        "scope": "component-contract-check-nia-product-overlay",
        "semantic_review": "selected-design-boundaries; full semantic equivalence not established"
      },
      {
        "path": "pkgcore/docs/quiescent-execution.ja.md",
        "sha256": "d162baf5c9e76b0261c4641e9e9d98a2169d28182b862a2485a837ab2983fbce",
        "scope": "component-contract-check-nia-product-overlay",
        "semantic_review": "selected-design-boundaries; full semantic equivalence not established"
      },
      {
        "path": "pkgcore/docs/recovery.md",
        "sha256": "70bb8eb934540e84fdd20bfd758a9736fa3c95fc0ff07813787d678101c4fa25",
        "scope": "component-contract-check-nia-product-overlay",
        "semantic_review": "selected-design-boundaries; full semantic equivalence not established"
      },
      {
        "path": "pkgcore/docs/rpm-compatibility.md",
        "sha256": "ec940496737021ddcfcb7eb9fcfcc4cbd243bcec46aeeb74a7905d14394a11ba",
        "scope": "component-contract-check-nia-product-overlay",
        "semantic_review": "selected-design-boundaries; full semantic equivalence not established"
      },
      {
        "path": "pkgcore/docs/rpm-resolution.ja.md",
        "sha256": "4170ad1377c00d7278b56e4f22daea5985cfa72e751a1868e8812b2d6ec61bca",
        "scope": "component-contract-check-nia-product-overlay",
        "semantic_review": "selected-design-boundaries; full semantic equivalence not established"
      },
      {
        "path": "pkgcore/docs/self-repair.ja.md",
        "sha256": "cd8149150949b97e9e9be83a9c69d13916fdba1ac3ba39685bc109bfccc0d6d7",
        "scope": "component-contract-check-nia-product-overlay",
        "semantic_review": "selected-design-boundaries; full semantic equivalence not established"
      },
      {
        "path": "pkgcore/docs/system-composition.ja.md",
        "sha256": "02f4da24b14df9c73cc56d0f56fae69da781ccc0daa701781c5f244c0278d693",
        "scope": "component-contract-check-nia-product-overlay",
        "semantic_review": "selected-design-boundaries; full semantic equivalence not established"
      },
      {
        "path": "pkgcore/packaging/README.ja.md",
        "sha256": "5ad98c72ac75125cf0d85f23ebd4ea5fa90a09d945f5c78b87ea11ad7077f4b6",
        "scope": "component-contract-check-nia-product-overlay",
        "semantic_review": "selected-design-boundaries; full semantic equivalence not established"
      },
      {
        "path": "pkgcore/vendor/contracts/README.md",
        "sha256": "31d71ed601537d8f99dc9aee9c53c5ccc30f03bbfcf54fe98e2be9036238eb52",
        "scope": "component-contract-check-nia-product-overlay",
        "semantic_review": "selected-design-boundaries; full semantic equivalence not established"
      },
      {
        "path": "statecore/CONTRIBUTING.md",
        "sha256": "20c0a11376da06b9b5c023f8d28f8452c175a0cd36498e3ff26212c7e9d8ab51",
        "scope": "component-contract-check-nia-product-overlay",
        "semantic_review": "selected-design-boundaries; full semantic equivalence not established"
      },
      {
        "path": "statecore/README.md",
        "sha256": "e687090f94b385928fc9d57717a5ee12e1232d2169836eafc3bfac5046eb610a",
        "scope": "component-contract-check-nia-product-overlay",
        "semantic_review": "selected-design-boundaries; full semantic equivalence not established"
      },
      {
        "path": "statecore/SECURITY.md",
        "sha256": "ce6aa928c275d342811638e598d9138562e854b7184ce7483209375092ef551c",
        "scope": "component-contract-check-nia-product-overlay",
        "semantic_review": "selected-design-boundaries; full semantic equivalence not established"
      },
      {
        "path": "statecore/deploy/systemd/README.ja.md",
        "sha256": "be86a358c2164c3dc5201486d00ca6164c3f11b95dd2e67dc9435aad75f067a6",
        "scope": "component-contract-check-nia-product-overlay",
        "semantic_review": "selected-design-boundaries; full semantic equivalence not established"
      },
      {
        "path": "statecore/docs/boot-readiness.ja.md",
        "sha256": "d202c55be3fac932917793f520e992a17465f5970c00d23f35c6784fc57627a4",
        "scope": "component-contract-check-nia-product-overlay",
        "semantic_review": "selected-design-boundaries; full semantic equivalence not established"
      },
      {
        "path": "statecore/docs/cluster-contract.md",
        "sha256": "e30baf2c74fd57b2675bbfb660fdbb080cd2f22d198332516749bb72cd555ada",
        "scope": "component-contract-check-nia-product-overlay",
        "semantic_review": "selected-design-boundaries; full semantic equivalence not established"
      },
      {
        "path": "statecore/docs/cluster-resilience.ja.md",
        "sha256": "c16875a2194cc607c20033162a04ee27e1fa4d094bbf5b410b5fa6e3327684d2",
        "scope": "component-contract-check-nia-product-overlay",
        "semantic_review": "selected-design-boundaries; full semantic equivalence not established"
      },
      {
        "path": "statecore/docs/cluster-v2.ja.md",
        "sha256": "616c504ddfd0c845a3c470963121aaad24556934e302dd1cc55a7de04c526538",
        "scope": "component-contract-check-nia-product-overlay",
        "semantic_review": "selected-design-boundaries; full semantic equivalence not established"
      },
      {
        "path": "statecore/docs/etcd-pinning-and-guards.ja.md",
        "sha256": "9e75aab1888c9fbf63902a0a75357b94372db453623bce1fb8df031c95d2ca8c",
        "scope": "component-contract-check-nia-product-overlay",
        "semantic_review": "selected-design-boundaries; full semantic equivalence not established"
      },
      {
        "path": "statecore/docs/kernel-and-boot-maintenance.ja.md",
        "sha256": "af7e0dc57a231f15a3de0131d8c3b0d5957ff53c727a528778d04f638a7db839",
        "scope": "component-contract-check-nia-product-overlay",
        "semantic_review": "selected-design-boundaries; full semantic equivalence not established"
      },
      {
        "path": "statecore/docs/network-transactions.ja.md",
        "sha256": "5ab536249d66950939eed6f06b8e1795f0bd2515154f0adc302443181722da20",
        "scope": "component-contract-check-nia-product-overlay",
        "semantic_review": "selected-design-boundaries; full semantic equivalence not established"
      },
      {
        "path": "statecore/docs/platform-admission.ja.md",
        "sha256": "311602ef6f1d50c2b9af7c90bcfbcb3afadfd2de6430e1c352b666fcc69379b2",
        "scope": "component-contract-check-nia-product-overlay",
        "semantic_review": "selected-design-boundaries; full semantic equivalence not established"
      },
      {
        "path": "statecore/docs/ras-and-workload.ja.md",
        "sha256": "cc76cb1e93f5a1a63f53e0898faa73415fa7669d52f219fae004151463862207",
        "scope": "component-contract-check-nia-product-overlay",
        "semantic_review": "selected-design-boundaries; full semantic equivalence not established"
      },
      {
        "path": "statecore/docs/readmission-and-disaster.ja.md",
        "sha256": "37162664f0d1304cd50c0462017699bc4bea452f6a52bac402cde9e6b9e38f5d",
        "scope": "component-contract-check-nia-product-overlay",
        "semantic_review": "selected-design-boundaries; full semantic equivalence not established"
      },
      {
        "path": "statecore/docs/service-recovery.ja.md",
        "sha256": "03764dce0b97e5f7f78508ddf70ec234097dddab4fd38ed98f01af7d5c9be823",
        "scope": "component-contract-check-nia-product-overlay",
        "semantic_review": "selected-design-boundaries; full semantic equivalence not established"
      },
      {
        "path": "statecore/examples/README.ja.md",
        "sha256": "705f4e0678ada8c860958d463642e91b3df1509eb16a28c903cf18455ea1ce19",
        "scope": "component-contract-check-nia-product-overlay",
        "semantic_review": "selected-design-boundaries; full semantic equivalence not established"
      },
      {
        "path": "statecore/packaging/README.ja.md",
        "sha256": "5ad98c72ac75125cf0d85f23ebd4ea5fa90a09d945f5c78b87ea11ad7077f4b6",
        "scope": "component-contract-check-nia-product-overlay",
        "semantic_review": "selected-design-boundaries; full semantic equivalence not established"
      },
      {
        "path": "statecore/vendor/contracts/README.md",
        "sha256": "31d71ed601537d8f99dc9aee9c53c5ccc30f03bbfcf54fe98e2be9036238eb52",
        "scope": "component-contract-check-nia-product-overlay",
        "semantic_review": "selected-design-boundaries; full semantic equivalence not established"
      },
      {
        "path": "controlcore/README.ja.md",
        "sha256": "3005f6825d54ef5b005805549993c1a366e5db5c0bdb12a86384ef2d841b466b",
        "scope": "component-contract-check-nia-product-overlay",
        "semantic_review": "selected-design-boundaries; full semantic equivalence not established"
      },
      {
        "path": "controlcore/SECURITY.md",
        "sha256": "44dda89d9e2d0fb439f3aba9a079af710d13015e23a89cf60866381e0dc47e2e",
        "scope": "component-contract-check-nia-product-overlay",
        "semantic_review": "selected-design-boundaries; full semantic equivalence not established"
      },
      {
        "path": "controlcore/docs/architecture.ja.md",
        "sha256": "80fdfcbdc9d8e546e9b3a5ad27afa7075389030598078b92540dd3889d63e29f",
        "scope": "component-contract-check-nia-product-overlay",
        "semantic_review": "selected-design-boundaries; full semantic equivalence not established"
      },
      {
        "path": "controlcore/docs/operations.ja.md",
        "sha256": "2cbe41451465a16e6495eb1ae1c085b22aae45d039552abbd9067e3eac25dce0",
        "scope": "component-contract-check-nia-product-overlay",
        "semantic_review": "selected-design-boundaries; full semantic equivalence not established"
      },
      {
        "path": "controlcore/docs/protocol.ja.md",
        "sha256": "b06a14645c66d4f68bbfd7f327c67f0cf80bbf28034c797b40b11c1d7e22483d",
        "scope": "component-contract-check-nia-product-overlay",
        "semantic_review": "selected-design-boundaries; full semantic equivalence not established"
      },
      {
        "path": "controlcore/docs/verification.ja.md",
        "sha256": "06b0a6a6438ce809da092d0af970a281859652ff6e3bb2eb49fab5919fa29310",
        "scope": "component-contract-check-nia-product-overlay",
        "semantic_review": "selected-design-boundaries; full semantic equivalence not established"
      },
      {
        "path": "controlcore/packaging/README.ja.md",
        "sha256": "5ad98c72ac75125cf0d85f23ebd4ea5fa90a09d945f5c78b87ea11ad7077f4b6",
        "scope": "component-contract-check-nia-product-overlay",
        "semantic_review": "selected-design-boundaries; full semantic equivalence not established"
      },
      {
        "path": "controlcore/tests/fixtures/README.md",
        "sha256": "4e254c7f8d7fb42c1b3f87bf66065e9160c0ed4b4f085ae2334a277e1dedfd6e",
        "scope": "component-contract-check-nia-product-overlay",
        "semantic_review": "selected-design-boundaries; full semantic equivalence not established"
      },
      {
        "path": "configcore/README.md",
        "sha256": "01dbba6cb67a36bb061055a9cf49a7b0903b7d8df575b1bff31bc0190535d353",
        "scope": "component-contract-check-nia-product-overlay",
        "semantic_review": "selected-design-boundaries; full semantic equivalence not established"
      },
      {
        "path": "configcore/SECURITY.md",
        "sha256": "9a363094fbc8ffe423baa4bc2ebd7b7f6baa5dd8b3de83d46bfea4be5801bb03",
        "scope": "component-contract-check-nia-product-overlay",
        "semantic_review": "selected-design-boundaries; full semantic equivalence not established"
      },
      {
        "path": "configcore/docs/architecture.ja.md",
        "sha256": "5867b5cd4a2d8ac93c7e9e0782df41a8d3c5cf14e16ab63e0155e7117b659121",
        "scope": "component-contract-check-nia-product-overlay",
        "semantic_review": "selected-design-boundaries; full semantic equivalence not established"
      },
      {
        "path": "configcore/docs/integration.ja.md",
        "sha256": "1048a685ae16a84b7f1bd286093a8a37f57a07f425d4a69c3e4a63067006a2e4",
        "scope": "component-contract-check-nia-product-overlay",
        "semantic_review": "selected-design-boundaries; full semantic equivalence not established"
      },
      {
        "path": "configcore/docs/nvidia.ja.md",
        "sha256": "0c693035244b3bd610ea79529d55c6f69f94badf6f0d31bd0b4c973c2e3df6d1",
        "scope": "component-contract-check-nia-product-overlay",
        "semantic_review": "selected-design-boundaries; full semantic equivalence not established"
      },
      {
        "path": "configcore/docs/recovery.ja.md",
        "sha256": "de925a11790a2109f590fb6f429caf1d7aa4ec4c5c8755a907020854e0b22fef",
        "scope": "component-contract-check-nia-product-overlay",
        "semantic_review": "selected-design-boundaries; full semantic equivalence not established"
      },
      {
        "path": "configcore/docs/schemas-v1.md",
        "sha256": "4f3663b0689da98b3fcd1f167d0f9956f86dd6e8a501bb8222a864dafd5e817b",
        "scope": "component-contract-check-nia-product-overlay",
        "semantic_review": "selected-design-boundaries; full semantic equivalence not established"
      },
      {
        "path": "configcore/packaging/README.ja.md",
        "sha256": "5ad98c72ac75125cf0d85f23ebd4ea5fa90a09d945f5c78b87ea11ad7077f4b6",
        "scope": "component-contract-check-nia-product-overlay",
        "semantic_review": "selected-design-boundaries; full semantic equivalence not established"
      },
      {
        "path": "resolvercore/CONTRIBUTING.md",
        "sha256": "6a98f3f1d08aff8c3b06853376c4501b250c58ecee38cdb3e7be19f698ae9649",
        "scope": "component-contract-check-nia-product-overlay",
        "semantic_review": "selected-design-boundaries; full semantic equivalence not established"
      },
      {
        "path": "resolvercore/README.md",
        "sha256": "ed26b0b10e0f10fbc1fb81a6e75c73db9b26acdcfcbdc7c2d8d2f66a47d08431",
        "scope": "component-contract-check-nia-product-overlay",
        "semantic_review": "selected-design-boundaries; full semantic equivalence not established"
      },
      {
        "path": "resolvercore/SECURITY.md",
        "sha256": "9a363094fbc8ffe423baa4bc2ebd7b7f6baa5dd8b3de83d46bfea4be5801bb03",
        "scope": "component-contract-check-nia-product-overlay",
        "semantic_review": "selected-design-boundaries; full semantic equivalence not established"
      },
      {
        "path": "resolvercore/docs/integration.ja.md",
        "sha256": "2e9f5f031c2bd2debdebdf0a8fdd0b0e1b5557b6ef11605b0871bcbf35e995aa",
        "scope": "component-contract-check-nia-product-overlay",
        "semantic_review": "selected-design-boundaries; full semantic equivalence not established"
      },
      {
        "path": "resolvercore/docs/neutral-spec.ja.md",
        "sha256": "2abdcbe4f3ce5191d271b3cd305f209cb6551b3a0920674425757f6e5cf5a77c",
        "scope": "component-contract-check-nia-product-overlay",
        "semantic_review": "selected-design-boundaries; full semantic equivalence not established"
      },
      {
        "path": "resolvercore/docs/proof-boundary.ja.md",
        "sha256": "5a66b68182f31f20669d88c75351e7a5d061e0637b7fc4d43406d89a61ca894c",
        "scope": "component-contract-check-nia-product-overlay",
        "semantic_review": "selected-design-boundaries; full semantic equivalence not established"
      },
      {
        "path": "resolvercore/docs/qualification.ja.md",
        "sha256": "4477ac06ffa062584e710d6c934edca6420facdcdedb883d16a5a105cbca655b",
        "scope": "component-contract-check-nia-product-overlay",
        "semantic_review": "selected-design-boundaries; full semantic equivalence not established"
      },
      {
        "path": "resolvercore/docs/wire-v1.md",
        "sha256": "046a201c1468a34fa96fc4e72d7647fc690a8e35113c87bdd51fc5bd2a763543",
        "scope": "component-contract-check-nia-product-overlay",
        "semantic_review": "selected-design-boundaries; full semantic equivalence not established"
      },
      {
        "path": "resolvercore/packaging/README.ja.md",
        "sha256": "5ad98c72ac75125cf0d85f23ebd4ea5fa90a09d945f5c78b87ea11ad7077f4b6",
        "scope": "component-contract-check-nia-product-overlay",
        "semantic_review": "selected-design-boundaries; full semantic equivalence not established"
      },
      {
        "path": "distribution/README.ja.md",
        "sha256": "4bb7c679fb43453f3033510c67fa91ad94d57519eda1455d8f575c6388066026",
        "scope": "component-contract-check-nia-product-overlay",
        "semantic_review": "selected-design-boundaries; full semantic equivalence not established"
      },
      {
        "path": "distribution/docs/architecture.ja.md",
        "sha256": "62aeee28cde2f96b22ce5e27cc4524180bb7164235a51920d623a073440c7813",
        "scope": "active-nia-product-specification",
        "semantic_review": "selected-design-boundaries; full semantic equivalence not established"
      },
      {
        "path": "distribution/docs/base-decision.ja.md",
        "sha256": "2cc0c49bd1809ed9fa315d82d8b5525824f80f014a562961aaa6f6371e152e54",
        "scope": "active-nia-product-specification",
        "semantic_review": "selected-design-boundaries; full semantic equivalence not established"
      },
      {
        "path": "distribution/docs/build-release.ja.md",
        "sha256": "0595983fb10292a42754b7f03d5e4242ecbe36b6e9fe2f79a18028b13926474f",
        "scope": "active-nia-product-specification",
        "semantic_review": "selected-design-boundaries; full semantic equivalence not established"
      },
      {
        "path": "distribution/docs/continuation.ja.md",
        "sha256": "7980e595a62a9af2b4ad08da0c102308bd549a860b745fbf379c6d301c6edd8c",
        "scope": "active-nia-product-specification",
        "semantic_review": "selected-design-boundaries; full semantic equivalence not established"
      },
      {
        "path": "distribution/docs/intake-protocol.ja.md",
        "sha256": "fdea2a1ea388912a6a5e1de0da4ba43aa032d51b60994a3cefbc3790897d3df5",
        "scope": "active-nia-product-specification",
        "semantic_review": "selected-design-boundaries; full semantic equivalence not established"
      },
      {
        "path": "distribution/docs/metadata-comparison.ja.md",
        "sha256": "caffa15829e93318243f8145b0f76118b0a3696029caaa71f81a778ccb8c88d8",
        "scope": "active-nia-product-specification",
        "semantic_review": "selected-design-boundaries; full semantic equivalence not established"
      },
      {
        "path": "distribution/docs/ownership-and-effects.ja.md",
        "sha256": "e815bc444b92895d04259b4f133c38be8560b2b78c979d23f5ea62b76eff80be",
        "scope": "active-nia-product-specification",
        "semantic_review": "selected-design-boundaries; full semantic equivalence not established"
      },
      {
        "path": "distribution/docs/recovery-runbook.ja.md",
        "sha256": "948966ba6e77bf59c142c0c608adc12a112b65e5d1992daeaef4ae2f2455c72c",
        "scope": "active-nia-product-specification",
        "semantic_review": "selected-design-boundaries; full semantic equivalence not established"
      },
      {
        "path": "distribution/docs/storage-boot.ja.md",
        "sha256": "bf9c491f57634dec431286ceaeb40ea8b2c4c41cb9d3a48690818edc681e6526",
        "scope": "active-nia-product-specification",
        "semantic_review": "selected-design-boundaries; full semantic equivalence not established"
      },
      {
        "path": "distribution/docs/xfs-acceptance.ja.md",
        "sha256": "63772b9a2add7fb9ba884532881f3039014447326a2014cd59faaf6e326c4a53",
        "scope": "active-nia-product-specification",
        "semantic_review": "selected-design-boundaries; full semantic equivalence not established"
      },
      {
        "path": "distribution/docs/xfs-health.ja.md",
        "sha256": "48071b4344ef448387ae0ee5be4c5aaf7c29e174377504f9f6c9591203f25eac",
        "scope": "active-nia-product-specification",
        "semantic_review": "selected-design-boundaries; full semantic equivalence not established"
      },
      {
        "path": "distribution/history/leap16/ARCHIVED.ja.md",
        "sha256": "b9a5d787bd850cb2944e9ed377fd58730d94f22bf0b937a0683384cf32a1e485",
        "scope": "archived-not-product",
        "semantic_review": "selected-design-boundaries; full semantic equivalence not established"
      },
      {
        "path": "distribution/history/leap16/README.ja.md",
        "sha256": "33eb64fc3ff185d72dc4a81d72e377d9311b07672cdb21d7e4d36aef378f9f49",
        "scope": "archived-not-product",
        "semantic_review": "selected-design-boundaries; full semantic equivalence not established"
      },
      {
        "path": "distribution/history/leap16/docs/assembly.ja.md",
        "sha256": "87d685da75f8ab3e28a88dbf450243f704aee4c0863aff3eccb87b96096f295e",
        "scope": "archived-not-product",
        "semantic_review": "selected-design-boundaries; full semantic equivalence not established"
      },
      {
        "path": "distribution/history/leap16/docs/base-selection.ja.md",
        "sha256": "32f81680d837537491ef5506993f0e42e68adfe2744e912a03f627d407fa9ee9",
        "scope": "archived-not-product",
        "semantic_review": "selected-design-boundaries; full semantic equivalence not established"
      },
      {
        "path": "distribution/history/leap16/docs/migration.ja.md",
        "sha256": "7a1a1b09b273390bf0f26dd23ccb3961cea7087681e2e8fc604ee8ce89b2ce1e",
        "scope": "archived-not-product",
        "semantic_review": "selected-design-boundaries; full semantic equivalence not established"
      },
      {
        "path": "distribution/history/leap16/docs/qualification.ja.md",
        "sha256": "4002e23a4ee2878180ef8085d11467e572d0a39beae4bf6da91215bb4b723c69",
        "scope": "archived-not-product",
        "semantic_review": "selected-design-boundaries; full semantic equivalence not established"
      },
      {
        "path": "distribution/history/leap16/docs/state-and-recovery.ja.md",
        "sha256": "d8fd5a320641d0fc8b5f863c0f1916f01841b26fbb7cfb788ff6708b50f2a6b8",
        "scope": "archived-not-product",
        "semantic_review": "selected-design-boundaries; full semantic equivalence not established"
      },
      {
        "path": "distribution/history/leap16/docs/historical-profiles/README.md",
        "sha256": "e7a3360ef28b4f7b2857936fc1cc3acf126ad45341d363083b8871f694a33e6e",
        "scope": "archived-not-product",
        "semantic_review": "selected-design-boundaries; full semantic equivalence not established"
      },
      {
        "path": "distribution/history/leap16/kiwi/README.md",
        "sha256": "99747c37bee1f8adf22e6f3b3bfdc1dc1e95c1944aec2f719ca5d74c506b1e75",
        "scope": "archived-not-product",
        "semantic_review": "selected-design-boundaries; full semantic equivalence not established"
      },
      {
        "path": "distribution/history/leap16/schemas/release-inputs-v1.md",
        "sha256": "7b55602f19a1ca644b3c291f0a48063063c90134f49c0213e233ff4a127fcf41",
        "scope": "archived-not-product",
        "semantic_review": "selected-design-boundaries; full semantic equivalence not established"
      },
      {
        "path": "distribution/rootfs/README.ja.md",
        "sha256": "53414af2b8e7121b839f18afc7fe1c3a60a8c3044bcb5ad4c7dd34d1c57403f1",
        "scope": "component-contract-check-nia-product-overlay",
        "semantic_review": "selected-design-boundaries; full semantic equivalence not established"
      },
      {
        "path": "distribution/rootfs/etc/README.ja.md",
        "sha256": "20fb78b7c617fffd1aa4446630613b522e6cc0bb817336d45fae8eda6fe948f8",
        "scope": "component-contract-check-nia-product-overlay",
        "semantic_review": "selected-design-boundaries; full semantic equivalence not established"
      }
    ],
    "local_links": [
      {
        "source": "assurance/README.md",
        "target": "../distribution/docs/architecture.ja.md",
        "result": "pass"
      },
      {
        "source": "assurance/README.md",
        "target": "../distribution/docs/ownership-and-effects.ja.md",
        "result": "pass"
      },
      {
        "source": "assurance/README.md",
        "target": "../assurance/docs/engineering/specs/capability-matrix.ja.md",
        "result": "pass"
      },
      {
        "source": "assurance/README.md",
        "target": "../assurance/docs/engineering/specs/release-migration.ja.md",
        "result": "pass"
      },
      {
        "source": "assurance/docs/build-and-test.ja.md",
        "target": "engineering/specs/development.ja.md",
        "result": "pass"
      },
      {
        "source": "assurance/docs/build-and-test.ja.md",
        "target": "../../controlcore/docs/verification.ja.md",
        "result": "pass"
      },
      {
        "source": "assurance/docs/build-and-test.ja.md",
        "target": "../../controlcore/docs/operations.ja.md",
        "result": "pass"
      },
      {
        "source": "assurance/docs/distro-foundation.ja.md",
        "target": "engineering/specs/unified-management.ja.md",
        "result": "pass"
      },
      {
        "source": "assurance/docs/distro-migration.ja.md",
        "target": "engineering/specs/unified-management.ja.md",
        "result": "pass"
      },
      {
        "source": "assurance/docs/protocol.md",
        "target": "../../controlcore/docs/protocol.ja.md",
        "result": "pass"
      },
      {
        "source": "assurance/docs/stop-barrier.ja.md",
        "target": "engineering/specs/unified-management.ja.md",
        "result": "pass"
      },
      {
        "source": "assurance/docs/engineering/README.ja.md",
        "target": "specs/execution-safety.ja.md",
        "result": "pass"
      },
      {
        "source": "assurance/docs/engineering/README.ja.md",
        "target": "final-review.ja.md",
        "result": "pass"
      },
      {
        "source": "assurance/docs/engineering/README.ja.md",
        "target": "specs/production-closure.ja.md",
        "result": "pass"
      },
      {
        "source": "assurance/docs/engineering/README.ja.md",
        "target": "specs/architecture.ja.md",
        "result": "pass"
      },
      {
        "source": "assurance/docs/engineering/README.ja.md",
        "target": "specs/failure-model.ja.md",
        "result": "pass"
      },
      {
        "source": "assurance/docs/engineering/README.ja.md",
        "target": "specs/recovery-protocol.ja.md",
        "result": "pass"
      },
      {
        "source": "assurance/docs/engineering/README.ja.md",
        "target": "specs/acid-contract.ja.md",
        "result": "pass"
      },
      {
        "source": "assurance/docs/engineering/README.ja.md",
        "target": "specs/storage-formats.ja.md",
        "result": "pass"
      },
      {
        "source": "assurance/docs/engineering/README.ja.md",
        "target": "specs/connector-contracts.ja.md",
        "result": "pass"
      },
      {
        "source": "assurance/docs/engineering/README.ja.md",
        "target": "specs/security.ja.md",
        "result": "pass"
      },
      {
        "source": "assurance/docs/engineering/README.ja.md",
        "target": "specs/verification.ja.md",
        "result": "pass"
      },
      {
        "source": "assurance/docs/engineering/README.ja.md",
        "target": "specs/proof-plan.ja.md",
        "result": "pass"
      },
      {
        "source": "assurance/docs/engineering/README.ja.md",
        "target": "specs/development.ja.md",
        "result": "pass"
      },
      {
        "source": "assurance/docs/engineering/README.ja.md",
        "target": "specs/release-migration.ja.md",
        "result": "pass"
      },
      {
        "source": "assurance/docs/engineering/README.ja.md",
        "target": "specs/continuation.ja.md",
        "result": "pass"
      },
      {
        "source": "assurance/docs/engineering/README.ja.md",
        "target": "adr/README.ja.md",
        "result": "pass"
      },
      {
        "source": "assurance/docs/engineering/README.ja.md",
        "target": "runbooks/README.ja.md",
        "result": "pass"
      },
      {
        "source": "assurance/docs/engineering/README.ja.md",
        "target": "api-index.ja.md",
        "result": "pass"
      },
      {
        "source": "assurance/docs/engineering/README.ja.md",
        "target": "specs/unified-management.ja.md",
        "result": "pass"
      },
      {
        "source": "assurance/docs/engineering/README.ja.md",
        "target": "specs/capability-matrix.ja.md",
        "result": "pass"
      },
      {
        "source": "assurance/docs/engineering/README.ja.md",
        "target": "api-index.ja.md",
        "result": "pass"
      },
      {
        "source": "assurance/docs/engineering/api-index.ja.md",
        "target": "../../../assurance/app/assure.adb",
        "result": "pass"
      },
      {
        "source": "assurance/docs/engineering/api-index.ja.md",
        "target": "../../../assurance/app/contract_lock.adb",
        "result": "pass"
      },
      {
        "source": "assurance/docs/engineering/api-index.ja.md",
        "target": "../../../assurance/app/contract_lock.ads",
        "result": "pass"
      },
      {
        "source": "assurance/docs/engineering/api-index.ja.md",
        "target": "../../../assurance/app/controlctl.adb",
        "result": "pass"
      },
      {
        "source": "assurance/docs/engineering/api-index.ja.md",
        "target": "../../../assurance/app/platformctl.adb",
        "result": "pass"
      },
      {
        "source": "assurance/docs/engineering/api-index.ja.md",
        "target": "../../../assurance/runtime/mc_admin.adb",
        "result": "pass"
      },
      {
        "source": "assurance/docs/engineering/api-index.ja.md",
        "target": "../../../assurance/runtime/mc_admin.ads",
        "result": "pass"
      },
      {
        "source": "assurance/docs/engineering/api-index.ja.md",
        "target": "../../../assurance/runtime/mc_atomic.adb",
        "result": "pass"
      },
      {
        "source": "assurance/docs/engineering/api-index.ja.md",
        "target": "../../../assurance/runtime/mc_atomic.ads",
        "result": "pass"
      },
      {
        "source": "assurance/docs/engineering/api-index.ja.md",
        "target": "../../../assurance/runtime/mc_authentic.adb",
        "result": "pass"
      },
      {
        "source": "assurance/docs/engineering/api-index.ja.md",
        "target": "../../../assurance/runtime/mc_authentic.ads",
        "result": "pass"
      },
      {
        "source": "assurance/docs/engineering/api-index.ja.md",
        "target": "../../../assurance/runtime/mc_checkpoint_store.adb",
        "result": "pass"
      },
      {
        "source": "assurance/docs/engineering/api-index.ja.md",
        "target": "../../../assurance/runtime/mc_checkpoint_store.ads",
        "result": "pass"
      },
      {
        "source": "assurance/docs/engineering/api-index.ja.md",
        "target": "../../../assurance/runtime/mc_cli.adb",
        "result": "pass"
      },
      {
        "source": "assurance/docs/engineering/api-index.ja.md",
        "target": "../../../assurance/runtime/mc_cli.ads",
        "result": "pass"
      },
      {
        "source": "assurance/docs/engineering/api-index.ja.md",
        "target": "../../../assurance/runtime/mc_clock.adb",
        "result": "pass"
      },
      {
        "source": "assurance/docs/engineering/api-index.ja.md",
        "target": "../../../assurance/runtime/mc_clock.ads",
        "result": "pass"
      },
      {
        "source": "assurance/docs/engineering/api-index.ja.md",
        "target": "../../../assurance/runtime/mc_command.adb",
        "result": "pass"
      },
      {
        "source": "assurance/docs/engineering/api-index.ja.md",
        "target": "../../../assurance/runtime/mc_command.ads",
        "result": "pass"
      },
      {
        "source": "assurance/docs/engineering/api-index.ja.md",
        "target": "../../../assurance/runtime/mc_config_auth.adb",
        "result": "pass"
      },
      {
        "source": "assurance/docs/engineering/api-index.ja.md",
        "target": "../../../assurance/runtime/mc_config_auth.ads",
        "result": "pass"
      },
      {
        "source": "assurance/docs/engineering/api-index.ja.md",
        "target": "../../../assurance/runtime/mc_control_io.adb",
        "result": "pass"
      },
      {
        "source": "assurance/docs/engineering/api-index.ja.md",
        "target": "../../../assurance/runtime/mc_control_io.ads",
        "result": "pass"
      },
      {
        "source": "assurance/docs/engineering/api-index.ja.md",
        "target": "../../../assurance/runtime/mc_durable.adb",
        "result": "pass"
      },
      {
        "source": "assurance/docs/engineering/api-index.ja.md",
        "target": "../../../assurance/runtime/mc_durable.ads",
        "result": "pass"
      },
      {
        "source": "assurance/docs/engineering/api-index.ja.md",
        "target": "../../../assurance/runtime/mc_fault_auth.adb",
        "result": "pass"
      },
      {
        "source": "assurance/docs/engineering/api-index.ja.md",
        "target": "../../../assurance/runtime/mc_fault_auth.ads",
        "result": "pass"
      },
      {
        "source": "assurance/docs/engineering/api-index.ja.md",
        "target": "../../../assurance/runtime/mc_file_io.adb",
        "result": "pass"
      },
      {
        "source": "assurance/docs/engineering/api-index.ja.md",
        "target": "../../../assurance/runtime/mc_file_io.ads",
        "result": "pass"
      },
      {
        "source": "assurance/docs/engineering/api-index.ja.md",
        "target": "../../../assurance/runtime/mc_fs.adb",
        "result": "pass"
      },
      {
        "source": "assurance/docs/engineering/api-index.ja.md",
        "target": "../../../assurance/runtime/mc_fs.ads",
        "result": "pass"
      },
      {
        "source": "assurance/docs/engineering/api-index.ja.md",
        "target": "../../../assurance/runtime/mc_gate.adb",
        "result": "pass"
      },
      {
        "source": "assurance/docs/engineering/api-index.ja.md",
        "target": "../../../assurance/runtime/mc_gate.ads",
        "result": "pass"
      },
      {
        "source": "assurance/docs/engineering/api-index.ja.md",
        "target": "../../../assurance/runtime/mc_https.adb",
        "result": "pass"
      },
      {
        "source": "assurance/docs/engineering/api-index.ja.md",
        "target": "../../../assurance/runtime/mc_https.ads",
        "result": "pass"
      },
      {
        "source": "assurance/docs/engineering/api-index.ja.md",
        "target": "../../../assurance/runtime/mc_ingress.adb",
        "result": "pass"
      },
      {
        "source": "assurance/docs/engineering/api-index.ja.md",
        "target": "../../../assurance/runtime/mc_ingress.ads",
        "result": "pass"
      },
      {
        "source": "assurance/docs/engineering/api-index.ja.md",
        "target": "../../../assurance/runtime/mc_kernel_read.adb",
        "result": "pass"
      },
      {
        "source": "assurance/docs/engineering/api-index.ja.md",
        "target": "../../../assurance/runtime/mc_kernel_read.ads",
        "result": "pass"
      },
      {
        "source": "assurance/docs/engineering/api-index.ja.md",
        "target": "../../../assurance/runtime/mc_keys.adb",
        "result": "pass"
      },
      {
        "source": "assurance/docs/engineering/api-index.ja.md",
        "target": "../../../assurance/runtime/mc_keys.ads",
        "result": "pass"
      },
      {
        "source": "assurance/docs/engineering/api-index.ja.md",
        "target": "../../../assurance/runtime/mc_layout.adb",
        "result": "pass"
      },
      {
        "source": "assurance/docs/engineering/api-index.ja.md",
        "target": "../../../assurance/runtime/mc_layout.ads",
        "result": "pass"
      },
      {
        "source": "assurance/docs/engineering/api-index.ja.md",
        "target": "../../../assurance/runtime/mc_log.adb",
        "result": "pass"
      },
      {
        "source": "assurance/docs/engineering/api-index.ja.md",
        "target": "../../../assurance/runtime/mc_log.ads",
        "result": "pass"
      },
      {
        "source": "assurance/docs/engineering/api-index.ja.md",
        "target": "../../../assurance/runtime/mc_posix.ads",
        "result": "pass"
      },
      {
        "source": "assurance/docs/engineering/api-index.ja.md",
        "target": "../../../assurance/runtime/mc_qualification_auth.adb",
        "result": "pass"
      },
      {
        "source": "assurance/docs/engineering/api-index.ja.md",
        "target": "../../../assurance/runtime/mc_qualification_auth.ads",
        "result": "pass"
      },
      {
        "source": "assurance/docs/engineering/api-index.ja.md",
        "target": "../../../assurance/runtime/mc_receiver_ledger.adb",
        "result": "pass"
      },
      {
        "source": "assurance/docs/engineering/api-index.ja.md",
        "target": "../../../assurance/runtime/mc_receiver_ledger.ads",
        "result": "pass"
      },
      {
        "source": "assurance/docs/engineering/api-index.ja.md",
        "target": "../../../assurance/runtime/mc_request_files.adb",
        "result": "pass"
      },
      {
        "source": "assurance/docs/engineering/api-index.ja.md",
        "target": "../../../assurance/runtime/mc_request_files.ads",
        "result": "pass"
      },
      {
        "source": "assurance/docs/engineering/api-index.ja.md",
        "target": "../../../assurance/runtime/mc_runtime.adb",
        "result": "pass"
      },
      {
        "source": "assurance/docs/engineering/api-index.ja.md",
        "target": "../../../assurance/runtime/mc_runtime.ads",
        "result": "pass"
      },
      {
        "source": "assurance/docs/engineering/api-index.ja.md",
        "target": "../../../assurance/runtime/mc_signatures.adb",
        "result": "pass"
      },
      {
        "source": "assurance/docs/engineering/api-index.ja.md",
        "target": "../../../assurance/runtime/mc_signatures.ads",
        "result": "pass"
      },
      {
        "source": "assurance/docs/engineering/api-index.ja.md",
        "target": "../../../assurance/runtime/mc_site_policy.adb",
        "result": "pass"
      },
      {
        "source": "assurance/docs/engineering/api-index.ja.md",
        "target": "../../../assurance/runtime/mc_site_policy.ads",
        "result": "pass"
      },
      {
        "source": "assurance/docs/engineering/api-index.ja.md",
        "target": "../../../assurance/runtime/mc_stop_barrier_auth.adb",
        "result": "pass"
      },
      {
        "source": "assurance/docs/engineering/api-index.ja.md",
        "target": "../../../assurance/runtime/mc_stop_barrier_auth.ads",
        "result": "pass"
      },
      {
        "source": "assurance/docs/engineering/api-index.ja.md",
        "target": "../../../assurance/runtime/mc_store.adb",
        "result": "pass"
      },
      {
        "source": "assurance/docs/engineering/api-index.ja.md",
        "target": "../../../assurance/runtime/mc_store.ads",
        "result": "pass"
      },
      {
        "source": "assurance/docs/engineering/api-index.ja.md",
        "target": "../../../assurance/runtime/mc_tools.adb",
        "result": "pass"
      },
      {
        "source": "assurance/docs/engineering/api-index.ja.md",
        "target": "../../../assurance/runtime/mc_tools.ads",
        "result": "pass"
      },
      {
        "source": "assurance/docs/engineering/api-index.ja.md",
        "target": "../../../assurance/runtime/mc_xml.adb",
        "result": "pass"
      },
      {
        "source": "assurance/docs/engineering/api-index.ja.md",
        "target": "../../../assurance/runtime/mc_xml.ads",
        "result": "pass"
      },
      {
        "source": "assurance/docs/engineering/api-index.ja.md",
        "target": "../../../assurance/src/mc_accounting.adb",
        "result": "pass"
      },
      {
        "source": "assurance/docs/engineering/api-index.ja.md",
        "target": "../../../assurance/src/mc_accounting.ads",
        "result": "pass"
      },
      {
        "source": "assurance/docs/engineering/api-index.ja.md",
        "target": "../../../assurance/src/mc_attestation.adb",
        "result": "pass"
      },
      {
        "source": "assurance/docs/engineering/api-index.ja.md",
        "target": "../../../assurance/src/mc_attestation.ads",
        "result": "pass"
      },
      {
        "source": "assurance/docs/engineering/api-index.ja.md",
        "target": "../../../assurance/src/mc_authorization.adb",
        "result": "pass"
      },
      {
        "source": "assurance/docs/engineering/api-index.ja.md",
        "target": "../../../assurance/src/mc_authorization.ads",
        "result": "pass"
      },
      {
        "source": "assurance/docs/engineering/api-index.ja.md",
        "target": "../../../assurance/src/mc_backups.adb",
        "result": "pass"
      },
      {
        "source": "assurance/docs/engineering/api-index.ja.md",
        "target": "../../../assurance/src/mc_backups.ads",
        "result": "pass"
      },
      {
        "source": "assurance/docs/engineering/api-index.ja.md",
        "target": "../../../assurance/src/mc_base64.adb",
        "result": "pass"
      },
      {
        "source": "assurance/docs/engineering/api-index.ja.md",
        "target": "../../../assurance/src/mc_base64.ads",
        "result": "pass"
      },
      {
        "source": "assurance/docs/engineering/api-index.ja.md",
        "target": "../../../assurance/src/mc_breakglass.adb",
        "result": "pass"
      },
      {
        "source": "assurance/docs/engineering/api-index.ja.md",
        "target": "../../../assurance/src/mc_breakglass.ads",
        "result": "pass"
      },
      {
        "source": "assurance/docs/engineering/api-index.ja.md",
        "target": "../../../assurance/src/mc_checkpoint.adb",
        "result": "pass"
      },
      {
        "source": "assurance/docs/engineering/api-index.ja.md",
        "target": "../../../assurance/src/mc_checkpoint.ads",
        "result": "pass"
      },
      {
        "source": "assurance/docs/engineering/api-index.ja.md",
        "target": "../../../assurance/src/mc_codec.adb",
        "result": "pass"
      },
      {
        "source": "assurance/docs/engineering/api-index.ja.md",
        "target": "../../../assurance/src/mc_codec.ads",
        "result": "pass"
      },
      {
        "source": "assurance/docs/engineering/api-index.ja.md",
        "target": "../../../assurance/src/mc_commissioning.adb",
        "result": "pass"
      },
      {
        "source": "assurance/docs/engineering/api-index.ja.md",
        "target": "../../../assurance/src/mc_commissioning.ads",
        "result": "pass"
      },
      {
        "source": "assurance/docs/engineering/api-index.ja.md",
        "target": "../../../assurance/src/mc_compatibility.adb",
        "result": "pass"
      },
      {
        "source": "assurance/docs/engineering/api-index.ja.md",
        "target": "../../../assurance/src/mc_compatibility.ads",
        "result": "pass"
      },
      {
        "source": "assurance/docs/engineering/api-index.ja.md",
        "target": "../../../assurance/src/mc_config_receipt.adb",
        "result": "pass"
      },
      {
        "source": "assurance/docs/engineering/api-index.ja.md",
        "target": "../../../assurance/src/mc_config_receipt.ads",
        "result": "pass"
      },
      {
        "source": "assurance/docs/engineering/api-index.ja.md",
        "target": "../../../assurance/src/mc_contract_profile.ads",
        "result": "pass"
      },
      {
        "source": "assurance/docs/engineering/api-index.ja.md",
        "target": "../../../assurance/src/mc_control.adb",
        "result": "pass"
      },
      {
        "source": "assurance/docs/engineering/api-index.ja.md",
        "target": "../../../assurance/src/mc_control.ads",
        "result": "pass"
      },
      {
        "source": "assurance/docs/engineering/api-index.ja.md",
        "target": "../../../assurance/src/mc_control_codec.adb",
        "result": "pass"
      },
      {
        "source": "assurance/docs/engineering/api-index.ja.md",
        "target": "../../../assurance/src/mc_control_codec.ads",
        "result": "pass"
      },
      {
        "source": "assurance/docs/engineering/api-index.ja.md",
        "target": "../../../assurance/src/mc_diagnostic_bundle.adb",
        "result": "pass"
      },
      {
        "source": "assurance/docs/engineering/api-index.ja.md",
        "target": "../../../assurance/src/mc_diagnostic_bundle.ads",
        "result": "pass"
      },
      {
        "source": "assurance/docs/engineering/api-index.ja.md",
        "target": "../../../assurance/src/mc_dirents.adb",
        "result": "pass"
      },
      {
        "source": "assurance/docs/engineering/api-index.ja.md",
        "target": "../../../assurance/src/mc_dirents.ads",
        "result": "pass"
      },
      {
        "source": "assurance/docs/engineering/api-index.ja.md",
        "target": "../../../assurance/src/mc_fault_report.adb",
        "result": "pass"
      },
      {
        "source": "assurance/docs/engineering/api-index.ja.md",
        "target": "../../../assurance/src/mc_fault_report.ads",
        "result": "pass"
      },
      {
        "source": "assurance/docs/engineering/api-index.ja.md",
        "target": "../../../assurance/src/mc_faults.adb",
        "result": "pass"
      },
      {
        "source": "assurance/docs/engineering/api-index.ja.md",
        "target": "../../../assurance/src/mc_faults.ads",
        "result": "pass"
      },
      {
        "source": "assurance/docs/engineering/api-index.ja.md",
        "target": "../../../assurance/src/mc_generation.adb",
        "result": "pass"
      },
      {
        "source": "assurance/docs/engineering/api-index.ja.md",
        "target": "../../../assurance/src/mc_generation.ads",
        "result": "pass"
      },
      {
        "source": "assurance/docs/engineering/api-index.ja.md",
        "target": "../../../assurance/src/mc_golden.adb",
        "result": "pass"
      },
      {
        "source": "assurance/docs/engineering/api-index.ja.md",
        "target": "../../../assurance/src/mc_golden.ads",
        "result": "pass"
      },
      {
        "source": "assurance/docs/engineering/api-index.ja.md",
        "target": "../../../assurance/src/mc_health_golden.adb",
        "result": "pass"
      },
      {
        "source": "assurance/docs/engineering/api-index.ja.md",
        "target": "../../../assurance/src/mc_health_golden.ads",
        "result": "pass"
      },
      {
        "source": "assurance/docs/engineering/api-index.ja.md",
        "target": "../../../assurance/src/mc_health_report.adb",
        "result": "pass"
      },
      {
        "source": "assurance/docs/engineering/api-index.ja.md",
        "target": "../../../assurance/src/mc_health_report.ads",
        "result": "pass"
      },
      {
        "source": "assurance/docs/engineering/api-index.ja.md",
        "target": "../../../assurance/src/mc_hex.adb",
        "result": "pass"
      },
      {
        "source": "assurance/docs/engineering/api-index.ja.md",
        "target": "../../../assurance/src/mc_hex.ads",
        "result": "pass"
      },
      {
        "source": "assurance/docs/engineering/api-index.ja.md",
        "target": "../../../assurance/src/mc_incidents.adb",
        "result": "pass"
      },
      {
        "source": "assurance/docs/engineering/api-index.ja.md",
        "target": "../../../assurance/src/mc_incidents.ads",
        "result": "pass"
      },
      {
        "source": "assurance/docs/engineering/api-index.ja.md",
        "target": "../../../assurance/src/mc_journal_budget.ads",
        "result": "pass"
      },
      {
        "source": "assurance/docs/engineering/api-index.ja.md",
        "target": "../../../assurance/src/mc_json.adb",
        "result": "pass"
      },
      {
        "source": "assurance/docs/engineering/api-index.ja.md",
        "target": "../../../assurance/src/mc_json.ads",
        "result": "pass"
      },
      {
        "source": "assurance/docs/engineering/api-index.ja.md",
        "target": "../../../assurance/src/mc_log_format.adb",
        "result": "pass"
      },
      {
        "source": "assurance/docs/engineering/api-index.ja.md",
        "target": "../../../assurance/src/mc_log_format.ads",
        "result": "pass"
      },
      {
        "source": "assurance/docs/engineering/api-index.ja.md",
        "target": "../../../assurance/src/mc_maintenance.adb",
        "result": "pass"
      },
      {
        "source": "assurance/docs/engineering/api-index.ja.md",
        "target": "../../../assurance/src/mc_maintenance.ads",
        "result": "pass"
      },
      {
        "source": "assurance/docs/engineering/api-index.ja.md",
        "target": "../../../assurance/src/mc_numbers.adb",
        "result": "pass"
      },
      {
        "source": "assurance/docs/engineering/api-index.ja.md",
        "target": "../../../assurance/src/mc_numbers.ads",
        "result": "pass"
      },
      {
        "source": "assurance/docs/engineering/api-index.ja.md",
        "target": "../../../assurance/src/mc_paths.adb",
        "result": "pass"
      },
      {
        "source": "assurance/docs/engineering/api-index.ja.md",
        "target": "../../../assurance/src/mc_paths.ads",
        "result": "pass"
      },
      {
        "source": "assurance/docs/engineering/api-index.ja.md",
        "target": "../../../assurance/src/mc_platform_profile.adb",
        "result": "pass"
      },
      {
        "source": "assurance/docs/engineering/api-index.ja.md",
        "target": "../../../assurance/src/mc_platform_profile.ads",
        "result": "pass"
      },
      {
        "source": "assurance/docs/engineering/api-index.ja.md",
        "target": "../../../assurance/src/mc_properties.adb",
        "result": "pass"
      },
      {
        "source": "assurance/docs/engineering/api-index.ja.md",
        "target": "../../../assurance/src/mc_properties.ads",
        "result": "pass"
      },
      {
        "source": "assurance/docs/engineering/api-index.ja.md",
        "target": "../../../assurance/src/mc_protocol.adb",
        "result": "pass"
      },
      {
        "source": "assurance/docs/engineering/api-index.ja.md",
        "target": "../../../assurance/src/mc_protocol.ads",
        "result": "pass"
      },
      {
        "source": "assurance/docs/engineering/api-index.ja.md",
        "target": "../../../assurance/src/mc_qualification.adb",
        "result": "pass"
      },
      {
        "source": "assurance/docs/engineering/api-index.ja.md",
        "target": "../../../assurance/src/mc_qualification.ads",
        "result": "pass"
      },
      {
        "source": "assurance/docs/engineering/api-index.ja.md",
        "target": "../../../assurance/src/mc_release.adb",
        "result": "pass"
      },
      {
        "source": "assurance/docs/engineering/api-index.ja.md",
        "target": "../../../assurance/src/mc_release.ads",
        "result": "pass"
      },
      {
        "source": "assurance/docs/engineering/api-index.ja.md",
        "target": "../../../assurance/src/mc_replay.adb",
        "result": "pass"
      },
      {
        "source": "assurance/docs/engineering/api-index.ja.md",
        "target": "../../../assurance/src/mc_replay.ads",
        "result": "pass"
      },
      {
        "source": "assurance/docs/engineering/api-index.ja.md",
        "target": "../../../assurance/src/mc_request_replay.adb",
        "result": "pass"
      },
      {
        "source": "assurance/docs/engineering/api-index.ja.md",
        "target": "../../../assurance/src/mc_request_replay.ads",
        "result": "pass"
      },
      {
        "source": "assurance/docs/engineering/api-index.ja.md",
        "target": "../../../assurance/src/mc_requests.adb",
        "result": "pass"
      },
      {
        "source": "assurance/docs/engineering/api-index.ja.md",
        "target": "../../../assurance/src/mc_requests.ads",
        "result": "pass"
      },
      {
        "source": "assurance/docs/engineering/api-index.ja.md",
        "target": "../../../assurance/src/mc_retry_budget.adb",
        "result": "pass"
      },
      {
        "source": "assurance/docs/engineering/api-index.ja.md",
        "target": "../../../assurance/src/mc_retry_budget.ads",
        "result": "pass"
      },
      {
        "source": "assurance/docs/engineering/api-index.ja.md",
        "target": "../../../assurance/src/mc_sha256.adb",
        "result": "pass"
      },
      {
        "source": "assurance/docs/engineering/api-index.ja.md",
        "target": "../../../assurance/src/mc_sha256.ads",
        "result": "pass"
      },
      {
        "source": "assurance/docs/engineering/api-index.ja.md",
        "target": "../../../assurance/src/mc_stop_barrier.adb",
        "result": "pass"
      },
      {
        "source": "assurance/docs/engineering/api-index.ja.md",
        "target": "../../../assurance/src/mc_stop_barrier.ads",
        "result": "pass"
      },
      {
        "source": "assurance/docs/engineering/api-index.ja.md",
        "target": "../../../assurance/src/mc_system_baseline.adb",
        "result": "pass"
      },
      {
        "source": "assurance/docs/engineering/api-index.ja.md",
        "target": "../../../assurance/src/mc_system_baseline.ads",
        "result": "pass"
      },
      {
        "source": "assurance/docs/engineering/api-index.ja.md",
        "target": "../../../assurance/src/mc_text.adb",
        "result": "pass"
      },
      {
        "source": "assurance/docs/engineering/api-index.ja.md",
        "target": "../../../assurance/src/mc_text.ads",
        "result": "pass"
      },
      {
        "source": "assurance/docs/engineering/api-index.ja.md",
        "target": "../../../assurance/src/mc_time_guard.adb",
        "result": "pass"
      },
      {
        "source": "assurance/docs/engineering/api-index.ja.md",
        "target": "../../../assurance/src/mc_time_guard.ads",
        "result": "pass"
      },
      {
        "source": "assurance/docs/engineering/api-index.ja.md",
        "target": "../../../assurance/src/mc_types.adb",
        "result": "pass"
      },
      {
        "source": "assurance/docs/engineering/api-index.ja.md",
        "target": "../../../assurance/src/mc_types.ads",
        "result": "pass"
      },
      {
        "source": "assurance/docs/engineering/api-index.ja.md",
        "target": "../../../assurance/src/mc_witness.adb",
        "result": "pass"
      },
      {
        "source": "assurance/docs/engineering/api-index.ja.md",
        "target": "../../../assurance/src/mc_witness.ads",
        "result": "pass"
      },
      {
        "source": "assurance/docs/engineering/api-index.ja.md",
        "target": "../../../configcore/app/configctl.adb",
        "result": "pass"
      },
      {
        "source": "assurance/docs/engineering/api-index.ja.md",
        "target": "../../../configcore/runtime/config_inputs.adb",
        "result": "pass"
      },
      {
        "source": "assurance/docs/engineering/api-index.ja.md",
        "target": "../../../configcore/runtime/config_inputs.ads",
        "result": "pass"
      },
      {
        "source": "assurance/docs/engineering/api-index.ja.md",
        "target": "../../../configcore/runtime/config_inventory.adb",
        "result": "pass"
      },
      {
        "source": "assurance/docs/engineering/api-index.ja.md",
        "target": "../../../configcore/runtime/config_inventory.ads",
        "result": "pass"
      },
      {
        "source": "assurance/docs/engineering/api-index.ja.md",
        "target": "../../../configcore/src/config_dependencies.adb",
        "result": "pass"
      },
      {
        "source": "assurance/docs/engineering/api-index.ja.md",
        "target": "../../../configcore/src/config_dependencies.ads",
        "result": "pass"
      },
      {
        "source": "assurance/docs/engineering/api-index.ja.md",
        "target": "../../../configcore/src/config_document_codec.adb",
        "result": "pass"
      },
      {
        "source": "assurance/docs/engineering/api-index.ja.md",
        "target": "../../../configcore/src/config_document_codec.ads",
        "result": "pass"
      },
      {
        "source": "assurance/docs/engineering/api-index.ja.md",
        "target": "../../../configcore/src/config_layers.adb",
        "result": "pass"
      },
      {
        "source": "assurance/docs/engineering/api-index.ja.md",
        "target": "../../../configcore/src/config_layers.ads",
        "result": "pass"
      },
      {
        "source": "assurance/docs/engineering/api-index.ja.md",
        "target": "../../../configcore/src/config_lifecycle.adb",
        "result": "pass"
      },
      {
        "source": "assurance/docs/engineering/api-index.ja.md",
        "target": "../../../configcore/src/config_lifecycle.ads",
        "result": "pass"
      },
      {
        "source": "assurance/docs/engineering/api-index.ja.md",
        "target": "../../../configcore/src/config_merge.adb",
        "result": "pass"
      },
      {
        "source": "assurance/docs/engineering/api-index.ja.md",
        "target": "../../../configcore/src/config_merge.ads",
        "result": "pass"
      },
      {
        "source": "assurance/docs/engineering/api-index.ja.md",
        "target": "../../../configcore/src/config_migration.adb",
        "result": "pass"
      },
      {
        "source": "assurance/docs/engineering/api-index.ja.md",
        "target": "../../../configcore/src/config_migration.ads",
        "result": "pass"
      },
      {
        "source": "assurance/docs/engineering/api-index.ja.md",
        "target": "../../../configcore/src/config_model.adb",
        "result": "pass"
      },
      {
        "source": "assurance/docs/engineering/api-index.ja.md",
        "target": "../../../configcore/src/config_model.ads",
        "result": "pass"
      },
      {
        "source": "assurance/docs/engineering/api-index.ja.md",
        "target": "../../../configcore/src/config_modprobe.adb",
        "result": "pass"
      },
      {
        "source": "assurance/docs/engineering/api-index.ja.md",
        "target": "../../../configcore/src/config_modprobe.ads",
        "result": "pass"
      },
      {
        "source": "assurance/docs/engineering/api-index.ja.md",
        "target": "../../../configcore/src/config_nvidia.adb",
        "result": "pass"
      },
      {
        "source": "assurance/docs/engineering/api-index.ja.md",
        "target": "../../../configcore/src/config_nvidia.ads",
        "result": "pass"
      },
      {
        "source": "assurance/docs/engineering/api-index.ja.md",
        "target": "../../../configcore/src/config_schema_codec.adb",
        "result": "pass"
      },
      {
        "source": "assurance/docs/engineering/api-index.ja.md",
        "target": "../../../configcore/src/config_schema_codec.ads",
        "result": "pass"
      },
      {
        "source": "assurance/docs/engineering/api-index.ja.md",
        "target": "../../../configcore/src/config_semantics.adb",
        "result": "pass"
      },
      {
        "source": "assurance/docs/engineering/api-index.ja.md",
        "target": "../../../configcore/src/config_semantics.ads",
        "result": "pass"
      },
      {
        "source": "assurance/docs/engineering/api-index.ja.md",
        "target": "../../../configcore/src/config_values.adb",
        "result": "pass"
      },
      {
        "source": "assurance/docs/engineering/api-index.ja.md",
        "target": "../../../configcore/src/config_values.ads",
        "result": "pass"
      },
      {
        "source": "assurance/docs/engineering/api-index.ja.md",
        "target": "../../../controlcore/app/mission_sign.adb",
        "result": "pass"
      },
      {
        "source": "assurance/docs/engineering/api-index.ja.md",
        "target": "../../../controlcore/app/missionctl.adb",
        "result": "pass"
      },
      {
        "source": "assurance/docs/engineering/api-index.ja.md",
        "target": "../../../controlcore/app/nia.adb",
        "result": "pass"
      },
      {
        "source": "assurance/docs/engineering/api-index.ja.md",
        "target": "../../../controlcore/runtime/ctl_closure.adb",
        "result": "pass"
      },
      {
        "source": "assurance/docs/engineering/api-index.ja.md",
        "target": "../../../controlcore/runtime/ctl_closure.ads",
        "result": "pass"
      },
      {
        "source": "assurance/docs/engineering/api-index.ja.md",
        "target": "../../../controlcore/runtime/ctl_config.adb",
        "result": "pass"
      },
      {
        "source": "assurance/docs/engineering/api-index.ja.md",
        "target": "../../../controlcore/runtime/ctl_config.ads",
        "result": "pass"
      },
      {
        "source": "assurance/docs/engineering/api-index.ja.md",
        "target": "../../../controlcore/runtime/ctl_configuration.adb",
        "result": "pass"
      },
      {
        "source": "assurance/docs/engineering/api-index.ja.md",
        "target": "../../../controlcore/runtime/ctl_configuration.ads",
        "result": "pass"
      },
      {
        "source": "assurance/docs/engineering/api-index.ja.md",
        "target": "../../../controlcore/runtime/ctl_dispatch.adb",
        "result": "pass"
      },
      {
        "source": "assurance/docs/engineering/api-index.ja.md",
        "target": "../../../controlcore/runtime/ctl_dispatch.ads",
        "result": "pass"
      },
      {
        "source": "assurance/docs/engineering/api-index.ja.md",
        "target": "../../../controlcore/runtime/ctl_log_repair.adb",
        "result": "pass"
      },
      {
        "source": "assurance/docs/engineering/api-index.ja.md",
        "target": "../../../controlcore/runtime/ctl_log_repair.ads",
        "result": "pass"
      },
      {
        "source": "assurance/docs/engineering/api-index.ja.md",
        "target": "../../../controlcore/runtime/ctl_resolution.adb",
        "result": "pass"
      },
      {
        "source": "assurance/docs/engineering/api-index.ja.md",
        "target": "../../../controlcore/runtime/ctl_resolution.ads",
        "result": "pass"
      },
      {
        "source": "assurance/docs/engineering/api-index.ja.md",
        "target": "../../../controlcore/runtime/ctl_store.adb",
        "result": "pass"
      },
      {
        "source": "assurance/docs/engineering/api-index.ja.md",
        "target": "../../../controlcore/runtime/ctl_store.ads",
        "result": "pass"
      },
      {
        "source": "assurance/docs/engineering/api-index.ja.md",
        "target": "../../../controlcore/src/ctl_plan.adb",
        "result": "pass"
      },
      {
        "source": "assurance/docs/engineering/api-index.ja.md",
        "target": "../../../controlcore/src/ctl_plan.ads",
        "result": "pass"
      },
      {
        "source": "assurance/docs/engineering/api-index.ja.md",
        "target": "../../../controlcore/src/ctl_profile.ads",
        "result": "pass"
      },
      {
        "source": "assurance/docs/engineering/api-index.ja.md",
        "target": "../../../controlcore/src/ctl_wire.adb",
        "result": "pass"
      },
      {
        "source": "assurance/docs/engineering/api-index.ja.md",
        "target": "../../../controlcore/src/ctl_wire.ads",
        "result": "pass"
      },
      {
        "source": "assurance/docs/engineering/api-index.ja.md",
        "target": "../../../controlcore/src/ctl_workflow.adb",
        "result": "pass"
      },
      {
        "source": "assurance/docs/engineering/api-index.ja.md",
        "target": "../../../controlcore/src/ctl_workflow.ads",
        "result": "pass"
      },
      {
        "source": "assurance/docs/engineering/api-index.ja.md",
        "target": "../../../pkgcore/app/pkg_recoveryctl.adb",
        "result": "pass"
      },
      {
        "source": "assurance/docs/engineering/api-index.ja.md",
        "target": "../../../pkgcore/app/pkg_scrubctl.adb",
        "result": "pass"
      },
      {
        "source": "assurance/docs/engineering/api-index.ja.md",
        "target": "../../../pkgcore/app/pkg_worker.adb",
        "result": "pass"
      },
      {
        "source": "assurance/docs/engineering/api-index.ja.md",
        "target": "../../../pkgcore/app/pkgctl.adb",
        "result": "pass"
      },
      {
        "source": "assurance/docs/engineering/api-index.ja.md",
        "target": "../../../pkgcore/runtime/pkg_admin.adb",
        "result": "pass"
      },
      {
        "source": "assurance/docs/engineering/api-index.ja.md",
        "target": "../../../pkgcore/runtime/pkg_admin.ads",
        "result": "pass"
      },
      {
        "source": "assurance/docs/engineering/api-index.ja.md",
        "target": "../../../pkgcore/runtime/pkg_archive.adb",
        "result": "pass"
      },
      {
        "source": "assurance/docs/engineering/api-index.ja.md",
        "target": "../../../pkgcore/runtime/pkg_archive.ads",
        "result": "pass"
      },
      {
        "source": "assurance/docs/engineering/api-index.ja.md",
        "target": "../../../pkgcore/runtime/pkg_configuration_engine.adb",
        "result": "pass"
      },
      {
        "source": "assurance/docs/engineering/api-index.ja.md",
        "target": "../../../pkgcore/runtime/pkg_configuration_engine.ads",
        "result": "pass"
      },
      {
        "source": "assurance/docs/engineering/api-index.ja.md",
        "target": "../../../pkgcore/runtime/pkg_file_engine.adb",
        "result": "pass"
      },
      {
        "source": "assurance/docs/engineering/api-index.ja.md",
        "target": "../../../pkgcore/runtime/pkg_file_engine.ads",
        "result": "pass"
      },
      {
        "source": "assurance/docs/engineering/api-index.ja.md",
        "target": "../../../pkgcore/runtime/pkg_image_inspector.adb",
        "result": "pass"
      },
      {
        "source": "assurance/docs/engineering/api-index.ja.md",
        "target": "../../../pkgcore/runtime/pkg_image_inspector.ads",
        "result": "pass"
      },
      {
        "source": "assurance/docs/engineering/api-index.ja.md",
        "target": "../../../pkgcore/runtime/pkg_journal_io.adb",
        "result": "pass"
      },
      {
        "source": "assurance/docs/engineering/api-index.ja.md",
        "target": "../../../pkgcore/runtime/pkg_journal_io.ads",
        "result": "pass"
      },
      {
        "source": "assurance/docs/engineering/api-index.ja.md",
        "target": "../../../pkgcore/runtime/pkg_managed_engine.adb",
        "result": "pass"
      },
      {
        "source": "assurance/docs/engineering/api-index.ja.md",
        "target": "../../../pkgcore/runtime/pkg_managed_engine.ads",
        "result": "pass"
      },
      {
        "source": "assurance/docs/engineering/api-index.ja.md",
        "target": "../../../pkgcore/runtime/pkg_plan_compiler.adb",
        "result": "pass"
      },
      {
        "source": "assurance/docs/engineering/api-index.ja.md",
        "target": "../../../pkgcore/runtime/pkg_plan_compiler.ads",
        "result": "pass"
      },
      {
        "source": "assurance/docs/engineering/api-index.ja.md",
        "target": "../../../pkgcore/runtime/pkg_quiescent_engine.adb",
        "result": "pass"
      },
      {
        "source": "assurance/docs/engineering/api-index.ja.md",
        "target": "../../../pkgcore/runtime/pkg_quiescent_engine.ads",
        "result": "pass"
      },
      {
        "source": "assurance/docs/engineering/api-index.ja.md",
        "target": "../../../pkgcore/runtime/pkg_recovery_audit.adb",
        "result": "pass"
      },
      {
        "source": "assurance/docs/engineering/api-index.ja.md",
        "target": "../../../pkgcore/runtime/pkg_recovery_audit.ads",
        "result": "pass"
      },
      {
        "source": "assurance/docs/engineering/api-index.ja.md",
        "target": "../../../pkgcore/runtime/pkg_resolution_engine.adb",
        "result": "pass"
      },
      {
        "source": "assurance/docs/engineering/api-index.ja.md",
        "target": "../../../pkgcore/runtime/pkg_resolution_engine.ads",
        "result": "pass"
      },
      {
        "source": "assurance/docs/engineering/api-index.ja.md",
        "target": "../../../pkgcore/runtime/pkg_rpm_auth.adb",
        "result": "pass"
      },
      {
        "source": "assurance/docs/engineering/api-index.ja.md",
        "target": "../../../pkgcore/runtime/pkg_rpm_auth.ads",
        "result": "pass"
      },
      {
        "source": "assurance/docs/engineering/api-index.ja.md",
        "target": "../../../pkgcore/runtime/pkg_rpm_file.adb",
        "result": "pass"
      },
      {
        "source": "assurance/docs/engineering/api-index.ja.md",
        "target": "../../../pkgcore/runtime/pkg_rpm_file.ads",
        "result": "pass"
      },
      {
        "source": "assurance/docs/engineering/api-index.ja.md",
        "target": "../../../pkgcore/runtime/pkg_scrubber.adb",
        "result": "pass"
      },
      {
        "source": "assurance/docs/engineering/api-index.ja.md",
        "target": "../../../pkgcore/runtime/pkg_scrubber.ads",
        "result": "pass"
      },
      {
        "source": "assurance/docs/engineering/api-index.ja.md",
        "target": "../../../pkgcore/runtime/pkg_source.adb",
        "result": "pass"
      },
      {
        "source": "assurance/docs/engineering/api-index.ja.md",
        "target": "../../../pkgcore/runtime/pkg_source.ads",
        "result": "pass"
      },
      {
        "source": "assurance/docs/engineering/api-index.ja.md",
        "target": "../../../pkgcore/src/pkg_acceptance.adb",
        "result": "pass"
      },
      {
        "source": "assurance/docs/engineering/api-index.ja.md",
        "target": "../../../pkgcore/src/pkg_acceptance.ads",
        "result": "pass"
      },
      {
        "source": "assurance/docs/engineering/api-index.ja.md",
        "target": "../../../pkgcore/src/pkg_activation.adb",
        "result": "pass"
      },
      {
        "source": "assurance/docs/engineering/api-index.ja.md",
        "target": "../../../pkgcore/src/pkg_activation.ads",
        "result": "pass"
      },
      {
        "source": "assurance/docs/engineering/api-index.ja.md",
        "target": "../../../pkgcore/src/pkg_admission.adb",
        "result": "pass"
      },
      {
        "source": "assurance/docs/engineering/api-index.ja.md",
        "target": "../../../pkgcore/src/pkg_admission.ads",
        "result": "pass"
      },
      {
        "source": "assurance/docs/engineering/api-index.ja.md",
        "target": "../../../pkgcore/src/pkg_advisory.adb",
        "result": "pass"
      },
      {
        "source": "assurance/docs/engineering/api-index.ja.md",
        "target": "../../../pkgcore/src/pkg_advisory.ads",
        "result": "pass"
      },
      {
        "source": "assurance/docs/engineering/api-index.ja.md",
        "target": "../../../pkgcore/src/pkg_artifact_grant.adb",
        "result": "pass"
      },
      {
        "source": "assurance/docs/engineering/api-index.ja.md",
        "target": "../../../pkgcore/src/pkg_artifact_grant.ads",
        "result": "pass"
      },
      {
        "source": "assurance/docs/engineering/api-index.ja.md",
        "target": "../../../pkgcore/src/pkg_change_set.adb",
        "result": "pass"
      },
      {
        "source": "assurance/docs/engineering/api-index.ja.md",
        "target": "../../../pkgcore/src/pkg_change_set.ads",
        "result": "pass"
      },
      {
        "source": "assurance/docs/engineering/api-index.ja.md",
        "target": "../../../pkgcore/src/pkg_deb_semantics.adb",
        "result": "pass"
      },
      {
        "source": "assurance/docs/engineering/api-index.ja.md",
        "target": "../../../pkgcore/src/pkg_deb_semantics.ads",
        "result": "pass"
      },
      {
        "source": "assurance/docs/engineering/api-index.ja.md",
        "target": "../../../pkgcore/src/pkg_deb_versions.adb",
        "result": "pass"
      },
      {
        "source": "assurance/docs/engineering/api-index.ja.md",
        "target": "../../../pkgcore/src/pkg_deb_versions.ads",
        "result": "pass"
      },
      {
        "source": "assurance/docs/engineering/api-index.ja.md",
        "target": "../../../pkgcore/src/pkg_dependency.adb",
        "result": "pass"
      },
      {
        "source": "assurance/docs/engineering/api-index.ja.md",
        "target": "../../../pkgcore/src/pkg_dependency.ads",
        "result": "pass"
      },
      {
        "source": "assurance/docs/engineering/api-index.ja.md",
        "target": "../../../pkgcore/src/pkg_evr.adb",
        "result": "pass"
      },
      {
        "source": "assurance/docs/engineering/api-index.ja.md",
        "target": "../../../pkgcore/src/pkg_evr.ads",
        "result": "pass"
      },
      {
        "source": "assurance/docs/engineering/api-index.ja.md",
        "target": "../../../pkgcore/src/pkg_exposure_policy.adb",
        "result": "pass"
      },
      {
        "source": "assurance/docs/engineering/api-index.ja.md",
        "target": "../../../pkgcore/src/pkg_exposure_policy.ads",
        "result": "pass"
      },
      {
        "source": "assurance/docs/engineering/api-index.ja.md",
        "target": "../../../pkgcore/src/pkg_file_plan.adb",
        "result": "pass"
      },
      {
        "source": "assurance/docs/engineering/api-index.ja.md",
        "target": "../../../pkgcore/src/pkg_file_plan.ads",
        "result": "pass"
      },
      {
        "source": "assurance/docs/engineering/api-index.ja.md",
        "target": "../../../pkgcore/src/pkg_file_replay.adb",
        "result": "pass"
      },
      {
        "source": "assurance/docs/engineering/api-index.ja.md",
        "target": "../../../pkgcore/src/pkg_file_replay.ads",
        "result": "pass"
      },
      {
        "source": "assurance/docs/engineering/api-index.ja.md",
        "target": "../../../pkgcore/src/pkg_holds.adb",
        "result": "pass"
      },
      {
        "source": "assurance/docs/engineering/api-index.ja.md",
        "target": "../../../pkgcore/src/pkg_holds.ads",
        "result": "pass"
      },
      {
        "source": "assurance/docs/engineering/api-index.ja.md",
        "target": "../../../pkgcore/src/pkg_incorporation.adb",
        "result": "pass"
      },
      {
        "source": "assurance/docs/engineering/api-index.ja.md",
        "target": "../../../pkgcore/src/pkg_incorporation.ads",
        "result": "pass"
      },
      {
        "source": "assurance/docs/engineering/api-index.ja.md",
        "target": "../../../pkgcore/src/pkg_inventory.adb",
        "result": "pass"
      },
      {
        "source": "assurance/docs/engineering/api-index.ja.md",
        "target": "../../../pkgcore/src/pkg_inventory.ads",
        "result": "pass"
      },
      {
        "source": "assurance/docs/engineering/api-index.ja.md",
        "target": "../../../pkgcore/src/pkg_journal.adb",
        "result": "pass"
      },
      {
        "source": "assurance/docs/engineering/api-index.ja.md",
        "target": "../../../pkgcore/src/pkg_journal.ads",
        "result": "pass"
      },
      {
        "source": "assurance/docs/engineering/api-index.ja.md",
        "target": "../../../pkgcore/src/pkg_maintenance_bundle.adb",
        "result": "pass"
      },
      {
        "source": "assurance/docs/engineering/api-index.ja.md",
        "target": "../../../pkgcore/src/pkg_maintenance_bundle.ads",
        "result": "pass"
      },
      {
        "source": "assurance/docs/engineering/api-index.ja.md",
        "target": "../../../pkgcore/src/pkg_payload_map.adb",
        "result": "pass"
      },
      {
        "source": "assurance/docs/engineering/api-index.ja.md",
        "target": "../../../pkgcore/src/pkg_payload_map.ads",
        "result": "pass"
      },
      {
        "source": "assurance/docs/engineering/api-index.ja.md",
        "target": "../../../pkgcore/src/pkg_provenance.adb",
        "result": "pass"
      },
      {
        "source": "assurance/docs/engineering/api-index.ja.md",
        "target": "../../../pkgcore/src/pkg_provenance.ads",
        "result": "pass"
      },
      {
        "source": "assurance/docs/engineering/api-index.ja.md",
        "target": "../../../pkgcore/src/pkg_recovery.adb",
        "result": "pass"
      },
      {
        "source": "assurance/docs/engineering/api-index.ja.md",
        "target": "../../../pkgcore/src/pkg_recovery.ads",
        "result": "pass"
      },
      {
        "source": "assurance/docs/engineering/api-index.ja.md",
        "target": "../../../pkgcore/src/pkg_recovery_catalog.adb",
        "result": "pass"
      },
      {
        "source": "assurance/docs/engineering/api-index.ja.md",
        "target": "../../../pkgcore/src/pkg_recovery_catalog.ads",
        "result": "pass"
      },
      {
        "source": "assurance/docs/engineering/api-index.ja.md",
        "target": "../../../pkgcore/src/pkg_repository_trust.adb",
        "result": "pass"
      },
      {
        "source": "assurance/docs/engineering/api-index.ja.md",
        "target": "../../../pkgcore/src/pkg_repository_trust.ads",
        "result": "pass"
      },
      {
        "source": "assurance/docs/engineering/api-index.ja.md",
        "target": "../../../pkgcore/src/pkg_retention_batch.adb",
        "result": "pass"
      },
      {
        "source": "assurance/docs/engineering/api-index.ja.md",
        "target": "../../../pkgcore/src/pkg_retention_batch.ads",
        "result": "pass"
      },
      {
        "source": "assurance/docs/engineering/api-index.ja.md",
        "target": "../../../pkgcore/src/pkg_rollback_contract.adb",
        "result": "pass"
      },
      {
        "source": "assurance/docs/engineering/api-index.ja.md",
        "target": "../../../pkgcore/src/pkg_rollback_contract.ads",
        "result": "pass"
      },
      {
        "source": "assurance/docs/engineering/api-index.ja.md",
        "target": "../../../pkgcore/src/pkg_root_state.adb",
        "result": "pass"
      },
      {
        "source": "assurance/docs/engineering/api-index.ja.md",
        "target": "../../../pkgcore/src/pkg_root_state.ads",
        "result": "pass"
      },
      {
        "source": "assurance/docs/engineering/api-index.ja.md",
        "target": "../../../pkgcore/src/pkg_rpm.adb",
        "result": "pass"
      },
      {
        "source": "assurance/docs/engineering/api-index.ja.md",
        "target": "../../../pkgcore/src/pkg_rpm.ads",
        "result": "pass"
      },
      {
        "source": "assurance/docs/engineering/api-index.ja.md",
        "target": "../../../pkgcore/src/pkg_rpm_fields.adb",
        "result": "pass"
      },
      {
        "source": "assurance/docs/engineering/api-index.ja.md",
        "target": "../../../pkgcore/src/pkg_rpm_fields.ads",
        "result": "pass"
      },
      {
        "source": "assurance/docs/engineering/api-index.ja.md",
        "target": "../../../pkgcore/src/pkg_rpm_resolution.adb",
        "result": "pass"
      },
      {
        "source": "assurance/docs/engineering/api-index.ja.md",
        "target": "../../../pkgcore/src/pkg_rpm_resolution.ads",
        "result": "pass"
      },
      {
        "source": "assurance/docs/engineering/api-index.ja.md",
        "target": "../../../pkgcore/src/pkg_self_repair.adb",
        "result": "pass"
      },
      {
        "source": "assurance/docs/engineering/api-index.ja.md",
        "target": "../../../pkgcore/src/pkg_self_repair.ads",
        "result": "pass"
      },
      {
        "source": "assurance/docs/engineering/api-index.ja.md",
        "target": "../../../pkgcore/src/pkg_system_composition.adb",
        "result": "pass"
      },
      {
        "source": "assurance/docs/engineering/api-index.ja.md",
        "target": "../../../pkgcore/src/pkg_system_composition.ads",
        "result": "pass"
      },
      {
        "source": "assurance/docs/engineering/api-index.ja.md",
        "target": "../../../pkgcore/src/pkg_transactions.adb",
        "result": "pass"
      },
      {
        "source": "assurance/docs/engineering/api-index.ja.md",
        "target": "../../../pkgcore/src/pkg_transactions.ads",
        "result": "pass"
      },
      {
        "source": "assurance/docs/engineering/api-index.ja.md",
        "target": "../../../pkgcore/src/pkg_versions.adb",
        "result": "pass"
      },
      {
        "source": "assurance/docs/engineering/api-index.ja.md",
        "target": "../../../pkgcore/src/pkg_versions.ads",
        "result": "pass"
      },
      {
        "source": "assurance/docs/engineering/api-index.ja.md",
        "target": "../../../resolvercore/app/resolverctl.adb",
        "result": "pass"
      },
      {
        "source": "assurance/docs/engineering/api-index.ja.md",
        "target": "../../../resolvercore/runtime/resolver_io.adb",
        "result": "pass"
      },
      {
        "source": "assurance/docs/engineering/api-index.ja.md",
        "target": "../../../resolvercore/runtime/resolver_io.ads",
        "result": "pass"
      },
      {
        "source": "assurance/docs/engineering/api-index.ja.md",
        "target": "../../../resolvercore/src/resolver_admission.adb",
        "result": "pass"
      },
      {
        "source": "assurance/docs/engineering/api-index.ja.md",
        "target": "../../../resolvercore/src/resolver_admission.ads",
        "result": "pass"
      },
      {
        "source": "assurance/docs/engineering/api-index.ja.md",
        "target": "../../../resolvercore/src/resolver_builder.adb",
        "result": "pass"
      },
      {
        "source": "assurance/docs/engineering/api-index.ja.md",
        "target": "../../../resolvercore/src/resolver_builder.ads",
        "result": "pass"
      },
      {
        "source": "assurance/docs/engineering/api-index.ja.md",
        "target": "../../../resolvercore/src/resolver_cnf.adb",
        "result": "pass"
      },
      {
        "source": "assurance/docs/engineering/api-index.ja.md",
        "target": "../../../resolvercore/src/resolver_cnf.ads",
        "result": "pass"
      },
      {
        "source": "assurance/docs/engineering/api-index.ja.md",
        "target": "../../../resolvercore/src/resolver_lrat.adb",
        "result": "pass"
      },
      {
        "source": "assurance/docs/engineering/api-index.ja.md",
        "target": "../../../resolvercore/src/resolver_lrat.ads",
        "result": "pass"
      },
      {
        "source": "assurance/docs/engineering/api-index.ja.md",
        "target": "../../../resolvercore/src/resolver_model.adb",
        "result": "pass"
      },
      {
        "source": "assurance/docs/engineering/api-index.ja.md",
        "target": "../../../resolvercore/src/resolver_model.ads",
        "result": "pass"
      },
      {
        "source": "assurance/docs/engineering/api-index.ja.md",
        "target": "../../../resolvercore/src/resolver_proof.adb",
        "result": "pass"
      },
      {
        "source": "assurance/docs/engineering/api-index.ja.md",
        "target": "../../../resolvercore/src/resolver_proof.ads",
        "result": "pass"
      },
      {
        "source": "assurance/docs/engineering/api-index.ja.md",
        "target": "../../../resolvercore/src/resolver_verify.adb",
        "result": "pass"
      },
      {
        "source": "assurance/docs/engineering/api-index.ja.md",
        "target": "../../../resolvercore/src/resolver_verify.ads",
        "result": "pass"
      },
      {
        "source": "assurance/docs/engineering/api-index.ja.md",
        "target": "../../../resolvercore/src/resolver_wire.adb",
        "result": "pass"
      },
      {
        "source": "assurance/docs/engineering/api-index.ja.md",
        "target": "../../../resolvercore/src/resolver_wire.ads",
        "result": "pass"
      },
      {
        "source": "assurance/docs/engineering/api-index.ja.md",
        "target": "../../../statecore/app/hostctl.adb",
        "result": "pass"
      },
      {
        "source": "assurance/docs/engineering/api-index.ja.md",
        "target": "../../../statecore/app/state_healing_admin.adb",
        "result": "pass"
      },
      {
        "source": "assurance/docs/engineering/api-index.ja.md",
        "target": "../../../statecore/app/state_recovery_worker.adb",
        "result": "pass"
      },
      {
        "source": "assurance/docs/engineering/api-index.ja.md",
        "target": "../../../statecore/app/state_worker.adb",
        "result": "pass"
      },
      {
        "source": "assurance/docs/engineering/api-index.ja.md",
        "target": "../../../statecore/app/statectl.adb",
        "result": "pass"
      },
      {
        "source": "assurance/docs/engineering/api-index.ja.md",
        "target": "../../../statecore/runtime/state_barrier_store.adb",
        "result": "pass"
      },
      {
        "source": "assurance/docs/engineering/api-index.ja.md",
        "target": "../../../statecore/runtime/state_barrier_store.ads",
        "result": "pass"
      },
      {
        "source": "assurance/docs/engineering/api-index.ja.md",
        "target": "../../../statecore/runtime/state_binding.adb",
        "result": "pass"
      },
      {
        "source": "assurance/docs/engineering/api-index.ja.md",
        "target": "../../../statecore/runtime/state_binding.ads",
        "result": "pass"
      },
      {
        "source": "assurance/docs/engineering/api-index.ja.md",
        "target": "../../../statecore/runtime/state_coordinator.adb",
        "result": "pass"
      },
      {
        "source": "assurance/docs/engineering/api-index.ja.md",
        "target": "../../../statecore/runtime/state_coordinator.ads",
        "result": "pass"
      },
      {
        "source": "assurance/docs/engineering/api-index.ja.md",
        "target": "../../../statecore/runtime/state_disaster_store.adb",
        "result": "pass"
      },
      {
        "source": "assurance/docs/engineering/api-index.ja.md",
        "target": "../../../statecore/runtime/state_disaster_store.ads",
        "result": "pass"
      },
      {
        "source": "assurance/docs/engineering/api-index.ja.md",
        "target": "../../../statecore/runtime/state_etcd.adb",
        "result": "pass"
      },
      {
        "source": "assurance/docs/engineering/api-index.ja.md",
        "target": "../../../statecore/runtime/state_etcd.ads",
        "result": "pass"
      },
      {
        "source": "assurance/docs/engineering/api-index.ja.md",
        "target": "../../../statecore/runtime/state_executor.adb",
        "result": "pass"
      },
      {
        "source": "assurance/docs/engineering/api-index.ja.md",
        "target": "../../../statecore/runtime/state_executor.ads",
        "result": "pass"
      },
      {
        "source": "assurance/docs/engineering/api-index.ja.md",
        "target": "../../../statecore/runtime/state_healing_engine.adb",
        "result": "pass"
      },
      {
        "source": "assurance/docs/engineering/api-index.ja.md",
        "target": "../../../statecore/runtime/state_healing_engine.ads",
        "result": "pass"
      },
      {
        "source": "assurance/docs/engineering/api-index.ja.md",
        "target": "../../../statecore/runtime/state_healing_journal.adb",
        "result": "pass"
      },
      {
        "source": "assurance/docs/engineering/api-index.ja.md",
        "target": "../../../statecore/runtime/state_healing_journal.ads",
        "result": "pass"
      },
      {
        "source": "assurance/docs/engineering/api-index.ja.md",
        "target": "../../../statecore/runtime/state_host_probe.adb",
        "result": "pass"
      },
      {
        "source": "assurance/docs/engineering/api-index.ja.md",
        "target": "../../../statecore/runtime/state_host_probe.ads",
        "result": "pass"
      },
      {
        "source": "assurance/docs/engineering/api-index.ja.md",
        "target": "../../../statecore/runtime/state_network_controller.adb",
        "result": "pass"
      },
      {
        "source": "assurance/docs/engineering/api-index.ja.md",
        "target": "../../../statecore/runtime/state_network_controller.ads",
        "result": "pass"
      },
      {
        "source": "assurance/docs/engineering/api-index.ja.md",
        "target": "../../../statecore/runtime/state_nm_checkpoint.adb",
        "result": "pass"
      },
      {
        "source": "assurance/docs/engineering/api-index.ja.md",
        "target": "../../../statecore/runtime/state_nm_checkpoint.ads",
        "result": "pass"
      },
      {
        "source": "assurance/docs/engineering/api-index.ja.md",
        "target": "../../../statecore/runtime/state_pacemaker.adb",
        "result": "pass"
      },
      {
        "source": "assurance/docs/engineering/api-index.ja.md",
        "target": "../../../statecore/runtime/state_pacemaker.ads",
        "result": "pass"
      },
      {
        "source": "assurance/docs/engineering/api-index.ja.md",
        "target": "../../../statecore/runtime/state_readmission_store.adb",
        "result": "pass"
      },
      {
        "source": "assurance/docs/engineering/api-index.ja.md",
        "target": "../../../statecore/runtime/state_readmission_store.ads",
        "result": "pass"
      },
      {
        "source": "assurance/docs/engineering/api-index.ja.md",
        "target": "../../../statecore/runtime/state_rollout_store.adb",
        "result": "pass"
      },
      {
        "source": "assurance/docs/engineering/api-index.ja.md",
        "target": "../../../statecore/runtime/state_rollout_store.ads",
        "result": "pass"
      },
      {
        "source": "assurance/docs/engineering/api-index.ja.md",
        "target": "../../../statecore/runtime/state_strict_coordinator.adb",
        "result": "pass"
      },
      {
        "source": "assurance/docs/engineering/api-index.ja.md",
        "target": "../../../statecore/runtime/state_strict_coordinator.ads",
        "result": "pass"
      },
      {
        "source": "assurance/docs/engineering/api-index.ja.md",
        "target": "../../../statecore/runtime/state_systemd.adb",
        "result": "pass"
      },
      {
        "source": "assurance/docs/engineering/api-index.ja.md",
        "target": "../../../statecore/runtime/state_systemd.ads",
        "result": "pass"
      },
      {
        "source": "assurance/docs/engineering/api-index.ja.md",
        "target": "../../../statecore/runtime/state_systemd_control.adb",
        "result": "pass"
      },
      {
        "source": "assurance/docs/engineering/api-index.ja.md",
        "target": "../../../statecore/runtime/state_systemd_control.ads",
        "result": "pass"
      },
      {
        "source": "assurance/docs/engineering/api-index.ja.md",
        "target": "../../../statecore/src/state_authority.adb",
        "result": "pass"
      },
      {
        "source": "assurance/docs/engineering/api-index.ja.md",
        "target": "../../../statecore/src/state_authority.ads",
        "result": "pass"
      },
      {
        "source": "assurance/docs/engineering/api-index.ja.md",
        "target": "../../../statecore/src/state_boot.adb",
        "result": "pass"
      },
      {
        "source": "assurance/docs/engineering/api-index.ja.md",
        "target": "../../../statecore/src/state_boot.ads",
        "result": "pass"
      },
      {
        "source": "assurance/docs/engineering/api-index.ja.md",
        "target": "../../../statecore/src/state_boot_acceptance.adb",
        "result": "pass"
      },
      {
        "source": "assurance/docs/engineering/api-index.ja.md",
        "target": "../../../statecore/src/state_boot_acceptance.ads",
        "result": "pass"
      },
      {
        "source": "assurance/docs/engineering/api-index.ja.md",
        "target": "../../../statecore/src/state_boot_assessment.adb",
        "result": "pass"
      },
      {
        "source": "assurance/docs/engineering/api-index.ja.md",
        "target": "../../../statecore/src/state_boot_assessment.ads",
        "result": "pass"
      },
      {
        "source": "assurance/docs/engineering/api-index.ja.md",
        "target": "../../../statecore/src/state_budget.adb",
        "result": "pass"
      },
      {
        "source": "assurance/docs/engineering/api-index.ja.md",
        "target": "../../../statecore/src/state_budget.ads",
        "result": "pass"
      },
      {
        "source": "assurance/docs/engineering/api-index.ja.md",
        "target": "../../../statecore/src/state_capacity_guard.adb",
        "result": "pass"
      },
      {
        "source": "assurance/docs/engineering/api-index.ja.md",
        "target": "../../../statecore/src/state_capacity_guard.ads",
        "result": "pass"
      },
      {
        "source": "assurance/docs/engineering/api-index.ja.md",
        "target": "../../../statecore/src/state_changes.adb",
        "result": "pass"
      },
      {
        "source": "assurance/docs/engineering/api-index.ja.md",
        "target": "../../../statecore/src/state_changes.ads",
        "result": "pass"
      },
      {
        "source": "assurance/docs/engineering/api-index.ja.md",
        "target": "../../../statecore/src/state_cluster_safety.adb",
        "result": "pass"
      },
      {
        "source": "assurance/docs/engineering/api-index.ja.md",
        "target": "../../../statecore/src/state_cluster_safety.ads",
        "result": "pass"
      },
      {
        "source": "assurance/docs/engineering/api-index.ja.md",
        "target": "../../../statecore/src/state_config.adb",
        "result": "pass"
      },
      {
        "source": "assurance/docs/engineering/api-index.ja.md",
        "target": "../../../statecore/src/state_config.ads",
        "result": "pass"
      },
      {
        "source": "assurance/docs/engineering/api-index.ja.md",
        "target": "../../../statecore/src/state_config_merge.adb",
        "result": "pass"
      },
      {
        "source": "assurance/docs/engineering/api-index.ja.md",
        "target": "../../../statecore/src/state_config_merge.ads",
        "result": "pass"
      },
      {
        "source": "assurance/docs/engineering/api-index.ja.md",
        "target": "../../../statecore/src/state_crash_evidence.adb",
        "result": "pass"
      },
      {
        "source": "assurance/docs/engineering/api-index.ja.md",
        "target": "../../../statecore/src/state_crash_evidence.ads",
        "result": "pass"
      },
      {
        "source": "assurance/docs/engineering/api-index.ja.md",
        "target": "../../../statecore/src/state_degraded_mode.adb",
        "result": "pass"
      },
      {
        "source": "assurance/docs/engineering/api-index.ja.md",
        "target": "../../../statecore/src/state_degraded_mode.ads",
        "result": "pass"
      },
      {
        "source": "assurance/docs/engineering/api-index.ja.md",
        "target": "../../../statecore/src/state_dependency_graph.adb",
        "result": "pass"
      },
      {
        "source": "assurance/docs/engineering/api-index.ja.md",
        "target": "../../../statecore/src/state_dependency_graph.ads",
        "result": "pass"
      },
      {
        "source": "assurance/docs/engineering/api-index.ja.md",
        "target": "../../../statecore/src/state_disaster.adb",
        "result": "pass"
      },
      {
        "source": "assurance/docs/engineering/api-index.ja.md",
        "target": "../../../statecore/src/state_disaster.ads",
        "result": "pass"
      },
      {
        "source": "assurance/docs/engineering/api-index.ja.md",
        "target": "../../../statecore/src/state_etcd_limits.ads",
        "result": "pass"
      },
      {
        "source": "assurance/docs/engineering/api-index.ja.md",
        "target": "../../../statecore/src/state_etcd_wire.adb",
        "result": "pass"
      },
      {
        "source": "assurance/docs/engineering/api-index.ja.md",
        "target": "../../../statecore/src/state_etcd_wire.ads",
        "result": "pass"
      },
      {
        "source": "assurance/docs/engineering/api-index.ja.md",
        "target": "../../../statecore/src/state_failover.adb",
        "result": "pass"
      },
      {
        "source": "assurance/docs/engineering/api-index.ja.md",
        "target": "../../../statecore/src/state_failover.ads",
        "result": "pass"
      },
      {
        "source": "assurance/docs/engineering/api-index.ja.md",
        "target": "../../../statecore/src/state_fault_correlation.adb",
        "result": "pass"
      },
      {
        "source": "assurance/docs/engineering/api-index.ja.md",
        "target": "../../../statecore/src/state_fault_correlation.ads",
        "result": "pass"
      },
      {
        "source": "assurance/docs/engineering/api-index.ja.md",
        "target": "../../../statecore/src/state_fru_health.adb",
        "result": "pass"
      },
      {
        "source": "assurance/docs/engineering/api-index.ja.md",
        "target": "../../../statecore/src/state_fru_health.ads",
        "result": "pass"
      },
      {
        "source": "assurance/docs/engineering/api-index.ja.md",
        "target": "../../../statecore/src/state_healing.adb",
        "result": "pass"
      },
      {
        "source": "assurance/docs/engineering/api-index.ja.md",
        "target": "../../../statecore/src/state_healing.ads",
        "result": "pass"
      },
      {
        "source": "assurance/docs/engineering/api-index.ja.md",
        "target": "../../../statecore/src/state_healing_codec.adb",
        "result": "pass"
      },
      {
        "source": "assurance/docs/engineering/api-index.ja.md",
        "target": "../../../statecore/src/state_healing_codec.ads",
        "result": "pass"
      },
      {
        "source": "assurance/docs/engineering/api-index.ja.md",
        "target": "../../../statecore/src/state_healing_repair_claim.adb",
        "result": "pass"
      },
      {
        "source": "assurance/docs/engineering/api-index.ja.md",
        "target": "../../../statecore/src/state_healing_repair_claim.ads",
        "result": "pass"
      },
      {
        "source": "assurance/docs/engineering/api-index.ja.md",
        "target": "../../../statecore/src/state_healing_request.adb",
        "result": "pass"
      },
      {
        "source": "assurance/docs/engineering/api-index.ja.md",
        "target": "../../../statecore/src/state_healing_request.ads",
        "result": "pass"
      },
      {
        "source": "assurance/docs/engineering/api-index.ja.md",
        "target": "../../../statecore/src/state_host_admission.adb",
        "result": "pass"
      },
      {
        "source": "assurance/docs/engineering/api-index.ja.md",
        "target": "../../../statecore/src/state_host_admission.ads",
        "result": "pass"
      },
      {
        "source": "assurance/docs/engineering/api-index.ja.md",
        "target": "../../../statecore/src/state_inventory.adb",
        "result": "pass"
      },
      {
        "source": "assurance/docs/engineering/api-index.ja.md",
        "target": "../../../statecore/src/state_inventory.ads",
        "result": "pass"
      },
      {
        "source": "assurance/docs/engineering/api-index.ja.md",
        "target": "../../../statecore/src/state_kernel_health.adb",
        "result": "pass"
      },
      {
        "source": "assurance/docs/engineering/api-index.ja.md",
        "target": "../../../statecore/src/state_kernel_health.ads",
        "result": "pass"
      },
      {
        "source": "assurance/docs/engineering/api-index.ja.md",
        "target": "../../../statecore/src/state_kernel_maintenance.adb",
        "result": "pass"
      },
      {
        "source": "assurance/docs/engineering/api-index.ja.md",
        "target": "../../../statecore/src/state_kernel_maintenance.ads",
        "result": "pass"
      },
      {
        "source": "assurance/docs/engineering/api-index.ja.md",
        "target": "../../../statecore/src/state_network_change.adb",
        "result": "pass"
      },
      {
        "source": "assurance/docs/engineering/api-index.ja.md",
        "target": "../../../statecore/src/state_network_change.ads",
        "result": "pass"
      },
      {
        "source": "assurance/docs/engineering/api-index.ja.md",
        "target": "../../../statecore/src/state_network_integrity.adb",
        "result": "pass"
      },
      {
        "source": "assurance/docs/engineering/api-index.ja.md",
        "target": "../../../statecore/src/state_network_integrity.ads",
        "result": "pass"
      },
      {
        "source": "assurance/docs/engineering/api-index.ja.md",
        "target": "../../../statecore/src/state_node_lifecycle.adb",
        "result": "pass"
      },
      {
        "source": "assurance/docs/engineering/api-index.ja.md",
        "target": "../../../statecore/src/state_node_lifecycle.ads",
        "result": "pass"
      },
      {
        "source": "assurance/docs/engineering/api-index.ja.md",
        "target": "../../../statecore/src/state_operation.adb",
        "result": "pass"
      },
      {
        "source": "assurance/docs/engineering/api-index.ja.md",
        "target": "../../../statecore/src/state_operation.ads",
        "result": "pass"
      },
      {
        "source": "assurance/docs/engineering/api-index.ja.md",
        "target": "../../../statecore/src/state_platform_health.adb",
        "result": "pass"
      },
      {
        "source": "assurance/docs/engineering/api-index.ja.md",
        "target": "../../../statecore/src/state_platform_health.ads",
        "result": "pass"
      },
      {
        "source": "assurance/docs/engineering/api-index.ja.md",
        "target": "../../../statecore/src/state_power_integrity.adb",
        "result": "pass"
      },
      {
        "source": "assurance/docs/engineering/api-index.ja.md",
        "target": "../../../statecore/src/state_power_integrity.ads",
        "result": "pass"
      },
      {
        "source": "assurance/docs/engineering/api-index.ja.md",
        "target": "../../../statecore/src/state_ras.adb",
        "result": "pass"
      },
      {
        "source": "assurance/docs/engineering/api-index.ja.md",
        "target": "../../../statecore/src/state_ras.ads",
        "result": "pass"
      },
      {
        "source": "assurance/docs/engineering/api-index.ja.md",
        "target": "../../../statecore/src/state_readmission.adb",
        "result": "pass"
      },
      {
        "source": "assurance/docs/engineering/api-index.ja.md",
        "target": "../../../statecore/src/state_readmission.ads",
        "result": "pass"
      },
      {
        "source": "assurance/docs/engineering/api-index.ja.md",
        "target": "../../../statecore/src/state_recovery_objective.adb",
        "result": "pass"
      },
      {
        "source": "assurance/docs/engineering/api-index.ja.md",
        "target": "../../../statecore/src/state_recovery_objective.ads",
        "result": "pass"
      },
      {
        "source": "assurance/docs/engineering/api-index.ja.md",
        "target": "../../../statecore/src/state_reservation_safety.adb",
        "result": "pass"
      },
      {
        "source": "assurance/docs/engineering/api-index.ja.md",
        "target": "../../../statecore/src/state_reservation_safety.ads",
        "result": "pass"
      },
      {
        "source": "assurance/docs/engineering/api-index.ja.md",
        "target": "../../../statecore/src/state_resilience_controller.adb",
        "result": "pass"
      },
      {
        "source": "assurance/docs/engineering/api-index.ja.md",
        "target": "../../../statecore/src/state_resilience_controller.ads",
        "result": "pass"
      },
      {
        "source": "assurance/docs/engineering/api-index.ja.md",
        "target": "../../../statecore/src/state_rollout.adb",
        "result": "pass"
      },
      {
        "source": "assurance/docs/engineering/api-index.ja.md",
        "target": "../../../statecore/src/state_rollout.ads",
        "result": "pass"
      },
      {
        "source": "assurance/docs/engineering/api-index.ja.md",
        "target": "../../../statecore/src/state_rollout_codec.adb",
        "result": "pass"
      },
      {
        "source": "assurance/docs/engineering/api-index.ja.md",
        "target": "../../../statecore/src/state_rollout_codec.ads",
        "result": "pass"
      },
      {
        "source": "assurance/docs/engineering/api-index.ja.md",
        "target": "../../../statecore/src/state_self_test.adb",
        "result": "pass"
      },
      {
        "source": "assurance/docs/engineering/api-index.ja.md",
        "target": "../../../statecore/src/state_self_test.ads",
        "result": "pass"
      },
      {
        "source": "assurance/docs/engineering/api-index.ja.md",
        "target": "../../../statecore/src/state_service.adb",
        "result": "pass"
      },
      {
        "source": "assurance/docs/engineering/api-index.ja.md",
        "target": "../../../statecore/src/state_service.ads",
        "result": "pass"
      },
      {
        "source": "assurance/docs/engineering/api-index.ja.md",
        "target": "../../../statecore/src/state_service_catalogue.adb",
        "result": "pass"
      },
      {
        "source": "assurance/docs/engineering/api-index.ja.md",
        "target": "../../../statecore/src/state_service_catalogue.ads",
        "result": "pass"
      },
      {
        "source": "assurance/docs/engineering/api-index.ja.md",
        "target": "../../../statecore/src/state_serviceability.adb",
        "result": "pass"
      },
      {
        "source": "assurance/docs/engineering/api-index.ja.md",
        "target": "../../../statecore/src/state_serviceability.ads",
        "result": "pass"
      },
      {
        "source": "assurance/docs/engineering/api-index.ja.md",
        "target": "../../../statecore/src/state_storage_integrity.adb",
        "result": "pass"
      },
      {
        "source": "assurance/docs/engineering/api-index.ja.md",
        "target": "../../../statecore/src/state_storage_integrity.ads",
        "result": "pass"
      },
      {
        "source": "assurance/docs/engineering/api-index.ja.md",
        "target": "../../../statecore/src/state_time_integrity.adb",
        "result": "pass"
      },
      {
        "source": "assurance/docs/engineering/api-index.ja.md",
        "target": "../../../statecore/src/state_time_integrity.ads",
        "result": "pass"
      },
      {
        "source": "assurance/docs/engineering/api-index.ja.md",
        "target": "../../../statecore/src/state_topology.adb",
        "result": "pass"
      },
      {
        "source": "assurance/docs/engineering/api-index.ja.md",
        "target": "../../../statecore/src/state_topology.ads",
        "result": "pass"
      },
      {
        "source": "assurance/docs/engineering/api-index.ja.md",
        "target": "../../../statecore/src/state_unit.adb",
        "result": "pass"
      },
      {
        "source": "assurance/docs/engineering/api-index.ja.md",
        "target": "../../../statecore/src/state_unit.ads",
        "result": "pass"
      },
      {
        "source": "assurance/docs/engineering/api-index.ja.md",
        "target": "../../../statecore/src/state_wlm.adb",
        "result": "pass"
      },
      {
        "source": "assurance/docs/engineering/api-index.ja.md",
        "target": "../../../statecore/src/state_wlm.ads",
        "result": "pass"
      },
      {
        "source": "assurance/docs/engineering/api-index.ja.md",
        "target": "../../../statecore/src/state_workload_safety.adb",
        "result": "pass"
      },
      {
        "source": "assurance/docs/engineering/api-index.ja.md",
        "target": "../../../statecore/src/state_workload_safety.ads",
        "result": "pass"
      },
      {
        "source": "assurance/docs/engineering/api-index.ja.md",
        "target": "../../../statecore/src/state_xfs_health.adb",
        "result": "pass"
      },
      {
        "source": "assurance/docs/engineering/api-index.ja.md",
        "target": "../../../statecore/src/state_xfs_health.ads",
        "result": "pass"
      },
      {
        "source": "assurance/docs/engineering/final-review.ja.md",
        "target": "specs/execution-safety.ja.md",
        "result": "pass"
      },
      {
        "source": "assurance/docs/engineering/final-review.ja.md",
        "target": "specs/production-closure.ja.md",
        "result": "pass"
      },
      {
        "source": "assurance/docs/engineering/final-review.ja.md",
        "target": "adr/ADR-0049.ja.md",
        "result": "pass"
      },
      {
        "source": "assurance/docs/engineering/solver-change-review.ja.md",
        "target": "specs/solver-assurance.ja.md",
        "result": "pass"
      },
      {
        "source": "assurance/docs/engineering/solver-change-review.ja.md",
        "target": "../../../resolvercore/docs/proof-boundary.ja.md",
        "result": "pass"
      },
      {
        "source": "assurance/docs/engineering/solver-change-review.ja.md",
        "target": "../../../resolvercore/docs/integration.ja.md",
        "result": "pass"
      },
      {
        "source": "assurance/docs/engineering/solver-change-review.ja.md",
        "target": "specs/capability-matrix.ja.md",
        "result": "pass"
      },
      {
        "source": "assurance/docs/engineering/adr/ADR-0001.ja.md",
        "target": "../specs/recovery-protocol.ja.md",
        "result": "pass"
      },
      {
        "source": "assurance/docs/engineering/adr/ADR-0001.ja.md",
        "target": "../specs/acid-contract.ja.md",
        "result": "pass"
      },
      {
        "source": "assurance/docs/engineering/adr/ADR-0001.ja.md",
        "target": "../specs/verification.ja.md",
        "result": "pass"
      },
      {
        "source": "assurance/docs/engineering/adr/ADR-0002.ja.md",
        "target": "ADR-0021.ja.md",
        "result": "pass"
      },
      {
        "source": "assurance/docs/engineering/adr/ADR-0002.ja.md",
        "target": "../specs/recovery-protocol.ja.md",
        "result": "pass"
      },
      {
        "source": "assurance/docs/engineering/adr/ADR-0002.ja.md",
        "target": "../specs/acid-contract.ja.md",
        "result": "pass"
      },
      {
        "source": "assurance/docs/engineering/adr/ADR-0002.ja.md",
        "target": "../specs/verification.ja.md",
        "result": "pass"
      },
      {
        "source": "assurance/docs/engineering/adr/ADR-0003.ja.md",
        "target": "../specs/recovery-protocol.ja.md",
        "result": "pass"
      },
      {
        "source": "assurance/docs/engineering/adr/ADR-0003.ja.md",
        "target": "../specs/acid-contract.ja.md",
        "result": "pass"
      },
      {
        "source": "assurance/docs/engineering/adr/ADR-0003.ja.md",
        "target": "../specs/verification.ja.md",
        "result": "pass"
      },
      {
        "source": "assurance/docs/engineering/adr/ADR-0004.ja.md",
        "target": "../specs/recovery-protocol.ja.md",
        "result": "pass"
      },
      {
        "source": "assurance/docs/engineering/adr/ADR-0004.ja.md",
        "target": "../specs/acid-contract.ja.md",
        "result": "pass"
      },
      {
        "source": "assurance/docs/engineering/adr/ADR-0004.ja.md",
        "target": "../specs/verification.ja.md",
        "result": "pass"
      },
      {
        "source": "assurance/docs/engineering/adr/ADR-0005.ja.md",
        "target": "../specs/recovery-protocol.ja.md",
        "result": "pass"
      },
      {
        "source": "assurance/docs/engineering/adr/ADR-0005.ja.md",
        "target": "../specs/acid-contract.ja.md",
        "result": "pass"
      },
      {
        "source": "assurance/docs/engineering/adr/ADR-0005.ja.md",
        "target": "../specs/verification.ja.md",
        "result": "pass"
      },
      {
        "source": "assurance/docs/engineering/adr/ADR-0006.ja.md",
        "target": "../specs/recovery-protocol.ja.md",
        "result": "pass"
      },
      {
        "source": "assurance/docs/engineering/adr/ADR-0006.ja.md",
        "target": "../specs/acid-contract.ja.md",
        "result": "pass"
      },
      {
        "source": "assurance/docs/engineering/adr/ADR-0006.ja.md",
        "target": "../specs/verification.ja.md",
        "result": "pass"
      },
      {
        "source": "assurance/docs/engineering/adr/ADR-0007.ja.md",
        "target": "../specs/recovery-protocol.ja.md",
        "result": "pass"
      },
      {
        "source": "assurance/docs/engineering/adr/ADR-0007.ja.md",
        "target": "../specs/acid-contract.ja.md",
        "result": "pass"
      },
      {
        "source": "assurance/docs/engineering/adr/ADR-0007.ja.md",
        "target": "../specs/verification.ja.md",
        "result": "pass"
      },
      {
        "source": "assurance/docs/engineering/adr/ADR-0008.ja.md",
        "target": "../specs/recovery-protocol.ja.md",
        "result": "pass"
      },
      {
        "source": "assurance/docs/engineering/adr/ADR-0008.ja.md",
        "target": "../specs/acid-contract.ja.md",
        "result": "pass"
      },
      {
        "source": "assurance/docs/engineering/adr/ADR-0008.ja.md",
        "target": "../specs/verification.ja.md",
        "result": "pass"
      },
      {
        "source": "assurance/docs/engineering/adr/ADR-0009.ja.md",
        "target": "../specs/recovery-protocol.ja.md",
        "result": "pass"
      },
      {
        "source": "assurance/docs/engineering/adr/ADR-0009.ja.md",
        "target": "../specs/acid-contract.ja.md",
        "result": "pass"
      },
      {
        "source": "assurance/docs/engineering/adr/ADR-0009.ja.md",
        "target": "../specs/verification.ja.md",
        "result": "pass"
      },
      {
        "source": "assurance/docs/engineering/adr/ADR-0010.ja.md",
        "target": "../specs/recovery-protocol.ja.md",
        "result": "pass"
      },
      {
        "source": "assurance/docs/engineering/adr/ADR-0010.ja.md",
        "target": "../specs/acid-contract.ja.md",
        "result": "pass"
      },
      {
        "source": "assurance/docs/engineering/adr/ADR-0010.ja.md",
        "target": "../specs/verification.ja.md",
        "result": "pass"
      },
      {
        "source": "assurance/docs/engineering/adr/ADR-0011.ja.md",
        "target": "../specs/recovery-protocol.ja.md",
        "result": "pass"
      },
      {
        "source": "assurance/docs/engineering/adr/ADR-0011.ja.md",
        "target": "../specs/acid-contract.ja.md",
        "result": "pass"
      },
      {
        "source": "assurance/docs/engineering/adr/ADR-0011.ja.md",
        "target": "../specs/verification.ja.md",
        "result": "pass"
      },
      {
        "source": "assurance/docs/engineering/adr/ADR-0012.ja.md",
        "target": "../specs/recovery-protocol.ja.md",
        "result": "pass"
      },
      {
        "source": "assurance/docs/engineering/adr/ADR-0012.ja.md",
        "target": "../specs/acid-contract.ja.md",
        "result": "pass"
      },
      {
        "source": "assurance/docs/engineering/adr/ADR-0012.ja.md",
        "target": "../specs/verification.ja.md",
        "result": "pass"
      },
      {
        "source": "assurance/docs/engineering/adr/ADR-0013.ja.md",
        "target": "../specs/recovery-protocol.ja.md",
        "result": "pass"
      },
      {
        "source": "assurance/docs/engineering/adr/ADR-0013.ja.md",
        "target": "../specs/acid-contract.ja.md",
        "result": "pass"
      },
      {
        "source": "assurance/docs/engineering/adr/ADR-0013.ja.md",
        "target": "../specs/verification.ja.md",
        "result": "pass"
      },
      {
        "source": "assurance/docs/engineering/adr/ADR-0014.ja.md",
        "target": "../specs/recovery-protocol.ja.md",
        "result": "pass"
      },
      {
        "source": "assurance/docs/engineering/adr/ADR-0014.ja.md",
        "target": "../specs/acid-contract.ja.md",
        "result": "pass"
      },
      {
        "source": "assurance/docs/engineering/adr/ADR-0014.ja.md",
        "target": "../specs/verification.ja.md",
        "result": "pass"
      },
      {
        "source": "assurance/docs/engineering/adr/ADR-0015.ja.md",
        "target": "../specs/recovery-protocol.ja.md",
        "result": "pass"
      },
      {
        "source": "assurance/docs/engineering/adr/ADR-0015.ja.md",
        "target": "../specs/acid-contract.ja.md",
        "result": "pass"
      },
      {
        "source": "assurance/docs/engineering/adr/ADR-0015.ja.md",
        "target": "../specs/verification.ja.md",
        "result": "pass"
      },
      {
        "source": "assurance/docs/engineering/adr/ADR-0016.ja.md",
        "target": "../specs/recovery-protocol.ja.md",
        "result": "pass"
      },
      {
        "source": "assurance/docs/engineering/adr/ADR-0016.ja.md",
        "target": "../specs/acid-contract.ja.md",
        "result": "pass"
      },
      {
        "source": "assurance/docs/engineering/adr/ADR-0016.ja.md",
        "target": "../specs/verification.ja.md",
        "result": "pass"
      },
      {
        "source": "assurance/docs/engineering/adr/ADR-0017.ja.md",
        "target": "../specs/recovery-protocol.ja.md",
        "result": "pass"
      },
      {
        "source": "assurance/docs/engineering/adr/ADR-0017.ja.md",
        "target": "../specs/acid-contract.ja.md",
        "result": "pass"
      },
      {
        "source": "assurance/docs/engineering/adr/ADR-0017.ja.md",
        "target": "../specs/verification.ja.md",
        "result": "pass"
      },
      {
        "source": "assurance/docs/engineering/adr/ADR-0018.ja.md",
        "target": "../specs/recovery-protocol.ja.md",
        "result": "pass"
      },
      {
        "source": "assurance/docs/engineering/adr/ADR-0018.ja.md",
        "target": "../specs/acid-contract.ja.md",
        "result": "pass"
      },
      {
        "source": "assurance/docs/engineering/adr/ADR-0018.ja.md",
        "target": "../specs/verification.ja.md",
        "result": "pass"
      },
      {
        "source": "assurance/docs/engineering/adr/ADR-0019.ja.md",
        "target": "../specs/recovery-protocol.ja.md",
        "result": "pass"
      },
      {
        "source": "assurance/docs/engineering/adr/ADR-0019.ja.md",
        "target": "../specs/acid-contract.ja.md",
        "result": "pass"
      },
      {
        "source": "assurance/docs/engineering/adr/ADR-0019.ja.md",
        "target": "../specs/verification.ja.md",
        "result": "pass"
      },
      {
        "source": "assurance/docs/engineering/adr/ADR-0020.ja.md",
        "target": "../specs/recovery-protocol.ja.md",
        "result": "pass"
      },
      {
        "source": "assurance/docs/engineering/adr/ADR-0020.ja.md",
        "target": "../specs/acid-contract.ja.md",
        "result": "pass"
      },
      {
        "source": "assurance/docs/engineering/adr/ADR-0020.ja.md",
        "target": "../specs/verification.ja.md",
        "result": "pass"
      },
      {
        "source": "assurance/docs/engineering/adr/ADR-0021.ja.md",
        "target": "ADR-0002.ja.md",
        "result": "pass"
      },
      {
        "source": "assurance/docs/engineering/adr/ADR-0021.ja.md",
        "target": "../specs/unified-management.ja.md",
        "result": "pass"
      },
      {
        "source": "assurance/docs/engineering/adr/ADR-0021.ja.md",
        "target": "../specs/capability-matrix.ja.md",
        "result": "pass"
      },
      {
        "source": "assurance/docs/engineering/adr/ADR-0021.ja.md",
        "target": "../../../../controlcore/docs/verification.ja.md",
        "result": "pass"
      },
      {
        "source": "assurance/docs/engineering/adr/ADR-0021.ja.md",
        "target": "ADR-0028.ja.md",
        "result": "pass"
      },
      {
        "source": "assurance/docs/engineering/adr/ADR-0022.ja.md",
        "target": "../specs/unified-management.ja.md",
        "result": "pass"
      },
      {
        "source": "assurance/docs/engineering/adr/ADR-0022.ja.md",
        "target": "../specs/capability-matrix.ja.md",
        "result": "pass"
      },
      {
        "source": "assurance/docs/engineering/adr/ADR-0022.ja.md",
        "target": "../../../../controlcore/docs/verification.ja.md",
        "result": "pass"
      },
      {
        "source": "assurance/docs/engineering/adr/ADR-0023.ja.md",
        "target": "../specs/unified-management.ja.md",
        "result": "pass"
      },
      {
        "source": "assurance/docs/engineering/adr/ADR-0023.ja.md",
        "target": "../specs/capability-matrix.ja.md",
        "result": "pass"
      },
      {
        "source": "assurance/docs/engineering/adr/ADR-0023.ja.md",
        "target": "../../../../controlcore/docs/verification.ja.md",
        "result": "pass"
      },
      {
        "source": "assurance/docs/engineering/adr/ADR-0024.ja.md",
        "target": "../specs/unified-management.ja.md",
        "result": "pass"
      },
      {
        "source": "assurance/docs/engineering/adr/ADR-0024.ja.md",
        "target": "../specs/capability-matrix.ja.md",
        "result": "pass"
      },
      {
        "source": "assurance/docs/engineering/adr/ADR-0024.ja.md",
        "target": "../../../../controlcore/docs/verification.ja.md",
        "result": "pass"
      },
      {
        "source": "assurance/docs/engineering/adr/ADR-0025.ja.md",
        "target": "../specs/unified-management.ja.md",
        "result": "pass"
      },
      {
        "source": "assurance/docs/engineering/adr/ADR-0025.ja.md",
        "target": "../specs/capability-matrix.ja.md",
        "result": "pass"
      },
      {
        "source": "assurance/docs/engineering/adr/ADR-0025.ja.md",
        "target": "../../../../controlcore/docs/verification.ja.md",
        "result": "pass"
      },
      {
        "source": "assurance/docs/engineering/adr/ADR-0026.ja.md",
        "target": "../specs/unified-management.ja.md",
        "result": "pass"
      },
      {
        "source": "assurance/docs/engineering/adr/ADR-0026.ja.md",
        "target": "../specs/capability-matrix.ja.md",
        "result": "pass"
      },
      {
        "source": "assurance/docs/engineering/adr/ADR-0026.ja.md",
        "target": "../../../../controlcore/docs/verification.ja.md",
        "result": "pass"
      },
      {
        "source": "assurance/docs/engineering/adr/ADR-0027.ja.md",
        "target": "../specs/unified-management.ja.md",
        "result": "pass"
      },
      {
        "source": "assurance/docs/engineering/adr/ADR-0027.ja.md",
        "target": "../specs/capability-matrix.ja.md",
        "result": "pass"
      },
      {
        "source": "assurance/docs/engineering/adr/ADR-0027.ja.md",
        "target": "../../../../controlcore/docs/verification.ja.md",
        "result": "pass"
      },
      {
        "source": "assurance/docs/engineering/adr/ADR-0028.ja.md",
        "target": "../specs/suse-config.ja.md",
        "result": "pass"
      },
      {
        "source": "assurance/docs/engineering/adr/ADR-0029.ja.md",
        "target": "../specs/suse-config.ja.md",
        "result": "pass"
      },
      {
        "source": "assurance/docs/engineering/adr/ADR-0030.ja.md",
        "target": "../specs/suse-config.ja.md",
        "result": "pass"
      },
      {
        "source": "assurance/docs/engineering/adr/ADR-0031.ja.md",
        "target": "../specs/suse-config.ja.md",
        "result": "pass"
      },
      {
        "source": "assurance/docs/engineering/adr/ADR-0032.ja.md",
        "target": "../specs/suse-config.ja.md",
        "result": "pass"
      },
      {
        "source": "assurance/docs/engineering/adr/ADR-0033.ja.md",
        "target": "../specs/suse-config.ja.md",
        "result": "pass"
      },
      {
        "source": "assurance/docs/engineering/adr/ADR-0034.ja.md",
        "target": "../specs/suse-config.ja.md",
        "result": "pass"
      },
      {
        "source": "assurance/docs/engineering/adr/ADR-0035.ja.md",
        "target": "../specs/solver-assurance.ja.md",
        "result": "pass"
      },
      {
        "source": "assurance/docs/engineering/adr/ADR-0036.ja.md",
        "target": "../specs/solver-assurance.ja.md",
        "result": "pass"
      },
      {
        "source": "assurance/docs/engineering/adr/ADR-0037.ja.md",
        "target": "../specs/solver-assurance.ja.md",
        "result": "pass"
      },
      {
        "source": "assurance/docs/engineering/adr/ADR-0038.ja.md",
        "target": "../specs/solver-assurance.ja.md",
        "result": "pass"
      },
      {
        "source": "assurance/docs/engineering/adr/ADR-0039.ja.md",
        "target": "../specs/solver-assurance.ja.md",
        "result": "pass"
      },
      {
        "source": "assurance/docs/engineering/adr/ADR-0040.ja.md",
        "target": "../specs/solver-assurance.ja.md",
        "result": "pass"
      },
      {
        "source": "assurance/docs/engineering/adr/ADR-0041.ja.md",
        "target": "../specs/solver-assurance.ja.md",
        "result": "pass"
      },
      {
        "source": "assurance/docs/engineering/adr/ADR-0042.ja.md",
        "target": "../../../../distribution/docs/base-decision.ja.md",
        "result": "pass"
      },
      {
        "source": "assurance/docs/engineering/adr/ADR-0043.ja.md",
        "target": "../../../../distribution/docs/ownership-and-effects.ja.md",
        "result": "pass"
      },
      {
        "source": "assurance/docs/engineering/adr/ADR-0044.ja.md",
        "target": "../../../../distribution/docs/ownership-and-effects.ja.md",
        "result": "pass"
      },
      {
        "source": "assurance/docs/engineering/adr/ADR-0045.ja.md",
        "target": "../../../../distribution/docs/storage-boot.ja.md",
        "result": "pass"
      },
      {
        "source": "assurance/docs/engineering/adr/ADR-0046.ja.md",
        "target": "../../../../distribution/docs/build-release.ja.md",
        "result": "pass"
      },
      {
        "source": "assurance/docs/engineering/adr/ADR-0047.ja.md",
        "target": "../../../../distribution/docs/architecture.ja.md",
        "result": "pass"
      },
      {
        "source": "assurance/docs/engineering/adr/ADR-0048.ja.md",
        "target": "../../../../distribution/docs/storage-boot.ja.md",
        "result": "pass"
      },
      {
        "source": "assurance/docs/engineering/adr/ADR-0048.ja.md",
        "target": "../../../../distribution/docs/xfs-health.ja.md",
        "result": "pass"
      },
      {
        "source": "assurance/docs/engineering/adr/ADR-0048.ja.md",
        "target": "../../../../distribution/docs/xfs-acceptance.ja.md",
        "result": "pass"
      },
      {
        "source": "assurance/docs/engineering/adr/ADR-0049.ja.md",
        "target": "../specs/execution-safety.ja.md",
        "result": "pass"
      },
      {
        "source": "assurance/docs/engineering/adr/ADR-0049.ja.md",
        "target": "../runbooks/RB-014.ja.md",
        "result": "pass"
      },
      {
        "source": "assurance/docs/engineering/adr/ADR-0049.ja.md",
        "target": "../final-review.ja.md",
        "result": "pass"
      },
      {
        "source": "assurance/docs/engineering/adr/README.ja.md",
        "target": "ADR-0001.ja.md",
        "result": "pass"
      },
      {
        "source": "assurance/docs/engineering/adr/README.ja.md",
        "target": "ADR-0002.ja.md",
        "result": "pass"
      },
      {
        "source": "assurance/docs/engineering/adr/README.ja.md",
        "target": "ADR-0003.ja.md",
        "result": "pass"
      },
      {
        "source": "assurance/docs/engineering/adr/README.ja.md",
        "target": "ADR-0004.ja.md",
        "result": "pass"
      },
      {
        "source": "assurance/docs/engineering/adr/README.ja.md",
        "target": "ADR-0005.ja.md",
        "result": "pass"
      },
      {
        "source": "assurance/docs/engineering/adr/README.ja.md",
        "target": "ADR-0006.ja.md",
        "result": "pass"
      },
      {
        "source": "assurance/docs/engineering/adr/README.ja.md",
        "target": "ADR-0007.ja.md",
        "result": "pass"
      },
      {
        "source": "assurance/docs/engineering/adr/README.ja.md",
        "target": "ADR-0008.ja.md",
        "result": "pass"
      },
      {
        "source": "assurance/docs/engineering/adr/README.ja.md",
        "target": "ADR-0009.ja.md",
        "result": "pass"
      },
      {
        "source": "assurance/docs/engineering/adr/README.ja.md",
        "target": "ADR-0010.ja.md",
        "result": "pass"
      },
      {
        "source": "assurance/docs/engineering/adr/README.ja.md",
        "target": "ADR-0011.ja.md",
        "result": "pass"
      },
      {
        "source": "assurance/docs/engineering/adr/README.ja.md",
        "target": "ADR-0012.ja.md",
        "result": "pass"
      },
      {
        "source": "assurance/docs/engineering/adr/README.ja.md",
        "target": "ADR-0013.ja.md",
        "result": "pass"
      },
      {
        "source": "assurance/docs/engineering/adr/README.ja.md",
        "target": "ADR-0014.ja.md",
        "result": "pass"
      },
      {
        "source": "assurance/docs/engineering/adr/README.ja.md",
        "target": "ADR-0015.ja.md",
        "result": "pass"
      },
      {
        "source": "assurance/docs/engineering/adr/README.ja.md",
        "target": "ADR-0016.ja.md",
        "result": "pass"
      },
      {
        "source": "assurance/docs/engineering/adr/README.ja.md",
        "target": "ADR-0017.ja.md",
        "result": "pass"
      },
      {
        "source": "assurance/docs/engineering/adr/README.ja.md",
        "target": "ADR-0018.ja.md",
        "result": "pass"
      },
      {
        "source": "assurance/docs/engineering/adr/README.ja.md",
        "target": "ADR-0019.ja.md",
        "result": "pass"
      },
      {
        "source": "assurance/docs/engineering/adr/README.ja.md",
        "target": "ADR-0020.ja.md",
        "result": "pass"
      },
      {
        "source": "assurance/docs/engineering/adr/README.ja.md",
        "target": "ADR-0021.ja.md",
        "result": "pass"
      },
      {
        "source": "assurance/docs/engineering/adr/README.ja.md",
        "target": "ADR-0022.ja.md",
        "result": "pass"
      },
      {
        "source": "assurance/docs/engineering/adr/README.ja.md",
        "target": "ADR-0023.ja.md",
        "result": "pass"
      },
      {
        "source": "assurance/docs/engineering/adr/README.ja.md",
        "target": "ADR-0024.ja.md",
        "result": "pass"
      },
      {
        "source": "assurance/docs/engineering/adr/README.ja.md",
        "target": "ADR-0025.ja.md",
        "result": "pass"
      },
      {
        "source": "assurance/docs/engineering/adr/README.ja.md",
        "target": "ADR-0026.ja.md",
        "result": "pass"
      },
      {
        "source": "assurance/docs/engineering/adr/README.ja.md",
        "target": "ADR-0027.ja.md",
        "result": "pass"
      },
      {
        "source": "assurance/docs/engineering/adr/README.ja.md",
        "target": "ADR-0028.ja.md",
        "result": "pass"
      },
      {
        "source": "assurance/docs/engineering/adr/README.ja.md",
        "target": "ADR-0029.ja.md",
        "result": "pass"
      },
      {
        "source": "assurance/docs/engineering/adr/README.ja.md",
        "target": "ADR-0030.ja.md",
        "result": "pass"
      },
      {
        "source": "assurance/docs/engineering/adr/README.ja.md",
        "target": "ADR-0031.ja.md",
        "result": "pass"
      },
      {
        "source": "assurance/docs/engineering/adr/README.ja.md",
        "target": "ADR-0032.ja.md",
        "result": "pass"
      },
      {
        "source": "assurance/docs/engineering/adr/README.ja.md",
        "target": "ADR-0033.ja.md",
        "result": "pass"
      },
      {
        "source": "assurance/docs/engineering/adr/README.ja.md",
        "target": "ADR-0034.ja.md",
        "result": "pass"
      },
      {
        "source": "assurance/docs/engineering/adr/README.ja.md",
        "target": "ADR-0035.ja.md",
        "result": "pass"
      },
      {
        "source": "assurance/docs/engineering/adr/README.ja.md",
        "target": "ADR-0036.ja.md",
        "result": "pass"
      },
      {
        "source": "assurance/docs/engineering/adr/README.ja.md",
        "target": "ADR-0037.ja.md",
        "result": "pass"
      },
      {
        "source": "assurance/docs/engineering/adr/README.ja.md",
        "target": "ADR-0038.ja.md",
        "result": "pass"
      },
      {
        "source": "assurance/docs/engineering/adr/README.ja.md",
        "target": "ADR-0039.ja.md",
        "result": "pass"
      },
      {
        "source": "assurance/docs/engineering/adr/README.ja.md",
        "target": "ADR-0040.ja.md",
        "result": "pass"
      },
      {
        "source": "assurance/docs/engineering/adr/README.ja.md",
        "target": "ADR-0041.ja.md",
        "result": "pass"
      },
      {
        "source": "assurance/docs/engineering/adr/README.ja.md",
        "target": "ADR-0042.ja.md",
        "result": "pass"
      },
      {
        "source": "assurance/docs/engineering/adr/README.ja.md",
        "target": "ADR-0043.ja.md",
        "result": "pass"
      },
      {
        "source": "assurance/docs/engineering/adr/README.ja.md",
        "target": "ADR-0044.ja.md",
        "result": "pass"
      },
      {
        "source": "assurance/docs/engineering/adr/README.ja.md",
        "target": "ADR-0045.ja.md",
        "result": "pass"
      },
      {
        "source": "assurance/docs/engineering/adr/README.ja.md",
        "target": "ADR-0046.ja.md",
        "result": "pass"
      },
      {
        "source": "assurance/docs/engineering/adr/README.ja.md",
        "target": "ADR-0047.ja.md",
        "result": "pass"
      },
      {
        "source": "assurance/docs/engineering/adr/README.ja.md",
        "target": "ADR-0048.ja.md",
        "result": "pass"
      },
      {
        "source": "assurance/docs/engineering/adr/README.ja.md",
        "target": "ADR-0049.ja.md",
        "result": "pass"
      },
      {
        "source": "assurance/docs/engineering/runbooks/RB-013.ja.md",
        "target": "../../../../controlcore/docs/operations.ja.md",
        "result": "pass"
      },
      {
        "source": "assurance/docs/engineering/runbooks/RB-013.ja.md",
        "target": "../specs/capability-matrix.ja.md",
        "result": "pass"
      },
      {
        "source": "assurance/docs/engineering/runbooks/README.ja.md",
        "target": "RB-001.ja.md",
        "result": "pass"
      },
      {
        "source": "assurance/docs/engineering/runbooks/README.ja.md",
        "target": "RB-002.ja.md",
        "result": "pass"
      },
      {
        "source": "assurance/docs/engineering/runbooks/README.ja.md",
        "target": "RB-003.ja.md",
        "result": "pass"
      },
      {
        "source": "assurance/docs/engineering/runbooks/README.ja.md",
        "target": "RB-004.ja.md",
        "result": "pass"
      },
      {
        "source": "assurance/docs/engineering/runbooks/README.ja.md",
        "target": "RB-005.ja.md",
        "result": "pass"
      },
      {
        "source": "assurance/docs/engineering/runbooks/README.ja.md",
        "target": "RB-006.ja.md",
        "result": "pass"
      },
      {
        "source": "assurance/docs/engineering/runbooks/README.ja.md",
        "target": "RB-007.ja.md",
        "result": "pass"
      },
      {
        "source": "assurance/docs/engineering/runbooks/README.ja.md",
        "target": "RB-008.ja.md",
        "result": "pass"
      },
      {
        "source": "assurance/docs/engineering/runbooks/README.ja.md",
        "target": "RB-009.ja.md",
        "result": "pass"
      },
      {
        "source": "assurance/docs/engineering/runbooks/README.ja.md",
        "target": "RB-010.ja.md",
        "result": "pass"
      },
      {
        "source": "assurance/docs/engineering/runbooks/README.ja.md",
        "target": "RB-011.ja.md",
        "result": "pass"
      },
      {
        "source": "assurance/docs/engineering/runbooks/README.ja.md",
        "target": "RB-012.ja.md",
        "result": "pass"
      },
      {
        "source": "assurance/docs/engineering/runbooks/README.ja.md",
        "target": "RB-013.ja.md",
        "result": "pass"
      },
      {
        "source": "assurance/docs/engineering/runbooks/README.ja.md",
        "target": "solver-rejection.ja.md",
        "result": "pass"
      },
      {
        "source": "assurance/docs/engineering/runbooks/README.ja.md",
        "target": "RB-014.ja.md",
        "result": "pass"
      },
      {
        "source": "assurance/docs/engineering/specs/acid-contract.ja.md",
        "target": "../sources.ja.md",
        "result": "pass"
      },
      {
        "source": "assurance/docs/engineering/specs/architecture.ja.md",
        "target": "solver-assurance.ja.md",
        "result": "pass"
      },
      {
        "source": "assurance/docs/engineering/specs/architecture.ja.md",
        "target": "unified-management.ja.md",
        "result": "pass"
      },
      {
        "source": "assurance/docs/engineering/specs/capability-matrix.ja.md",
        "target": "../../../../distribution/docs/architecture.ja.md",
        "result": "pass"
      },
      {
        "source": "assurance/docs/engineering/specs/capability-matrix.ja.md",
        "target": "../../../../distribution/docs/ownership-and-effects.ja.md",
        "result": "pass"
      },
      {
        "source": "assurance/docs/engineering/specs/capability-matrix.ja.md",
        "target": "solver-assurance.ja.md",
        "result": "pass"
      },
      {
        "source": "assurance/docs/engineering/specs/capability-matrix.ja.md",
        "target": "../../../../distribution/history/leap16/docs/qualification.ja.md",
        "result": "pass"
      },
      {
        "source": "assurance/docs/engineering/specs/connector-contracts.ja.md",
        "target": "unified-management.ja.md",
        "result": "pass"
      },
      {
        "source": "assurance/docs/engineering/specs/continuation.ja.md",
        "target": "../../../../distribution/docs/architecture.ja.md",
        "result": "pass"
      },
      {
        "source": "assurance/docs/engineering/specs/continuation.ja.md",
        "target": "../../../../distribution/docs/ownership-and-effects.ja.md",
        "result": "pass"
      },
      {
        "source": "assurance/docs/engineering/specs/continuation.ja.md",
        "target": "solver-assurance.ja.md",
        "result": "pass"
      },
      {
        "source": "assurance/docs/engineering/specs/proof-plan.ja.md",
        "target": "../sources.ja.md",
        "result": "pass"
      },
      {
        "source": "assurance/docs/engineering/specs/solver-assurance.ja.md",
        "target": "../../../../distribution/docs/architecture.ja.md",
        "result": "pass"
      },
      {
        "source": "assurance/docs/engineering/specs/solver-assurance.ja.md",
        "target": "../../../../distribution/docs/ownership-and-effects.ja.md",
        "result": "pass"
      },
      {
        "source": "assurance/docs/engineering/specs/solver-assurance.ja.md",
        "target": "../../../../resolvercore/docs/neutral-spec.ja.md",
        "result": "pass"
      },
      {
        "source": "assurance/docs/engineering/specs/solver-assurance.ja.md",
        "target": "../../../../pkgcore/docs/rpm-resolution.ja.md",
        "result": "pass"
      },
      {
        "source": "assurance/docs/engineering/specs/solver-assurance.ja.md",
        "target": "acid-contract.ja.md",
        "result": "pass"
      },
      {
        "source": "assurance/docs/engineering/specs/suse-config.ja.md",
        "target": "../../../../distribution/docs/architecture.ja.md",
        "result": "pass"
      },
      {
        "source": "assurance/docs/engineering/specs/suse-config.ja.md",
        "target": "../../../../distribution/docs/ownership-and-effects.ja.md",
        "result": "pass"
      },
      {
        "source": "assurance/docs/engineering/specs/suse-config.ja.md",
        "target": "solver-assurance.ja.md",
        "result": "pass"
      },
      {
        "source": "assurance/docs/engineering/specs/suse-config.ja.md",
        "target": "../../../../configcore/docs/architecture.ja.md",
        "result": "pass"
      },
      {
        "source": "assurance/docs/engineering/specs/suse-config.ja.md",
        "target": "../../../../configcore/docs/schemas-v1.md",
        "result": "pass"
      },
      {
        "source": "assurance/docs/engineering/specs/suse-config.ja.md",
        "target": "../../../../configcore/docs/integration.ja.md",
        "result": "pass"
      },
      {
        "source": "assurance/docs/engineering/specs/suse-config.ja.md",
        "target": "../../../../configcore/docs/nvidia.ja.md",
        "result": "pass"
      },
      {
        "source": "assurance/docs/engineering/specs/suse-config.ja.md",
        "target": "../../../../distribution/history/leap16/docs/base-selection.ja.md",
        "result": "pass"
      },
      {
        "source": "assurance/docs/engineering/specs/suse-config.ja.md",
        "target": "../../../../distribution/history/leap16/docs/assembly.ja.md",
        "result": "pass"
      },
      {
        "source": "assurance/docs/engineering/specs/suse-config.ja.md",
        "target": "../../../../configcore/docs/recovery.ja.md",
        "result": "pass"
      },
      {
        "source": "assurance/docs/engineering/specs/suse-config.ja.md",
        "target": "capability-matrix.ja.md",
        "result": "pass"
      },
      {
        "source": "assurance/docs/engineering/specs/suse-config.ja.md",
        "target": "../../../../distribution/history/leap16/docs/qualification.ja.md",
        "result": "pass"
      },
      {
        "source": "assurance/docs/engineering/specs/unified-management.ja.md",
        "target": "../../../../controlcore/docs/architecture.ja.md",
        "result": "pass"
      },
      {
        "source": "assurance/docs/engineering/specs/unified-management.ja.md",
        "target": "../../../../controlcore/docs/protocol.ja.md",
        "result": "pass"
      },
      {
        "source": "assurance/docs/engineering/specs/unified-management.ja.md",
        "target": "../../../../controlcore/docs/operations.ja.md",
        "result": "pass"
      },
      {
        "source": "assurance/docs/engineering/specs/unified-management.ja.md",
        "target": "../../../engineering/lineage-merge.json",
        "result": "pass"
      },
      {
        "source": "assurance/docs/engineering/specs/unified-management.ja.md",
        "target": "capability-matrix.ja.md",
        "result": "pass"
      },
      {
        "source": "assurance/docs/engineering/specs/unified-management.ja.md",
        "target": "continuation.ja.md",
        "result": "pass"
      },
      {
        "source": "pkgcore/README.md",
        "target": "../distribution/docs/architecture.ja.md",
        "result": "pass"
      },
      {
        "source": "pkgcore/README.md",
        "target": "../distribution/docs/ownership-and-effects.ja.md",
        "result": "pass"
      },
      {
        "source": "pkgcore/README.md",
        "target": "../assurance/docs/engineering/specs/capability-matrix.ja.md",
        "result": "pass"
      },
      {
        "source": "pkgcore/README.md",
        "target": "../assurance/docs/engineering/specs/release-migration.ja.md",
        "result": "pass"
      },
      {
        "source": "pkgcore/docs/rpm-resolution.ja.md",
        "target": "../../resolvercore/docs/neutral-spec.ja.md",
        "result": "pass"
      },
      {
        "source": "statecore/README.md",
        "target": "../distribution/docs/architecture.ja.md",
        "result": "pass"
      },
      {
        "source": "statecore/README.md",
        "target": "../distribution/docs/ownership-and-effects.ja.md",
        "result": "pass"
      },
      {
        "source": "statecore/README.md",
        "target": "../assurance/docs/engineering/specs/capability-matrix.ja.md",
        "result": "pass"
      },
      {
        "source": "statecore/README.md",
        "target": "../assurance/docs/engineering/specs/release-migration.ja.md",
        "result": "pass"
      },
      {
        "source": "controlcore/README.ja.md",
        "target": "../distribution/docs/architecture.ja.md",
        "result": "pass"
      },
      {
        "source": "controlcore/README.ja.md",
        "target": "../distribution/docs/ownership-and-effects.ja.md",
        "result": "pass"
      },
      {
        "source": "controlcore/README.ja.md",
        "target": "../assurance/docs/engineering/specs/development.ja.md",
        "result": "pass"
      },
      {
        "source": "controlcore/README.ja.md",
        "target": "docs/architecture.ja.md",
        "result": "pass"
      },
      {
        "source": "controlcore/README.ja.md",
        "target": "docs/protocol.ja.md",
        "result": "pass"
      },
      {
        "source": "controlcore/README.ja.md",
        "target": "docs/operations.ja.md",
        "result": "pass"
      },
      {
        "source": "controlcore/README.ja.md",
        "target": "docs/verification.ja.md",
        "result": "pass"
      },
      {
        "source": "controlcore/README.ja.md",
        "target": "SECURITY.md",
        "result": "pass"
      },
      {
        "source": "controlcore/README.ja.md",
        "target": "../assurance/docs/engineering/specs/capability-matrix.ja.md",
        "result": "pass"
      },
      {
        "source": "controlcore/docs/protocol.ja.md",
        "target": "../tests/fixtures/README.md",
        "result": "pass"
      },
      {
        "source": "configcore/README.md",
        "target": "../distribution/docs/architecture.ja.md",
        "result": "pass"
      },
      {
        "source": "configcore/README.md",
        "target": "../distribution/docs/ownership-and-effects.ja.md",
        "result": "pass"
      },
      {
        "source": "configcore/README.md",
        "target": "docs/architecture.ja.md",
        "result": "pass"
      },
      {
        "source": "configcore/docs/architecture.ja.md",
        "target": "schemas-v1.md",
        "result": "pass"
      },
      {
        "source": "configcore/docs/architecture.ja.md",
        "target": "nvidia.ja.md",
        "result": "pass"
      },
      {
        "source": "configcore/docs/architecture.ja.md",
        "target": "integration.ja.md",
        "result": "pass"
      },
      {
        "source": "configcore/docs/architecture.ja.md",
        "target": "recovery.ja.md",
        "result": "pass"
      },
      {
        "source": "resolvercore/README.md",
        "target": "../distribution/docs/architecture.ja.md",
        "result": "pass"
      },
      {
        "source": "resolvercore/README.md",
        "target": "../distribution/docs/ownership-and-effects.ja.md",
        "result": "pass"
      },
      {
        "source": "resolvercore/README.md",
        "target": "docs/neutral-spec.ja.md",
        "result": "pass"
      },
      {
        "source": "resolvercore/README.md",
        "target": "docs/wire-v1.md",
        "result": "pass"
      },
      {
        "source": "resolvercore/README.md",
        "target": "docs/proof-boundary.ja.md",
        "result": "pass"
      },
      {
        "source": "resolvercore/README.md",
        "target": "docs/integration.ja.md",
        "result": "pass"
      },
      {
        "source": "resolvercore/README.md",
        "target": "docs/qualification.ja.md",
        "result": "pass"
      },
      {
        "source": "distribution/README.ja.md",
        "target": "docs/base-decision.ja.md",
        "result": "pass"
      },
      {
        "source": "distribution/README.ja.md",
        "target": "docs/architecture.ja.md",
        "result": "pass"
      },
      {
        "source": "distribution/README.ja.md",
        "target": "docs/ownership-and-effects.ja.md",
        "result": "pass"
      },
      {
        "source": "distribution/README.ja.md",
        "target": "docs/storage-boot.ja.md",
        "result": "pass"
      },
      {
        "source": "distribution/README.ja.md",
        "target": "docs/build-release.ja.md",
        "result": "pass"
      },
      {
        "source": "distribution/docs/architecture.ja.md",
        "target": "storage-boot.ja.md",
        "result": "pass"
      },
      {
        "source": "distribution/docs/architecture.ja.md",
        "target": "ownership-and-effects.ja.md",
        "result": "pass"
      },
      {
        "source": "distribution/docs/architecture.ja.md",
        "target": "build-release.ja.md",
        "result": "pass"
      },
      {
        "source": "distribution/docs/base-decision.ja.md",
        "target": "metadata-comparison.ja.md",
        "result": "pass"
      },
      {
        "source": "distribution/docs/continuation.ja.md",
        "target": "../../assurance/docs/engineering/specs/production-closure.ja.md",
        "result": "pass"
      },
      {
        "source": "distribution/docs/continuation.ja.md",
        "target": "../../assurance/docs/engineering/specs/execution-safety.ja.md",
        "result": "pass"
      },
      {
        "source": "distribution/docs/storage-boot.ja.md",
        "target": "../contracts/state-domains.json",
        "result": "pass"
      },
      {
        "source": "distribution/docs/storage-boot.ja.md",
        "target": "xfs-health.ja.md",
        "result": "pass"
      },
      {
        "source": "distribution/docs/xfs-acceptance.ja.md",
        "target": "../contracts/release-gates.json",
        "result": "pass"
      },
      {
        "source": "distribution/docs/xfs-health.ja.md",
        "target": "../contracts/xfs-supply-observation.json",
        "result": "pass"
      },
      {
        "source": "distribution/history/leap16/README.ja.md",
        "target": "docs/base-selection.ja.md",
        "result": "pass"
      },
      {
        "source": "distribution/history/leap16/README.ja.md",
        "target": "docs/base-selection.ja.md",
        "result": "pass"
      },
      {
        "source": "distribution/history/leap16/README.ja.md",
        "target": "docs/assembly.ja.md",
        "result": "pass"
      },
      {
        "source": "distribution/history/leap16/README.ja.md",
        "target": "docs/migration.ja.md",
        "result": "pass"
      },
      {
        "source": "distribution/history/leap16/README.ja.md",
        "target": "docs/state-and-recovery.ja.md",
        "result": "pass"
      },
      {
        "source": "distribution/history/leap16/README.ja.md",
        "target": "docs/qualification.ja.md",
        "result": "pass"
      }
    ],
    "failed_links": []
  },
  "source_subject": "a2dccb40150160ba45c8f987422293dab9202885c82cf3199587fcb8c2e65280"
}
