./ci/check-contract.sh
runtime/mc_admin.adb: OK
runtime/mc_admin.ads: OK
runtime/mc_atomic.adb: OK
runtime/mc_atomic.ads: OK
runtime/mc_authentic.adb: OK
runtime/mc_authentic.ads: OK
runtime/mc_checkpoint_store.adb: OK
runtime/mc_checkpoint_store.ads: OK
runtime/mc_cli.adb: OK
runtime/mc_cli.ads: OK
runtime/mc_clock.adb: OK
runtime/mc_clock.ads: OK
runtime/mc_command.adb: OK
runtime/mc_command.ads: OK
runtime/mc_config_auth.adb: OK
runtime/mc_config_auth.ads: OK
runtime/mc_control_io.adb: OK
runtime/mc_control_io.ads: OK
runtime/mc_durable.adb: OK
runtime/mc_durable.ads: OK
runtime/mc_fault_auth.adb: OK
runtime/mc_fault_auth.ads: OK
runtime/mc_file_io.adb: OK
runtime/mc_file_io.ads: OK
runtime/mc_fs.adb: OK
runtime/mc_fs.ads: OK
runtime/mc_gate.adb: OK
runtime/mc_gate.ads: OK
runtime/mc_https.adb: OK
runtime/mc_https.ads: OK
runtime/mc_ingress.adb: OK
runtime/mc_ingress.ads: OK
runtime/mc_kernel_read.adb: OK
runtime/mc_kernel_read.ads: OK
runtime/mc_keys.adb: OK
runtime/mc_keys.ads: OK
runtime/mc_layout.adb: OK
runtime/mc_layout.ads: OK
runtime/mc_log.adb: OK
runtime/mc_log.ads: OK
runtime/mc_posix.ads: OK
runtime/mc_qualification_auth.adb: OK
runtime/mc_qualification_auth.ads: OK
runtime/mc_receiver_ledger.adb: OK
runtime/mc_receiver_ledger.ads: OK
runtime/mc_request_files.adb: OK
runtime/mc_request_files.ads: OK
runtime/mc_runtime.adb: OK
runtime/mc_runtime.ads: OK
runtime/mc_signatures.adb: OK
runtime/mc_signatures.ads: OK
runtime/mc_site_policy.adb: OK
runtime/mc_site_policy.ads: OK
runtime/mc_stop_barrier_auth.adb: OK
runtime/mc_stop_barrier_auth.ads: OK
runtime/mc_store.adb: OK
runtime/mc_store.ads: OK
runtime/mc_tools.adb: OK
runtime/mc_tools.ads: OK
runtime/mc_xml.adb: OK
runtime/mc_xml.ads: OK
src/mc_accounting.adb: OK
src/mc_accounting.ads: OK
src/mc_attestation.adb: OK
src/mc_attestation.ads: OK
src/mc_authorization.adb: OK
src/mc_authorization.ads: OK
src/mc_backups.adb: OK
src/mc_backups.ads: OK
src/mc_base64.adb: OK
src/mc_base64.ads: OK
src/mc_breakglass.adb: OK
src/mc_breakglass.ads: OK
src/mc_checkpoint.adb: OK
src/mc_checkpoint.ads: OK
src/mc_codec.adb: OK
src/mc_codec.ads: OK
src/mc_commissioning.adb: OK
src/mc_commissioning.ads: OK
src/mc_compatibility.adb: OK
src/mc_compatibility.ads: OK
src/mc_config_receipt.adb: OK
src/mc_config_receipt.ads: OK
src/mc_contract_profile.ads: OK
src/mc_control.adb: OK
src/mc_control.ads: OK
src/mc_control_codec.adb: OK
src/mc_control_codec.ads: OK
src/mc_diagnostic_bundle.adb: OK
src/mc_diagnostic_bundle.ads: OK
src/mc_dirents.adb: OK
src/mc_dirents.ads: OK
src/mc_fault_report.adb: OK
src/mc_fault_report.ads: OK
src/mc_faults.adb: OK
src/mc_faults.ads: OK
src/mc_generation.adb: OK
src/mc_generation.ads: OK
src/mc_golden.adb: OK
src/mc_golden.ads: OK
src/mc_health_golden.adb: OK
src/mc_health_golden.ads: OK
src/mc_health_report.adb: OK
src/mc_health_report.ads: OK
src/mc_hex.adb: OK
src/mc_hex.ads: OK
src/mc_incidents.adb: OK
src/mc_incidents.ads: OK
src/mc_journal_budget.ads: OK
src/mc_json.adb: OK
src/mc_json.ads: OK
src/mc_log_format.adb: OK
src/mc_log_format.ads: OK
src/mc_maintenance.adb: OK
src/mc_maintenance.ads: OK
src/mc_numbers.adb: OK
src/mc_numbers.ads: OK
src/mc_paths.adb: OK
src/mc_paths.ads: OK
src/mc_platform_profile.adb: OK
src/mc_platform_profile.ads: OK
src/mc_properties.adb: OK
src/mc_properties.ads: OK
src/mc_protocol.adb: OK
src/mc_protocol.ads: OK
src/mc_qualification.adb: OK
src/mc_qualification.ads: OK
src/mc_recovery_cohort.adb: OK
src/mc_recovery_cohort.ads: OK
src/mc_release.adb: OK
src/mc_release.ads: OK
src/mc_replay.adb: OK
src/mc_replay.ads: OK
src/mc_request_replay.adb: OK
src/mc_request_replay.ads: OK
src/mc_requests.adb: OK
src/mc_requests.ads: OK
src/mc_retry_budget.adb: OK
src/mc_retry_budget.ads: OK
src/mc_sha256.adb: OK
src/mc_sha256.ads: OK
src/mc_stop_barrier.adb: OK
src/mc_stop_barrier.ads: OK
src/mc_system_baseline.adb: OK
src/mc_system_baseline.ads: OK
src/mc_text.adb: OK
src/mc_text.ads: OK
src/mc_time_guard.adb: OK
src/mc_time_guard.ads: OK
src/mc_types.adb: OK
src/mc_types.ads: OK
src/mc_witness.adb: OK
src/mc_witness.ads: OK
python3 ci/manager-profile.py
manager_implementation=efe831a96abdb3377f7ce00dfff305419b324f3a60ad0dab63f172d6dd715074; proof=false; production_authority=false
mkdir -p build/proof-obj
python3 ci/proof-guard.py -- "/home/nia/devbox/niaos/.work/toolchains/gnatprove-x86_64-linux-16.1.0-1/bin/gnatprove" -P proof.gpr -U --mode=all --level=4 --checks-as-errors=on --warnings=error --proof-warnings=on --report=statistics
proof-guard: {"command": ["/home/nia/devbox/niaos/.work/toolchains/gnatprove-x86_64-linux-16.1.0-1/bin/gnatprove", "-j1", "-P", "proof.gpr", "-U", "--mode=all", "--level=4", "--checks-as-errors=on", "--warnings=error", "--proof-warnings=on", "--report=statistics"], "address_mib_per_process": 1536, "sampled_session_rss_mib": 2048, "minimum_available_mib": 2048, "seconds": 3600}
Phase 1 of 3: generation of data representation information ...
Phase 2 of 3: generation of Global contracts ...
Phase 3 of 3: flow analysis and proof ...
 info: overflow check proved (CVC5: 2 VC in max 0.0 seconds and 1 step)
--> mc_backups.adb:9:48

 info: cannot unroll loop (too many loop iterations) [info-unrolling-inlining]
--> mc_backups.adb:13:25

 info: index check proved (CVC5: 2 VC in max 0.0 seconds and 1 step)
--> mc_backups.adb:14:16

 info: index check proved (CVC5: 2 VC in max 0.0 seconds and 1 step)
--> mc_backups.adb:14:53

 info: index check proved (CVC5: 2 VC in max 0.0 seconds and 1 step)
--> mc_backups.adb:15:23

 info: index check proved (CVC5: 2 VC in max 0.0 seconds and 1 step)
--> mc_backups.adb:15:61

 info: index check proved (CVC5: 2 VC in max 0.0 seconds and 1 step)
--> mc_backups.adb:16:23

 info: index check proved (CVC5: 2 VC in max 0.0 seconds and 1 step)
--> mc_backups.adb:16:59

 info: index check proved (CVC5: 2 VC in max 0.0 seconds and 1 step)
--> mc_backups.adb:16:81

 info: index check proved (CVC5: 2 VC in max 0.0 seconds and 1 step)
--> mc_backups.adb:18:16

 info: index check proved (CVC5: 2 VC in max 0.0 seconds and 1 step)
--> mc_backups.adb:18:31

 info: index check proved (CVC5: 2 VC in max 0.0 seconds and 1 step)
--> mc_backups.adb:19:24

 info: index check proved (CVC5: 2 VC in max 0.0 seconds and 1 step)
--> mc_backups.adb:19:44

 info: cannot unroll loop (too many loop iterations) [info-unrolling-inlining]
--> mc_backups.adb:20:26

 info: index check proved (CVC5: 2 VC in max 0.0 seconds and 1 step)
--> mc_backups.adb:20:37

 info: index check proved (CVC5: 2 VC in max 0.0 seconds and 1 step)
--> mc_backups.adb:20:54

 info: initialization of "Here" proved
--> mc_backups.adb:26:07

 info: initialization of "Parent" proved
--> mc_backups.adb:26:21

 info: range check proved (CVC5: 2 VC in max 0.0 seconds and 1 step)
--> mc_backups.adb:32:15

 info: range check proved (CVC5: 2 VC in max 0.0 seconds and 1 step)
--> mc_backups.adb:35:48

 info: index check proved (CVC5: 2 VC in max 0.0 seconds and 1 step)
--> mc_backups.adb:35:58

 info: cannot unroll loop (too many loop iterations) [info-unrolling-inlining]
--> mc_backups.adb:38:28

 info: index check proved (CVC5: 2 VC in max 0.0 seconds and 1 step)
--> mc_backups.adb:39:19

 info: range check proved (CVC5: 2 VC in max 0.0 seconds and 1 step)
--> mc_backups.adb:39:64

 info: index check proved (CVC5: 2 VC in max 0.0 seconds and 1 step)
--> mc_backups.adb:41:35

 info: index check proved (CVC5: 2 VC in max 0.0 seconds and 1 step)
--> mc_backups.adb:42:23

 info: index check proved (CVC5: 2 VC in max 0.0 seconds and 1 step)
--> mc_backups.adb:42:70

 info: index check proved (CVC5: 2 VC in max 0.0 seconds and 1 step)
--> mc_backups.adb:43:23

 info: index check proved (CVC5: 2 VC in max 0.0 seconds and 1 step)
--> mc_backups.adb:44:23

 info: range check proved (CVC5: 2 VC in max 0.0 seconds and 1 step)
--> mc_backups.adb:46:18

 info: cannot unroll loop (too many loop iterations) [info-unrolling-inlining]
--> mc_backups.adb:49:33

 info: precondition proved (CVC5: 1 VC in max 0.0 seconds and 58 steps)
--> mc_backups.adb:51:33

 info: initialization of "Distinct" proved
--> mc_backups.adb:56:38

 info: unrolling loop [info-unrolling-inlining]
--> mc_backups.adb:64:27

 info: cannot unroll loop (too many loop iterations) [info-unrolling-inlining]
--> mc_backups.adb:66:29

 info: overflow check proved (CVC5: 16 VC in max 0.0 seconds and 1379 steps)
--> mc_backups.adb:75:68

 info: overflow check proved (CVC5: 16 VC in max 0.0 seconds and 1322 steps)
--> mc_backups.adb:77:49

 info: cannot unroll loop (too many loop iterations) [info-unrolling-inlining]
--> mc_backups.adb:78:29

 info: overflow check proved (CVC5: 16 VC in max 0.0 seconds and 1355 steps)
--> mc_backups.adb:82:48

 info: initialization of "D" proved
--> mc_backups.adb:89:07

 info: index check proved (CVC5: 2 VC in max 0.0 seconds and 1 step)
--> mc_backups.adb:93:35

 info: index check proved (CVC5: 2 VC in max 0.0 seconds and 1 step)
--> mc_backups.adb:94:20

 info: index check proved (CVC5: 2 VC in max 0.0 seconds and 1 step)
--> mc_backups.adb:95:20

 info: index check proved (CVC5: 2 VC in max 0.0 seconds and 1 step)
--> mc_backups.adb:95:45

 info: index check proved (CVC5: 2 VC in max 0.0 seconds and 1 step)
--> mc_backups.adb:96:20

 info: overflow check proved (CVC5: 2 VC in max 0.0 seconds and 1 step)
--> mc_backups.adb:97:29

 info: index check proved (CVC5: 2 VC in max 0.0 seconds and 1 step)
--> mc_backups.adb:97:34

 info: cannot unroll loop (too many loop iterations) [info-unrolling-inlining]
--> mc_backups.adb:99:25

 info: index check proved (CVC5: 2 VC in max 0.0 seconds and 1 step)
--> mc_backups.adb:99:42

 info: index check proved (CVC5: 2 VC in max 0.0 seconds and 1 step)
--> mc_backups.adb:99:71

 info: initialization of "Candidate" proved
--> mc_backups.adb:104:07

 info: initialization of "S" proved
--> mc_backups.adb:104:30

 info: loop invariant initialization proved (CVC5: 2 VC in max 0.0 seconds and 1 step)
--> mc_backups.adb:109:32

 info: loop invariant preservation proved (CVC5: 2 VC in max 0.0 seconds and 1 step)
--> mc_backups.adb:109:32

 info: index check proved (CVC5: 2 VC in max 0.0 seconds and 1 step)
--> mc_backups.adb:112:23

 info: index check proved (CVC5: 2 VC in max 0.0 seconds and 1 step)
--> mc_backups.adb:112:48

 info: index check proved (CVC5: 2 VC in max 0.0 seconds and 1 step)
--> mc_backups.adb:113:24

 info: index check proved (CVC5: 2 VC in max 0.0 seconds and 1 step)
--> mc_backups.adb:113:49

 info: index check proved (CVC5: 2 VC in max 0.0 seconds and 1 step)
--> mc_backups.adb:114:26

 info: index check proved (CVC5: 2 VC in max 0.0 seconds and 1 step)
--> mc_backups.adb:114:44

 info: implicit aspect Always_Terminates on "Valid" has been proved, subprogram will terminate
--> mc_backups.ads:34:13

 info: data dependencies proved
--> mc_backups.ads:34:52

 info: implicit aspect Always_Terminates on "Valid_Catalog" has been proved, subprogram will terminate
--> mc_backups.ads:35:13

 info: data dependencies proved
--> mc_backups.ads:36:11

 info: postcondition proved (CVC5: 2 VC in max 0.0 seconds and 1 step; Trivial: 1 VC in max 0.0 seconds and 2 steps)
--> mc_backups.ads:36:35

 info: initialization of "Members" proved
--> mc_backups.ads:37:61

 info: initialization of "Commitment" proved
--> mc_backups.ads:38:07

 info: initialization of "Status" proved
--> mc_backups.ads:38:32

 info: data dependencies proved
--> mc_backups.ads:38:59

 info: postcondition proved (CVC5: 4 VC in max 0.0 seconds and 20 steps; Trivial: 1 VC in max 0.0 seconds and 2 steps)
--> mc_backups.ads:39:17

 info: implicit aspect Always_Terminates on "Usable" has been proved, subprogram will terminate
--> mc_backups.ads:40:13

 info: data dependencies proved
--> mc_backups.ads:40:65

 info: initialization of "Members" proved
--> mc_backups.ads:42:07

 info: initialization of "Status" proved
--> mc_backups.ads:42:32

 info: data dependencies proved
--> mc_backups.ads:42:59

 info: initialization of "Terminal" proved
--> mc_backups.ads:44:07

 info: initialization of "Members" proved
--> mc_backups.ads:44:31

 info: initialization of "Status" proved
--> mc_backups.ads:44:56

 info: data dependencies proved
--> mc_backups.ads:44:83
 info: implicit aspect Always_Terminates on "Value" has been proved, subprogram will terminate
--> mc_health_golden.ads:4:13

 info: data dependencies proved
--> mc_health_golden.ads:4:55
 info: implicit aspect Always_Terminates on "Valid" has been proved, subprogram will terminate
--> mc_maintenance.ads:21:13

 info: data dependencies proved
--> mc_maintenance.ads:21:50

 info: implicit aspect Always_Terminates on "Valid" has been proved, subprogram will terminate
--> mc_maintenance.ads:22:13

 info: data dependencies proved
--> mc_maintenance.ads:22:52

 info: implicit aspect Always_Terminates on "Permits" has been proved, subprogram will terminate
--> mc_maintenance.ads:23:13

 info: data dependencies proved
--> mc_maintenance.ads:23:89

 info: implicit aspect Always_Terminates on "Blocks" has been proved, subprogram will terminate
--> mc_maintenance.ads:24:13

 info: data dependencies proved
--> mc_maintenance.ads:24:109
 info: length check proved (CVC5: 3 VC in max 0.0 seconds and 1 step)
--> mc_witness.adb:8:16

 info: precondition proved (CVC5: 3 VC in max 0.0 seconds and 1 step)
--> mc_witness.adb:11:15

 info: precondition proved (CVC5: 3 VC in max 0.0 seconds and 1 step)
--> mc_witness.adb:11:52

 info: precondition proved (CVC5: 3 VC in max 0.0 seconds and 1 step)
--> mc_witness.adb:12:15

 info: precondition proved (CVC5: 3 VC in max 0.0 seconds and 1 step)
--> mc_witness.adb:12:53

 info: range check proved (CVC5: 4 VC in max 0.0 seconds and 1 step)
--> mc_witness.adb:18:51

 info: index check proved (CVC5: 2 VC in max 0.0 seconds and 1 step)
--> mc_witness.adb:18:84

 info: unrolling loop [info-unrolling-inlining]
--> mc_witness.adb:19:23

 info: index check proved (CVC5: 14 VC in max 0.0 seconds and 1 step)
--> mc_witness.adb:19:33

 info: cannot unroll loop (too many loop iterations) [info-unrolling-inlining]
--> mc_witness.adb:20:25

 info: index check proved (CVC5: 2 VC in max 0.0 seconds and 1 step)
--> mc_witness.adb:20:35

 info: unrolling loop [info-unrolling-inlining]
--> mc_witness.adb:21:22

 info: precondition proved (CVC5: 12 VC in max 0.0 seconds and 30 steps)
--> mc_witness.adb:21:38

 info: range check proved (CVC5: 2 VC in max 0.0 seconds and 17 steps)
--> mc_witness.adb:22:24

 info: index check proved (CVC5: 2 VC in max 0.0 seconds and 1 step)
--> mc_witness.adb:22:26

 info: range check proved (CVC5: 4 VC in max 0.0 seconds and 31 steps)
--> mc_witness.adb:22:45

 info: range check proved (CVC5: 4 VC in max 0.0 seconds and 64 steps)
--> mc_witness.adb:22:67

 info: range check proved (CVC5: 4 VC in max 0.0 seconds and 93 steps)
--> mc_witness.adb:22:89

 info: range check proved (CVC5: 4 VC in max 0.0 seconds and 122 steps)
--> mc_witness.adb:23:25

 info: range check proved (CVC5: 4 VC in max 0.0 seconds and 152 steps)
--> mc_witness.adb:23:47

 info: range check proved (CVC5: 4 VC in max 0.0 seconds and 182 steps)
--> mc_witness.adb:23:66

 info: range check proved (CVC5: 4 VC in max 0.0 seconds and 213 steps)
--> mc_witness.adb:23:90

 info: precondition proved (CVC5: 3 VC in max 0.0 seconds and 244 steps)
--> mc_witness.adb:24:32

 info: range check proved (CVC5: 2 VC in max 0.0 seconds and 515 steps)
--> mc_witness.adb:24:32

 info: precondition proved (CVC5: 3 VC in max 0.0 seconds and 274 steps)
--> mc_witness.adb:24:71

 info: range check proved (CVC5: 2 VC in max 0.0 seconds and 581 steps)
--> mc_witness.adb:24:71

 info: precondition proved (CVC5: 3 VC in max 0.0 seconds and 305 steps)
--> mc_witness.adb:25:33

 info: range check proved (CVC5: 2 VC in max 0.0 seconds and 648 steps)
--> mc_witness.adb:25:33

 info: precondition proved (CVC5: 3 VC in max 0.0 seconds and 337 steps)
--> mc_witness.adb:25:74

 info: range check proved (CVC5: 2 VC in max 0.0 seconds and 715 steps)
--> mc_witness.adb:25:74

 info: overflow check proved (CVC5: 2 VC in max 0.0 seconds and 1 step)
--> mc_witness.adb:32:72

 info: implicit aspect Always_Terminates on "Encode" has been proved, subprogram will terminate
--> mc_witness.ads:13:13

 info: data dependencies proved
--> mc_witness.ads:13:53

 info: initialization of "S" proved
--> mc_witness.ads:14:32

 info: initialization of "Status" proved
--> mc_witness.ads:14:51

 info: data dependencies proved
--> mc_witness.ads:14:78

 info: implicit aspect Always_Terminates on "Matches" has been proved, subprogram will terminate
--> mc_witness.ads:15:13

 info: data dependencies proved
--> mc_witness.ads:15:94
 info: length check proved (CVC5: 3 VC in max 0.0 seconds and 1 step)
--> mc_control_codec.adb:11:19

 info: precondition proved (CVC5: 3 VC in max 0.0 seconds and 1 step)
--> mc_control_codec.adb:12:15

 info: precondition proved (CVC5: 3 VC in max 0.0 seconds and 1 step)
--> mc_control_codec.adb:12:56

 info: precondition proved (CVC5: 1 VC in max 0.0 seconds and 597 steps)
--> mc_control_codec.adb:15:68

 info: range check proved (CVC5: 4 VC in max 0.0 seconds and 1 step)
--> mc_control_codec.adb:15:75

 info: length check proved (CVC5: 3 VC in max 0.0 seconds and 1 step)
--> mc_control_codec.adb:21:19

 info: precondition proved (CVC5: 3 VC in max 0.0 seconds and 1 step)
--> mc_control_codec.adb:22:15

 info: precondition proved (CVC5: 3 VC in max 0.0 seconds and 1 step)
--> mc_control_codec.adb:22:65

 info: precondition proved (CVC5: 3 VC in max 0.0 seconds and 1 step)
--> mc_control_codec.adb:26:15

 info: precondition proved (CVC5: 3 VC in max 0.0 seconds and 1 step)
--> mc_control_codec.adb:26:59

 info: precondition proved (CVC5: 1 VC in max 0.0 seconds and 1199 steps)
--> mc_control_codec.adb:27:32

 info: range check proved (CVC5: 4 VC in max 0.0 seconds and 1 step)
--> mc_control_codec.adb:27:39

 info: initialization of "O" proved
--> mc_control_codec.adb:30:45

 info: length check proved (CVC5: 3 VC in max 0.0 seconds and 1 step)
--> mc_control_codec.adb:32:19

 info: precondition proved (CVC5: 3 VC in max 0.0 seconds and 1 step)
--> mc_control_codec.adb:33:15

 info: unrolling loop [info-unrolling-inlining]
--> mc_control_codec.adb:35:27

 info: overflow check proved (CVC5: 16 VC in max 0.0 seconds and 152 steps)
--> mc_control_codec.adb:36:18

 info: overflow check proved (CVC5: 16 VC in max 0.0 seconds and 150 steps)
--> mc_control_codec.adb:36:25

 info: range check proved (CVC5: 32 VC in max 0.0 seconds and 158 steps)
--> mc_control_codec.adb:37:10

 info: index check proved (CVC5: 16 VC in max 0.0 seconds and 154 steps)
--> mc_control_codec.adb:37:13

 info: overflow check proved (CVC5: 16 VC in max 0.0 seconds and 156 steps)
--> mc_control_codec.adb:37:17

 info: overflow check proved (CVC5: 16 VC in max 0.0 seconds and 154 steps)
--> mc_control_codec.adb:37:17

 info: index check proved (CVC5: 16 VC in max 0.0 seconds and 154 steps)
--> mc_control_codec.adb:37:17

 info: length check proved (CVC5: 24 VC in max 0.0 seconds and 153 steps)
--> mc_control_codec.adb:37:22

 info: length check proved (CVC5: 24 VC in max 0.0 seconds and 150 steps)
--> mc_control_codec.adb:37:35

 info: range check proved (CVC5: 32 VC in max 0.0 seconds and 169 steps)
--> mc_control_codec.adb:37:48

 info: overflow check proved (CVC5: 16 VC in max 0.0 seconds and 167 steps)
--> mc_control_codec.adb:37:52

 info: overflow check proved (CVC5: 16 VC in max 0.0 seconds and 161 steps)
--> mc_control_codec.adb:37:52

 info: index check proved (CVC5: 16 VC in max 0.0 seconds and 161 steps)
--> mc_control_codec.adb:37:52

 info: overflow check proved (CVC5: 16 VC in max 0.0 seconds and 165 steps)
--> mc_control_codec.adb:37:58

 info: overflow check proved (CVC5: 16 VC in max 0.0 seconds and 161 steps)
--> mc_control_codec.adb:37:58

 info: index check proved (CVC5: 16 VC in max 0.0 seconds and 161 steps)
--> mc_control_codec.adb:37:58

 info: length check proved (CVC5: 24 VC in max 0.0 seconds and 161 steps)
--> mc_control_codec.adb:37:63

 info: length check proved (CVC5: 24 VC in max 0.0 seconds and 157 steps)
--> mc_control_codec.adb:37:76

 info: precondition proved (CVC5: 32 VC in max 0.0 seconds and 1860 steps)
--> mc_control_codec.adb:38:18

 info: overflow check proved (CVC5: 16 VC in max 0.0 seconds and 181 steps)
--> mc_control_codec.adb:38:29

 info: overflow check proved (CVC5: 16 VC in max 0.0 seconds and 203 steps)
--> mc_control_codec.adb:39:14

 info: index check proved (CVC5: 16 VC in max 0.0 seconds and 207 steps)
--> mc_control_codec.adb:39:14

 info: precondition proved (CVC5: 1 VC in max 0.0 seconds and 1943 steps)
--> mc_control_codec.adb:41:34

 info: range check proved (CVC5: 4 VC in max 0.0 seconds and 356 steps)
--> mc_control_codec.adb:41:41

 info: initialization of "T" proved
--> mc_control_codec.adb:44:07

 info: range check proved (CVC5: 4 VC in max 0.0 seconds and 1 step)
--> mc_control_codec.adb:48:10

 info: index check proved (CVC5: 2 VC in max 0.0 seconds and 1 step)
--> mc_control_codec.adb:48:36

 info: precondition proved (CVC5: 3 VC in max 0.0 seconds and 1 step)
--> mc_control_codec.adb:49:25

 info: precondition proved (CVC5: 3 VC in max 0.0 seconds and 1 step)
--> mc_control_codec.adb:50:25

 info: range check proved (CVC5: 4 VC in max 0.0 seconds and 1 step)
--> mc_control_codec.adb:51:18

 info: range check proved (CVC5: 4 VC in max 0.0 seconds and 1 step)
--> mc_control_codec.adb:51:43

 info: precondition proved (CVC5: 3 VC in max 0.0 seconds and 1 step)
--> mc_control_codec.adb:52:38

 info: range check proved (CVC5: 2 VC in max 0.0 seconds and 16 steps)
--> mc_control_codec.adb:52:38

 info: precondition proved (CVC5: 3 VC in max 0.0 seconds and 1 step)
--> mc_control_codec.adb:52:86

 info: range check proved (CVC5: 2 VC in max 0.0 seconds and 42 steps)
--> mc_control_codec.adb:52:86

 info: range check proved (CVC5: 2 VC in max 0.0 seconds and 60 steps)
--> mc_control_codec.adb:53:41

 info: index check proved (CVC5: 2 VC in max 0.0 seconds and 1 step)
--> mc_control_codec.adb:53:44

 info: range check proved (CVC5: 4 VC in max 0.0 seconds and 1 step)
--> mc_control_codec.adb:53:64

 info: range check proved (CVC5: 4 VC in max 0.0 seconds and 1 step)
--> mc_control_codec.adb:54:25

 info: range check proved (CVC5: 4 VC in max 0.0 seconds and 1 step)
--> mc_control_codec.adb:54:52

 info: range check proved (CVC5: 4 VC in max 0.0 seconds and 1 step)
--> mc_control_codec.adb:54:78

 info: range check proved (CVC5: 4 VC in max 0.0 seconds and 1 step)
--> mc_control_codec.adb:55:29

 info: initialization of "T" proved
--> mc_control_codec.adb:60:07

 info: range check proved (CVC5: 4 VC in max 0.0 seconds and 1 step)
--> mc_control_codec.adb:66:10

 info: index check proved (CVC5: 2 VC in max 0.0 seconds and 1 step)
--> mc_control_codec.adb:66:36

 info: precondition proved (CVC5: 6 VC in max 0.0 seconds and 105 steps)
--> mc_control_codec.adb:68:21

 info: index check proved (CVC5: 4 VC in max 0.0 seconds and 1 step)
--> mc_control_codec.adb:68:35

 info: loop invariant initialization proved (CVC5: 1 VC in max 0.0 seconds and 55 steps)
--> mc_control_codec.adb:70:13

 info: loop invariant preservation proved (CVC5: 1 VC in max 0.0 seconds and 333 steps)
--> mc_control_codec.adb:70:13

 info: precondition proved (CVC5: 6 VC in max 0.0 seconds and 168 steps)
--> mc_control_codec.adb:70:55

 info: index check proved (CVC5: 4 VC in max 0.0 seconds and 1 step)
--> mc_control_codec.adb:70:69

 info: range check proved (CVC5: 4 VC in max 0.0 seconds and 1 step)
--> mc_control_codec.adb:72:18

 info: range check proved (CVC5: 4 VC in max 0.0 seconds and 1 step)
--> mc_control_codec.adb:72:43

 info: precondition proved (CVC5: 3 VC in max 0.0 seconds and 1 step)
--> mc_control_codec.adb:73:47

 info: range check proved (CVC5: 2 VC in max 0.0 seconds and 137 steps)
--> mc_control_codec.adb:73:47

 info: precondition proved (CVC5: 3 VC in max 0.0 seconds and 1 step)
--> mc_control_codec.adb:73:99

 info: range check proved (CVC5: 1 VC in max 0.0 seconds and 1 step; Z3: 1 VC in max 0.0 seconds and 1 step)
--> mc_control_codec.adb:73:99

 info: range check proved (CVC5: 2 VC in max 0.0 seconds and 104 steps)
--> mc_control_codec.adb:74:41

 info: index check proved (CVC5: 2 VC in max 0.0 seconds and 1 step)
--> mc_control_codec.adb:74:44

 info: range check proved (CVC5: 4 VC in max 0.0 seconds and 1 step)
--> mc_control_codec.adb:74:63

 info: range check proved (CVC5: 4 VC in max 0.0 seconds and 1 step)
--> mc_control_codec.adb:74:91

 info: range check proved (CVC5: 4 VC in max 0.0 seconds and 1 step)
--> mc_control_codec.adb:75:27

 info: range check proved (CVC5: 4 VC in max 0.0 seconds and 7 steps)
--> mc_control_codec.adb:75:53

 info: range check proved (CVC5: 4 VC in max 0.0 seconds and 25 steps)
--> mc_control_codec.adb:75:89

 info: range check proved (CVC5: 4 VC in max 0.0 seconds and 43 steps)
--> mc_control_codec.adb:76:29

 info: precondition proved (CVC5: 3 VC in max 0.0 seconds and 62 steps)
--> mc_control_codec.adb:76:76

 info: range check proved (CVC5: 1 VC in max 0.0 seconds and 78 steps; Z3: 1 VC in max 0.0 seconds and 1 step)
--> mc_control_codec.adb:76:76

 info: precondition proved (CVC5: 3 VC in max 0.0 seconds and 80 steps)
--> mc_control_codec.adb:77:37

 info: range check proved (CVC5: 1 VC in max 0.0 seconds and 97 steps; Z3: 1 VC in max 0.0 seconds and 24 steps)
--> mc_control_codec.adb:77:37

 info: initialization of "T" proved
--> mc_control_codec.adb:81:07

 info: initialization of "O" proved
--> mc_control_codec.adb:81:33

 info: range check proved (CVC5: 4 VC in max 0.0 seconds and 1 step)
--> mc_control_codec.adb:85:10

 info: index check proved (CVC5: 2 VC in max 0.0 seconds and 1 step)
--> mc_control_codec.adb:85:36

 info: index check proved (CVC5: 2 VC in max 0.0 seconds and 1 step)
--> mc_control_codec.adb:85:55

 info: index check proved (CVC5: 2 VC in max 0.0 seconds and 1 step)
--> mc_control_codec.adb:86:20

 info: precondition proved (CVC5: 3 VC in max 0.0 seconds and 1 step)
--> mc_control_codec.adb:86:52

 info: range check proved (CVC5: 4 VC in max 0.0 seconds and 1 step)
--> mc_control_codec.adb:88:18

 info: range check proved (CVC5: 4 VC in max 0.0 seconds and 1 step)
--> mc_control_codec.adb:88:43

 info: precondition proved (CVC5: 3 VC in max 0.0 seconds and 1 step)
--> mc_control_codec.adb:88:84

 info: range check proved (CVC5: 2 VC in max 0.0 seconds and 51 steps)
--> mc_control_codec.adb:88:84

 info: range check proved (CVC5: 2 VC in max 0.0 seconds and 67 steps)
--> mc_control_codec.adb:89:18

 info: index check proved (CVC5: 2 VC in max 0.0 seconds and 1 step)
--> mc_control_codec.adb:89:30

 info: range check proved (CVC5: 2 VC in max 0.0 seconds and 85 steps)
--> mc_control_codec.adb:89:59

 info: index check proved (CVC5: 2 VC in max 0.0 seconds and 1 step)
--> mc_control_codec.adb:89:71

 info: range check proved (CVC5: 2 VC in max 0.0 seconds and 105 steps)
--> mc_control_codec.adb:89:99

 info: index check proved (CVC5: 2 VC in max 0.0 seconds and 1 step)
--> mc_control_codec.adb:89:111

 info: loop invariant initialization proved (CVC5: 1 VC in max 0.0 seconds and 1 step)
--> mc_control_codec.adb:91:32

 info: loop invariant preservation proved (CVC5: 1 VC in max 0.0 seconds and 1 step)
--> mc_control_codec.adb:91:32

 info: index check proved (CVC5: 4 VC in max 0.0 seconds and 1 step)
--> mc_control_codec.adb:91:50

 info: overflow check proved (CVC5: 2 VC in max 0.0 seconds and 111 steps)
--> mc_control_codec.adb:92:18

 info: overflow check proved (CVC5: 2 VC in max 0.0 seconds and 106 steps)
--> mc_control_codec.adb:92:25

 info: overflow check proved (CVC5: 2 VC in max 0.0 seconds and 116 steps)
--> mc_control_codec.adb:92:37

 info: index check proved (CVC5: 2 VC in max 0.0 seconds and 127 steps)
--> mc_control_codec.adb:92:37

 info: range check proved (CVC5: 4 VC in max 0.0 seconds and 36 steps)
--> mc_control_codec.adb:93:35

 info: length check proved (CVC5: 3 VC in max 0.0 seconds and 1 step)
--> mc_control_codec.adb:93:35

 info: overflow check proved (CVC5: 2 VC in max 0.0 seconds and 1 step)
--> mc_control_codec.adb:93:42

 info: range check proved (CVC5: 4 VC in max 0.0 seconds and 59 steps)
--> mc_control_codec.adb:93:72

 info: length check proved (CVC5: 3 VC in max 0.0 seconds and 1 step)
--> mc_control_codec.adb:93:72

 info: overflow check proved (CVC5: 2 VC in max 0.0 seconds and 1 step)
--> mc_control_codec.adb:93:76

 info: overflow check proved (CVC5: 2 VC in max 0.0 seconds and 1 step)
--> mc_control_codec.adb:93:82

 info: precondition proved (CVC5: 3 VC in max 0.0 seconds and 75 steps)
--> mc_control_codec.adb:94:39

 info: range check proved (CVC5: 2 VC in max 0.0 seconds and 1 step)
--> mc_control_codec.adb:94:39

 info: overflow check proved (CVC5: 2 VC in max 0.0 seconds and 1 step)
--> mc_control_codec.adb:94:48

 info: range check proved (CVC5: 2 VC in max 0.0 seconds and 329 steps)
--> mc_control_codec.adb:94:94

 info: overflow check proved (CVC5: 2 VC in max 0.0 seconds and 1 step)
--> mc_control_codec.adb:94:98

 info: index check proved (CVC5: 2 VC in max 0.0 seconds and 1 step)
--> mc_control_codec.adb:94:98

 info: implicit aspect Always_Terminates on "Encode" has been proved, subprogram will terminate
--> mc_control_codec.ads:7:13

 info: data dependencies proved
--> mc_control_codec.ads:7:67

 info: implicit aspect Always_Terminates on "Encode" has been proved, subprogram will terminate
--> mc_control_codec.ads:8:13

 info: data dependencies proved
--> mc_control_codec.ads:8:73

 info: implicit aspect Always_Terminates on "Encode" has been proved, subprogram will terminate
--> mc_control_codec.ads:9:13

 info: data dependencies proved
--> mc_control_codec.ads:9:75

 info: initialization of "S" proved
--> mc_control_codec.ads:10:33

 info: initialization of "Status" proved
--> mc_control_codec.ads:10:59

 info: data dependencies proved
--> mc_control_codec.ads:11:11

 info: initialization of "P" proved
--> mc_control_codec.ads:12:33

 info: initialization of "Status" proved
--> mc_control_codec.ads:12:62

 info: data dependencies proved
--> mc_control_codec.ads:13:11

 info: initialization of "A" proved
--> mc_control_codec.ads:14:33

 info: initialization of "Status" proved
--> mc_control_codec.ads:14:63

 info: data dependencies proved
--> mc_control_codec.ads:15:11
 info: index check proved (CVC5: 2 VC in max 0.0 seconds and 1 step)
--> mc_retry_budget.adb:12:60

 info: cannot unroll loop (too many loop iterations) [info-unrolling-inlining]
--> mc_retry_budget.adb:18:56

 info: division check proved (CVC5: 1 VC in max 0.0 seconds and 1 step)
--> mc_retry_budget.adb:19:45

 info: overflow check proved (CVC5: 2 VC in max 0.0 seconds and 1 step)
--> mc_retry_budget.adb:22:31

 info: initialization of "Delay_Ms" proved
--> mc_retry_budget.adb:31:07

 info: overflow check proved (CVC5: 4 VC in max 0.0 seconds and 1 step)
--> mc_retry_budget.adb:40:17

 info: range check proved (CVC5: 4 VC in max 0.0 seconds and 1 step)
--> mc_retry_budget.adb:41:26

 info: index check proved (CVC5: 4 VC in max 0.0 seconds and 1 step)
--> mc_retry_budget.adb:41:37

 info: loop invariant initialization proved (CVC5: 1 VC in max 0.0 seconds and 1 step)
--> mc_retry_budget.adb:43:32

 info: loop invariant preservation proved (CVC5: 1 VC in max 0.0 seconds and 1 step)
--> mc_retry_budget.adb:43:32

 info: loop invariant initialization proved (CVC5: 1 VC in max 0.0 seconds and 1 step)
--> mc_retry_budget.adb:44:32

 info: loop invariant preservation proved (CVC5: 1 VC in max 0.0 seconds and 42 steps)
--> mc_retry_budget.adb:44:32

 info: index check proved (CVC5: 4 VC in max 0.0 seconds and 1 step)
--> mc_retry_budget.adb:44:64

 info: index check proved (CVC5: 4 VC in max 0.0 seconds and 1 step)
--> mc_retry_budget.adb:44:79

 info: loop invariant initialization proved (CVC5: 1 VC in max 0.0 seconds and 1 step)
--> mc_retry_budget.adb:45:32

 info: loop invariant preservation proved (CVC5: 1 VC in max 0.0 seconds and 20 steps)
--> mc_retry_budget.adb:45:32

 info: index check proved (CVC5: 4 VC in max 0.0 seconds and 1 step)
--> mc_retry_budget.adb:45:64

 info: loop invariant initialization proved (CVC5: 1 VC in max 0.0 seconds and 1 step)
--> mc_retry_budget.adb:46:32

 info: loop invariant preservation proved (CVC5: 1 VC in max 0.0 seconds and 75 steps)
--> mc_retry_budget.adb:46:32

 info: index check proved (CVC5: 4 VC in max 0.0 seconds and 1 step)
--> mc_retry_budget.adb:46:64

 info: index check proved (CVC5: 4 VC in max 0.0 seconds and 1 step)
--> mc_retry_budget.adb:46:75

 info: loop invariant initialization proved (CVC5: 1 VC in max 0.0 seconds and 1 step)
--> mc_retry_budget.adb:47:32

 info: loop invariant preservation proved (CVC5: 1 VC in max 0.0 seconds and 47 steps)
--> mc_retry_budget.adb:47:32

 info: index check proved (CVC5: 4 VC in max 0.0 seconds and 1 step)
--> mc_retry_budget.adb:47:73

 info: precondition proved (CVC5: 1 VC in max 0.0 seconds and 1 step)
--> mc_retry_budget.adb:50:19

 info: overflow check proved (CVC5: 2 VC in max 0.0 seconds and 1 step)
--> mc_retry_budget.adb:51:30

 info: range check proved (CVC5: 2 VC in max 0.0 seconds and 1 step)
--> mc_retry_budget.adb:52:20

 info: index check proved (CVC5: 2 VC in max 0.0 seconds and 1 step)
--> mc_retry_budget.adb:52:31

 info: range check proved (CVC5: 2 VC in max 0.0 seconds and 30 steps)
--> mc_retry_budget.adb:54:38

 info: range check proved (CVC5: 2 VC in max 0.0 seconds and 58 steps)
--> mc_retry_budget.adb:54:62

 info: overflow check proved (CVC5: 2 VC in max 0.0 seconds and 1 step)
--> mc_retry_budget.adb:55:27

 info: overflow check proved (CVC5: 2 VC in max 0.0 seconds and 1 step)
--> mc_retry_budget.adb:73:30

 info: loop invariant initialization proved (CVC5: 1 VC in max 0.0 seconds and 1 step)
--> mc_retry_budget.adb:77:32

 info: loop invariant preservation proved (CVC5: 1 VC in max 0.1 seconds and 1 step)
--> mc_retry_budget.adb:77:32

 info: index check proved (CVC5: 4 VC in max 0.0 seconds and 1 step)
--> mc_retry_budget.adb:77:64

 info: overflow check proved (CVC5: 2 VC in max 0.0 seconds and 1 step)
--> mc_retry_budget.adb:79:27

 info: implicit aspect Always_Terminates on "Valid" has been proved, subprogram will terminate
--> mc_retry_budget.ads:23:13

 info: data dependencies proved
--> mc_retry_budget.ads:23:52

 info: implicit aspect Always_Terminates on "Valid" has been proved, subprogram will terminate
--> mc_retry_budget.ads:24:13

 info: data dependencies proved
--> mc_retry_budget.ads:24:51

 info: implicit aspect Always_Terminates on "Backoff" has been proved, subprogram will terminate
--> mc_retry_budget.ads:25:13

 info: data dependencies proved
--> mc_retry_budget.ads:26:28

 info: postcondition proved (CVC5: 1 VC in max 0.0 seconds and 1 step)
--> mc_retry_budget.ads:27:16

 info: initialization of "Status" proved
--> mc_retry_budget.ads:29:22

 info: data dependencies proved
--> mc_retry_budget.ads:30:11

 info: postcondition proved (CVC5: 7 VC in max 0.1 seconds and 439 steps; Trivial: 3 VC in max 0.0 seconds and 2 steps)
--> mc_retry_budget.ads:31:16

 info: initialization of "Status" proved
--> mc_retry_budget.ads:36:63

 info: data dependencies proved
--> mc_retry_budget.ads:37:11

 info: postcondition proved (CVC5: 8 VC in max 0.0 seconds and 1 step; Trivial: 2 VC in max 0.0 seconds and 2 steps)
--> mc_retry_budget.ads:38:16

 info: initialization of "Status" proved
--> mc_retry_budget.ads:44:22

 info: data dependencies proved
--> mc_retry_budget.ads:45:11

 info: postcondition proved (CVC5: 7 VC in max 0.1 seconds and 70 steps; Trivial: 2 VC in max 0.0 seconds and 2 steps)
--> mc_retry_budget.ads:46:16
 info: range check proved (CVC5: 2 VC in max 0.0 seconds and 1 step)
--> mc_hex.adb:5:07

 info: range check proved (CVC5: 2 VC in max 0.0 seconds and 1 step)
--> mc_hex.adb:5:33

 info: overflow check proved (CVC5: 2 VC in max 0.0 seconds and 1 step)
--> mc_hex.adb:5:41

 info: length check proved (CVC5: 3 VC in max 0.0 seconds and 1 step)
--> mc_hex.adb:5:49

 info: loop invariant initialization proved (CVC5: 1 VC in max 0.0 seconds and 1 step)
--> mc_hex.adb:9:33

 info: loop invariant preservation proved (CVC5: 1 VC in max 0.0 seconds and 1 step)
--> mc_hex.adb:9:33

 info: overflow check proved (CVC5: 4 VC in max 0.0 seconds and 1 step)
--> mc_hex.adb:9:39

 info: overflow check proved (CVC5: 4 VC in max 0.0 seconds and 1 step)
--> mc_hex.adb:9:44

 info: overflow check proved (CVC5: 2 VC in max 0.0 seconds and 1 step)
--> mc_hex.adb:10:20

 info: index check proved (CVC5: 2 VC in max 0.0 seconds and 1 step)
--> mc_hex.adb:10:20

 info: division check proved (CVC5: 1 VC in max 0.0 seconds and 1 step)
--> mc_hex.adb:10:54

 info: overflow check proved (CVC5: 2 VC in max 0.0 seconds and 1 step)
--> mc_hex.adb:11:20

 info: index check proved (CVC5: 2 VC in max 0.0 seconds and 1 step)
--> mc_hex.adb:11:20

 info: division check proved (CVC5: 1 VC in max 0.0 seconds and 1 step)
--> mc_hex.adb:11:54

 info: overflow check proved (CVC5: 2 VC in max 0.0 seconds and 1 step)
--> mc_hex.adb:12:17

 info: implicit aspect Always_Terminates on "Nibble" has been proved, subprogram will terminate
--> mc_hex.adb:16:13

 info: local subprogram "Nibble" only analyzed in the context of calls [info-unrolling-inlining]
--> mc_hex.adb:16:13
      + add a contract to analyze it separately from calling contexts

 info: range check proved (CVC5: 2 VC in max 0.0 seconds and 1 step), in call inlined at mc_hex.adb:32
--> mc_hex.adb:18:54

 info: range check proved (CVC5: 2 VC in max 0.0 seconds and 1 step), in call inlined at mc_hex.adb:33
--> mc_hex.adb:18:54

 info: range check proved (CVC5: 2 VC in max 0.0 seconds and 1 step), in call inlined at mc_hex.adb:32
--> mc_hex.adb:19:73

 info: range check proved (CVC5: 2 VC in max 0.0 seconds and 1 step), in call inlined at mc_hex.adb:33
--> mc_hex.adb:19:73

 info: initialization of "A" proved
--> mc_hex.adb:23:07

 info: initialization of "B" proved
--> mc_hex.adb:23:09

 info: length check proved (CVC5: 3 VC in max 0.0 seconds and 1 step)
--> mc_hex.adb:26:12

 info: range check proved (CVC5: 2 VC in max 0.0 seconds and 1 step)
--> mc_hex.adb:27:14

 info: loop invariant initialization proved (CVC5: 1 VC in max 0.0 seconds and 1 step)
--> mc_hex.adb:31:33

 info: loop invariant preservation proved (CVC5: 1 VC in max 0.0 seconds and 1 step)
--> mc_hex.adb:31:33

 info: overflow check proved (CVC5: 4 VC in max 0.0 seconds and 1 step)
--> mc_hex.adb:31:39

 info: overflow check proved (CVC5: 4 VC in max 0.0 seconds and 1 step)
--> mc_hex.adb:31:44

 info: analyzing call to "Nibble" in context
--> mc_hex.adb:32:15

 info: overflow check proved (CVC5: 2 VC in max 0.0 seconds and 1 step)
--> mc_hex.adb:32:40

 info: index check proved (CVC5: 2 VC in max 0.0 seconds and 1 step)
--> mc_hex.adb:32:40

 info: analyzing call to "Nibble" in context
--> mc_hex.adb:33:15

 info: overflow check proved (CVC5: 2 VC in max 0.0 seconds and 1 step)
--> mc_hex.adb:33:40

 info: overflow check proved (CVC5: 2 VC in max 0.0 seconds and 1 step)
--> mc_hex.adb:33:44

 info: index check proved (CVC5: 2 VC in max 0.0 seconds and 1 step)
--> mc_hex.adb:33:44

 info: length check proved (CVC5: 3 VC in max 0.0 seconds and 1 step)
--> mc_hex.adb:34:43

 info: overflow check proved (CVC5: 2 VC in max 0.0 seconds and 1 step)
--> mc_hex.adb:35:30

 info: overflow check proved (CVC5: 2 VC in max 0.0 seconds and 1 step)
--> mc_hex.adb:35:35

 info: range check proved (CVC5: 1 VC in max 0.0 seconds and 1 step)
--> mc_hex.adb:35:35

 info: overflow check proved (CVC5: 2 VC in max 0.0 seconds and 1 step)
--> mc_hex.adb:36:17

 info: implicit aspect Always_Terminates on "Encode" has been proved, subprogram will terminate
--> mc_hex.ads:4:13

 info: data dependencies proved
--> mc_hex.ads:5:11

 info: range check proved (CVC5: 2 VC in max 0.0 seconds and 1 step)
--> mc_hex.ads:5:38

 info: postcondition proved (CVC5: 2 VC in max 0.0 seconds and 1 step)
--> mc_hex.ads:6:16

 info: initialization of "Data" proved
--> mc_hex.ads:7:37

 info: initialization of "Status" proved
--> mc_hex.ads:7:55

 info: data dependencies proved
--> mc_hex.ads:8:11
 info: overflow check proved (CVC5: 2 VC in max 0.0 seconds and 1 step)
--> mc_authorization.adb:14:27

 info: implicit aspect Always_Terminates on "Within_Scope" has been proved, subprogram will terminate
--> mc_authorization.ads:12:13

 info: data dependencies proved
--> mc_authorization.ads:14:11
 info: implicit aspect Always_Terminates on "Valid" has been proved, subprogram will terminate
--> mc_system_baseline.ads:21:13

 info: data dependencies proved
--> mc_system_baseline.ads:21:54

 info: implicit aspect Always_Terminates on "Assess" has been proved, subprogram will terminate
--> mc_system_baseline.ads:22:13

 info: data dependencies proved
--> mc_system_baseline.ads:22:77
 info: overflow check proved (CVC5: 2 VC in max 0.0 seconds and 1 step)
--> mc_checkpoint.adb:18:53

 info: length check proved (CVC5: 3 VC in max 0.0 seconds and 1 step)
--> mc_checkpoint.adb:32:19

 info: precondition proved (CVC5: 3 VC in max 0.0 seconds and 1 step)
--> mc_checkpoint.adb:35:15

 info: precondition proved (CVC5: 3 VC in max 0.0 seconds and 1 step)
--> mc_checkpoint.adb:35:59

 info: precondition proved (CVC5: 3 VC in max 0.0 seconds and 1 step)
--> mc_checkpoint.adb:36:15

 info: precondition proved (CVC5: 3 VC in max 0.0 seconds and 1 step)
--> mc_checkpoint.adb:36:60

 info: precondition proved (CVC5: 3 VC in max 0.0 seconds and 1 step)
--> mc_checkpoint.adb:37:15

 info: precondition proved (CVC5: 3 VC in max 0.0 seconds and 1 step)
--> mc_checkpoint.adb:37:61

 info: precondition proved (CVC5: 3 VC in max 0.0 seconds and 1 step)
--> mc_checkpoint.adb:38:15

 info: precondition proved (CVC5: 1 VC in max 0.0 seconds and 2046 steps)
--> mc_checkpoint.adb:39:32

 info: range check proved (CVC5: 4 VC in max 0.0 seconds and 1 step)
--> mc_checkpoint.adb:39:39

 info: initialization of "T" proved
--> mc_checkpoint.adb:42:07

 info: range check proved (CVC5: 4 VC in max 0.0 seconds and 1 step)
--> mc_checkpoint.adb:46:10

 info: index check proved (CVC5: 2 VC in max 0.0 seconds and 1 step)
--> mc_checkpoint.adb:46:39

 info: unrolling loop [info-unrolling-inlining]
--> mc_checkpoint.adb:47:21

 info: precondition proved (CVC5: 21 VC in max 0.0 seconds and 1 step)
--> mc_checkpoint.adb:48:21

 info: range check proved (CVC5: 4 VC in max 0.0 seconds and 1 step)
--> mc_checkpoint.adb:50:20

 info: range check proved (CVC5: 4 VC in max 0.0 seconds and 1 step)
--> mc_checkpoint.adb:50:46

 info: range check proved (CVC5: 4 VC in max 0.0 seconds and 1 step)
--> mc_checkpoint.adb:50:72

 info: range check proved (CVC5: 4 VC in max 0.0 seconds and 1 step)
--> mc_checkpoint.adb:51:21

 info: range check proved (CVC5: 4 VC in max 0.0 seconds and 1 step)
--> mc_checkpoint.adb:51:47

 info: range check proved (CVC5: 4 VC in max 0.0 seconds and 1 step)
--> mc_checkpoint.adb:51:75

 info: range check proved (CVC5: 4 VC in max 0.0 seconds and 1 step)
--> mc_checkpoint.adb:52:26

 info: precondition proved (CVC5: 3 VC in max 0.0 seconds and 1 step)
--> mc_checkpoint.adb:52:73

 info: range check proved (CVC5: 2 VC in max 0.0 seconds and 327 steps)
--> mc_checkpoint.adb:52:73

 info: precondition proved (CVC5: 3 VC in max 0.0 seconds and 17 steps)
--> mc_checkpoint.adb:53:45

 info: range check proved (CVC5: 2 VC in max 0.0 seconds and 362 steps)
--> mc_checkpoint.adb:53:45

 info: precondition proved (CVC5: 3 VC in max 0.0 seconds and 35 steps)
--> mc_checkpoint.adb:53:94

 info: range check proved (CVC5: 2 VC in max 0.0 seconds and 397 steps)
--> mc_checkpoint.adb:53:94

 info: precondition proved (CVC5: 3 VC in max 0.0 seconds and 54 steps)
--> mc_checkpoint.adb:54:42

 info: range check proved (CVC5: 2 VC in max 0.0 seconds and 433 steps)
--> mc_checkpoint.adb:54:42

 info: precondition proved (CVC5: 3 VC in max 0.0 seconds and 74 steps)
--> mc_checkpoint.adb:54:92

 info: range check proved (CVC5: 2 VC in max 0.0 seconds and 470 steps)
--> mc_checkpoint.adb:54:92

 info: precondition proved (CVC5: 3 VC in max 0.0 seconds and 94 steps)
--> mc_checkpoint.adb:55:45

 info: range check proved (CVC5: 2 VC in max 0.0 seconds and 507 steps)
--> mc_checkpoint.adb:55:45

 info: precondition proved (CVC5: 3 VC in max 0.0 seconds and 115 steps)
--> mc_checkpoint.adb:55:95

 info: range check proved (CVC5: 2 VC in max 0.0 seconds and 545 steps)
--> mc_checkpoint.adb:55:95

 info: index check proved (CVC5: 2 VC in max 0.0 seconds and 1 step)
--> mc_checkpoint.adb:56:25

 info: implicit aspect Always_Terminates on "Valid" has been proved, subprogram will terminate
--> mc_checkpoint.ads:13:13

 info: data dependencies proved
--> mc_checkpoint.ads:13:56

 info: implicit aspect Always_Terminates on "Follows" has been proved, subprogram will terminate
--> mc_checkpoint.ads:14:13

 info: data dependencies proved
--> mc_checkpoint.ads:15:11

 info: implicit aspect Always_Terminates on "Encode" has been proved, subprogram will terminate
--> mc_checkpoint.ads:16:13

 info: data dependencies proved
--> mc_checkpoint.ads:16:55

 info: initialization of "D" proved
--> mc_checkpoint.ads:17:33

 info: initialization of "Status" proved
--> mc_checkpoint.ads:17:53

 info: data dependencies proved
--> mc_checkpoint.ads:17:80
 info: overflow check proved (CVC5: 2 VC in max 0.0 seconds and 1 step)
--> mc_accounting.adb:10:93

 info: implicit aspect Always_Terminates on "Valid" has been proved, subprogram will terminate
--> mc_accounting.ads:21:13

 info: data dependencies proved
--> mc_accounting.ads:21:51

 info: implicit aspect Always_Terminates on "Chain_Extends" has been proved, subprogram will terminate
--> mc_accounting.ads:22:13

 info: data dependencies proved
--> mc_accounting.ads:22:114

 info: implicit aspect Always_Terminates on "Required_Remote_Preservation" has been proved, subprogram will terminate
--> mc_accounting.ads:23:13

 info: data dependencies proved
--> mc_accounting.ads:23:74
 info: cannot unroll loop (too many loop iterations) [info-unrolling-inlining]
--> mc_stop_barrier.adb:16:27

 info: cannot unroll loop (too many loop iterations) [info-unrolling-inlining]
--> mc_stop_barrier.adb:22:26

 info: index check proved (CVC5: 2 VC in max 0.0 seconds and 1 step)
--> mc_stop_barrier.adb:23:51

 info: index check proved (CVC5: 2 VC in max 0.0 seconds and 1 step)
--> mc_stop_barrier.adb:24:58

 info: index check proved (CVC5: 2 VC in max 0.0 seconds and 1 step)
--> mc_stop_barrier.adb:25:62

 info: index check proved (CVC5: 2 VC in max 0.0 seconds and 1 step)
--> mc_stop_barrier.adb:26:63

 info: cannot unroll loop (too many loop iterations) [info-unrolling-inlining]
--> mc_stop_barrier.adb:31:30

 info: implicit aspect Always_Terminates on "Valid_Receipt" has been proved, subprogram will terminate
--> mc_stop_barrier.adb:37:13

 info: index check proved (CVC5: 2 VC in max 0.0 seconds and 1 step)
--> mc_stop_barrier.adb:51:70

 info: precondition proved (CVC5: 1 VC in max 0.0 seconds and 1 step)
--> mc_stop_barrier.adb:52:65

 info: index check proved (CVC5: 2 VC in max 0.0 seconds and 1 step)
--> mc_stop_barrier.adb:59:19

 info: index check proved (CVC5: 2 VC in max 0.0 seconds and 1 step)
--> mc_stop_barrier.adb:60:28

 info: index check proved (CVC5: 2 VC in max 0.0 seconds and 1 step)
--> mc_stop_barrier.adb:60:64

 info: index check proved (CVC5: 2 VC in max 0.0 seconds and 1 step)
--> mc_stop_barrier.adb:61:28

 info: overflow check proved (CVC5: 2 VC in max 0.0 seconds and 1 step)
--> mc_stop_barrier.adb:61:38

 info: index check proved (CVC5: 2 VC in max 0.0 seconds and 1 step)
--> mc_stop_barrier.adb:61:49

 info: overflow check proved (CVC5: 2 VC in max 0.0 seconds and 1 step)
--> mc_stop_barrier.adb:62:21

 info: index check proved (CVC5: 2 VC in max 0.0 seconds and 1 step)
--> mc_stop_barrier.adb:62:32

 info: index check proved (CVC5: 2 VC in max 0.0 seconds and 1 step)
--> mc_stop_barrier.adb:63:29

 info: index check proved (CVC5: 2 VC in max 0.0 seconds and 1 step)
--> mc_stop_barrier.adb:64:22

 info: index check proved (CVC5: 2 VC in max 0.0 seconds and 1 step)
--> mc_stop_barrier.adb:64:55

 info: index check proved (CVC5: 2 VC in max 0.0 seconds and 1 step)
--> mc_stop_barrier.adb:65:24

 info: initialization of "R" proved
--> mc_stop_barrier.adb:81:23

 info: loop invariant initialization proved (CVC5: 1 VC in max 0.0 seconds and 80 steps)
--> mc_stop_barrier.adb:96:32

 info: loop invariant preservation proved (CVC5: 1 VC in max 0.0 seconds and 153 steps)
--> mc_stop_barrier.adb:96:32

 info: index check proved (CVC5: 2 VC in max 0.0 seconds and 91 steps)
--> mc_stop_barrier.adb:98:48

 info: index check proved (CVC5: 2 VC in max 0.0 seconds and 1 step)
--> mc_stop_barrier.adb:99:46

 info: index check proved (CVC5: 2 VC in max 0.0 seconds and 1 step)
--> mc_stop_barrier.adb:100:50

 info: index check proved (CVC5: 2 VC in max 0.0 seconds and 1 step)
--> mc_stop_barrier.adb:101:20

 info: assertion proved (CVC5: 1 VC in max 0.0 seconds and 372 steps)
--> mc_stop_barrier.adb:102:21

 info: index check proved (CVC5: 2 VC in max 0.0 seconds and 1 step)
--> mc_stop_barrier.adb:104:44

 info: index check proved (CVC5: 2 VC in max 0.0 seconds and 1 step)
--> mc_stop_barrier.adb:107:44

 info: index check proved (CVC5: 2 VC in max 0.0 seconds and 1 step)
--> mc_stop_barrier.adb:122:27

 info: index check proved (CVC5: 2 VC in max 0.0 seconds and 1 step)
--> mc_stop_barrier.adb:123:46

 info: index check proved (CVC5: 2 VC in max 0.0 seconds and 1 step)
--> mc_stop_barrier.adb:129:57

 info: index check proved (CVC5: 2 VC in max 0.0 seconds and 1 step)
--> mc_stop_barrier.adb:130:31

 info: precondition proved (CVC5: 1 VC in max 0.0 seconds and 695 steps)
--> mc_stop_barrier.adb:137:27

 info: overflow check proved (CVC5: 2 VC in max 0.0 seconds and 665 steps)
--> mc_stop_barrier.adb:142:32

 info: assertion proved (CVC5: 1 VC in max 0.0 seconds and 1221 steps)
--> mc_stop_barrier.adb:143:21

 info: index check proved (CVC5: 2 VC in max 0.0 seconds and 137 steps)
--> mc_stop_barrier.adb:144:17

 info: assertion proved (CVC5: 1 VC in max 0.0 seconds and 661 steps)
--> mc_stop_barrier.adb:145:21

 info: assertion proved (CVC5: 1 VC in max 0.0 seconds and 860 steps; Trivial: 1 VC in max 0.0 seconds and 2 steps)
--> mc_stop_barrier.adb:146:21

 info: index check proved (CVC5: 2 VC in max 0.0 seconds and 55 steps)
--> mc_stop_barrier.adb:146:74

 info: index check proved (CVC5: 2 VC in max 0.0 seconds and 679 steps)
--> mc_stop_barrier.adb:146:87

 info: overflow check proved (CVC5: 2 VC in max 0.0 seconds and 1 step)
--> mc_stop_barrier.adb:153:72

 info: initialization of "O" proved
--> mc_stop_barrier.adb:156:42

 info: length check proved (CVC5: 3 VC in max 0.0 seconds and 1 step)
--> mc_stop_barrier.adb:158:19

 info: precondition proved (CVC5: 3 VC in max 0.0 seconds and 1 step)
--> mc_stop_barrier.adb:161:15

 info: precondition proved (CVC5: 3 VC in max 0.0 seconds and 1 step)
--> mc_stop_barrier.adb:161:54

 info: precondition proved (CVC5: 3 VC in max 0.0 seconds and 1 step)
--> mc_stop_barrier.adb:162:15

 info: cannot unroll loop (too many loop iterations) [info-unrolling-inlining]
--> mc_stop_barrier.adb:163:27

 info: overflow check proved (CVC5: 2 VC in max 0.0 seconds and 1 step)
--> mc_stop_barrier.adb:164:19

 info: overflow check proved (CVC5: 2 VC in max 0.0 seconds and 1 step)
--> mc_stop_barrier.adb:164:26

 info: range check proved (CVC5: 4 VC in max 0.0 seconds and 1 step)
--> mc_stop_barrier.adb:165:10

 info: index check proved (CVC5: 2 VC in max 0.0 seconds and 1 step)
--> mc_stop_barrier.adb:165:13

 info: overflow check proved (CVC5: 2 VC in max 0.0 seconds and 1 step)
--> mc_stop_barrier.adb:165:17

 info: index check proved (CVC5: 2 VC in max 0.0 seconds and 1 step)
--> mc_stop_barrier.adb:165:17

 info: length check proved (CVC5: 3 VC in max 0.0 seconds and 1 step)
--> mc_stop_barrier.adb:165:22

 info: length check proved (CVC5: 3 VC in max 0.0 seconds and 1 step)
--> mc_stop_barrier.adb:165:38

 info: range check proved (CVC5: 4 VC in max 0.0 seconds and 1 step)
--> mc_stop_barrier.adb:165:48

 info: overflow check proved (CVC5: 2 VC in max 0.0 seconds and 1 step)
--> mc_stop_barrier.adb:165:52

 info: index check proved (CVC5: 2 VC in max 0.0 seconds and 1 step)
--> mc_stop_barrier.adb:165:52

 info: overflow check proved (CVC5: 2 VC in max 0.0 seconds and 1 step)
--> mc_stop_barrier.adb:165:58

 info: index check proved (CVC5: 2 VC in max 0.0 seconds and 1 step)
--> mc_stop_barrier.adb:165:58

 info: length check proved (CVC5: 3 VC in max 0.0 seconds and 1 step)
--> mc_stop_barrier.adb:165:63

 info: length check proved (CVC5: 3 VC in max 0.0 seconds and 1 step)
--> mc_stop_barrier.adb:165:79

 info: range check proved (CVC5: 4 VC in max 0.0 seconds and 1 step)
--> mc_stop_barrier.adb:166:10

 info: overflow check proved (CVC5: 2 VC in max 0.0 seconds and 1 step)
--> mc_stop_barrier.adb:166:14

 info: index check proved (CVC5: 2 VC in max 0.0 seconds and 1 step)
--> mc_stop_barrier.adb:166:14

 info: overflow check proved (CVC5: 2 VC in max 0.0 seconds and 1 step)
--> mc_stop_barrier.adb:166:20

 info: index check proved (CVC5: 2 VC in max 0.0 seconds and 1 step)
--> mc_stop_barrier.adb:166:20

 info: length check proved (CVC5: 3 VC in max 0.0 seconds and 1 step)
--> mc_stop_barrier.adb:166:25

 info: length check proved (CVC5: 3 VC in max 0.0 seconds and 1 step)
--> mc_stop_barrier.adb:166:41

 info: range check proved (CVC5: 4 VC in max 0.0 seconds and 1 step)
--> mc_stop_barrier.adb:166:51

 info: overflow check proved (CVC5: 2 VC in max 0.0 seconds and 1 step)
--> mc_stop_barrier.adb:166:55

 info: index check proved (CVC5: 2 VC in max 0.0 seconds and 1 step)
--> mc_stop_barrier.adb:166:55

 info: overflow check proved (CVC5: 2 VC in max 0.0 seconds and 1 step)
--> mc_stop_barrier.adb:166:61

 info: index check proved (CVC5: 2 VC in max 0.0 seconds and 1 step)
--> mc_stop_barrier.adb:166:61

 info: length check proved (CVC5: 3 VC in max 0.0 seconds and 1 step)
--> mc_stop_barrier.adb:166:66

 info: length check proved (CVC5: 3 VC in max 0.0 seconds and 1 step)
--> mc_stop_barrier.adb:166:82

 info: range check proved (CVC5: 4 VC in max 0.0 seconds and 1 step)
--> mc_stop_barrier.adb:167:10

 info: overflow check proved (CVC5: 2 VC in max 0.0 seconds and 1 step)
--> mc_stop_barrier.adb:167:14

 info: index check proved (CVC5: 2 VC in max 0.0 seconds and 1 step)
--> mc_stop_barrier.adb:167:14

 info: overflow check proved (CVC5: 2 VC in max 0.0 seconds and 1 step)
--> mc_stop_barrier.adb:167:20

 info: index check proved (CVC5: 2 VC in max 0.0 seconds and 1 step)
--> mc_stop_barrier.adb:167:20

 info: length check proved (CVC5: 3 VC in max 0.0 seconds and 1 step)
--> mc_stop_barrier.adb:167:26

 info: length check proved (CVC5: 3 VC in max 0.0 seconds and 1 step)
--> mc_stop_barrier.adb:167:42

 info: precondition proved (CVC5: 3 VC in max 0.0 seconds and 97 steps)
--> mc_stop_barrier.adb:168:18

 info: overflow check proved (CVC5: 2 VC in max 0.0 seconds and 1 step)
--> mc_stop_barrier.adb:168:29

 info: precondition proved (CVC5: 1 VC in max 0.0 seconds and 1244 steps)
--> mc_stop_barrier.adb:170:36

 info: range check proved (CVC5: 4 VC in max 0.0 seconds and 1 step)
--> mc_stop_barrier.adb:170:43

 info: initialization of "O" proved
--> mc_stop_barrier.adb:173:41

 info: length check proved (CVC5: 3 VC in max 0.0 seconds and 1 step)
--> mc_stop_barrier.adb:175:19

 info: precondition proved (CVC5: 3 VC in max 0.0 seconds and 1 step)
--> mc_stop_barrier.adb:177:15

 info: precondition proved (CVC5: 3 VC in max 0.0 seconds and 1 step)
--> mc_stop_barrier.adb:177:56

 info: cannot unroll loop (too many loop iterations) [info-unrolling-inlining]
--> mc_stop_barrier.adb:179:27

 info: overflow check proved (CVC5: 2 VC in max 0.0 seconds and 1 step)
--> mc_stop_barrier.adb:180:19

 info: overflow check proved (CVC5: 2 VC in max 0.0 seconds and 1 step)
--> mc_stop_barrier.adb:180:26

 info: index check proved (CVC5: 2 VC in max 0.0 seconds and 1 step)
--> mc_stop_barrier.adb:180:35

 info: precondition proved (CVC5: 3 VC in max 0.0 seconds and 1 step)
--> mc_stop_barrier.adb:181:18

 info: overflow check proved (CVC5: 2 VC in max 0.0 seconds and 1 step)
--> mc_stop_barrier.adb:181:29

 info: precondition proved (CVC5: 3 VC in max 0.0 seconds and 1 step)
--> mc_stop_barrier.adb:182:18

 info: overflow check proved (CVC5: 2 VC in max 0.0 seconds and 1 step)
--> mc_stop_barrier.adb:182:29

 info: precondition proved (CVC5: 3 VC in max 0.0 seconds and 1 step)
--> mc_stop_barrier.adb:183:18

 info: overflow check proved (CVC5: 2 VC in max 0.0 seconds and 1 step)
--> mc_stop_barrier.adb:183:29

 info: precondition proved (CVC5: 3 VC in max 0.0 seconds and 35 steps)
--> mc_stop_barrier.adb:184:18

 info: overflow check proved (CVC5: 2 VC in max 0.0 seconds and 1 step)
--> mc_stop_barrier.adb:184:29

 info: range check proved (CVC5: 4 VC in max 0.0 seconds and 1 step)
--> mc_stop_barrier.adb:185:10

 info: overflow check proved (CVC5: 2 VC in max 0.0 seconds and 1 step)
--> mc_stop_barrier.adb:185:14

 info: index check proved (CVC5: 2 VC in max 0.0 seconds and 1 step)
--> mc_stop_barrier.adb:185:14

 info: overflow check proved (CVC5: 2 VC in max 0.0 seconds and 1 step)
--> mc_stop_barrier.adb:185:20

 info: index check proved (CVC5: 2 VC in max 0.0 seconds and 1 step)
--> mc_stop_barrier.adb:185:20

 info: length check proved (CVC5: 3 VC in max 0.0 seconds and 1 step)
--> mc_stop_barrier.adb:185:25

 info: length check proved (CVC5: 3 VC in max 0.0 seconds and 1 step)
--> mc_stop_barrier.adb:185:41

 info: range check proved (CVC5: 4 VC in max 0.0 seconds and 1 step)
--> mc_stop_barrier.adb:185:49

 info: overflow check proved (CVC5: 2 VC in max 0.0 seconds and 1 step)
--> mc_stop_barrier.adb:185:53

 info: index check proved (CVC5: 2 VC in max 0.0 seconds and 1 step)
--> mc_stop_barrier.adb:185:53

 info: overflow check proved (CVC5: 2 VC in max 0.0 seconds and 1 step)
--> mc_stop_barrier.adb:185:59

 info: index check proved (CVC5: 2 VC in max 0.0 seconds and 1 step)
--> mc_stop_barrier.adb:185:59

 info: length check proved (CVC5: 3 VC in max 0.0 seconds and 1 step)
--> mc_stop_barrier.adb:185:65

 info: length check proved (CVC5: 3 VC in max 0.0 seconds and 1 step)
--> mc_stop_barrier.adb:185:81

 info: precondition proved (CVC5: 3 VC in max 0.0 seconds and 161 steps)
--> mc_stop_barrier.adb:186:18

 info: overflow check proved (CVC5: 2 VC in max 0.0 seconds and 1 step)
--> mc_stop_barrier.adb:186:29

 info: precondition proved (CVC5: 3 VC in max 0.0 seconds and 201 steps)
--> mc_stop_barrier.adb:187:18

 info: overflow check proved (CVC5: 2 VC in max 0.0 seconds and 1 step)
--> mc_stop_barrier.adb:187:29

 info: precondition proved (CVC5: 1 VC in max 0.0 seconds and 2396 steps)
--> mc_stop_barrier.adb:189:36

 info: range check proved (CVC5: 4 VC in max 0.0 seconds and 16 steps)
--> mc_stop_barrier.adb:189:43

 info: length check proved (CVC5: 3 VC in max 0.0 seconds and 1 step)
--> mc_stop_barrier.adb:194:19

 info: precondition proved (CVC5: 3 VC in max 0.0 seconds and 1 step)
--> mc_stop_barrier.adb:197:15

 info: precondition proved (CVC5: 3 VC in max 0.0 seconds and 1 step)
--> mc_stop_barrier.adb:197:63

 info: precondition proved (CVC5: 3 VC in max 0.0 seconds and 1 step)
--> mc_stop_barrier.adb:198:15

 info: precondition proved (CVC5: 3 VC in max 0.0 seconds and 1 step)
--> mc_stop_barrier.adb:198:65

 info: precondition proved (CVC5: 3 VC in max 0.0 seconds and 1 step)
--> mc_stop_barrier.adb:199:15

 info: precondition proved (CVC5: 3 VC in max 0.0 seconds and 1 step)
--> mc_stop_barrier.adb:200:15

 info: precondition proved (CVC5: 3 VC in max 0.0 seconds and 1 step)
--> mc_stop_barrier.adb:200:64

 info: precondition proved (CVC5: 3 VC in max 0.0 seconds and 1 step)
--> mc_stop_barrier.adb:201:15

 info: precondition proved (CVC5: 3 VC in max 0.0 seconds and 19 steps)
--> mc_stop_barrier.adb:201:58

 info: precondition proved (CVC5: 3 VC in max 0.0 seconds and 51 steps)
--> mc_stop_barrier.adb:202:15

 info: precondition proved (CVC5: 1 VC in max 0.0 seconds and 2873 steps)
--> mc_stop_barrier.adb:206:32

 info: range check proved (CVC5: 4 VC in max 0.0 seconds and 1 step)
--> mc_stop_barrier.adb:206:39

 info: initialization of "T" proved
--> mc_stop_barrier.adb:209:07

 info: initialization of "O" proved
--> mc_stop_barrier.adb:209:19

 info: range check proved (CVC5: 4 VC in max 0.0 seconds and 1 step)
--> mc_stop_barrier.adb:213:10

 info: index check proved (CVC5: 2 VC in max 0.0 seconds and 1 step)
--> mc_stop_barrier.adb:213:36

 info: unrolling loop [info-unrolling-inlining]
--> mc_stop_barrier.adb:214:21

 info: precondition proved (CVC5: 9 VC in max 0.0 seconds and 1 step)
--> mc_stop_barrier.adb:214:37

 info: range check proved (CVC5: 4 VC in max 0.0 seconds and 1 step)
--> mc_stop_barrier.adb:215:23

 info: range check proved (CVC5: 4 VC in max 0.0 seconds and 1 step)
--> mc_stop_barrier.adb:215:50

 info: range check proved (CVC5: 4 VC in max 0.0 seconds and 1 step)
--> mc_stop_barrier.adb:215:81

 info: range check proved (CVC5: 4 VC in max 0.0 seconds and 1 step)
--> mc_stop_barrier.adb:216:21

 info: range check proved (CVC5: 4 VC in max 0.0 seconds and 1 step)
--> mc_stop_barrier.adb:216:50

 info: range check proved (CVC5: 4 VC in max 0.0 seconds and 1 step)
--> mc_stop_barrier.adb:216:78

 info: range check proved (CVC5: 4 VC in max 0.0 seconds and 1 step)
--> mc_stop_barrier.adb:217:24

 info: precondition proved (CVC5: 3 VC in max 0.0 seconds and 1 step)
--> mc_stop_barrier.adb:217:66

 info: range check proved (CVC5: 2 VC in max 0.0 seconds and 193 steps)
--> mc_stop_barrier.adb:217:66

 info: precondition proved (CVC5: 3 VC in max 0.0 seconds and 1 step)
--> mc_stop_barrier.adb:218:44

 info: range check proved (CVC5: 2 VC in max 0.0 seconds and 224 steps)
--> mc_stop_barrier.adb:218:44

 info: precondition proved (CVC5: 3 VC in max 0.0 seconds and 2 steps)
--> mc_stop_barrier.adb:218:93

 info: range check proved (CVC5: 2 VC in max 0.0 seconds and 256 steps)
--> mc_stop_barrier.adb:218:93

 info: range check proved (CVC5: 2 VC in max 0.0 seconds and 281 steps)
--> mc_stop_barrier.adb:219:18

 info: index check proved (CVC5: 2 VC in max 0.0 seconds and 1 step)
--> mc_stop_barrier.adb:219:30

 info: cannot unroll loop (too many loop iterations) [info-unrolling-inlining]
--> mc_stop_barrier.adb:220:27

 info: overflow check proved (CVC5: 2 VC in max 0.0 seconds and 281 steps)
--> mc_stop_barrier.adb:221:18

 info: overflow check proved (CVC5: 2 VC in max 0.0 seconds and 275 steps)
--> mc_stop_barrier.adb:221:24

 info: range check proved (CVC5: 4 VC in max 0.0 seconds and 298 steps)
--> mc_stop_barrier.adb:221:55

 info: length check proved (CVC5: 3 VC in max 0.0 seconds and 1 step)
--> mc_stop_barrier.adb:221:55

 info: overflow check proved (CVC5: 2 VC in max 0.0 seconds and 1 step)
--> mc_stop_barrier.adb:221:62

 info: range check proved (CVC5: 4 VC in max 0.0 seconds and 204 steps)
--> mc_stop_barrier.adb:222:39

 info: length check proved (CVC5: 3 VC in max 0.0 seconds and 1 step)
--> mc_stop_barrier.adb:222:39

 info: overflow check proved (CVC5: 2 VC in max 0.0 seconds and 1 step)
--> mc_stop_barrier.adb:222:43

 info: overflow check proved (CVC5: 2 VC in max 0.0 seconds and 1 step)
--> mc_stop_barrier.adb:222:49

 info: range check proved (CVC5: 4 VC in max 0.0 seconds and 225 steps)
--> mc_stop_barrier.adb:222:80

 info: length check proved (CVC5: 3 VC in max 0.0 seconds and 1 step)
--> mc_stop_barrier.adb:222:80

 info: overflow check proved (CVC5: 2 VC in max 0.0 seconds and 1 step)
--> mc_stop_barrier.adb:222:84

 info: overflow check proved (CVC5: 2 VC in max 0.0 seconds and 1 step)
--> mc_stop_barrier.adb:222:90

 info: range check proved (CVC5: 4 VC in max 0.0 seconds and 246 steps)
--> mc_stop_barrier.adb:223:36

 info: length check proved (CVC5: 3 VC in max 0.0 seconds and 1 step)
--> mc_stop_barrier.adb:223:36

 info: overflow check proved (CVC5: 2 VC in max 0.0 seconds and 1 step)
--> mc_stop_barrier.adb:223:40

 info: overflow check proved (CVC5: 2 VC in max 0.0 seconds and 1 step)
--> mc_stop_barrier.adb:223:46

 info: range check proved (CVC5: 4 VC in max 0.0 seconds and 269 steps)
--> mc_stop_barrier.adb:223:79

 info: length check proved (CVC5: 3 VC in max 0.0 seconds and 1 step)
--> mc_stop_barrier.adb:223:79

 info: overflow check proved (CVC5: 2 VC in max 0.0 seconds and 1 step)
--> mc_stop_barrier.adb:223:83

 info: overflow check proved (CVC5: 2 VC in max 0.0 seconds and 1 step)
--> mc_stop_barrier.adb:223:89

 info: precondition proved (CVC5: 3 VC in max 0.0 seconds and 289 steps)
--> mc_stop_barrier.adb:224:60

 info: overflow check proved (CVC5: 2 VC in max 0.0 seconds and 1 step)
--> mc_stop_barrier.adb:224:69

 info: initialization of "T" proved
--> mc_stop_barrier.adb:229:07

 info: initialization of "O" proved
--> mc_stop_barrier.adb:229:18

 info: range check proved (CVC5: 4 VC in max 0.0 seconds and 1 step)
--> mc_stop_barrier.adb:233:10

 info: index check proved (CVC5: 2 VC in max 0.0 seconds and 1 step)
--> mc_stop_barrier.adb:233:36

 info: index check proved (CVC5: 2 VC in max 0.0 seconds and 1 step)
--> mc_stop_barrier.adb:233:56

 info: precondition proved (CVC5: 3 VC in max 0.0 seconds and 1 step)
--> mc_stop_barrier.adb:234:25

 info: precondition proved (CVC5: 3 VC in max 0.0 seconds and 1 step)
--> mc_stop_barrier.adb:235:25

 info: range check proved (CVC5: 4 VC in max 0.0 seconds and 1 step)
--> mc_stop_barrier.adb:236:24

 info: range check proved (CVC5: 4 VC in max 0.0 seconds and 1 step)
--> mc_stop_barrier.adb:236:51

 info: range check proved (CVC5: 4 VC in max 0.0 seconds and 1 step)
--> mc_stop_barrier.adb:236:79

 info: range check proved (CVC5: 4 VC in max 0.0 seconds and 1 step)
--> mc_stop_barrier.adb:237:26

 info: precondition proved (CVC5: 3 VC in max 0.0 seconds and 1 step)
--> mc_stop_barrier.adb:237:69

 info: range check proved (CVC5: 2 VC in max 0.0 seconds and 107 steps)
--> mc_stop_barrier.adb:237:69

 info: precondition proved (CVC5: 3 VC in max 0.0 seconds and 1 step)
--> mc_stop_barrier.adb:238:38

 info: range check proved (CVC5: 2 VC in max 0.0 seconds and 135 steps)
--> mc_stop_barrier.adb:238:38

 info: range check proved (CVC5: 2 VC in max 0.0 seconds and 154 steps)
--> mc_stop_barrier.adb:238:76

 info: index check proved (CVC5: 2 VC in max 0.0 seconds and 1 step)
--> mc_stop_barrier.adb:238:79

 info: range check proved (CVC5: 2 VC in max 0.0 seconds and 175 steps)
--> mc_stop_barrier.adb:239:18

 info: index check proved (CVC5: 2 VC in max 0.0 seconds and 1 step)
--> mc_stop_barrier.adb:239:30

 info: cannot unroll loop (too many loop iterations) [info-unrolling-inlining]
--> mc_stop_barrier.adb:240:27

 info: overflow check proved (CVC5: 2 VC in max 0.0 seconds and 162 steps)
--> mc_stop_barrier.adb:241:18

 info: overflow check proved (CVC5: 2 VC in max 0.0 seconds and 157 steps)
--> mc_stop_barrier.adb:241:24

 info: index check proved (CVC5: 2 VC in max 0.0 seconds and 176 steps)
--> mc_stop_barrier.adb:241:36

 info: unrolling loop [info-unrolling-inlining]
--> mc_stop_barrier.adb:242:24

 info: precondition proved (CVC5: 12 VC in max 0.0 seconds and 121 steps)
--> mc_stop_barrier.adb:242:40

 info: overflow check proved (CVC5: 8 VC in max 0.0 seconds and 1 step)
--> mc_stop_barrier.adb:242:49

 info: precondition proved (CVC5: 3 VC in max 0.0 seconds and 134 steps)
--> mc_stop_barrier.adb:243:21

 info: overflow check proved (CVC5: 2 VC in max 0.0 seconds and 1 step)
--> mc_stop_barrier.adb:243:30

 info: range check proved (CVC5: 2 VC in max 0.0 seconds and 574 steps)
--> mc_stop_barrier.adb:244:58

 info: index check proved (CVC5: 2 VC in max 0.0 seconds and 1 step)
--> mc_stop_barrier.adb:244:61

 info: precondition proved (CVC5: 3 VC in max 0.0 seconds and 169 steps)
--> mc_stop_barrier.adb:245:58

 info: range check proved (CVC5: 2 VC in max 0.0 seconds and 617 steps)
--> mc_stop_barrier.adb:245:58

 info: overflow check proved (CVC5: 2 VC in max 0.0 seconds and 1 step)
--> mc_stop_barrier.adb:245:67

 info: precondition proved (CVC5: 3 VC in max 0.0 seconds and 189 steps)
--> mc_stop_barrier.adb:246:59

 info: range check proved (CVC5: 2 VC in max 0.0 seconds and 656 steps)
--> mc_stop_barrier.adb:246:59

 info: overflow check proved (CVC5: 2 VC in max 0.0 seconds and 1 step)
--> mc_stop_barrier.adb:246:68

 info: precondition proved (CVC5: 3 VC in max 0.0 seconds and 211 steps)
--> mc_stop_barrier.adb:247:53

 info: range check proved (CVC5: 2 VC in max 0.0 seconds and 696 steps)
--> mc_stop_barrier.adb:247:53

 info: overflow check proved (CVC5: 2 VC in max 0.0 seconds and 1 step)
--> mc_stop_barrier.adb:247:62

 info: precondition proved (CVC5: 3 VC in max 0.0 seconds and 232 steps)
--> mc_stop_barrier.adb:248:52

 info: range check proved (CVC5: 2 VC in max 0.0 seconds and 736 steps)
--> mc_stop_barrier.adb:248:52

 info: overflow check proved (CVC5: 2 VC in max 0.0 seconds and 1 step)
--> mc_stop_barrier.adb:248:61

 info: range check proved (CVC5: 4 VC in max 0.0 seconds and 265 steps)
--> mc_stop_barrier.adb:249:33

 info: length check proved (CVC5: 3 VC in max 0.0 seconds and 1 step)
--> mc_stop_barrier.adb:249:33

 info: overflow check proved (CVC5: 2 VC in max 0.0 seconds and 1 step)
--> mc_stop_barrier.adb:249:37

 info: overflow check proved (CVC5: 2 VC in max 0.0 seconds and 1 step)
--> mc_stop_barrier.adb:249:43

 info: range check proved (CVC5: 4 VC in max 0.0 seconds and 303 steps)
--> mc_stop_barrier.adb:249:77

 info: length check proved (CVC5: 3 VC in max 0.0 seconds and 1 step)
--> mc_stop_barrier.adb:249:77

 info: overflow check proved (CVC5: 2 VC in max 0.0 seconds and 1 step)
--> mc_stop_barrier.adb:249:81

 info: overflow check proved (CVC5: 2 VC in max 0.0 seconds and 1 step)
--> mc_stop_barrier.adb:249:87

 info: precondition proved (CVC5: 3 VC in max 0.0 seconds and 332 steps)
--> mc_stop_barrier.adb:250:54

 info: range check proved (CVC5: 2 VC in max 0.0 seconds and 854 steps)
--> mc_stop_barrier.adb:250:54

 info: overflow check proved (CVC5: 2 VC in max 0.0 seconds and 1 step)
--> mc_stop_barrier.adb:250:63

 info: precondition proved (CVC5: 3 VC in max 0.0 seconds and 360 steps)
--> mc_stop_barrier.adb:251:51

 info: overflow check proved (CVC5: 2 VC in max 0.0 seconds and 42 steps)
--> mc_stop_barrier.adb:251:60

 info: initialization of "T" proved
--> mc_stop_barrier.adb:256:07

 info: range check proved (CVC5: 4 VC in max 0.0 seconds and 1 step)
--> mc_stop_barrier.adb:260:10

 info: index check proved (CVC5: 2 VC in max 0.0 seconds and 1 step)
--> mc_stop_barrier.adb:260:36

 info: index check proved (CVC5: 2 VC in max 0.0 seconds and 1 step)
--> mc_stop_barrier.adb:260:56

 info: index check proved (CVC5: 2 VC in max 0.0 seconds and 1 step)
--> mc_stop_barrier.adb:261:20

 info: index check proved (CVC5: 2 VC in max 0.0 seconds and 1 step)
--> mc_stop_barrier.adb:261:40

 info: index check proved (CVC5: 2 VC in max 0.0 seconds and 1 step)
--> mc_stop_barrier.adb:261:60

 info: unrolling loop [info-unrolling-inlining]
--> mc_stop_barrier.adb:262:21

 info: precondition proved (CVC5: 27 VC in max 0.0 seconds and 1 step)
--> mc_stop_barrier.adb:262:37

 info: range check proved (CVC5: 4 VC in max 0.0 seconds and 1 step)
--> mc_stop_barrier.adb:263:24

 info: range check proved (CVC5: 4 VC in max 0.0 seconds and 5 steps)
--> mc_stop_barrier.adb:263:56

 info: range check proved (CVC5: 4 VC in max 0.0 seconds and 27 steps)
--> mc_stop_barrier.adb:263:84

 info: range check proved (CVC5: 4 VC in max 0.0 seconds and 50 steps)
--> mc_stop_barrier.adb:264:20

 info: range check proved (CVC5: 4 VC in max 0.0 seconds and 73 steps)
--> mc_stop_barrier.adb:264:51

 info: range check proved (CVC5: 4 VC in max 0.0 seconds and 97 steps)
--> mc_stop_barrier.adb:264:83

 info: range check proved (CVC5: 4 VC in max 0.0 seconds and 121 steps)
--> mc_stop_barrier.adb:265:26

 info: precondition proved (CVC5: 3 VC in max 0.0 seconds and 146 steps)
--> mc_stop_barrier.adb:265:77

 info: range check proved (CVC5: 2 VC in max 0.0 seconds and 567 steps)
--> mc_stop_barrier.adb:265:77

 info: precondition proved (CVC5: 3 VC in max 0.0 seconds and 168 steps)
--> mc_stop_barrier.adb:266:47

 info: range check proved (CVC5: 2 VC in max 0.0 seconds and 606 steps)
--> mc_stop_barrier.adb:266:47

 info: precondition proved (CVC5: 3 VC in max 0.0 seconds and 190 steps)
--> mc_stop_barrier.adb:266:101

 info: range check proved (CVC5: 2 VC in max 0.0 seconds and 646 steps)
--> mc_stop_barrier.adb:266:101

 info: precondition proved (CVC5: 3 VC in max 0.0 seconds and 214 steps)
--> mc_stop_barrier.adb:267:35

 info: range check proved (CVC5: 2 VC in max 0.0 seconds and 686 steps)
--> mc_stop_barrier.adb:267:35

 info: precondition proved (CVC5: 3 VC in max 0.0 seconds and 237 steps)
--> mc_stop_barrier.adb:267:95

 info: range check proved (CVC5: 2 VC in max 0.0 seconds and 726 steps)
--> mc_stop_barrier.adb:267:95

 info: precondition proved (CVC5: 3 VC in max 0.0 seconds and 261 steps)
--> mc_stop_barrier.adb:268:45

 info: range check proved (CVC5: 2 VC in max 0.0 seconds and 767 steps)
--> mc_stop_barrier.adb:268:45

 info: precondition proved (CVC5: 3 VC in max 0.0 seconds and 286 steps)
--> mc_stop_barrier.adb:268:97

 info: range check proved (CVC5: 2 VC in max 0.0 seconds and 809 steps)
--> mc_stop_barrier.adb:268:97

 info: precondition proved (CVC5: 3 VC in max 0.0 seconds and 311 steps)
--> mc_stop_barrier.adb:269:39

 info: range check proved (CVC5: 2 VC in max 0.0 seconds and 852 steps)
--> mc_stop_barrier.adb:269:39

 info: precondition proved (CVC5: 3 VC in max 0.0 seconds and 337 steps)
--> mc_stop_barrier.adb:269:92

 info: range check proved (CVC5: 2 VC in max 0.0 seconds and 895 steps)
--> mc_stop_barrier.adb:269:92

 info: precondition proved (CVC5: 3 VC in max 0.0 seconds and 364 steps)
--> mc_stop_barrier.adb:270:36

 info: range check proved (CVC5: 2 VC in max 0.0 seconds and 964 steps)
--> mc_stop_barrier.adb:270:74

 info: index check proved (CVC5: 2 VC in max 0.0 seconds and 165 steps)
--> mc_stop_barrier.adb:270:77

 info: range check proved (CVC5: 2 VC in max 0.0 seconds and 1008 steps)
--> mc_stop_barrier.adb:271:32

 info: index check proved (CVC5: 2 VC in max 0.0 seconds and 200 steps)
--> mc_stop_barrier.adb:271:35

 info: index check proved (CVC5: 2 VC in max 0.0 seconds and 236 steps)
--> mc_stop_barrier.adb:271:69

 info: index check proved (CVC5: 2 VC in max 0.0 seconds and 254 steps)
--> mc_stop_barrier.adb:272:28

 info: index check proved (CVC5: 2 VC in max 0.0 seconds and 273 steps)
--> mc_stop_barrier.adb:272:65

 info: implicit aspect Always_Terminates on "Valid" has been proved, subprogram will terminate
--> mc_stop_barrier.ads:54:13

 info: data dependencies proved
--> mc_stop_barrier.ads:54:52

 info: implicit aspect Always_Terminates on "Valid" has been proved, subprogram will terminate
--> mc_stop_barrier.ads:55:13

 info: data dependencies proved
--> mc_stop_barrier.ads:55:51

 info: implicit aspect Always_Terminates on "Fingerprint" has been proved, subprogram will terminate
--> mc_stop_barrier.ads:56:13

 info: data dependencies proved
--> mc_stop_barrier.ads:56:57

 info: implicit aspect Always_Terminates on "Ready" has been proved, subprogram will terminate
--> mc_stop_barrier.ads:57:13

 info: data dependencies proved
--> mc_stop_barrier.ads:57:78

 info: implicit aspect Always_Terminates on "Usable" has been proved, subprogram will terminate
--> mc_stop_barrier.ads:58:13

 info: data dependencies proved
--> mc_stop_barrier.ads:58:79

 info: initialization of "S" proved
--> mc_stop_barrier.ads:59:38

 info: initialization of "Status" proved
--> mc_stop_barrier.ads:59:53

 info: data dependencies proved
--> mc_stop_barrier.ads:59:80

 info: initialization of "Status" proved
--> mc_stop_barrier.ads:61:52

 info: data dependencies proved
--> mc_stop_barrier.ads:62:12

 info: postcondition proved (CVC5: 8 VC in max 0.0 seconds and 2321 steps; Trivial: 2 VC in max 0.0 seconds and 2 steps)
--> mc_stop_barrier.ads:62:36

 info: overflow check proved (CVC5: 2 VC in max 0.0 seconds and 420 steps)
--> mc_stop_barrier.ads:63:86

 info: initialization of "Status" proved
--> mc_stop_barrier.ads:64:65

 info: data dependencies proved
--> mc_stop_barrier.ads:65:12

 info: postcondition proved (CVC5: 4 VC in max 0.0 seconds and 916 steps; Trivial: 2 VC in max 0.0 seconds and 2 steps)
--> mc_stop_barrier.ads:65:36

 info: implicit aspect Always_Terminates on "Encode" has been proved, subprogram will terminate
--> mc_stop_barrier.ads:67:13

 info: data dependencies proved
--> mc_stop_barrier.ads:67:58

 info: implicit aspect Always_Terminates on "Encode" has been proved, subprogram will terminate
--> mc_stop_barrier.ads:68:13

 info: data dependencies proved
--> mc_stop_barrier.ads:68:56

 info: implicit aspect Always_Terminates on "Encode" has been proved, subprogram will terminate
--> mc_stop_barrier.ads:69:13

 info: data dependencies proved
--> mc_stop_barrier.ads:69:62

 info: initialization of "P" proved
--> mc_stop_barrier.ads:70:33

 info: initialization of "Status" proved
--> mc_stop_barrier.ads:70:49

 info: data dependencies proved
--> mc_stop_barrier.ads:70:76

 info: initialization of "S" proved
--> mc_stop_barrier.ads:71:33

 info: initialization of "Status" proved
--> mc_stop_barrier.ads:71:48

 info: data dependencies proved
--> mc_stop_barrier.ads:71:75

 info: initialization of "E" proved
--> mc_stop_barrier.ads:72:33

 info: initialization of "Status" proved
--> mc_stop_barrier.ads:72:51

 info: data dependencies proved
--> mc_stop_barrier.ads:72:78
 info: initialization of "D" proved
--> mc_numbers.adb:4:07

 info: index check proved (CVC5: 2 VC in max 0.0 seconds and 1 step)
--> mc_numbers.adb:7:33

 info: cannot unroll loop (too many loop iterations) [info-unrolling-inlining]
--> mc_numbers.adb:8:18

 info: range check proved (CVC5: 2 VC in max 0.0 seconds and 1 step)
--> mc_numbers.adb:9:71

 info: overflow check proved (CVC5: 2 VC in max 0.0 seconds and 1 step)
--> mc_numbers.adb:10:28

 info: division check proved (CVC5: 1 VC in max 0.0 seconds and 1 step)
--> mc_numbers.adb:10:31

 info: overflow check proved (CVC5: 2 VC in max 0.0 seconds and 1 step)
--> mc_numbers.adb:10:60

 info: overflow check proved (CVC5: 2 VC in max 0.0 seconds and 1 step)
--> mc_numbers.adb:10:63

 info: unrolling loop [info-unrolling-inlining]
--> mc_numbers.adb:18:32

 info: division check proved (CVC5: 19 VC in max 0.0 seconds and 1 step)
--> mc_numbers.adb:19:43

 info: division check proved (CVC5: 19 VC in max 0.0 seconds and 1 step)
--> mc_numbers.adb:20:30

 info: assertion proved (CVC5: 1 VC in max 0.0 seconds and 1598 steps)
--> mc_numbers.adb:23:21

 info: range check proved (CVC5: 2 VC in max 0.0 seconds and 1410 steps)
--> mc_numbers.adb:26:38

 info: range check proved (CVC5: 2 VC in max 0.0 seconds and 916 steps)
--> mc_numbers.adb:27:10

 info: range check proved (CVC5: 4 VC in max 0.0 seconds and 1401 steps)
--> mc_numbers.adb:27:45

 info: length check proved (CVC5: 3 VC in max 0.0 seconds and 978 steps)
--> mc_numbers.adb:27:45

 info: initialization of "N" proved
--> mc_numbers.ads:4:32

 info: initialization of "Status" proved
--> mc_numbers.ads:4:49

 info: data dependencies proved
--> mc_numbers.ads:4:76

 info: implicit aspect Always_Terminates on "Image" has been proved, subprogram will terminate
--> mc_numbers.ads:5:13

 info: data dependencies proved
--> mc_numbers.ads:5:51

 info: postcondition proved (CVC5: 2 VC in max 0.0 seconds and 1503 steps)
--> mc_numbers.ads:6:14
 info: precondition proved (CVC5: 4 VC in max 0.0 seconds and 1 step)
--> mc_protocol.adb:9:15

 info: precondition proved (CVC5: 4 VC in max 0.0 seconds and 1 step)
--> mc_protocol.adb:10:15

 info: range check proved (CVC5: 1 VC in max 0.0 seconds and 1 step)
--> mc_protocol.adb:11:52

 info: precondition proved (CVC5: 4 VC in max 0.0 seconds and 1 step)
--> mc_protocol.adb:12:15

 info: precondition proved (CVC5: 3 VC in max 0.0 seconds and 1 step)
--> mc_protocol.adb:13:15

 info: precondition proved (CVC5: 3 VC in max 0.0 seconds and 1 step)
--> mc_protocol.adb:18:15

 info: precondition proved (CVC5: 3 VC in max 0.0 seconds and 1 step)
--> mc_protocol.adb:19:15

 info: precondition proved (CVC5: 3 VC in max 0.0 seconds and 1 step)
--> mc_protocol.adb:20:15

 info: precondition proved (CVC5: 3 VC in max 0.0 seconds and 1 step)
--> mc_protocol.adb:21:15

 info: initialization of "B" proved
--> mc_protocol.adb:27:07

 info: length check proved (CVC5: 3 VC in max 0.0 seconds and 1 step)
--> mc_protocol.adb:32:12

 info: range check proved (CVC5: 4 VC in max 0.0 seconds and 1 step)
--> mc_protocol.adb:33:10

 info: precondition proved (CVC5: 3 VC in max 0.0 seconds and 1 step)
--> mc_protocol.adb:34:45

 info: precondition proved (CVC5: 3 VC in max 0.0 seconds and 1 step)
--> mc_protocol.adb:36:18

 info: precondition proved (CVC5: 3 VC in max 0.0 seconds and 1 step)
--> mc_protocol.adb:36:55

 info: precondition proved (CVC5: 3 VC in max 0.0 seconds and 1 step)
--> mc_protocol.adb:40:25

 info: unrolling loop [info-unrolling-inlining]
--> mc_protocol.adb:42:23

 info: precondition proved (CVC5: 12 VC in max 0.0 seconds and 1 step)
--> mc_protocol.adb:43:21

 info: range check proved (CVC5: 2 VC in max 0.0 seconds and 88 steps)
--> mc_protocol.adb:45:55

 info: range check proved (CVC5: 2 VC in max 0.0 seconds and 132 steps)
--> mc_protocol.adb:46:28

 info: precondition proved (CVC5: 3 VC in max 0.0 seconds and 1 step)
--> mc_protocol.adb:46:45

 info: range check proved (CVC5: 2 VC in max 0.0 seconds and 116 steps)
--> mc_protocol.adb:46:45

 info: range check proved (CVC5: 4 VC in max 0.0 seconds and 1 step)
--> mc_protocol.adb:47:27

 info: range check proved (CVC5: 4 VC in max 0.0 seconds and 1 step)
--> mc_protocol.adb:48:27

 info: range check proved (CVC5: 4 VC in max 0.0 seconds and 1 step)
--> mc_protocol.adb:49:24

 info: range check proved (CVC5: 4 VC in max 0.0 seconds and 1 step)
--> mc_protocol.adb:50:28

 info: precondition proved (CVC5: 3 VC in max 0.0 seconds and 1 step)
--> mc_protocol.adb:51:50

 info: range check proved (CVC5: 2 VC in max 0.0 seconds and 179 steps)
--> mc_protocol.adb:51:50

 info: precondition proved (CVC5: 3 VC in max 0.0 seconds and 1 step)
--> mc_protocol.adb:52:45

 info: range check proved (CVC5: 2 VC in max 0.0 seconds and 216 steps)
--> mc_protocol.adb:52:45

 info: precondition proved (CVC5: 3 VC in max 0.0 seconds and 1 step)
--> mc_protocol.adb:53:49

 info: range check proved (CVC5: 2 VC in max 0.0 seconds and 253 steps)
--> mc_protocol.adb:53:49

 info: precondition proved (CVC5: 3 VC in max 0.0 seconds and 1 step)
--> mc_protocol.adb:54:42

 info: range check proved (CVC5: 2 VC in max 0.0 seconds and 290 steps)
--> mc_protocol.adb:54:42

 info: range check proved (CVC5: 4 VC in max 0.0 seconds and 1 step)
--> mc_protocol.adb:55:24

 info: range check proved (CVC5: 4 VC in max 0.0 seconds and 1 step)
--> mc_protocol.adb:56:28

 info: implicit aspect Always_Terminates on "Encode" has been proved, subprogram will terminate
--> mc_protocol.ads:30:13

 info: data dependencies proved
--> mc_protocol.ads:30:62

 info: initialization of "Value" proved
--> mc_protocol.ads:31:36

 info: initialization of "Status" proved
--> mc_protocol.ads:31:56

 info: data dependencies proved
--> mc_protocol.ads:32:11

 info: postcondition proved (CVC5: 2 VC in max 0.0 seconds and 121 steps; Trivial: 1 VC in max 0.0 seconds and 2 steps)
--> mc_protocol.ads:33:16

 info: implicit aspect Always_Terminates on "Valid_Identity" has been proved, subprogram will terminate
--> mc_protocol.ads:35:13

 info: data dependencies proved
--> mc_protocol.ads:35:65
 info: implicit aspect Always_Terminates on "Ready" has been proved, subprogram will terminate
--> mc_platform_profile.ads:18:13

 info: data dependencies proved
--> mc_platform_profile.ads:18:70
 info: initialization of "Field_Status" proved
--> mc_properties.adb:5:56

 info: loop invariant initialization proved (CVC5: 2 VC in max 0.0 seconds and 1 step)
--> mc_properties.adb:10:33

 info: loop invariant preservation proved (CVC5: 2 VC in max 0.0 seconds and 272 steps)
--> mc_properties.adb:10:33

 info: loop invariant initialization proved (CVC5: 1 VC in max 0.0 seconds and 1 step)
--> mc_properties.adb:11:33

 info: loop invariant preservation proved (CVC5: 1 VC in max 0.0 seconds and 286 steps)
--> mc_properties.adb:11:33

 info: overflow check proved (CVC5: 4 VC in max 0.0 seconds and 210 steps)
--> mc_properties.adb:11:71

 info: range check proved (CVC5: 2 VC in max 0.0 seconds and 1 step)
--> mc_properties.adb:12:53

 info: overflow check proved (CVC5: 2 VC in max 0.0 seconds and 1 step)
--> mc_properties.adb:14:59

 info: overflow check proved (CVC5: 2 VC in max 0.0 seconds and 1 step)
--> mc_properties.adb:14:71

 info: overflow check proved (CVC5: 2 VC in max 0.0 seconds and 1 step)
--> mc_properties.adb:16:54

 info: range check proved (CVC5: 2 VC in max 0.0 seconds and 1 step)
--> mc_properties.adb:16:54

 info: overflow check proved (CVC5: 2 VC in max 0.0 seconds and 1 step)
--> mc_properties.adb:17:52

 info: overflow check proved (CVC5: 2 VC in max 0.0 seconds and 1 step)
--> mc_properties.adb:17:58

 info: range check proved (CVC5: 2 VC in max 0.0 seconds and 1 step)
--> mc_properties.adb:17:58

 info: initialization of "Key" proved
--> mc_properties.adb:18:16

 info: range check proved (CVC5: 2 VC in max 0.0 seconds and 1 step)
--> mc_properties.adb:18:16

 info: initialization of "Value" proved
--> mc_properties.adb:18:45

 info: range check proved (CVC5: 2 VC in max 0.0 seconds and 1 step)
--> mc_properties.adb:18:45

 info: cannot unroll loop (too many loop iterations) [info-unrolling-inlining]
--> mc_properties.adb:20:35

 info: overflow check proved (CVC5: 2 VC in max 0.0 seconds and 26 steps)
--> mc_properties.adb:20:72

 info: overflow check proved (CVC5: 2 VC in max 0.0 seconds and 1 step)
--> mc_properties.adb:20:74

 info: index check proved (CVC5: 2 VC in max 0.0 seconds and 40 steps)
--> mc_properties.adb:20:74

 info: cannot unroll loop (too many loop iterations) [info-unrolling-inlining]
--> mc_properties.adb:21:37

 info: overflow check proved (CVC5: 2 VC in max 0.0 seconds and 147 steps)
--> mc_properties.adb:21:76

 info: index check proved (CVC5: 2 VC in max 0.0 seconds and 154 steps)
--> mc_properties.adb:21:76

 info: cannot unroll loop (too many loop iterations) [info-unrolling-inlining]
--> mc_properties.adb:23:36

 info: range check proved (CVC5: 2 VC in max 0.0 seconds and 187 steps)
--> mc_properties.adb:24:32

 info: index check proved (CVC5: 2 VC in max 0.0 seconds and 208 steps)
--> mc_properties.adb:25:37

 info: index check proved (CVC5: 2 VC in max 0.0 seconds and 1 step)
--> mc_properties.adb:26:37

 info: overflow check proved (CVC5: 2 VC in max 0.0 seconds and 274 steps)
--> mc_properties.adb:28:21

 info: overflow check proved (CVC5: 2 VC in max 0.0 seconds and 193 steps)
--> mc_properties.adb:32:34

 info: cannot unroll loop (too many loop iterations) [info-unrolling-inlining]
--> mc_properties.adb:37:27

 info: initialization of "Found" proved
--> mc_properties.adb:45:07

 info: overflow check proved (CVC5: 2 VC in max 0.0 seconds and 1 step)
--> mc_properties.adb:48:37

 info: loop invariant preservation proved (CVC5: 2 VC in max 0.0 seconds and 1 step)
--> mc_properties.adb:49:33

 info: loop invariant initialization proved (CVC5: 2 VC in max 0.0 seconds and 1 step)
--> mc_properties.adb:49:33

 info: loop invariant initialization proved (CVC5: 1 VC in max 0.0 seconds and 1 step)
--> mc_properties.adb:50:33

 info: loop invariant preservation proved (CVC5: 1 VC in max 0.0 seconds and 1 step)
--> mc_properties.adb:50:33

 info: overflow check proved (CVC5: 2 VC in max 0.0 seconds and 1 step)
--> mc_properties.adb:51:24

 info: index check proved (CVC5: 2 VC in max 0.0 seconds and 1 step)
--> mc_properties.adb:51:40

 info: cannot unroll loop (too many loop iterations) [info-unrolling-inlining]
--> mc_properties.adb:54:33

 info: range check proved (CVC5: 4 VC in max 0.0 seconds and 1 step)
--> mc_properties.adb:55:49

 info: overflow check proved (CVC5: 2 VC in max 0.0 seconds and 1 step)
--> mc_properties.adb:55:62

 info: overflow check proved (CVC5: 2 VC in max 0.0 seconds and 1 step)
--> mc_properties.adb:61:17

 info: overflow check proved (CVC5: 2 VC in max 0.0 seconds and 1 step)
--> mc_properties.adb:61:29

 info: initialization of "D" proved
--> mc_properties.ads:8:34

 info: initialization of "Status" proved
--> mc_properties.ads:8:52

 info: data dependencies proved
--> mc_properties.ads:8:79

 info: initialization of "V" proved
--> mc_properties.ads:9:46

 info: initialization of "Status" proved
--> mc_properties.ads:9:69

 info: data dependencies proved
--> mc_properties.ads:9:96

 info: implicit aspect Always_Terminates on "Has_Exactly" has been proved, subprogram will terminate
--> mc_properties.ads:10:13

 info: data dependencies proved
--> mc_properties.ads:10:74
 info: overflow check proved (CVC5: 2 VC in max 0.0 seconds and 1 step)
--> mc_attestation.adb:21:21

 info: implicit aspect Always_Terminates on "Valid" has been proved, subprogram will terminate
--> mc_attestation.ads:20:13

 info: data dependencies proved
--> mc_attestation.ads:20:52

 info: implicit aspect Always_Terminates on "Valid" has been proved, subprogram will terminate
--> mc_attestation.ads:21:13

 info: data dependencies proved
--> mc_attestation.ads:21:54

 info: implicit aspect Always_Terminates on "Evaluate" has been proved, subprogram will terminate
--> mc_attestation.ads:22:13

 info: data dependencies proved
--> mc_attestation.ads:23:11
 info: unrolling loop [info-unrolling-inlining]
--> mc_control.adb:10:29

 info: cannot unroll loop (too many loop iterations) [info-unrolling-inlining]
--> mc_control.adb:14:30

 info: index check proved (CVC5: 16 VC in max 0.0 seconds and 371 steps)
--> mc_control.adb:15:48

 info: index check proved (CVC5: 16 VC in max 0.0 seconds and 1 step)
--> mc_control.adb:16:54

 info: initialization of "Relaxing" proved
--> mc_control.adb:46:07

 info: overflow check proved (CVC5: 2 VC in max 0.0 seconds and 1 step)
--> mc_control.adb:56:27

 info: unrolling loop [info-unrolling-inlining]
--> mc_control.adb:75:29

 info: overflow check proved (CVC5: 16 VC in max 0.0 seconds and 5591 steps)
--> mc_control.adb:78:28

 info: overflow check proved (CVC5: 2 VC in max 0.0 seconds and 2654 steps)
--> mc_control.adb:93:45

 info: implicit aspect Always_Terminates on "Valid" has been proved, subprogram will terminate
--> mc_control.ads:43:13

 info: data dependencies proved
--> mc_control.ads:43:55

 info: postcondition proved (CVC5: 6 VC in max 0.0 seconds and 1401 steps; Trivial: 1 VC in max 0.0 seconds and 2 steps)
--> mc_control.ads:44:14

 info: implicit aspect Always_Terminates on "Valid" has been proved, subprogram will terminate
--> mc_control.ads:47:13

 info: data dependencies proved
--> mc_control.ads:47:51

 info: implicit aspect Always_Terminates on "Permits" has been proved, subprogram will terminate
--> mc_control.ads:48:13

 info: data dependencies proved
--> mc_control.ads:49:12

 info: initialization of "After" proved
--> mc_control.ads:54:07

 info: initialization of "Status" proved
--> mc_control.ads:54:26

 info: data dependencies proved
--> mc_control.ads:55:12

 info: postcondition proved (CVC5: 4 VC in max 0.0 seconds and 3796 steps; Trivial: 2 VC in max 0.0 seconds and 2 steps)
--> mc_control.ads:56:17

 info: overflow check proved (CVC5: 2 VC in max 0.0 seconds and 705 steps)
--> mc_control.ads:58:60
 info: loop invariant initialization proved (CVC5: 1 VC in max 0.0 seconds and 1 step)
--> mc_recovery_cohort.adb:9:32

 info: loop invariant preservation proved (CVC5: 1 VC in max 0.0 seconds and 1 step)
--> mc_recovery_cohort.adb:9:32

 info: overflow check proved (CVC5: 4 VC in max 0.0 seconds and 1 step)
--> mc_recovery_cohort.adb:9:39

 info: overflow check proved (CVC5: 2 VC in max 0.0 seconds and 1 step)
--> mc_recovery_cohort.adb:13:32

 info: cannot unroll loop (too many loop iterations) [info-unrolling-inlining]
--> mc_recovery_cohort.adb:13:36

 info: index check proved (CVC5: 2 VC in max 0.0 seconds and 1 step)
--> mc_recovery_cohort.adb:14:37

 info: index check proved (CVC5: 2 VC in max 0.0 seconds and 1 step)
--> mc_recovery_cohort.adb:14:79

 info: overflow check proved (CVC5: 2 VC in max 0.0 seconds and 1 step)
--> mc_recovery_cohort.adb:16:25

 info: range check proved (CVC5: 2 VC in max 0.0 seconds and 1 step)
--> mc_recovery_cohort.adb:40:76

 info: overflow check proved (CVC5: 2 VC in max 0.0 seconds and 1 step)
--> mc_recovery_cohort.adb:42:32

 info: overflow check proved (CVC5: 2 VC in max 0.0 seconds and 1 step)
--> mc_recovery_cohort.adb:53:63

 info: overflow check proved (CVC5: 2 VC in max 0.0 seconds and 1 step)
--> mc_recovery_cohort.adb:64:65

 info: overflow check proved (CVC5: 2 VC in max 0.0 seconds and 1 step)
--> mc_recovery_cohort.adb:77:32

 info: implicit aspect Always_Terminates on "Quorum" has been proved, subprogram will terminate
--> mc_recovery_cohort.ads:17:13

 info: data dependencies proved
--> mc_recovery_cohort.ads:18:12

 info: implicit aspect Always_Terminates on "Usable" has been proved, subprogram will terminate
--> mc_recovery_cohort.ads:35:13

 info: data dependencies proved
--> mc_recovery_cohort.ads:35:67

 info: initialization of "R" proved
--> mc_recovery_cohort.ads:36:67

 info: data dependencies proved
--> mc_recovery_cohort.ads:37:12

 info: initialization of "R" proved
--> mc_recovery_cohort.ads:38:63

 info: data dependencies proved
--> mc_recovery_cohort.ads:39:12

 info: initialization of "R" proved
--> mc_recovery_cohort.ads:40:55

 info: data dependencies proved
--> mc_recovery_cohort.ads:41:12

 info: postcondition proved (CVC5: 1 VC in max 0.0 seconds and 1 step; Trivial: 1 VC in max 0.0 seconds and 2 steps)
--> mc_recovery_cohort.ads:41:36

 info: initialization of "R" proved
--> mc_recovery_cohort.ads:44:07

 info: data dependencies proved
--> mc_recovery_cohort.ads:44:29

 info: postcondition proved (CVC5: 4 VC in max 0.0 seconds and 1 step; Trivial: 1 VC in max 0.0 seconds and 2 steps)
--> mc_recovery_cohort.ads:45:15
 info: implicit aspect Always_Terminates on "Bit" has been proved, subprogram will terminate
--> mc_health_report.adb:13:16

 info: unrolling loop [info-unrolling-inlining]
--> mc_health_report.adb:15:24

 info: precondition proved (CVC5: 3 VC in max 0.0 seconds and 1 step)
--> mc_health_report.adb:18:15

 info: precondition proved (CVC5: 3 VC in max 0.0 seconds and 1 step)
--> mc_health_report.adb:18:61

 info: precondition proved (CVC5: 3 VC in max 0.0 seconds and 1 step)
--> mc_health_report.adb:19:15

 info: precondition proved (CVC5: 1 VC in max 0.0 seconds and 1286 steps)
--> mc_health_report.adb:23:29

 info: range check proved (CVC5: 4 VC in max 0.0 seconds and 1 step)
--> mc_health_report.adb:23:35

 info: initialization of "F" proved
--> mc_health_report.adb:26:07

 info: length check proved (CVC5: 3 VC in max 0.0 seconds and 1 step)
--> mc_health_report.adb:28:93

 info: unrolling loop [info-unrolling-inlining]
--> mc_health_report.adb:29:24

 info: range check proved (CVC5: 4 VC in max 0.0 seconds and 1 step)
--> mc_health_report.adb:30:10

 info: precondition proved (CVC5: 1 VC in max 0.0 seconds and 18 steps)
--> mc_health_report.adb:30:32

 info: range check proved (CVC5: 4 VC in max 0.0 seconds and 1 step)
--> mc_health_report.adb:30:38

 info: unrolling loop [info-unrolling-inlining]
--> mc_health_report.adb:32:25

 info: unrolling loop [info-unrolling-inlining]
--> mc_health_report.adb:33:21

 info: precondition proved (CVC5: 9 VC in max 0.0 seconds and 1 step)
--> mc_health_report.adb:33:37

 info: range check proved (CVC5: 4 VC in max 0.0 seconds and 1 step)
--> mc_health_report.adb:34:21

 info: range check proved (CVC5: 4 VC in max 0.0 seconds and 1 step)
--> mc_health_report.adb:34:42

 info: range check proved (CVC5: 4 VC in max 0.0 seconds and 1 step)
--> mc_health_report.adb:34:68

 info: range check proved (CVC5: 4 VC in max 0.0 seconds and 1 step)
--> mc_health_report.adb:34:96

 info: range check proved (CVC5: 4 VC in max 0.0 seconds and 1 step)
--> mc_health_report.adb:35:24

 info: range check proved (CVC5: 4 VC in max 0.0 seconds and 1 step)
--> mc_health_report.adb:35:55

 info: range check proved (CVC5: 4 VC in max 0.0 seconds and 1 step)
--> mc_health_report.adb:35:85

 info: precondition proved (CVC5: 3 VC in max 0.0 seconds and 1 step)
--> mc_health_report.adb:36:41

 info: range check proved (CVC5: 2 VC in max 0.0 seconds and 264 steps)
--> mc_health_report.adb:36:41

 info: precondition proved (CVC5: 3 VC in max 0.0 seconds and 1 step)
--> mc_health_report.adb:36:92

 info: range check proved (CVC5: 2 VC in max 0.0 seconds and 316 steps)
--> mc_health_report.adb:36:92

 info: precondition proved (CVC5: 3 VC in max 0.0 seconds and 1 step)
--> mc_health_report.adb:37:43

 info: range check proved (CVC5: 2 VC in max 0.0 seconds and 369 steps)
--> mc_health_report.adb:37:43

 info: range check proved (CVC5: 2 VC in max 0.0 seconds and 409 steps)
--> mc_health_report.adb:37:81

 info: precondition proved (CVC5: 1 VC in max 0.0 seconds and 603 steps)
--> mc_health_report.adb:40:31

 info: implicit aspect Always_Terminates on "Valid" has been proved, subprogram will terminate
--> mc_health_report.ads:15:13

 info: data dependencies proved
--> mc_health_report.ads:15:51

 info: implicit aspect Always_Terminates on "Encode" has been proved, subprogram will terminate
--> mc_health_report.ads:16:13

 info: data dependencies proved
--> mc_health_report.ads:16:65

 info: initialization of "R" proved
--> mc_health_report.ads:17:32

 info: initialization of "Status" proved
--> mc_health_report.ads:17:48

 info: data dependencies proved
--> mc_health_report.ads:17:75
 info: index check proved (CVC5: 2 VC in max 0.0 seconds and 1 step)
--> mc_codec.adb:6:22

 info: overflow check proved (CVC5: 2 VC in max 0.0 seconds and 1 step)
--> mc_codec.adb:6:63

 info: index check proved (CVC5: 2 VC in max 0.0 seconds and 1 step)
--> mc_codec.adb:6:63

 info: index check proved (CVC5: 2 VC in max 0.0 seconds and 1 step)
--> mc_codec.adb:8:42

 info: overflow check proved (CVC5: 2 VC in max 0.0 seconds and 1 step)
--> mc_codec.adb:9:53

 info: index check proved (CVC5: 2 VC in max 0.0 seconds and 1 step)
--> mc_codec.adb:9:53

 info: overflow check proved (CVC5: 2 VC in max 0.0 seconds and 1 step)
--> mc_codec.adb:10:53

 info: index check proved (CVC5: 2 VC in max 0.0 seconds and 1 step)
--> mc_codec.adb:10:53

 info: overflow check proved (CVC5: 2 VC in max 0.0 seconds and 1 step)
--> mc_codec.adb:11:30

 info: index check proved (CVC5: 2 VC in max 0.0 seconds and 1 step)
--> mc_codec.adb:11:30

 info: index check proved (CVC5: 2 VC in max 0.0 seconds and 1 step)
--> mc_codec.adb:13:42

 info: overflow check proved (CVC5: 2 VC in max 0.0 seconds and 1 step)
--> mc_codec.adb:14:53

 info: index check proved (CVC5: 2 VC in max 0.0 seconds and 1 step)
--> mc_codec.adb:14:53

 info: overflow check proved (CVC5: 2 VC in max 0.0 seconds and 1 step)
--> mc_codec.adb:15:53

 info: index check proved (CVC5: 2 VC in max 0.0 seconds and 1 step)
--> mc_codec.adb:15:53

 info: overflow check proved (CVC5: 2 VC in max 0.0 seconds and 1 step)
--> mc_codec.adb:16:53

 info: index check proved (CVC5: 2 VC in max 0.0 seconds and 1 step)
--> mc_codec.adb:16:53

 info: overflow check proved (CVC5: 2 VC in max 0.0 seconds and 1 step)
--> mc_codec.adb:17:53

 info: index check proved (CVC5: 2 VC in max 0.0 seconds and 1 step)
--> mc_codec.adb:17:53

 info: overflow check proved (CVC5: 2 VC in max 0.0 seconds and 1 step)
--> mc_codec.adb:18:53

 info: index check proved (CVC5: 2 VC in max 0.0 seconds and 1 step)
--> mc_codec.adb:18:53

 info: overflow check proved (CVC5: 2 VC in max 0.0 seconds and 1 step)
--> mc_codec.adb:19:53

 info: index check proved (CVC5: 2 VC in max 0.0 seconds and 1 step)
--> mc_codec.adb:19:53

 info: overflow check proved (CVC5: 2 VC in max 0.0 seconds and 1 step)
--> mc_codec.adb:20:30

 info: index check proved (CVC5: 2 VC in max 0.0 seconds and 1 step)
--> mc_codec.adb:20:30

 info: index check proved (CVC5: 2 VC in max 0.0 seconds and 1 step)
--> mc_codec.adb:23:13

 info: division check proved (CVC5: 1 VC in max 0.0 seconds and 1 step)
--> mc_codec.adb:23:37

 info: range check proved (CVC5: 1 VC in max 0.0 seconds and 1 step)
--> mc_codec.adb:23:37

 info: overflow check proved (CVC5: 2 VC in max 0.0 seconds and 1 step)
--> mc_codec.adb:24:21

 info: index check proved (CVC5: 2 VC in max 0.0 seconds and 1 step)
--> mc_codec.adb:24:21

 info: division check proved (CVC5: 1 VC in max 0.0 seconds and 1 step)
--> mc_codec.adb:24:41

 info: range check proved (CVC5: 1 VC in max 0.0 seconds and 1 step)
--> mc_codec.adb:24:41

 info: unrolling loop [info-unrolling-inlining]
--> mc_codec.adb:28:23

 info: overflow check proved (CVC5: 8 VC in max 0.0 seconds and 1 step)
--> mc_codec.adb:29:24

 info: index check proved (CVC5: 8 VC in max 0.0 seconds and 1 step)
--> mc_codec.adb:29:24

 info: range check proved (CVC5: 8 VC in max 0.0 seconds and 1 step)
--> mc_codec.adb:30:57

 info: unrolling loop [info-unrolling-inlining]
--> mc_codec.adb:35:23

 info: overflow check proved (CVC5: 16 VC in max 0.0 seconds and 1 step)
--> mc_codec.adb:36:24

 info: index check proved (CVC5: 16 VC in max 0.0 seconds and 1 step)
--> mc_codec.adb:36:24

 info: range check proved (CVC5: 16 VC in max 0.0 seconds and 1 step)
--> mc_codec.adb:37:57

 info: implicit aspect Always_Terminates on "U16" has been proved, subprogram will terminate
--> mc_codec.ads:5:13

 info: overflow check proved (CVC5: 2 VC in max 0.0 seconds and 1 step)
--> mc_codec.ads:6:59

 info: postcondition proved (CVC5: 1 VC in max 0.0 seconds and 1 step)
--> mc_codec.ads:7:19

 info: data dependencies proved
--> mc_codec.ads:7:41

 info: implicit aspect Always_Terminates on "U32" has been proved, subprogram will terminate
--> mc_codec.ads:8:13

 info: overflow check proved (CVC5: 2 VC in max 0.0 seconds and 1 step)
--> mc_codec.ads:9:59

 info: data dependencies proved
--> mc_codec.ads:10:11

 info: implicit aspect Always_Terminates on "U64" has been proved, subprogram will terminate
--> mc_codec.ads:11:13

 info: overflow check proved (CVC5: 2 VC in max 0.0 seconds and 1 step)
--> mc_codec.ads:12:59

 info: data dependencies proved
--> mc_codec.ads:13:11

 info: overflow check proved (CVC5: 2 VC in max 0.0 seconds and 1 step)
--> mc_codec.ads:16:32

 info: precondition proved (CVC5: 3 VC in max 0.0 seconds and 1 step)
--> mc_codec.ads:17:19

 info: postcondition proved (Z3: 1 VC in max 0.0 seconds and 501855 steps)
--> mc_codec.ads:17:19

 info: data dependencies proved
--> mc_codec.ads:17:48

 info: overflow check proved (CVC5: 2 VC in max 0.0 seconds and 1 step)
--> mc_codec.ads:19:59

 info: precondition proved (CVC5: 3 VC in max 0.0 seconds and 1 step)
--> mc_codec.ads:20:19

 info: postcondition proved (CVC5: 1 VC in max 0.0 seconds and 1 step)
--> mc_codec.ads:20:19

 info: data dependencies proved
--> mc_codec.ads:20:48

 info: overflow check proved (CVC5: 2 VC in max 0.0 seconds and 1 step)
--> mc_codec.ads:22:59

 info: precondition proved (CVC5: 3 VC in max 0.0 seconds and 1 step)
--> mc_codec.ads:23:19

 info: postcondition proved (CVC5: 1 VC in max 0.0 seconds and 317 steps)
--> mc_codec.ads:23:19

 info: data dependencies proved
--> mc_codec.ads:23:48
 info: implicit aspect Always_Terminates on "Fits" has been proved, subprogram will terminate
--> mc_journal_budget.ads:4:13

 info: overflow check proved (CVC5: 2 VC in max 0.0 seconds and 1 step)
--> mc_journal_budget.ads:5:47

 info: overflow check proved (CVC5: 2 VC in max 0.0 seconds and 1 step)
--> mc_journal_budget.ads:6:31

 info: overflow check proved (CVC5: 2 VC in max 0.0 seconds and 1 step)
--> mc_journal_budget.ads:6:38

 info: data dependencies proved
--> mc_journal_budget.ads:7:11
 info: implicit aspect Always_Terminates on "R" has been proved, subprogram will terminate
--> mc_sha256.adb:22:13

 info: data dependencies proved
--> mc_sha256.adb:24:49

 info: postcondition proved (CVC5: 3 VC in max 0.0 seconds and 504 steps)
--> mc_sha256.adb:25:14

 info: initialization of "A" proved
--> mc_sha256.adb:29:07

 info: initialization of "B" proved
--> mc_sha256.adb:29:09

 info: initialization of "D" proved
--> mc_sha256.adb:29:11

 info: initialization of "E" proved
--> mc_sha256.adb:29:13

 info: initialization of "F" proved
--> mc_sha256.adb:29:15

 info: initialization of "G" proved
--> mc_sha256.adb:29:17

 info: initialization of "H" proved
--> mc_sha256.adb:29:19

 info: initialization of "I" proved
--> mc_sha256.adb:29:21

 info: initialization of "S0" proved
--> mc_sha256.adb:30:07

 info: initialization of "S1" proved
--> mc_sha256.adb:30:10

 info: initialization of "T1" proved
--> mc_sha256.adb:30:13

 info: initialization of "T2" proved
--> mc_sha256.adb:30:16

 info: unrolling loop [info-unrolling-inlining]
--> mc_sha256.adb:32:24

 info: precondition proved (CVC5: 48 VC in max 0.0 seconds and 234 steps)
--> mc_sha256.adb:33:27

 info: cannot unroll loop (too many loop iterations) [info-unrolling-inlining]
--> mc_sha256.adb:35:25

 info: cannot unroll loop (too many loop iterations) [info-unrolling-inlining]
--> mc_sha256.adb:44:24

 info: range check proved (CVC5: 4 VC in max 0.0 seconds and 561 steps)
--> mc_sha256.adb:67:30

 info: loop invariant preservation proved (altergo: 1 VC in max 0.0 seconds and 1052 steps)
--> mc_sha256.adb:69:32

 info: loop invariant initialization proved (CVC5: 1 VC in max 0.0 seconds and 1 step)
--> mc_sha256.adb:69:32

 info: overflow check proved (CVC5: 4 VC in max 0.0 seconds and 1 step)
--> mc_sha256.adb:69:65

 info: overflow check proved (CVC5: 4 VC in max 0.0 seconds and 1 step)
--> mc_sha256.adb:69:76

 info: range check proved (CVC5: 2 VC in max 0.0 seconds and 1 step)
--> mc_sha256.adb:69:76

 info: initialization of "Pad_Length" proved
--> mc_sha256.adb:75:07

 info: precondition proved (CVC5: 3 VC in max 0.0 seconds and 1 step)
--> mc_sha256.adb:84:15

 info: range check proved (CVC5: 2 VC in max 0.0 seconds and 1 step)
--> mc_sha256.adb:84:43

 info: precondition proved (CVC5: 2 VC in max 0.0 seconds and 2508 steps)
--> mc_sha256.adb:85:07

 info: range check proved (CVC5: 4 VC in max 0.0 seconds and 1 step)
--> mc_sha256.adb:85:21

 info: unrolling loop [info-unrolling-inlining]
--> mc_sha256.adb:86:23

 info: precondition proved (CVC5: 24 VC in max 0.0 seconds and 1 step)
--> mc_sha256.adb:87:18

 info: precondition proved (CVC5: 2 VC in max 0.0 seconds and 1 step)
--> mc_sha256.adb:94:07

 info: precondition proved (CVC5: 1 VC in max 0.0 seconds and 1548 steps)
--> mc_sha256.adb:95:14

 info: implicit aspect Always_Terminates on "Length" has been proved, subprogram will terminate
--> mc_sha256.ads:6:13

 info: data dependencies proved
--> mc_sha256.ads:6:51

 info: implicit aspect Always_Terminates on "Initialize" has been proved, subprogram will terminate
--> mc_sha256.ads:7:13

 info: data dependencies proved
--> mc_sha256.ads:7:44

 info: postcondition proved (CVC5: 1 VC in max 0.0 seconds and 1 step)
--> mc_sha256.ads:8:14

 info: data dependencies proved
--> mc_sha256.ads:10:11

 info: range check proved (CVC5: 1 VC in max 0.0 seconds and 1 step)
--> mc_sha256.ads:12:77

 info: postcondition proved (CVC5: 1 VC in max 0.0 seconds and 1 step)
--> mc_sha256.ads:13:19

 info: range check proved (CVC5: 1 VC in max 0.0 seconds and 1 step)
--> mc_sha256.ads:13:52

 info: implicit aspect Always_Terminates on "Finish" has been proved, subprogram will terminate
--> mc_sha256.ads:14:13

 info: data dependencies proved
--> mc_sha256.ads:14:53

 info: implicit aspect Always_Terminates on "Hash" has been proved, subprogram will terminate
--> mc_sha256.ads:16:13

 info: data dependencies proved
--> mc_sha256.ads:16:52
 info: implicit aspect Always_Terminates on "Bit" has been proved, subprogram will terminate
--> mc_fault_report.adb:8:16

 info: length check proved (CVC5: 3 VC in max 0.0 seconds and 1 step)
--> mc_fault_report.adb:10:21

 info: precondition proved (CVC5: 3 VC in max 0.0 seconds and 1 step)
--> mc_fault_report.adb:14:15

 info: precondition proved (CVC5: 3 VC in max 0.0 seconds and 1 step)
--> mc_fault_report.adb:15:15

 info: precondition proved (CVC5: 3 VC in max 0.0 seconds and 1 step)
--> mc_fault_report.adb:16:15

 info: precondition proved (CVC5: 3 VC in max 0.0 seconds and 1 step)
--> mc_fault_report.adb:17:15

 info: precondition proved (CVC5: 1 VC in max 0.0 seconds and 1380 steps)
--> mc_fault_report.adb:24:34

 info: range check proved (CVC5: 4 VC in max 0.0 seconds and 1 step)
--> mc_fault_report.adb:24:41

 info: initialization of "X" proved
--> mc_fault_report.adb:28:07

 info: length check proved (CVC5: 3 VC in max 0.0 seconds and 1 step)
--> mc_fault_report.adb:32:81

 info: range check proved (CVC5: 4 VC in max 0.0 seconds and 1 step)
--> mc_fault_report.adb:33:10

 info: range check proved (CVC5: 4 VC in max 0.0 seconds and 1 step)
--> mc_fault_report.adb:33:38

 info: precondition proved (CVC5: 1 VC in max 0.0 seconds and 1 step)
--> mc_fault_report.adb:33:65

 info: range check proved (CVC5: 4 VC in max 0.0 seconds and 1 step)
--> mc_fault_report.adb:33:72

 info: cannot unroll loop (too many loop iterations) [info-unrolling-inlining]
--> mc_fault_report.adb:34:27

 info: unrolling loop [info-unrolling-inlining]
--> mc_fault_report.adb:40:27

 info: unrolling loop [info-unrolling-inlining]
--> mc_fault_report.adb:41:24

 info: precondition proved (CVC5: 12 VC in max 0.0 seconds and 1 step)
--> mc_fault_report.adb:41:40

 info: range check proved (CVC5: 4 VC in max 0.0 seconds and 1 step)
--> mc_fault_report.adb:42:23

 info: range check proved (CVC5: 4 VC in max 0.0 seconds and 1 step)
--> mc_fault_report.adb:42:49

 info: range check proved (CVC5: 4 VC in max 0.0 seconds and 1 step)
--> mc_fault_report.adb:42:80

 info: range check proved (CVC5: 4 VC in max 0.0 seconds and 1 step)
--> mc_fault_report.adb:42:107

 info: range check proved (CVC5: 4 VC in max 0.0 seconds and 1 step)
--> mc_fault_report.adb:43:19

 info: range check proved (CVC5: 4 VC in max 0.0 seconds and 1 step)
--> mc_fault_report.adb:43:48

 info: precondition proved (CVC5: 3 VC in max 0.0 seconds and 1 step)
--> mc_fault_report.adb:44:38

 info: range check proved (CVC5: 2 VC in max 0.0 seconds and 287 steps)
--> mc_fault_report.adb:44:38

 info: precondition proved (CVC5: 3 VC in max 0.0 seconds and 1 step)
--> mc_fault_report.adb:44:87

 info: range check proved (CVC5: 2 VC in max 0.0 seconds and 354 steps)
--> mc_fault_report.adb:44:87

 info: precondition proved (CVC5: 3 VC in max 0.0 seconds and 1 step)
--> mc_fault_report.adb:45:40

 info: range check proved (CVC5: 2 VC in max 0.0 seconds and 420 steps)
--> mc_fault_report.adb:45:40

 info: precondition proved (CVC5: 3 VC in max 0.0 seconds and 1 step)
--> mc_fault_report.adb:45:89

 info: range check proved (CVC5: 2 VC in max 0.0 seconds and 488 steps)
--> mc_fault_report.adb:45:89

 info: range check proved (CVC5: 2 VC in max 0.0 seconds and 519 steps)
--> mc_fault_report.adb:46:39

 info: range check proved (CVC5: 2 VC in max 0.0 seconds and 552 steps)
--> mc_fault_report.adb:46:84

 info: range check proved (CVC5: 2 VC in max 0.0 seconds and 586 steps)
--> mc_fault_report.adb:47:46

 info: range check proved (CVC5: 2 VC in max 0.0 seconds and 621 steps)
--> mc_fault_report.adb:47:101

 info: precondition proved (CVC5: 1 VC in max 0.0 seconds and 1 step)
--> mc_fault_report.adb:49:42

 info: implicit aspect Always_Terminates on "Encode" has been proved, subprogram will terminate
--> mc_fault_report.ads:7:13

 info: data dependencies proved
--> mc_fault_report.ads:8:39

 info: initialization of "F" proved
--> mc_fault_report.ads:9:33

 info: initialization of "Status" proved
--> mc_fault_report.ads:9:58

 info: data dependencies proved
--> mc_fault_report.ads:10:11
 info: implicit aspect Always_Terminates on "Compatible" has been proved, subprogram will terminate
--> mc_compatibility.ads:12:13

 info: data dependencies proved
--> mc_compatibility.ads:13:11
 info: length check proved (CVC5: 3 VC in max 0.0 seconds and 1 step)
--> mc_log_format.adb:10:16

 info: precondition proved (CVC5: 3 VC in max 0.0 seconds and 1 step)
--> mc_log_format.adb:10:31

 info: precondition proved (CVC5: 4 VC in max 0.0 seconds and 132 steps)
--> mc_log_format.adb:10:69

 info: precondition proved (CVC5: 3 VC in max 0.0 seconds and 1 step)
--> mc_log_format.adb:12:15

 info: precondition proved (CVC5: 3 VC in max 0.0 seconds and 1 step)
--> mc_log_format.adb:12:51

 info: precondition proved (CVC5: 3 VC in max 0.0 seconds and 1 step)
--> mc_log_format.adb:13:15

 info: precondition proved (CVC5: 3 VC in max 0.0 seconds and 1 step)
--> mc_log_format.adb:13:51

 info: precondition proved (CVC5: 1 VC in max 0.0 seconds and 1472 steps)
--> mc_log_format.adb:15:29

 info: range check proved (CVC5: 4 VC in max 0.0 seconds and 1 step)
--> mc_log_format.adb:15:35

 info: range check proved (CVC5: 4 VC in max 0.0 seconds and 1 step)
--> mc_log_format.adb:22:59

 info: range check proved (CVC5: 4 VC in max 0.0 seconds and 1 step)
--> mc_log_format.adb:23:17

 info: precondition proved (CVC5: 1 VC in max 0.0 seconds and 1 step)
--> mc_log_format.adb:23:39

 info: range check proved (CVC5: 4 VC in max 0.0 seconds and 1 step)
--> mc_log_format.adb:23:45

 info: unrolling loop [info-unrolling-inlining]
--> mc_log_format.adb:24:23

 info: index check proved (CVC5: 10 VC in max 0.0 seconds and 1 step)
--> mc_log_format.adb:24:33

 info: cannot unroll loop (too many loop iterations) [info-unrolling-inlining]
--> mc_log_format.adb:25:25

 info: index check proved (CVC5: 2 VC in max 0.0 seconds and 1 step)
--> mc_log_format.adb:25:35

 info: index check proved (CVC5: 2 VC in max 0.0 seconds and 1 step)
--> mc_log_format.adb:26:20

 info: unrolling loop [info-unrolling-inlining]
--> mc_log_format.adb:27:28

 info: precondition proved (CVC5: 15 VC in max 0.0 seconds and 47 steps)
--> mc_log_format.adb:28:21

 info: precondition proved (CVC5: 3 VC in max 0.0 seconds and 58 steps)
--> mc_log_format.adb:30:35

 info: range check proved (CVC5: 2 VC in max 0.0 seconds and 308 steps)
--> mc_log_format.adb:30:35

 info: precondition proved (CVC5: 3 VC in max 0.0 seconds and 86 steps)
--> mc_log_format.adb:30:63

 info: range check proved (CVC5: 2 VC in max 0.0 seconds and 1 step)
--> mc_log_format.adb:30:63

 info: range check proved (CVC5: 2 VC in max 0.0 seconds and 83 steps)
--> mc_log_format.adb:31:29

 info: index check proved (CVC5: 2 VC in max 0.0 seconds and 1 step)
--> mc_log_format.adb:31:31

 info: range check proved (CVC5: 4 VC in max 0.0 seconds and 147 steps)
--> mc_log_format.adb:31:48

 info: range check proved (CVC5: 4 VC in max 0.0 seconds and 183 steps)
--> mc_log_format.adb:31:75

 info: precondition proved (CVC5: 3 VC in max 0.0 seconds and 213 steps)
--> mc_log_format.adb:32:32

 info: range check proved (CVC5: 2 VC in max 0.0 seconds and 498 steps)
--> mc_log_format.adb:32:32

 info: precondition proved (CVC5: 3 VC in max 0.0 seconds and 245 steps)
--> mc_log_format.adb:32:70

 info: range check proved (CVC5: 2 VC in max 0.0 seconds and 563 steps)
--> mc_log_format.adb:32:70

 info: precondition proved (CVC5: 3 VC in max 0.0 seconds and 277 steps)
--> mc_log_format.adb:33:32

 info: range check proved (CVC5: 2 VC in max 0.0 seconds and 629 steps)
--> mc_log_format.adb:33:32

 info: precondition proved (CVC5: 3 VC in max 0.0 seconds and 310 steps)
--> mc_log_format.adb:33:75

 info: range check proved (CVC5: 2 VC in max 0.0 seconds and 696 steps)
--> mc_log_format.adb:33:75

 info: range check proved (CVC5: 4 VC in max 0.0 seconds and 344 steps)
--> mc_log_format.adb:34:17

 info: range check proved (CVC5: 4 VC in max 0.0 seconds and 379 steps)
--> mc_log_format.adb:34:41

 info: implicit aspect Always_Terminates on "Encode" has been proved, subprogram will terminate
--> mc_log_format.ads:14:13

 info: data dependencies proved
--> mc_log_format.ads:14:53

 info: initialization of "E" proved
--> mc_log_format.ads:15:32

 info: initialization of "Status" proved
--> mc_log_format.ads:15:51

 info: data dependencies proved
--> mc_log_format.ads:15:78
 info: overflow check proved (CVC5: 2 VC in max 0.0 seconds and 1 step)
--> mc_time_guard.adb:8:29

 info: overflow check proved (CVC5: 2 VC in max 0.0 seconds and 1 step)
--> mc_time_guard.adb:9:20

 info: overflow check proved (CVC5: 2 VC in max 0.0 seconds and 1 step)
--> mc_time_guard.adb:11:35

 info: overflow check proved (CVC5: 2 VC in max 0.0 seconds and 1 step)
--> mc_time_guard.adb:11:72

 info: overflow check proved (CVC5: 2 VC in max 0.0 seconds and 1 step)
--> mc_time_guard.adb:13:33

 info: implicit aspect Always_Terminates on "Fresh" has been proved, subprogram will terminate
--> mc_time_guard.ads:8:13

 info: data dependencies proved
--> mc_time_guard.ads:9:26

 info: postcondition proved (CVC5: 8 VC in max 0.0 seconds and 1 step; Trivial: 1 VC in max 0.0 seconds and 2 steps)
--> mc_time_guard.ads:10:16

 info: overflow check proved (CVC5: 2 VC in max 0.0 seconds and 1 step)
--> mc_time_guard.ads:14:32

 info: overflow check proved (CVC5: 2 VC in max 0.0 seconds and 1 step)
--> mc_time_guard.ads:15:23

 info: implicit aspect Always_Terminates on "Add_Bounded" has been proved, subprogram will terminate
--> mc_time_guard.ads:16:13

 info: data dependencies proved
--> mc_time_guard.ads:17:11

 info: postcondition proved (CVC5: 1 VC in max 0.0 seconds and 1 step)
--> mc_time_guard.ads:18:16

 info: implicit aspect Always_Terminates on "Elapsed" has been proved, subprogram will terminate
--> mc_time_guard.ads:19:13

 info: data dependencies proved
--> mc_time_guard.ads:20:11
 info: implicit aspect Always_Terminates on "Permitted" has been proved, subprogram will terminate
--> mc_breakglass.ads:15:13

 info: data dependencies proved
--> mc_breakglass.ads:16:11
 info: local subprogram "Commit" only analyzed in the context of calls [info-unrolling-inlining]
--> mc_commissioning.adb:5:17
      + add a contract to analyze it separately from calling contexts

 info: overflow check proved (CVC5: 2 VC in max 0.0 seconds and 1 step), in call inlined at mc_commissioning.adb:9
--> mc_commissioning.adb:5:58

 info: overflow check proved (CVC5: 2 VC in max 0.0 seconds and 1 step), in call inlined at mc_commissioning.adb:15
--> mc_commissioning.adb:5:58

 info: overflow check proved (CVC5: 2 VC in max 0.0 seconds and 1 step), in call inlined at mc_commissioning.adb:19
--> mc_commissioning.adb:5:58

 info: overflow check proved (CVC5: 2 VC in max 0.0 seconds and 1 step), in call inlined at mc_commissioning.adb:24
--> mc_commissioning.adb:5:58

 info: overflow check proved (CVC5: 2 VC in max 0.0 seconds and 1 step), in call inlined at mc_commissioning.adb:27
--> mc_commissioning.adb:5:58

 info: overflow check proved (CVC5: 2 VC in max 0.0 seconds and 1 step), in call inlined at mc_commissioning.adb:31
--> mc_commissioning.adb:5:58

 info: overflow check proved (CVC5: 2 VC in max 0.0 seconds and 1 step), in call inlined at mc_commissioning.adb:34
--> mc_commissioning.adb:5:58

 info: overflow check proved (CVC5: 2 VC in max 0.0 seconds and 1 step), in call inlined at mc_commissioning.adb:38
--> mc_commissioning.adb:5:58

 info: overflow check proved (CVC5: 2 VC in max 0.0 seconds and 1 step), in call inlined at mc_commissioning.adb:41
--> mc_commissioning.adb:5:58

 info: overflow check proved (CVC5: 2 VC in max 0.0 seconds and 1 step), in call inlined at mc_commissioning.adb:42
--> mc_commissioning.adb:5:58

 info: overflow check proved (CVC5: 2 VC in max 0.0 seconds and 1 step), in call inlined at mc_commissioning.adb:45
--> mc_commissioning.adb:5:58

 info: analyzing call to "Commit" in context
--> mc_commissioning.adb:9:56

 info: analyzing call to "Commit" in context
--> mc_commissioning.adb:15:48

 info: analyzing call to "Commit" in context
--> mc_commissioning.adb:19:73

 info: analyzing call to "Commit" in context
--> mc_commissioning.adb:24:43

 info: analyzing call to "Commit" in context
--> mc_commissioning.adb:27:86

 info: analyzing call to "Commit" in context
--> mc_commissioning.adb:31:87

 info: analyzing call to "Commit" in context
--> mc_commissioning.adb:34:73

 info: analyzing call to "Commit" in context
--> mc_commissioning.adb:38:48

 info: analyzing call to "Commit" in context
--> mc_commissioning.adb:41:47

 info: analyzing call to "Commit" in context
--> mc_commissioning.adb:42:99

 info: analyzing call to "Commit" in context
--> mc_commissioning.adb:45:43

 info: initialization of "Status" proved
--> mc_commissioning.ads:29:65

 info: data dependencies proved
--> mc_commissioning.ads:30:11

 info: postcondition proved (CVC5: 2 VC in max 0.0 seconds and 491 steps; Trivial: 2 VC in max 0.0 seconds and 2 steps)
--> mc_commissioning.ads:31:16
 info: loop invariant initialization proved (CVC5: 1 VC in max 0.0 seconds and 1 step)
--> mc_release.adb:8:13

 info: loop invariant preservation proved (CVC5: 1 VC in max 0.0 seconds and 1 step)
--> mc_release.adb:8:13

 info: implicit aspect Always_Terminates on "Qualified" has been proved, subprogram will terminate
--> mc_release.ads:16:13

 info: data dependencies proved
--> mc_release.ads:17:11

 info: postcondition proved (CVC5: 2 VC in max 0.0 seconds and 1 step)
--> mc_release.ads:18:16
 info: overflow check proved (CVC5: 2 VC in max 0.0 seconds and 1 step)
--> mc_request_replay.adb:9:63

 info: overflow check proved (CVC5: 2 VC in max 0.0 seconds and 1 step)
--> mc_request_replay.adb:39:26

 info: initialization of "Status" proved
--> mc_request_replay.ads:19:23

 info: data dependencies proved
--> mc_request_replay.ads:20:11

 info: postcondition proved (CVC5: 1 VC in max 0.0 seconds and 182 steps; Trivial: 1 VC in max 0.0 seconds and 2 steps)
--> mc_request_replay.ads:21:16
 info: range check proved (CVC5: 4 VC in max 0.0 seconds and 1 step)
--> mc_text.adb:4:50

 info: cannot unroll loop (too many loop iterations) [info-unrolling-inlining]
--> mc_text.adb:9:18

 info: range check proved (CVC5: 2 VC in max 0.0 seconds and 1 step)
--> mc_text.adb:12:18

 info: range check proved (CVC5: 4 VC in max 0.0 seconds and 1 step)
--> mc_text.adb:12:28

 info: index check proved (CVC5: 2 VC in max 0.0 seconds and 1 step)
--> mc_text.adb:12:35

 info: index check proved (CVC5: 2 VC in max 0.0 seconds and 1 step)
--> mc_text.adb:12:41

 info: length check proved (CVC5: 3 VC in max 0.0 seconds and 1 step)
--> mc_text.adb:12:48

 info: length check proved (CVC5: 3 VC in max 0.0 seconds and 1 step)
--> mc_text.adb:12:51

 info: index check proved (CVC5: 2 VC in max 0.0 seconds and 1 step)
--> mc_text.adb:18:19

 info: index check proved (CVC5: 2 VC in max 0.0 seconds and 1 step)
--> mc_text.adb:18:53

 info: index check proved (CVC5: 2 VC in max 0.0 seconds and 1 step)
--> mc_text.adb:19:27

 info: cannot unroll loop (too many loop iterations) [info-unrolling-inlining]
--> mc_text.adb:20:18

 info: range check proved (CVC5: 4 VC in max 0.0 seconds and 1 step)
--> mc_text.adb:32:09

 info: overflow check proved (CVC5: 2 VC in max 0.0 seconds and 1 step)
--> mc_text.adb:32:31

 info: overflow check proved (CVC5: 2 VC in max 0.0 seconds and 1 step)
--> mc_text.adb:33:24

 info: cannot unroll loop (too many loop iterations) [info-unrolling-inlining]
--> mc_text.adb:33:38

 info: index check proved (CVC5: 2 VC in max 0.0 seconds and 1 step)
--> mc_text.adb:34:16

 info: range check proved (CVC5: 2 VC in max 0.0 seconds and 1 step)
--> mc_text.adb:34:39

 info: index check proved (CVC5: 2 VC in max 0.0 seconds and 1 step)
--> mc_text.adb:35:16

 info: index check proved (CVC5: 2 VC in max 0.0 seconds and 1 step)
--> mc_text.adb:35:44

 info: index check proved (CVC5: 2 VC in max 0.0 seconds and 1 step)
--> mc_text.adb:38:21

 info: index check proved (CVC5: 2 VC in max 0.0 seconds and 1 step)
--> mc_text.adb:38:49

 info: index check proved (CVC5: 2 VC in max 0.0 seconds and 1 step)
--> mc_text.adb:39:24

 info: index check proved (CVC5: 2 VC in max 0.0 seconds and 1 step)
--> mc_text.adb:39:52

 info: index check proved (CVC5: 2 VC in max 0.0 seconds and 1 step)
--> mc_text.adb:39:72

 info: overflow check proved (CVC5: 2 VC in max 0.0 seconds and 1 step)
--> mc_text.adb:44:44

 info: cannot unroll loop (too many loop iterations) [info-unrolling-inlining]
--> mc_text.adb:46:32

 info: index check proved (CVC5: 2 VC in max 0.0 seconds and 1 step)
--> mc_text.adb:47:21

 info: index check proved (CVC5: 2 VC in max 0.0 seconds and 1 step)
--> mc_text.adb:47:49

 info: index check proved (CVC5: 2 VC in max 0.0 seconds and 1 step)
--> mc_text.adb:48:24

 info: index check proved (CVC5: 2 VC in max 0.0 seconds and 1 step)
--> mc_text.adb:48:52

 info: implicit aspect Always_Terminates on "Length" has been proved, subprogram will terminate
--> mc_text.ads:7:13

 info: data dependencies proved
--> mc_text.ads:7:52

 info: postcondition proved (CVC5: 1 VC in max 0.0 seconds and 1 step)
--> mc_text.ads:8:14

 info: implicit aspect Always_Terminates on "Image" has been proved, subprogram will terminate
--> mc_text.ads:9:13

 info: data dependencies proved
--> mc_text.ads:9:50

 info: postcondition proved (CVC5: 2 VC in max 0.0 seconds and 1 step)
--> mc_text.ads:10:14

 info: range check proved (CVC5: 2 VC in max 0.0 seconds and 1 step)
--> mc_text.ads:10:56

 info: initialization of "V" proved
--> mc_text.ads:11:19

 info: initialization of "Status" proved
--> mc_text.ads:11:46

 info: data dependencies proved
--> mc_text.ads:12:11

 info: postcondition proved (CVC5: 1 VC in max 0.0 seconds and 1 step; Trivial: 1 VC in max 0.0 seconds and 2 steps)
--> mc_text.ads:12:35

 info: implicit aspect Always_Terminates on "Equal" has been proved, subprogram will terminate
--> mc_text.ads:13:13

 info: data dependencies proved
--> mc_text.ads:13:54

 info: implicit aspect Always_Terminates on "Identifier" has been proved, subprogram will terminate
--> mc_text.ads:14:13

 info: data dependencies proved
--> mc_text.ads:14:57

 info: implicit aspect Always_Terminates on "HTTPS_URL" has been proved, subprogram will terminate
--> mc_text.ads:15:13

 info: data dependencies proved
--> mc_text.ads:15:56
 info: local subprogram "Done" only analyzed in the context of calls [info-unrolling-inlining]
--> mc_generation.adb:5:17
      + add a contract to analyze it separately from calling contexts

 info: overflow check proved (CVC5: 2 VC in max 0.0 seconds and 1 step), in call inlined at mc_generation.adb:10
--> mc_generation.adb:5:53

 info: overflow check proved (CVC5: 2 VC in max 0.0 seconds and 1 step), in call inlined at mc_generation.adb:12
--> mc_generation.adb:5:53

 info: overflow check proved (CVC5: 2 VC in max 0.0 seconds and 1 step), in call inlined at mc_generation.adb:18
--> mc_generation.adb:5:53

 info: overflow check proved (CVC5: 2 VC in max 0.0 seconds and 1 step), in call inlined at mc_generation.adb:20
--> mc_generation.adb:5:53

 info: overflow check proved (CVC5: 2 VC in max 0.0 seconds and 1 step), in call inlined at mc_generation.adb:24
--> mc_generation.adb:5:53

 info: overflow check proved (CVC5: 2 VC in max 0.0 seconds and 1 step), in call inlined at mc_generation.adb:27
--> mc_generation.adb:5:53

 info: overflow check proved (CVC5: 2 VC in max 0.0 seconds and 1 step), in call inlined at mc_generation.adb:30
--> mc_generation.adb:5:53

 info: analyzing call to "Done" in context
--> mc_generation.adb:10:73

 info: analyzing call to "Done" in context
--> mc_generation.adb:12:109

 info: analyzing call to "Done" in context
--> mc_generation.adb:18:58

 info: analyzing call to "Done" in context
--> mc_generation.adb:20:125

 info: range check proved (CVC5: 2 VC in max 0.0 seconds and 1 step)
--> mc_generation.adb:24:54

 info: overflow check proved (CVC5: 2 VC in max 0.0 seconds and 1 step)
--> mc_generation.adb:24:96

 info: analyzing call to "Done" in context
--> mc_generation.adb:24:184

 info: analyzing call to "Done" in context
--> mc_generation.adb:27:60

 info: analyzing call to "Done" in context
--> mc_generation.adb:30:61

 info: initialization of "Status" proved
--> mc_generation.ads:19:58

 info: data dependencies proved
--> mc_generation.ads:20:11

 info: postcondition proved (CVC5: 2 VC in max 0.0 seconds and 268 steps; Trivial: 2 VC in max 0.0 seconds and 2 steps)
--> mc_generation.ads:21:16
 info: precondition proved (CVC5: 4 VC in max 0.0 seconds and 1 step)
--> mc_requests.adb:9:15

 info: range check proved (CVC5: 1 VC in max 0.0 seconds and 1 step)
--> mc_requests.adb:9:73

 info: precondition proved (CVC5: 3 VC in max 0.0 seconds and 1 step)
--> mc_requests.adb:12:15

 info: precondition proved (CVC5: 3 VC in max 0.0 seconds and 1 step)
--> mc_requests.adb:13:15

 info: initialization of "B" proved
--> mc_requests.adb:18:07

 info: length check proved (CVC5: 3 VC in max 0.0 seconds and 1 step)
--> mc_requests.adb:22:12

 info: range check proved (CVC5: 4 VC in max 0.0 seconds and 1 step)
--> mc_requests.adb:23:10

 info: precondition proved (CVC5: 3 VC in max 0.0 seconds and 1 step)
--> mc_requests.adb:24:25

 info: range check proved (CVC5: 4 VC in max 0.0 seconds and 1 step)
--> mc_requests.adb:25:54

 info: precondition proved (CVC5: 3 VC in max 0.0 seconds and 1 step)
--> mc_requests.adb:26:25

 info: precondition proved (CVC5: 3 VC in max 0.0 seconds and 1 step)
--> mc_requests.adb:27:25

 info: range check proved (CVC5: 2 VC in max 0.0 seconds and 1 step)
--> mc_requests.adb:29:53

 info: range check proved (CVC5: 4 VC in max 0.0 seconds and 1 step)
--> mc_requests.adb:30:27

 info: range check proved (CVC5: 4 VC in max 0.0 seconds and 1 step)
--> mc_requests.adb:30:54

 info: range check proved (CVC5: 4 VC in max 0.0 seconds and 1 step)
--> mc_requests.adb:31:28

 info: precondition proved (CVC5: 3 VC in max 0.0 seconds and 1 step)
--> mc_requests.adb:32:46

 info: range check proved (CVC5: 2 VC in max 0.0 seconds and 1 step)
--> mc_requests.adb:32:46

 info: precondition proved (CVC5: 3 VC in max 0.0 seconds and 1 step)
--> mc_requests.adb:33:44

 info: range check proved (CVC5: 2 VC in max 0.0 seconds and 2 steps)
--> mc_requests.adb:33:44

 info: range check proved (CVC5: 4 VC in max 0.0 seconds and 1 step)
--> mc_requests.adb:34:29

 info: range check proved (CVC5: 4 VC in max 0.0 seconds and 1 step)
--> mc_requests.adb:34:61

 info: initialization of "Expected" proved
--> mc_requests.adb:43:07

 info: precondition proved (CVC5: 1 VC in max 0.0 seconds and 1 step)
--> mc_requests.adb:57:41

 info: implicit aspect Always_Terminates on "Encode" has been proved, subprogram will terminate
--> mc_requests.ads:18:13

 info: data dependencies proved
--> mc_requests.ads:18:60

 info: initialization of "R" proved
--> mc_requests.ads:19:36

 info: initialization of "Status" proved
--> mc_requests.ads:19:53

 info: data dependencies proved
--> mc_requests.ads:19:80

 info: implicit aspect Always_Terminates on "Header_Binds" has been proved, subprogram will terminate
--> mc_requests.ads:20:13

 info: data dependencies proved
--> mc_requests.ads:20:84
 info: cannot unroll loop (too many loop iterations) [info-unrolling-inlining]
--> mc_paths.adb:10:22

 info: index check proved (CVC5: 2 VC in max 0.0 seconds and 1 step)
--> mc_paths.adb:24:29

 info: index check proved (CVC5: 2 VC in max 0.0 seconds and 1 step)
--> mc_paths.adb:24:63

 info: loop invariant initialization proved (CVC5: 2 VC in max 0.0 seconds and 1 step)
--> mc_paths.adb:30:33

 info: loop invariant preservation proved (CVC5: 2 VC in max 0.0 seconds and 1 step)
--> mc_paths.adb:30:33

 info: range check proved (CVC5: 4 VC in max 0.0 seconds and 1 step)
--> mc_paths.adb:32:54

 info: overflow check proved (CVC5: 2 VC in max 0.0 seconds and 1 step)
--> mc_paths.adb:32:72

 info: overflow check proved (CVC5: 2 VC in max 0.0 seconds and 1 step)
--> mc_paths.adb:35:24

 info: range check proved (CVC5: 4 VC in max 0.0 seconds and 1 step)
--> mc_paths.adb:38:30

 info: implicit aspect Always_Terminates on "Safe_Component" has been proved, subprogram will terminate
--> mc_paths.ads:4:13

 info: data dependencies proved
--> mc_paths.ads:5:11

 info: implicit aspect Always_Terminates on "Safe_Relative" has been proved, subprogram will terminate
--> mc_paths.ads:6:13

 info: data dependencies proved
--> mc_paths.ads:7:11
 info: overflow check proved (CVC5: 2 VC in max 0.0 seconds and 1 step)
--> mc_replay.adb:20:61

 info: implicit aspect Always_Terminates on "Check" has been proved, subprogram will terminate
--> mc_replay.ads:12:13

 info: data dependencies proved
--> mc_replay.ads:15:12

 info: initialization of "Result" proved
--> mc_replay.ads:18:55

 info: data dependencies proved
--> mc_replay.ads:19:11

 info: postcondition proved (CVC5: 1 VC in max 0.0 seconds and 1 step; Trivial: 1 VC in max 0.0 seconds and 2 steps)
--> mc_replay.ads:20:16
 info: implicit aspect Always_Terminates on "Valid" has been proved, subprogram will terminate
--> mc_faults.ads:26:13

 info: data dependencies proved
--> mc_faults.ads:26:51

 info: implicit aspect Always_Terminates on "Worse" has been proved, subprogram will terminate
--> mc_faults.ads:27:13

 info: data dependencies proved
--> mc_faults.ads:27:65

 info: implicit aspect Always_Terminates on "Isolation_Required" has been proved, subprogram will terminate
--> mc_faults.ads:28:13

 info: data dependencies proved
--> mc_faults.ads:28:64

 info: implicit aspect Always_Terminates on "Automatic_Disposition" has been proved, subprogram will terminate
--> mc_faults.ads:29:13

 info: data dependencies proved
--> mc_faults.ads:29:71
 info: range check proved (CVC5: 2 VC in max 0.0 seconds and 1 step)
--> mc_base64.adb:5:07

 info: overflow check proved (CVC5: 2 VC in max 0.0 seconds and 1 step)
--> mc_base64.adb:5:22

 info: range check proved (CVC5: 2 VC in max 0.0 seconds and 1 step)
--> mc_base64.adb:5:29

 info: overflow check proved (CVC5: 2 VC in max 0.0 seconds and 1 step)
--> mc_base64.adb:5:36

 info: division check proved (CVC5: 1 VC in max 0.0 seconds and 1 step)
--> mc_base64.adb:5:39

 info: length check proved (CVC5: 3 VC in max 0.0 seconds and 1 step)
--> mc_base64.adb:5:47

 info: initialization of "A" proved
--> mc_base64.adb:5:95

 info: initialization of "B" proved
--> mc_base64.adb:5:97

 info: initialization of "C" proved
--> mc_base64.adb:5:99

 info: range check proved (CVC5: 4 VC in max 0.0 seconds and 1 step)
--> mc_base64.adb:7:19

 info: loop variant proved (CVC5: 1 VC in max 0.0 seconds and 1 step)
--> mc_base64.adb:8:30

 info: loop invariant preservation proved (CVC5: 2 VC in max 0.0 seconds and 123 steps)
--> mc_base64.adb:9:32

 info: loop invariant initialization proved (CVC5: 2 VC in max 0.0 seconds and 1 step)
--> mc_base64.adb:9:32

 info: range check proved (CVC5: 4 VC in max 0.0 seconds and 1 step)
--> mc_base64.adb:9:39

 info: overflow check proved (CVC5: 4 VC in max 0.0 seconds and 1 step)
--> mc_base64.adb:9:46

 info: division check proved (CVC5: 2 VC in max 0.0 seconds and 1 step)
--> mc_base64.adb:9:60

 info: loop invariant initialization proved (CVC5: 1 VC in max 0.0 seconds and 1 step)
--> mc_base64.adb:10:32

 info: loop invariant preservation proved (CVC5: 1 VC in max 0.0 seconds and 135 steps)
--> mc_base64.adb:10:32

 info: overflow check proved (CVC5: 4 VC in max 0.0 seconds and 57 steps)
--> mc_base64.adb:10:35

 info: division check proved (CVC5: 2 VC in max 0.0 seconds and 1 step)
--> mc_base64.adb:10:38

 info: overflow check proved (CVC5: 4 VC in max 0.0 seconds and 1 step)
--> mc_base64.adb:10:41

 info: overflow check proved (CVC5: 2 VC in max 0.0 seconds and 1 step)
--> mc_base64.adb:11:36

 info: index check proved (CVC5: 2 VC in max 0.0 seconds and 1 step)
--> mc_base64.adb:11:36

 info: overflow check proved (CVC5: 2 VC in max 0.0 seconds and 1 step)
--> mc_base64.adb:12:14

 info: range check proved (CVC5: 2 VC in max 0.0 seconds and 1 step)
--> mc_base64.adb:12:21

 info: overflow check proved (CVC5: 2 VC in max 0.0 seconds and 1 step)
--> mc_base64.adb:12:60

 info: overflow check proved (CVC5: 2 VC in max 0.0 seconds and 1 step)
--> mc_base64.adb:12:62

 info: index check proved (CVC5: 2 VC in max 0.0 seconds and 1 step)
--> mc_base64.adb:12:62

 info: overflow check proved (CVC5: 2 VC in max 0.0 seconds and 1 step)
--> mc_base64.adb:13:14

 info: range check proved (CVC5: 2 VC in max 0.0 seconds and 1 step)
--> mc_base64.adb:13:21

 info: overflow check proved (CVC5: 2 VC in max 0.0 seconds and 1 step)
--> mc_base64.adb:13:60

 info: overflow check proved (CVC5: 2 VC in max 0.0 seconds and 1 step)
--> mc_base64.adb:13:62

 info: index check proved (CVC5: 2 VC in max 0.0 seconds and 1 step)
--> mc_base64.adb:13:62

 info: index check proved (CVC5: 2 VC in max 0.0 seconds and 1 step)
--> mc_base64.adb:14:12

 info: division check proved (CVC5: 1 VC in max 0.0 seconds and 1 step)
--> mc_base64.adb:14:26

 info: index check proved (CVC5: 2 VC in max 0.0 seconds and 227 steps)
--> mc_base64.adb:14:28

 info: overflow check proved (CVC5: 2 VC in max 0.0 seconds and 1 step)
--> mc_base64.adb:14:36

 info: index check proved (CVC5: 2 VC in max 0.0 seconds and 1 step)
--> mc_base64.adb:14:36

 info: division check proved (CVC5: 1 VC in max 0.0 seconds and 1 step)
--> mc_base64.adb:14:53

 info: division check proved (CVC5: 1 VC in max 0.0 seconds and 1 step)
--> mc_base64.adb:14:64

 info: index check proved (CVC5: 2 VC in max 0.0 seconds and 363 steps)
--> mc_base64.adb:14:67

 info: overflow check proved (CVC5: 2 VC in max 0.0 seconds and 1 step)
--> mc_base64.adb:15:13

 info: index check proved (CVC5: 2 VC in max 0.0 seconds and 27 steps)
--> mc_base64.adb:15:13

 info: overflow check proved (CVC5: 2 VC in max 0.0 seconds and 1 step)
--> mc_base64.adb:15:23

 info: range check proved (CVC5: 2 VC in max 0.0 seconds and 1 step)
--> mc_base64.adb:15:30

 info: division check proved (CVC5: 1 VC in max 0.0 seconds and 1 step)
--> mc_base64.adb:15:55

 info: division check proved (CVC5: 1 VC in max 0.0 seconds and 1 step)
--> mc_base64.adb:15:66

 info: index check proved (CVC5: 2 VC in max 0.0 seconds and 10174 steps)
--> mc_base64.adb:15:69

 info: overflow check proved (CVC5: 2 VC in max 0.0 seconds and 1 step)
--> mc_base64.adb:16:13

 info: index check proved (CVC5: 2 VC in max 0.0 seconds and 70 steps)
--> mc_base64.adb:16:13

 info: overflow check proved (CVC5: 2 VC in max 0.0 seconds and 1 step)
--> mc_base64.adb:16:23

 info: range check proved (CVC5: 2 VC in max 0.0 seconds and 1 step)
--> mc_base64.adb:16:30

 info: division check proved (CVC5: 1 VC in max 0.0 seconds and 1 step)
--> mc_base64.adb:16:54

 info: overflow check proved (CVC5: 2 VC in max 0.0 seconds and 1 step)
--> mc_base64.adb:17:14

 info: overflow check proved (CVC5: 2 VC in max 0.0 seconds and 1 step)
--> mc_base64.adb:17:22

 info: initialization of "Pads" proved
--> mc_base64.adb:22:66

 info: implicit aspect Always_Terminates on "Value" has been proved, subprogram will terminate
--> mc_base64.adb:23:16

 info: local subprogram "Value" only analyzed in the context of calls [info-unrolling-inlining]
--> mc_base64.adb:23:16
      + add a contract to analyze it separately from calling contexts

 info: range check proved (CVC5: 2 VC in max 0.0 seconds and 1 step)
--> mc_base64.adb:26:30

 info: postcondition proved (CVC5: 1 VC in max 0.0 seconds and 1 step)
--> mc_base64.adb:26:63

 info: overflow check proved (CVC5: 2 VC in max 0.0 seconds and 1 step)
--> mc_base64.adb:26:76

 info: overflow check proved (CVC5: 2 VC in max 0.0 seconds and 1 step)
--> mc_base64.adb:27:26

 info: overflow check proved (CVC5: 2 VC in max 0.0 seconds and 1 step)
--> mc_base64.adb:27:45

 info: index check proved (CVC5: 2 VC in max 0.0 seconds and 1 step)
--> mc_base64.adb:27:45

 info: range check proved (CVC5: 1 VC in max 0.0 seconds and 1 step)
--> mc_base64.adb:27:62

 info: length check proved (CVC5: 3 VC in max 0.0 seconds and 1 step)
--> mc_base64.adb:29:20

 info: division check proved (CVC5: 1 VC in max 0.0 seconds and 1 step)
--> mc_base64.adb:30:22

 info: range check proved (CVC5: 4 VC in max 0.0 seconds and 1 step)
--> mc_base64.adb:31:21

 info: loop invariant initialization proved (CVC5: 2 VC in max 0.0 seconds and 1 step)
--> mc_base64.adb:32:32

 info: loop invariant preservation proved (CVC5: 2 VC in max 0.0 seconds and 147 steps)
--> mc_base64.adb:32:32

 info: range check proved (CVC5: 4 VC in max 0.0 seconds and 1 step)
--> mc_base64.adb:32:41

 info: division check proved (CVC5: 2 VC in max 0.0 seconds and 1 step)
--> mc_base64.adb:32:62

 info: loop invariant preservation proved (CVC5: 2 VC in max 0.0 seconds and 154 steps)
--> mc_base64.adb:33:32

 info: loop invariant initialization proved (CVC5: 2 VC in max 0.0 seconds and 1 step)
--> mc_base64.adb:33:32

 info: division check proved (CVC5: 2 VC in max 0.0 seconds and 1 step)
--> mc_base64.adb:33:44

 info: range check proved (CVC5: 4 VC in max 0.0 seconds and 1 step)
--> mc_base64.adb:33:67

 info: loop variant proved (CVC5: 1 VC in max 0.0 seconds and 1 step)
--> mc_base64.adb:34:30

 info: overflow check proved (CVC5: 4 VC in max 0.0 seconds and 1 step)
--> mc_base64.adb:37:31

 info: overflow check proved (CVC5: 4 VC in max 0.0 seconds and 10 steps)
--> mc_base64.adb:37:35

 info: index check proved (CVC5: 4 VC in max 0.0 seconds and 15 steps)
--> mc_base64.adb:37:35

 info: range check proved (CVC5: 4 VC in max 0.0 seconds and 1 step)
--> mc_base64.adb:37:67

 info: analyzing call to "Value" in context
--> mc_base64.adb:40:22

 info: in inlined body at line 24
--> mc_base64.adb:40:22
      + cannot unroll loop (too many loop iterations) [info-unrolling-inlining]

 info: overflow check proved (CVC5: 4 VC in max 0.0 seconds and 1 step)
--> mc_base64.adb:40:43

 info: overflow check proved (CVC5: 4 VC in max 0.0 seconds and 1 step)
--> mc_base64.adb:40:47

 info: index check proved (CVC5: 4 VC in max 0.0 seconds and 1 step)
--> mc_base64.adb:40:47

 info: loop invariant initialization proved (CVC5: 1 VC in max 0.0 seconds and 1 step)
--> mc_base64.adb:42:35

 info: loop invariant preservation proved (CVC5: 1 VC in max 0.0 seconds and 95 steps)
--> mc_base64.adb:42:35

 info: loop invariant initialization proved (CVC5: 1 VC in max 0.0 seconds and 1 step)
--> mc_base64.adb:43:35

 info: loop invariant preservation proved (CVC5: 1 VC in max 0.0 seconds and 346 steps)
--> mc_base64.adb:43:35

 info: index check proved (CVC5: 4 VC in max 0.0 seconds and 56 steps)
--> mc_base64.adb:43:60

 info: overflow check proved (CVC5: 2 VC in max 0.0 seconds and 1 step)
--> mc_base64.adb:45:48

 info: range check proved (CVC5: 2 VC in max 0.0 seconds and 1 step)
--> mc_base64.adb:45:56

 info: overflow check proved (CVC5: 2 VC in max 0.0 seconds and 1 step)
--> mc_base64.adb:45:77

 info: overflow check proved (CVC5: 2 VC in max 0.0 seconds and 1 step)
--> mc_base64.adb:45:79

 info: range check proved (CVC5: 2 VC in max 0.0 seconds and 1 step)
--> mc_base64.adb:45:89

 info: division check proved (CVC5: 1 VC in max 0.0 seconds and 1 step)
--> mc_base64.adb:46:34

 info: division check proved (CVC5: 1 VC in max 0.0 seconds and 1 step)
--> mc_base64.adb:47:34

 info: precondition proved (CVC5: 2 VC in max 0.0 seconds and 151 steps)
--> mc_base64.adb:48:10

 info: division check proved (CVC5: 1 VC in max 0.0 seconds and 1 step)
--> mc_base64.adb:48:26

 info: precondition proved (CVC5: 2 VC in max 0.0 seconds and 170 steps)
--> mc_base64.adb:49:25

 info: division check proved (CVC5: 1 VC in max 0.0 seconds and 1 step)
--> mc_base64.adb:49:36

 info: division check proved (CVC5: 1 VC in max 0.0 seconds and 1 step)
--> mc_base64.adb:49:51

 info: precondition proved (CVC5: 2 VC in max 0.0 seconds and 173 steps)
--> mc_base64.adb:50:25

 info: division check proved (CVC5: 1 VC in max 0.0 seconds and 1 step)
--> mc_base64.adb:50:36

 info: overflow check proved (CVC5: 2 VC in max 0.0 seconds and 54 steps)
--> mc_base64.adb:51:18

 info: implicit aspect Always_Terminates on "Encode" has been proved, subprogram will terminate
--> mc_base64.ads:4:13

 info: data dependencies proved
--> mc_base64.ads:4:53

 info: postcondition proved (CVC5: 2 VC in max 0.0 seconds and 77 steps)
--> mc_base64.ads:5:14

 info: division check proved (CVC5: 1 VC in max 0.0 seconds and 1 step)
--> mc_base64.ads:5:84

 info: initialization of "Data" proved
--> mc_base64.ads:6:36

 info: initialization of "Used" proved
--> mc_base64.ads:6:54

 info: initialization of "Status" proved
--> mc_base64.ads:6:74

 info: data dependencies proved
--> mc_base64.ads:6:101

 info: postcondition proved (CVC5: 1 VC in max 0.0 seconds and 441 steps)
--> mc_base64.ads:6:120

 info: range check proved (CVC5: 2 VC in max 0.0 seconds and 305 steps)
--> mc_base64.ads:6:130
 info: implicit aspect Always_Terminates on "Base_OK" has been proved, subprogram will terminate
--> mc_diagnostic_bundle.adb:3:13

 info: implicit aspect Always_Terminates on "Sufficient_For_Kernel_Incident" has been proved, subprogram will terminate
--> mc_diagnostic_bundle.ads:16:13

 info: data dependencies proved
--> mc_diagnostic_bundle.ads:16:92

 info: implicit aspect Always_Terminates on "Sufficient_For_Change_Incident" has been proved, subprogram will terminate
--> mc_diagnostic_bundle.ads:17:13

 info: data dependencies proved
--> mc_diagnostic_bundle.ads:17:92
 info: unrolling loop [info-unrolling-inlining]
--> mc_qualification.adb:12:29

 info: cannot unroll loop (too many loop iterations) [info-unrolling-inlining]
--> mc_qualification.adb:15:28

 info: index check proved (CVC5: 32 VC in max 0.0 seconds and 625 steps)
--> mc_qualification.adb:16:41

 info: precondition proved (CVC5: 3 VC in max 0.0 seconds and 1 step)
--> mc_qualification.adb:29:44

 info: precondition proved (CVC5: 3 VC in max 0.0 seconds and 1 step)
--> mc_qualification.adb:30:15

 info: precondition proved (CVC5: 3 VC in max 0.0 seconds and 1 step)
--> mc_qualification.adb:30:56

 info: precondition proved (CVC5: 1 VC in max 0.0 seconds and 894 steps)
--> mc_qualification.adb:31:32

 info: range check proved (CVC5: 4 VC in max 0.0 seconds and 1 step)
--> mc_qualification.adb:31:39

 info: initialization of "F" proved
--> mc_qualification.adb:34:07

 info: initialization of "T" proved
--> mc_qualification.adb:34:18

 info: length check proved (CVC5: 3 VC in max 0.0 seconds and 1 step)
--> mc_qualification.adb:36:98

 info: range check proved (CVC5: 4 VC in max 0.0 seconds and 1 step)
--> mc_qualification.adb:37:10

 info: unrolling loop [info-unrolling-inlining]
--> mc_qualification.adb:41:23

 info: precondition proved (CVC5: 9 VC in max 0.0 seconds and 1 step)
--> mc_qualification.adb:41:39

 info: range check proved (CVC5: 2 VC in max 0.0 seconds and 1 step)
--> mc_qualification.adb:42:47

 info: range check proved (CVC5: 2 VC in max 0.0 seconds and 6 steps)
--> mc_qualification.adb:42:98

 info: range check proved (CVC5: 4 VC in max 0.0 seconds and 1 step)
--> mc_qualification.adb:43:19

 info: range check proved (CVC5: 4 VC in max 0.0 seconds and 1 step)
--> mc_qualification.adb:43:47

 info: range check proved (CVC5: 4 VC in max 0.0 seconds and 1 step)
--> mc_qualification.adb:43:75

 info: range check proved (CVC5: 4 VC in max 0.0 seconds and 1 step)
--> mc_qualification.adb:44:21

 info: range check proved (CVC5: 4 VC in max 0.0 seconds and 1 step)
--> mc_qualification.adb:44:49

 info: range check proved (CVC5: 4 VC in max 0.0 seconds and 1 step)
--> mc_qualification.adb:44:75

 info: range check proved (CVC5: 4 VC in max 0.0 seconds and 1 step)
--> mc_qualification.adb:45:22

 info: precondition proved (CVC5: 3 VC in max 0.0 seconds and 1 step)
--> mc_qualification.adb:45:69

 info: range check proved (CVC5: 2 VC in max 0.0 seconds and 66 steps)
--> mc_qualification.adb:45:69

 info: precondition proved (CVC5: 3 VC in max 0.0 seconds and 1 step)
--> mc_qualification.adb:46:37

 info: range check proved (CVC5: 2 VC in max 0.0 seconds and 101 steps)
--> mc_qualification.adb:46:37

 info: precondition proved (CVC5: 3 VC in max 0.0 seconds and 1 step)
--> mc_qualification.adb:46:86

 info: range check proved (CVC5: 2 VC in max 0.0 seconds and 136 steps)
--> mc_qualification.adb:46:86

 info: initialization of "A" proved
--> mc_qualification.adb:52:07

 info: initialization of "Who" proved
--> mc_qualification.adb:53:07

 info: cannot unroll loop (too many loop iterations) [info-unrolling-inlining]
--> mc_qualification.adb:57:41

 info: unrolling loop [info-unrolling-inlining]
--> mc_qualification.adb:59:32

 info: overflow check proved (CVC5: 2 VC in max 0.0 seconds and 323 steps)
--> mc_qualification.adb:67:33

 info: index check proved (CVC5: 2 VC in max 0.0 seconds and 484 steps)
--> mc_qualification.adb:71:58

 info: index check proved (CVC5: 2 VC in max 0.0 seconds and 487 steps)
--> mc_qualification.adb:73:59

 info: index check proved (CVC5: 2 VC in max 0.0 seconds and 490 steps)
--> mc_qualification.adb:75:60

 info: index check proved (CVC5: 2 VC in max 0.0 seconds and 362 steps)
--> mc_qualification.adb:82:41

 info: index check proved (CVC5: 2 VC in max 0.0 seconds and 360 steps)
--> mc_qualification.adb:82:69

 info: index check proved (CVC5: 2 VC in max 0.0 seconds and 41 steps)
--> mc_qualification.adb:83:29

 info: index check proved (CVC5: 2 VC in max 0.0 seconds and 371 steps)
--> mc_qualification.adb:83:57

 info: index check proved (CVC5: 2 VC in max 0.0 seconds and 43 steps)
--> mc_qualification.adb:84:29

 info: index check proved (CVC5: 2 VC in max 0.0 seconds and 45 steps)
--> mc_qualification.adb:84:58

 info: index check proved (CVC5: 2 VC in max 0.0 seconds and 51 steps)
--> mc_qualification.adb:85:29

 info: index check proved (CVC5: 2 VC in max 0.0 seconds and 49 steps)
--> mc_qualification.adb:85:54

 info: index check proved (CVC5: 2 VC in max 0.0 seconds and 59 steps)
--> mc_qualification.adb:86:29

 info: index check proved (CVC5: 2 VC in max 0.0 seconds and 62 steps)
--> mc_qualification.adb:86:54

 info: index check proved (CVC5: 2 VC in max 0.0 seconds and 67 steps)
--> mc_qualification.adb:87:29

 info: index check proved (CVC5: 2 VC in max 0.0 seconds and 72 steps)
--> mc_qualification.adb:87:55

 info: implicit aspect Always_Terminates on "Valid" has been proved, subprogram will terminate
--> mc_qualification.ads:32:13

 info: data dependencies proved
--> mc_qualification.ads:32:52

 info: implicit aspect Always_Terminates on "Encode" has been proved, subprogram will terminate
--> mc_qualification.ads:33:13

 info: data dependencies proved
--> mc_qualification.ads:33:50

 info: initialization of "C" proved
--> mc_qualification.ads:34:33

 info: initialization of "Status" proved
--> mc_qualification.ads:34:48

 info: data dependencies proved
--> mc_qualification.ads:34:75

 info: implicit aspect Always_Terminates on "Evaluate" has been proved, subprogram will terminate
--> mc_qualification.ads:35:13

 info: data dependencies proved
--> mc_qualification.ads:36:45
 info: overflow check proved (CVC5: 2 VC in max 0.0 seconds and 3 steps)
--> mc_incidents.adb:29:44

 info: range check proved (CVC5: 2 VC in max 0.0 seconds and 13 steps)
--> mc_incidents.adb:58:44

 info: range check proved (CVC5: 2 VC in max 0.0 seconds and 13 steps)
--> mc_incidents.adb:60:44

 info: overflow check proved (CVC5: 2 VC in max 0.0 seconds and 455 steps)
--> mc_incidents.adb:73:32

 info: implicit aspect Always_Terminates on "Valid" has been proved, subprogram will terminate
--> mc_incidents.ads:32:13

 info: data dependencies proved
--> mc_incidents.ads:32:51

 info: initialization of "Status" proved
--> mc_incidents.ads:34:50

 info: data dependencies proved
--> mc_incidents.ads:35:11

 info: postcondition proved (CVC5: 2 VC in max 0.0 seconds and 590 steps; Trivial: 2 VC in max 0.0 seconds and 2 steps)
--> mc_incidents.ads:36:16

 info: overflow check proved (CVC5: 2 VC in max 0.0 seconds and 207 steps)
--> mc_incidents.ads:37:68
 info: initialization of "I" proved
--> mc_json.adb:6:07

 info: initialization of "B" proved
--> mc_json.adb:6:20

 info: length check proved (CVC5: 3 VC in max 0.0 seconds and 1 step)
--> mc_json.adb:8:21

 info: index check proved (CVC5: 2 VC in max 0.0 seconds and 1 step)
--> mc_json.adb:9:48

 info: index check proved (CVC5: 2 VC in max 0.0 seconds and 1 step)
--> mc_json.adb:9:90

 info: index check proved (CVC5: 2 VC in max 0.0 seconds and 1 step)
--> mc_json.adb:10:25

 info: index check proved (CVC5: 2 VC in max 0.0 seconds and 1 step)
--> mc_json.adb:10:59

 info: index check proved (CVC5: 2 VC in max 0.0 seconds and 1 step)
--> mc_json.adb:10:76

 info: index check proved (CVC5: 2 VC in max 0.0 seconds and 1 step)
--> mc_json.adb:11:23

 info: index check proved (CVC5: 2 VC in max 0.0 seconds and 1 step)
--> mc_json.adb:11:25

 info: index check proved (CVC5: 2 VC in max 0.0 seconds and 1 step)
--> mc_json.adb:11:58

 info: index check proved (CVC5: 2 VC in max 0.0 seconds and 1 step)
--> mc_json.adb:11:60

 info: index check proved (CVC5: 2 VC in max 0.0 seconds and 1 step)
--> mc_json.adb:12:18

 info: overflow check proved (CVC5: 2 VC in max 0.0 seconds and 1 step)
--> mc_json.adb:12:26

 info: index check proved (CVC5: 4 VC in max 0.0 seconds and 1 step)
--> mc_json.adb:13:23

 info: loop variant proved (CVC5: 1 VC in max 0.0 seconds and 31 steps)
--> mc_json.adb:14:30

 info: loop invariant initialization proved (CVC5: 2 VC in max 0.0 seconds and 1 step)
--> mc_json.adb:15:32

 info: loop invariant preservation proved (CVC5: 2 VC in max 0.0 seconds and 34 steps)
--> mc_json.adb:15:32

 info: index check proved (CVC5: 4 VC in max 0.0 seconds and 1 step)
--> mc_json.adb:15:45

 info: overflow check proved (CVC5: 4 VC in max 0.0 seconds and 1 step)
--> mc_json.adb:15:53

 info: index check proved (CVC5: 4 VC in max 0.0 seconds and 1 step)
--> mc_json.adb:15:67

 info: loop invariant initialization proved (CVC5: 1 VC in max 0.0 seconds and 1 step)
--> mc_json.adb:16:32

 info: loop invariant preservation proved (CVC5: 1 VC in max 0.0 seconds and 27 steps)
--> mc_json.adb:16:32

 info: range check proved (CVC5: 4 VC in max 0.0 seconds and 1 step)
--> mc_json.adb:16:45

 info: index check proved (CVC5: 2 VC in max 0.0 seconds and 1 step)
--> mc_json.adb:17:18

 info: overflow check proved (CVC5: 2 VC in max 0.0 seconds and 1 step)
--> mc_json.adb:17:26

 info: index check proved (CVC5: 2 VC in max 0.0 seconds and 1 step)
--> mc_json.adb:19:27

 info: index check proved (CVC5: 2 VC in max 0.0 seconds and 1 step)
--> mc_json.adb:20:23

 info: index check proved (CVC5: 2 VC in max 0.0 seconds and 1 step)
--> mc_json.adb:21:39

 info: overflow check proved (CVC5: 2 VC in max 0.0 seconds and 1 step)
--> mc_json.adb:24:27

 info: range check proved (CVC5: 2 VC in max 0.0 seconds and 1 step)
--> mc_json.adb:27:23

 info: overflow check proved (CVC5: 2 VC in max 0.0 seconds and 1 step)
--> mc_json.adb:28:20

 info: overflow check proved (CVC5: 2 VC in max 0.0 seconds and 1 step)
--> mc_json.adb:28:41

 info: index check proved (CVC5: 2 VC in max 0.0 seconds and 4 steps)
--> mc_json.adb:28:41

 info: initialization of "I" proved
--> mc_json.adb:32:07

 info: initialization of "B" proved
--> mc_json.adb:32:45

 info: initialization of "Used" proved
--> mc_json.adb:32:64

 info: initialization of "S" proved
--> mc_json.adb:32:80

 info: initialization of "Equal" proved
--> mc_json.adb:32:93

 info: index check proved (CVC5: 2 VC in max 0.0 seconds and 1 step)
--> mc_json.adb:34:70

 info: index check proved (CVC5: 2 VC in max 0.0 seconds and 1 step)
--> mc_json.adb:35:18

 info: index check proved (CVC5: 4 VC in max 0.0 seconds and 1 step)
--> mc_json.adb:37:24

 info: loop variant proved (CVC5: 1 VC in max 0.0 seconds and 1 step)
--> mc_json.adb:38:30

 info: loop invariant initialization proved (CVC5: 1 VC in max 0.0 seconds and 1 step)
--> mc_json.adb:39:32

 info: loop invariant preservation proved (CVC5: 1 VC in max 0.0 seconds and 1 step)
--> mc_json.adb:39:32

 info: index check proved (CVC5: 2 VC in max 0.0 seconds and 1 step)
--> mc_json.adb:40:43

 info: index check proved (CVC5: 2 VC in max 0.0 seconds and 1 step)
--> mc_json.adb:41:28

 info: index check proved (CVC5: 2 VC in max 0.0 seconds and 1 step)
--> mc_json.adb:41:69

 info: index check proved (CVC5: 2 VC in max 0.0 seconds and 1 step)
--> mc_json.adb:42:29

 info: index check proved (CVC5: 2 VC in max 0.0 seconds and 1 step)
--> mc_json.adb:43:29

 info: index check proved (CVC5: 2 VC in max 0.0 seconds and 1 step)
--> mc_json.adb:43:51

 info: range check proved (CVC5: 2 VC in max 0.0 seconds and 1 step)
--> mc_json.adb:44:30

 info: range check proved (CVC5: 2 VC in max 0.0 seconds and 1 step)
--> mc_json.adb:45:25

 info: cannot unroll loop (too many loop iterations) [info-unrolling-inlining]
--> mc_json.adb:46:43

 info: overflow check proved (CVC5: 2 VC in max 0.0 seconds and 1 step)
--> mc_json.adb:46:54

 info: overflow check proved (CVC5: 2 VC in max 0.0 seconds and 1 step)
--> mc_json.adb:46:64

 info: index check proved (CVC5: 2 VC in max 0.0 seconds and 1 step)
--> mc_json.adb:46:64

 info: range check proved (CVC5: 2 VC in max 0.0 seconds and 1 step)
--> mc_json.adb:47:32

 info: index check proved (CVC5: 2 VC in max 0.0 seconds and 1 step)
--> mc_json.adb:48:30

 info: initialization of "I" proved
--> mc_json.adb:52:07

 info: index check proved (CVC5: 2 VC in max 0.0 seconds and 1 step)
--> mc_json.adb:54:68

 info: index check proved (CVC5: 2 VC in max 0.0 seconds and 1 step)
--> mc_json.adb:55:18

 info: index check proved (CVC5: 4 VC in max 0.0 seconds and 1 step)
--> mc_json.adb:57:24

 info: loop variant proved (CVC5: 1 VC in max 0.0 seconds and 1 step)
--> mc_json.adb:58:30

 info: loop invariant initialization proved (CVC5: 1 VC in max 0.0 seconds and 1 step)
--> mc_json.adb:59:32

 info: loop invariant preservation proved (CVC5: 1 VC in max 0.0 seconds and 1 step)
--> mc_json.adb:59:32

 info: index check proved (CVC5: 2 VC in max 0.0 seconds and 1 step)
--> mc_json.adb:60:21

 info: index check proved (CVC5: 2 VC in max 0.0 seconds and 1 step)
--> mc_json.adb:60:60

 info: index check proved (CVC5: 2 VC in max 0.0 seconds and 1 step)
--> mc_json.adb:61:28

 info: index check proved (CVC5: 2 VC in max 0.0 seconds and 1 step)
--> mc_json.adb:61:49

 info: range check proved (CVC5: 2 VC in max 0.0 seconds and 1 step)
--> mc_json.adb:62:36

 info: index check proved (CVC5: 2 VC in max 0.0 seconds and 1 step)
--> mc_json.adb:63:29

 info: overflow check proved (CVC5: 2 VC in max 0.0 seconds and 1 step)
--> mc_json.adb:63:50

 info: initialization of "Pos" proved
--> mc_json.adb:67:07

 info: implicit aspect Always_Terminates on "Cursor_Valid" has been proved, subprogram will terminate
--> mc_json.adb:68:16

 info: overflow check proved (CVC5: 2 VC in max 0.0 seconds and 1 step)
--> mc_json.adb:70:49

 info: postcondition proved (CVC5: 2 VC in max 0.0 seconds and 1 step)
--> mc_json.adb:72:17

 info: index check proved (CVC5: 4 VC in max 0.0 seconds and 1 step)
--> mc_json.adb:74:45

 info: loop invariant initialization proved (CVC5: 1 VC in max 0.0 seconds and 1 step)
--> mc_json.adb:75:35

 info: loop invariant preservation proved (CVC5: 1 VC in max 0.0 seconds and 1 step)
--> mc_json.adb:75:35

 info: loop invariant initialization proved (CVC5: 1 VC in max 0.0 seconds and 1 step)
--> mc_json.adb:76:35

 info: loop invariant preservation proved (CVC5: 1 VC in max 0.0 seconds and 1 step)
--> mc_json.adb:76:35

 info: loop variant proved (CVC5: 1 VC in max 0.0 seconds and 1 step)
--> mc_json.adb:77:33

 info: overflow check proved (CVC5: 2 VC in max 0.0 seconds and 1 step)
--> mc_json.adb:78:21

 info: initialization of "N" proved
--> mc_json.adb:81:47

 info: postcondition proved (CVC5: 6 VC in max 0.0 seconds and 1 step; Trivial: 2 VC in max 0.0 seconds and 2 steps)
--> mc_json.adb:83:19

 info: index check proved (CVC5: 2 VC in max 0.0 seconds and 1 step)
--> mc_json.adb:86:32

 info: range check proved (CVC5: 2 VC in max 0.0 seconds and 1 step)
--> mc_json.adb:90:26

 info: index check proved (CVC5: 2 VC in max 0.0 seconds and 1 step)
--> mc_json.adb:90:50

 info: initialization of "N" proved
--> mc_json.adb:92:50

 info: postcondition proved (CVC5: 6 VC in max 0.0 seconds and 1 step; Trivial: 1 VC in max 0.0 seconds and 2 steps)
--> mc_json.adb:94:19

 info: precondition proved (CVC5: 1 VC in max 0.0 seconds and 1 step)
--> mc_json.adb:99:10

 info: index check proved (CVC5: 2 VC in max 0.0 seconds and 1 step)
--> mc_json.adb:100:40

 info: overflow check proved (CVC5: 2 VC in max 0.0 seconds and 1 step)
--> mc_json.adb:100:89

 info: loop invariant initialization proved (CVC5: 1 VC in max 0.0 seconds and 1 step)
--> mc_json.adb:102:35

 info: loop invariant preservation proved (CVC5: 1 VC in max 0.0 seconds and 1 step)
--> mc_json.adb:102:35

 info: loop invariant initialization proved (CVC5: 1 VC in max 0.0 seconds and 1 step)
--> mc_json.adb:103:35

 info: loop invariant preservation proved (CVC5: 1 VC in max 0.0 seconds and 1 step)
--> mc_json.adb:103:35

 info: loop invariant initialization proved (CVC5: 2 VC in max 0.0 seconds and 1 step)
--> mc_json.adb:104:35

 info: loop invariant preservation proved (CVC5: 2 VC in max 0.0 seconds and 1 step)
--> mc_json.adb:104:35

 info: loop variant proved (CVC5: 1 VC in max 0.0 seconds and 1 step)
--> mc_json.adb:105:33

 info: index check proved (CVC5: 2 VC in max 0.0 seconds and 1 step)
--> mc_json.adb:107:24

 info: index check proved (CVC5: 2 VC in max 0.0 seconds and 1 step)
--> mc_json.adb:109:24

 info: index check proved (CVC5: 2 VC in max 0.0 seconds and 1 step)
--> mc_json.adb:110:24

 info: index check proved (CVC5: 2 VC in max 0.0 seconds and 1 step)
--> mc_json.adb:110:45

 info: overflow check proved (CVC5: 2 VC in max 0.0 seconds and 1 step)
--> mc_json.adb:110:67

 info: index check proved (CVC5: 2 VC in max 0.0 seconds and 1 step)
--> mc_json.adb:111:24

 info: index check proved (CVC5: 2 VC in max 0.0 seconds and 1 step)
--> mc_json.adb:111:45

 info: overflow check proved (CVC5: 2 VC in max 0.0 seconds and 1 step)
--> mc_json.adb:112:21

 info: initialization of "N" proved
--> mc_json.adb:115:61

 info: postcondition proved (CVC5: 6 VC in max 0.0 seconds and 986 steps; Trivial: 1 VC in max 0.0 seconds and 2 steps)
--> mc_json.adb:117:19

 info: initialization of "K" proved
--> mc_json.adb:121:10

 info: initialization of "Value_Node" proved
--> mc_json.adb:121:12

 info: initialization of "Earlier" proved
--> mc_json.adb:121:32

 info: initialization of "Object_Form" proved
--> mc_json.adb:121:76

 info: initialization of "Close_Byte" proved
--> mc_json.adb:121:99

 info: initialization of "Key" proved
--> mc_json.adb:122:10

 info: initialization of "Other" proved
--> mc_json.adb:122:14

 info: initialization of "KN" proved
--> mc_json.adb:122:37

 info: initialization of "ON" proved
--> mc_json.adb:122:40

 info: initialization of "S" proved
--> mc_json.adb:122:54

 info: precondition proved (CVC5: 1 VC in max 0.0 seconds and 1 step)
--> mc_json.adb:124:16

 info: index check proved (CVC5: 2 VC in max 0.0 seconds and 1 step)
--> mc_json.adb:126:18

 info: precondition proved (CVC5: 1 VC in max 0.0 seconds and 1 step)
--> mc_json.adb:126:31

 info: index check proved (CVC5: 2 VC in max 0.0 seconds and 1 step)
--> mc_json.adb:127:21

 info: index check proved (CVC5: 2 VC in max 0.0 seconds and 1 step)
--> mc_json.adb:128:31

 info: precondition proved (CVC5: 1 VC in max 0.0 seconds and 1 step)
--> mc_json.adb:129:13

 info: overflow check proved (CVC5: 2 VC in max 0.0 seconds and 1 step)
--> mc_json.adb:130:21

 info: precondition proved (CVC5: 1 VC in max 0.0 seconds and 1 step)
--> mc_json.adb:130:25

 info: index check proved (CVC5: 2 VC in max 0.0 seconds and 1 step)
--> mc_json.adb:131:45

 info: index check proved (CVC5: 2 VC in max 0.0 seconds and 1 step)
--> mc_json.adb:131:74

 info: overflow check proved (CVC5: 2 VC in max 0.0 seconds and 1 step)
--> mc_json.adb:131:96

 info: loop invariant preservation proved (CVC5: 1 VC in max 0.0 seconds and 179 steps)
--> mc_json.adb:133:38

 info: loop invariant initialization proved (CVC5: 1 VC in max 0.0 seconds and 1 step)
--> mc_json.adb:133:38

 info: loop invariant initialization proved (CVC5: 1 VC in max 0.0 seconds and 1 step)
--> mc_json.adb:134:38

 info: loop invariant preservation proved (CVC5: 1 VC in max 0.0 seconds and 183 steps)
--> mc_json.adb:134:38

 info: loop invariant initialization proved (CVC5: 2 VC in max 0.0 seconds and 1 step)
--> mc_json.adb:135:38

 info: loop invariant preservation proved (CVC5: 2 VC in max 0.0 seconds and 234 steps)
--> mc_json.adb:135:38

 info: loop invariant initialization proved (CVC5: 1 VC in max 0.0 seconds and 1 step)
--> mc_json.adb:136:38

 info: loop invariant preservation proved (CVC5: 1 VC in max 0.0 seconds and 1 step)
--> mc_json.adb:136:38

 info: loop variant proved (CVC5: 1 VC in max 0.0 seconds and 229 steps)
--> mc_json.adb:137:36

 info: precondition proved (CVC5: 1 VC in max 0.0 seconds and 1 step)
--> mc_json.adb:139:19

 info: range check proved (CVC5: 2 VC in max 0.0 seconds and 2 steps)
--> mc_json.adb:143:42

 info: range check proved (CVC5: 4 VC in max 0.0 seconds and 1 step)
--> mc_json.adb:144:55

 info: range check proved (CVC5: 4 VC in max 0.0 seconds and 1 step)
--> mc_json.adb:144:66

 info: index check proved (CVC5: 2 VC in max 0.0 seconds and 64 steps)
--> mc_json.adb:145:54

 info: precondition proved (CVC5: 1 VC in max 0.0 seconds and 42 steps)
--> mc_json.adb:147:19

 info: index check proved (CVC5: 2 VC in max 0.0 seconds and 1 step)
--> mc_json.adb:147:56

 info: overflow check proved (CVC5: 2 VC in max 0.0 seconds and 53 steps)
--> mc_json.adb:147:105

 info: precondition proved (CVC5: 1 VC in max 0.0 seconds and 153 steps)
--> mc_json.adb:149:16

 info: subprogram variant proved (CVC5: 1 VC in max 0.0 seconds and 1 step)
--> mc_json.adb:149:16

 info: overflow check proved (CVC5: 2 VC in max 0.0 seconds and 33 steps)
--> mc_json.adb:149:34

 info: precondition proved (CVC5: 1 VC in max 0.0 seconds and 131 steps)
--> mc_json.adb:150:16

 info: index check proved (CVC5: 2 VC in max 0.0 seconds and 1 step)
--> mc_json.adb:151:24

 info: index check proved (CVC5: 2 VC in max 0.0 seconds and 1 step)
--> mc_json.adb:151:53

 info: index check proved (CVC5: 2 VC in max 0.0 seconds and 1 step)
--> mc_json.adb:151:75

 info: overflow check proved (CVC5: 2 VC in max 0.0 seconds and 170 steps)
--> mc_json.adb:151:106

 info: index check proved (CVC5: 2 VC in max 0.0 seconds and 1 step)
--> mc_json.adb:152:27

 info: overflow check proved (CVC5: 2 VC in max 0.0 seconds and 152 steps)
--> mc_json.adb:153:29

 info: precondition proved (CVC5: 1 VC in max 0.0 seconds and 158 steps)
--> mc_json.adb:153:33

 info: index check proved (CVC5: 2 VC in max 0.0 seconds and 1 step)
--> mc_json.adb:155:21

 info: precondition proved (CVC5: 1 VC in max 0.0 seconds and 1 step)
--> mc_json.adb:156:13

 info: index check proved (CVC5: 4 VC in max 0.0 seconds and 1 step)
--> mc_json.adb:157:48

 info: loop invariant preservation proved (CVC5: 1 VC in max 0.0 seconds and 1 step)
--> mc_json.adb:158:38

 info: loop invariant initialization proved (CVC5: 1 VC in max 0.0 seconds and 1 step)
--> mc_json.adb:158:38

 info: loop invariant preservation proved (CVC5: 1 VC in max 0.0 seconds and 1 step)
--> mc_json.adb:159:38

 info: loop invariant initialization proved (CVC5: 1 VC in max 0.0 seconds and 1 step)
--> mc_json.adb:159:38

 info: loop variant proved (CVC5: 1 VC in max 0.0 seconds and 1 step)
--> mc_json.adb:160:36

 info: overflow check proved (CVC5: 2 VC in max 0.0 seconds and 1 step)
--> mc_json.adb:161:24

 info: index check proved (CVC5: 2 VC in max 0.0 seconds and 1 step)
--> mc_json.adb:163:21

 info: overflow check proved (CVC5: 2 VC in max 0.0 seconds and 1 step)
--> mc_json.adb:164:19

 info: index check proved (CVC5: 2 VC in max 0.0 seconds and 1 step)
--> mc_json.adb:164:28

 info: overflow check proved (CVC5: 2 VC in max 0.0 seconds and 1 step)
--> mc_json.adb:164:52

 info: index check proved (CVC5: 2 VC in max 0.0 seconds and 1 step)
--> mc_json.adb:164:61

 info: index check proved (CVC5: 2 VC in max 0.0 seconds and 1 step)
--> mc_json.adb:164:94

 info: index check proved (CVC5: 2 VC in max 0.0 seconds and 1 step)
--> mc_json.adb:164:96

 info: index check proved (CVC5: 2 VC in max 0.0 seconds and 1 step)
--> mc_json.adb:166:57

 info: index check proved (CVC5: 2 VC in max 0.0 seconds and 1 step)
--> mc_json.adb:166:89

 info: index check proved (CVC5: 2 VC in max 0.0 seconds and 1 step)
--> mc_json.adb:167:46

 info: index check proved (CVC5: 2 VC in max 0.0 seconds and 1 step)
--> mc_json.adb:167:81

 info: precondition proved (CVC5: 1 VC in max 0.0 seconds and 1 step)
--> mc_json.adb:169:16

 info: range check proved (CVC5: 2 VC in max 0.0 seconds and 1 step)
--> mc_json.adb:170:26

 info: overflow check proved (CVC5: 2 VC in max 0.0 seconds and 1 step)
--> mc_json.adb:170:43

 info: overflow check proved (CVC5: 2 VC in max 0.0 seconds and 1 step)
--> mc_json.adb:170:47

 info: loop invariant preservation proved (CVC5: 1 VC in max 0.0 seconds and 1 step)
--> mc_json.adb:172:41

 info: loop invariant initialization proved (CVC5: 1 VC in max 0.0 seconds and 1 step)
--> mc_json.adb:172:41

 info: overflow check proved (CVC5: 4 VC in max 0.0 seconds and 1 step)
--> mc_json.adb:172:59

 info: overflow check proved (CVC5: 4 VC in max 0.0 seconds and 1 step)
--> mc_json.adb:172:62

 info: index check proved (CVC5: 2 VC in max 0.0 seconds and 1 step)
--> mc_json.adb:173:27

 info: index check proved (CVC5: 2 VC in max 0.0 seconds and 1 step)
--> mc_json.adb:173:60

 info: overflow check proved (CVC5: 2 VC in max 0.0 seconds and 1 step)
--> mc_json.adb:174:27

 info: index check proved (CVC5: 2 VC in max 0.0 seconds and 1 step)
--> mc_json.adb:176:24

 info: initialization of "N" proved
--> mc_json.adb:180:07

 info: range check proved (CVC5: 2 VC in max 0.0 seconds and 1 step)
--> mc_json.adb:184:16

 info: precondition proved (CVC5: 1 VC in max 0.0 seconds and 1 step)
--> mc_json.adb:185:07

 info: precondition proved (CVC5: 1 VC in max 0.0 seconds and 1 step)
--> mc_json.adb:185:26

 info: overflow check proved (CVC5: 2 VC in max 0.0 seconds and 1 step)
--> mc_json.adb:186:40

 info: initialization of "Used" proved
--> mc_json.adb:189:40

 info: index check proved (CVC5: 2 VC in max 0.0 seconds and 1 step)
--> mc_json.adb:193:18

 info: index check proved (CVC5: 2 VC in max 0.0 seconds and 1 step)
--> mc_json.adb:194:21

 info: index check proved (CVC5: 2 VC in max 0.0 seconds and 1 step)
--> mc_json.adb:195:21

 info: index check proved (CVC5: 2 VC in max 0.0 seconds and 1 step)
--> mc_json.adb:195:64

 info: index check proved (CVC5: 2 VC in max 0.0 seconds and 1 step)
--> mc_json.adb:195:87

 info: index check proved (CVC5: 2 VC in max 0.0 seconds and 1 step)
--> mc_json.adb:196:28

 info: overflow check proved (CVC5: 2 VC in max 0.0 seconds and 1 step)
--> mc_json.adb:196:35

 info: index check proved (CVC5: 2 VC in max 0.0 seconds and 1 step)
--> mc_json.adb:196:44

 info: index check proved (CVC5: 2 VC in max 0.0 seconds and 1 step)
--> mc_json.adb:197:24

 info: overflow check proved (CVC5: 2 VC in max 0.0 seconds and 1 step)
--> mc_json.adb:197:31

 info: index check proved (CVC5: 2 VC in max 0.0 seconds and 1 step)
--> mc_json.adb:197:40

 info: overflow check proved (CVC5: 2 VC in max 0.0 seconds and 1 step)
--> mc_json.adb:197:48

 info: range check proved (CVC5: 2 VC in max 0.0 seconds and 1 step)
--> mc_json.adb:197:48

 info: range check proved (CVC5: 4 VC in max 0.0 seconds and 1 step)
--> mc_json.adb:198:10

 info: index check proved (CVC5: 2 VC in max 0.0 seconds and 1 step)
--> mc_json.adb:198:12

 info: index check proved (CVC5: 2 VC in max 0.0 seconds and 1 step)
--> mc_json.adb:198:15

 info: length check proved (CVC5: 3 VC in max 0.0 seconds and 1 step)
--> mc_json.adb:198:20

 info: range check proved (CVC5: 4 VC in max 0.0 seconds and 1 step)
--> mc_json.adb:198:22

 info: length check proved (CVC5: 3 VC in max 0.0 seconds and 1 step)
--> mc_json.adb:198:22

 info: index check proved (CVC5: 2 VC in max 0.0 seconds and 1 step)
--> mc_json.adb:198:35

 info: index check proved (CVC5: 2 VC in max 0.0 seconds and 1 step)
--> mc_json.adb:198:53

 info: initialization of "S" proved
--> mc_json.adb:200:50

 info: range check proved (CVC5: 2 VC in max 0.0 seconds and 1 step)
--> mc_json.adb:200:50

 info: cannot unroll loop (too many loop iterations) [info-unrolling-inlining]
--> mc_json.adb:201:27

 info: index check proved (CVC5: 2 VC in max 0.0 seconds and 18 steps)
--> mc_json.adb:201:54

 info: initialization of "D" proved
--> mc_json.ads:10:34

 info: initialization of "Status" proved
--> mc_json.ads:10:52

 info: data dependencies proved
--> mc_json.ads:10:79

 info: implicit aspect Always_Terminates on "Member" has been proved, subprogram will terminate
--> mc_json.ads:11:13

 info: data dependencies proved
--> mc_json.ads:11:102

 info: implicit aspect Always_Terminates on "Element" has been proved, subprogram will terminate
--> mc_json.ads:12:13

 info: data dependencies proved
--> mc_json.ads:12:95

 info: aspect Always_Terminates on "String_Bytes" has been proved, subprogram will terminate
--> mc_json.ads:13:14

 info: initialization of "Value" proved
--> mc_json.ads:13:66

 info: initialization of "Used" proved
--> mc_json.ads:13:85

 info: initialization of "Status" proved
--> mc_json.ads:13:105

 info: data dependencies proved
--> mc_json.ads:13:132

 info: postcondition proved (CVC5: 1 VC in max 0.0 seconds and 197 steps)
--> mc_json.ads:13:173

 info: range check proved (CVC5: 2 VC in max 0.0 seconds and 86 steps)
--> mc_json.ads:13:186

 info: initialization of "Value" proved
--> mc_json.ads:14:68

 info: initialization of "Status" proved
--> mc_json.ads:14:89

 info: data dependencies proved
--> mc_json.ads:14:116
 info: precondition proved (CVC5: 1 VC in max 0.0 seconds and 1 step)
--> mc_golden.adb:10:52

 info: implicit aspect Always_Terminates on "Header" has been proved, subprogram will terminate
--> mc_golden.ads:5:13

 info: data dependencies proved
--> mc_golden.ads:5:51
 info: cannot unroll loop (too many loop iterations) [info-unrolling-inlining]
--> mc_types.adb:7:25

 info: range check proved (CVC5: 2 VC in max 0.0 seconds and 1 step)
--> mc_types.adb:19:25

 info: cannot unroll loop (too many loop iterations) [info-unrolling-inlining]
--> mc_types.adb:19:37

 info: overflow check proved (CVC5: 2 VC in max 0.0 seconds and 1 step)
--> mc_types.adb:21:30

 info: index check proved (CVC5: 2 VC in max 0.0 seconds and 1 step)
--> mc_types.adb:21:30

 info: overflow check proved (CVC5: 2 VC in max 0.0 seconds and 1 step)
--> mc_types.adb:21:58

 info: index check proved (CVC5: 2 VC in max 0.0 seconds and 1 step)
--> mc_types.adb:21:58

 info: implicit aspect Always_Terminates on "Is_Zero" has been proved, subprogram will terminate
--> mc_types.ads:19:13

 info: data dependencies proved
--> mc_types.ads:20:11

 info: implicit aspect Always_Terminates on "Same_Bytes" has been proved, subprogram will terminate
--> mc_types.ads:21:13

 info: data dependencies proved
--> mc_types.ads:22:11
 info: length check proved (CVC5: 3 VC in max 0.0 seconds and 1 step)
--> mc_config_receipt.adb:24:16

 info: precondition proved (CVC5: 3 VC in max 0.0 seconds and 1 step)
--> mc_config_receipt.adb:29:15

 info: precondition proved (CVC5: 3 VC in max 0.0 seconds and 1 step)
--> mc_config_receipt.adb:29:64

 info: precondition proved (CVC5: 3 VC in max 0.0 seconds and 1 step)
--> mc_config_receipt.adb:30:15

 info: precondition proved (CVC5: 3 VC in max 0.0 seconds and 1 step)
--> mc_config_receipt.adb:30:62

 info: precondition proved (CVC5: 3 VC in max 0.0 seconds and 1 step)
--> mc_config_receipt.adb:31:15

 info: precondition proved (CVC5: 3 VC in max 0.0 seconds and 6 steps)
--> mc_config_receipt.adb:31:56

 info: range check proved (CVC5: 1 VC in max 0.0 seconds and 1890 steps)
--> mc_config_receipt.adb:32:46

 info: initialization of "W" proved
--> mc_config_receipt.adb:39:07

 info: initialization of "Canonical" proved
--> mc_config_receipt.adb:39:09

 info: initialization of "T" proved
--> mc_config_receipt.adb:39:26

 info: initialization of "N" proved
--> mc_config_receipt.adb:39:38

 info: initialization of "Local" proved
--> mc_config_receipt.adb:39:47

 info: implicit aspect Always_Terminates on "Count" has been proved, subprogram will terminate
--> mc_config_receipt.adb:40:16

 info: precondition proved (CVC5: 3 VC in max 0.0 seconds and 1 step)
--> mc_config_receipt.adb:40:71

 info: range check proved (CVC5: 2 VC in max 0.0 seconds and 1 step)
--> mc_config_receipt.adb:40:71

 info: precondition proved (CVC5: 3 VC in max 0.0 seconds and 1 step)
--> mc_config_receipt.adb:42:28

 info: length check proved (CVC5: 3 VC in max 0.0 seconds and 1 step)
--> mc_config_receipt.adb:44:90

 info: range check proved (CVC5: 4 VC in max 0.0 seconds and 1 step)
--> mc_config_receipt.adb:45:10

 info: cannot unroll loop (too many loop iterations) [info-unrolling-inlining]
--> mc_config_receipt.adb:46:25

 info: unrolling loop [info-unrolling-inlining]
--> mc_config_receipt.adb:47:21

 info: precondition proved (CVC5: 18 VC in max 0.0 seconds and 1 step)
--> mc_config_receipt.adb:47:37

 info: range check proved (CVC5: 4 VC in max 0.0 seconds and 1 step)
--> mc_config_receipt.adb:48:23

 info: range check proved (CVC5: 4 VC in max 0.0 seconds and 1 step)
--> mc_config_receipt.adb:48:55

 info: range check proved (CVC5: 4 VC in max 0.0 seconds and 1 step)
--> mc_config_receipt.adb:48:81

 info: range check proved (CVC5: 4 VC in max 0.0 seconds and 1 step)
--> mc_config_receipt.adb:49:23

 info: range check proved (CVC5: 4 VC in max 0.0 seconds and 1 step)
--> mc_config_receipt.adb:49:55

 info: range check proved (CVC5: 4 VC in max 0.0 seconds and 1 step)
--> mc_config_receipt.adb:49:94

 info: range check proved (CVC5: 4 VC in max 0.0 seconds and 1 step)
--> mc_config_receipt.adb:50:35

 info: range check proved (CVC5: 4 VC in max 0.0 seconds and 1 step)
--> mc_config_receipt.adb:50:70

 info: range check proved (CVC5: 4 VC in max 0.0 seconds and 1 step)
--> mc_config_receipt.adb:50:107

 info: range check proved (CVC5: 4 VC in max 0.0 seconds and 1 step)
--> mc_config_receipt.adb:51:30

 info: range check proved (CVC5: 4 VC in max 0.0 seconds and 1 step)
--> mc_config_receipt.adb:51:67

 info: range check proved (CVC5: 4 VC in max 0.0 seconds and 1 step)
--> mc_config_receipt.adb:51:97

 info: range check proved (CVC5: 4 VC in max 0.0 seconds and 1 step)
--> mc_config_receipt.adb:52:27

 info: range check proved (CVC5: 4 VC in max 0.0 seconds and 1 step)
--> mc_config_receipt.adb:52:57

 info: precondition proved (CVC5: 4 VC in max 0.0 seconds and 1 step)
--> mc_config_receipt.adb:53:29

 info: precondition proved (CVC5: 4 VC in max 0.0 seconds and 1 step)
--> mc_config_receipt.adb:53:57

 info: precondition proved (CVC5: 4 VC in max 0.0 seconds and 1 step)
--> mc_config_receipt.adb:53:88

 info: precondition proved (CVC5: 4 VC in max 0.0 seconds and 1 step)
--> mc_config_receipt.adb:54:22

 info: precondition proved (CVC5: 4 VC in max 0.0 seconds and 1 step)
--> mc_config_receipt.adb:54:47

 info: precondition proved (CVC5: 4 VC in max 0.0 seconds and 1 step)
--> mc_config_receipt.adb:54:69

 info: range check proved (CVC5: 2 VC in max 0.0 seconds and 615 steps)
--> mc_config_receipt.adb:55:49

 info: overflow check proved (CVC5: 2 VC in max 0.0 seconds and 1 step)
--> mc_config_receipt.adb:68:41

 info: overflow check proved (CVC5: 2 VC in max 0.0 seconds and 1 step)
--> mc_config_receipt.adb:69:13

 info: implicit aspect Always_Terminates on "Valid" has been proved, subprogram will terminate
--> mc_config_receipt.ads:19:13

 info: data dependencies proved
--> mc_config_receipt.ads:19:52

 info: initialization of "B" proved
--> mc_config_receipt.ads:20:33

 info: initialization of "Status" proved
--> mc_config_receipt.ads:20:46

 info: data dependencies proved
--> mc_config_receipt.ads:20:73

 info: initialization of "R" proved
--> mc_config_receipt.ads:21:31

 info: initialization of "Status" proved
--> mc_config_receipt.ads:21:47

 info: data dependencies proved
--> mc_config_receipt.ads:21:74

 info: initialization of "Status" proved
--> mc_config_receipt.ads:23:07

 info: data dependencies proved
--> mc_config_receipt.ads:23:34
 info: range check proved (CVC5: 4 VC in max 0.0 seconds and 1 step)
--> mc_dirents.adb:4:48

 info: initialization of "P" proved
--> mc_dirents.adb:6:22

 info: initialization of "Len" proved
--> mc_dirents.adb:6:35

 info: initialization of "Ending" proved
--> mc_dirents.adb:6:39

 info: initialization of "N" proved
--> mc_dirents.adb:6:56

 info: range check proved (CVC5: 2 VC in max 0.0 seconds and 1 step)
--> mc_dirents.adb:11:14

 info: loop invariant initialization proved (CVC5: 2 VC in max 0.0 seconds and 1 step)
--> mc_dirents.adb:13:32

 info: loop invariant preservation proved (CVC5: 2 VC in max 0.0 seconds and 117 steps)
--> mc_dirents.adb:13:32

 info: overflow check proved (CVC5: 4 VC in max 0.0 seconds and 1 step)
--> mc_dirents.adb:13:60

 info: loop variant proved (CVC5: 1 VC in max 0.0 seconds and 111 steps)
--> mc_dirents.adb:14:30

 info: overflow check proved (CVC5: 2 VC in max 0.0 seconds and 1 step)
--> mc_dirents.adb:15:22

 info: overflow check proved (CVC5: 2 VC in max 0.0 seconds and 1 step)
--> mc_dirents.adb:16:29

 info: index check proved (CVC5: 2 VC in max 0.0 seconds and 1 step)
--> mc_dirents.adb:16:29

 info: overflow check proved (CVC5: 2 VC in max 0.0 seconds and 1 step)
--> mc_dirents.adb:16:49

 info: index check proved (CVC5: 2 VC in max 0.0 seconds and 1 step)
--> mc_dirents.adb:16:49

 info: overflow check proved (CVC5: 2 VC in max 0.0 seconds and 1 step)
--> mc_dirents.adb:17:41

 info: overflow check proved (CVC5: 2 VC in max 0.0 seconds and 1 step)
--> mc_dirents.adb:17:43

 info: overflow check proved (CVC5: 2 VC in max 0.0 seconds and 1 step)
--> mc_dirents.adb:18:19

 info: overflow check proved (CVC5: 4 VC in max 0.0 seconds and 1 step)
--> mc_dirents.adb:19:24

 info: index check proved (CVC5: 4 VC in max 0.0 seconds and 1 step)
--> mc_dirents.adb:19:43

 info: loop invariant initialization proved (CVC5: 2 VC in max 0.0 seconds and 1 step)
--> mc_dirents.adb:20:35

 info: loop invariant preservation proved (CVC5: 2 VC in max 0.0 seconds and 1 step)
--> mc_dirents.adb:20:35

 info: overflow check proved (CVC5: 4 VC in max 0.0 seconds and 1 step)
--> mc_dirents.adb:20:46

 info: overflow check proved (CVC5: 4 VC in max 0.0 seconds and 1 step)
--> mc_dirents.adb:20:54

 info: loop variant proved (CVC5: 1 VC in max 0.0 seconds and 1 step)
--> mc_dirents.adb:21:33

 info: overflow check proved (CVC5: 2 VC in max 0.0 seconds and 1 step)
--> mc_dirents.adb:22:27

 info: overflow check proved (CVC5: 2 VC in max 0.0 seconds and 1 step)
--> mc_dirents.adb:24:21

 info: overflow check proved (CVC5: 2 VC in max 0.0 seconds and 1 step)
--> mc_dirents.adb:24:42

 info: overflow check proved (CVC5: 2 VC in max 0.0 seconds and 1 step)
--> mc_dirents.adb:24:63

 info: range check proved (CVC5: 2 VC in max 0.0 seconds and 1 step)
--> mc_dirents.adb:25:42

 info: overflow check proved (CVC5: 2 VC in max 0.0 seconds and 1 step)
--> mc_dirents.adb:25:45

 info: cannot unroll loop (too many loop iterations) [info-unrolling-inlining]
--> mc_dirents.adb:26:31

 info: overflow check proved (CVC5: 2 VC in max 0.0 seconds and 1 step)
--> mc_dirents.adb:27:22

 info: overflow check proved (CVC5: 2 VC in max 0.0 seconds and 1 step)
--> mc_dirents.adb:27:25

 info: index check proved (CVC5: 2 VC in max 0.0 seconds and 1 step)
--> mc_dirents.adb:27:25

 info: overflow check proved (CVC5: 2 VC in max 0.0 seconds and 1 step)
--> mc_dirents.adb:28:44

 info: overflow check proved (CVC5: 2 VC in max 0.0 seconds and 1 step)
--> mc_dirents.adb:28:47

 info: index check proved (CVC5: 2 VC in max 0.0 seconds and 1 step)
--> mc_dirents.adb:28:47

 info: cannot unroll loop (too many loop iterations) [info-unrolling-inlining]
--> mc_dirents.adb:31:33

 info: range check proved (CVC5: 2 VC in max 0.0 seconds and 78 steps)
--> mc_dirents.adb:33:29

 info: index check proved (CVC5: 2 VC in max 0.0 seconds and 105 steps)
--> mc_dirents.adb:33:41

 info: overflow check proved (CVC5: 2 VC in max 0.0 seconds and 1 step)
--> mc_dirents.adb:35:14

 info: initialization of "N" proved
--> mc_dirents.adb:39:42

 info: initialization of "J" proved
--> mc_dirents.adb:39:51

 info: cannot unroll loop (too many loop iterations) [info-unrolling-inlining]
--> mc_dirents.adb:41:27

 info: index check proved (CVC5: 4 VC in max 0.0 seconds and 1 step)
--> mc_dirents.adb:43:53

 info: loop invariant initialization proved (CVC5: 2 VC in max 0.0 seconds and 1 step)
--> mc_dirents.adb:44:35

 info: loop invariant preservation proved (CVC5: 2 VC in max 0.0 seconds and 1 step)
--> mc_dirents.adb:44:35

 info: loop variant proved (CVC5: 1 VC in max 0.0 seconds and 1 step)
--> mc_dirents.adb:45:33

 info: index check proved (CVC5: 2 VC in max 0.0 seconds and 1 step)
--> mc_dirents.adb:46:21

 info: index check proved (CVC5: 2 VC in max 0.0 seconds and 1 step)
--> mc_dirents.adb:46:34

 info: range check proved (CVC5: 2 VC in max 0.0 seconds and 1 step)
--> mc_dirents.adb:46:42

 info: index check proved (CVC5: 2 VC in max 0.0 seconds and 1 step)
--> mc_dirents.adb:48:18

 info: implicit aspect Always_Terminates on "Image" has been proved, subprogram will terminate
--> mc_dirents.ads:8:13

 info: data dependencies proved
--> mc_dirents.ads:8:48

 info: initialization of "Status" proved
--> mc_dirents.ads:9:67

 info: data dependencies proved
--> mc_dirents.ads:9:94

 info: postcondition proved (CVC5: 1 VC in max 0.0 seconds and 372 steps; Trivial: 1 VC in max 0.0 seconds and 2 steps)
--> mc_dirents.ads:10:14

 info: data dependencies proved
--> mc_dirents.ads:11:44
 info: length check proved (CVC5: 3 VC in max 0.0 seconds and 1 step)
--> ctl_wire.adb:10:18

 info: precondition proved (CVC5: 3 VC in max 0.0 seconds and 1 step)
--> ctl_wire.adb:13:15

 info: precondition proved (CVC5: 3 VC in max 0.0 seconds and 1 step)
--> ctl_wire.adb:13:53

 info: precondition proved (CVC5: 3 VC in max 0.0 seconds and 1 step)
--> ctl_wire.adb:14:15

 info: precondition proved (CVC5: 4 VC in max 0.0 seconds and 860 steps)
--> ctl_wire.adb:14:54

 info: cannot unroll loop (too many loop iterations) [info-unrolling-inlining]
--> ctl_wire.adb:15:36

 info: range check proved (CVC5: 2 VC in max 0.0 seconds and 1 step)
--> ctl_wire.adb:16:47

 info: precondition proved (CVC5: 4 VC in max 0.0 seconds and 986 steps)
--> ctl_wire.adb:19:21

 info: overflow check proved (CVC5: 2 VC in max 0.0 seconds and 26 steps)
--> ctl_wire.adb:19:45

 info: index check proved (CVC5: 2 VC in max 0.0 seconds and 39 steps)
--> ctl_wire.adb:19:45

 info: overflow check proved (CVC5: 2 VC in max 0.0 seconds and 47 steps)
--> ctl_wire.adb:20:16

 info: index check proved (CVC5: 2 VC in max 0.0 seconds and 82 steps)
--> ctl_wire.adb:20:16

 info: range check proved (CVC5: 4 VC in max 0.0 seconds and 126 steps)
--> ctl_wire.adb:21:13

 info: overflow check proved (CVC5: 2 VC in max 0.0 seconds and 91 steps)
--> ctl_wire.adb:21:16

 info: overflow check proved (CVC5: 2 VC in max 0.0 seconds and 1 step)
--> ctl_wire.adb:21:16

 info: index check proved (CVC5: 2 VC in max 0.0 seconds and 1 step)
--> ctl_wire.adb:21:16

 info: overflow check proved (CVC5: 2 VC in max 0.0 seconds and 77 steps)
--> ctl_wire.adb:21:21

 info: overflow check proved (CVC5: 2 VC in max 0.0 seconds and 1 step)
--> ctl_wire.adb:21:21

 info: index check proved (CVC5: 2 VC in max 0.0 seconds and 1 step)
--> ctl_wire.adb:21:21

 info: length check proved (CVC5: 3 VC in max 0.0 seconds and 1 step)
--> ctl_wire.adb:21:26

 info: length check proved (CVC5: 3 VC in max 0.0 seconds and 1 step)
--> ctl_wire.adb:21:30

 info: range check proved (CVC5: 4 VC in max 0.0 seconds and 182 steps)
--> ctl_wire.adb:21:37

 info: overflow check proved (CVC5: 2 VC in max 0.0 seconds and 147 steps)
--> ctl_wire.adb:21:40

 info: overflow check proved (CVC5: 2 VC in max 0.0 seconds and 1 step)
--> ctl_wire.adb:21:40

 info: index check proved (CVC5: 2 VC in max 0.0 seconds and 1 step)
--> ctl_wire.adb:21:40

 info: overflow check proved (CVC5: 2 VC in max 0.0 seconds and 133 steps)
--> ctl_wire.adb:21:46

 info: overflow check proved (CVC5: 2 VC in max 0.0 seconds and 1 step)
--> ctl_wire.adb:21:46

 info: index check proved (CVC5: 2 VC in max 0.0 seconds and 1 step)
--> ctl_wire.adb:21:46

 info: length check proved (CVC5: 3 VC in max 0.0 seconds and 1 step)
--> ctl_wire.adb:21:51

 info: length check proved (CVC5: 3 VC in max 0.0 seconds and 1 step)
--> ctl_wire.adb:21:55

 info: range check proved (CVC5: 4 VC in max 0.0 seconds and 248 steps)
--> ctl_wire.adb:22:13

 info: overflow check proved (CVC5: 2 VC in max 0.0 seconds and 213 steps)
--> ctl_wire.adb:22:16

 info: overflow check proved (CVC5: 2 VC in max 0.0 seconds and 1 step)
--> ctl_wire.adb:22:16

 info: index check proved (CVC5: 2 VC in max 0.0 seconds and 1 step)
--> ctl_wire.adb:22:16

 info: overflow check proved (CVC5: 2 VC in max 0.0 seconds and 198 steps)
--> ctl_wire.adb:22:22

 info: overflow check proved (CVC5: 2 VC in max 0.0 seconds and 1 step)
--> ctl_wire.adb:22:22

 info: index check proved (CVC5: 2 VC in max 0.0 seconds and 1 step)
--> ctl_wire.adb:22:22

 info: length check proved (CVC5: 3 VC in max 0.0 seconds and 1 step)
--> ctl_wire.adb:22:27

 info: length check proved (CVC5: 3 VC in max 0.0 seconds and 1 step)
--> ctl_wire.adb:22:31

 info: range check proved (CVC5: 4 VC in max 0.0 seconds and 317 steps)
--> ctl_wire.adb:22:45

 info: overflow check proved (CVC5: 2 VC in max 0.0 seconds and 281 steps)
--> ctl_wire.adb:22:48

 info: overflow check proved (CVC5: 2 VC in max 0.0 seconds and 1 step)
--> ctl_wire.adb:22:48

 info: index check proved (CVC5: 2 VC in max 0.0 seconds and 1 step)
--> ctl_wire.adb:22:48

 info: overflow check proved (CVC5: 2 VC in max 0.0 seconds and 266 steps)
--> ctl_wire.adb:22:54

 info: overflow check proved (CVC5: 2 VC in max 0.0 seconds and 1 step)
--> ctl_wire.adb:22:54

 info: index check proved (CVC5: 2 VC in max 0.0 seconds and 1 step)
--> ctl_wire.adb:22:54

 info: length check proved (CVC5: 3 VC in max 0.0 seconds and 1 step)
--> ctl_wire.adb:22:59

 info: length check proved (CVC5: 3 VC in max 0.0 seconds and 1 step)
--> ctl_wire.adb:22:63

 info: range check proved (CVC5: 4 VC in max 0.0 seconds and 387 steps)
--> ctl_wire.adb:23:13

 info: overflow check proved (CVC5: 2 VC in max 0.0 seconds and 351 steps)
--> ctl_wire.adb:23:16

 info: overflow check proved (CVC5: 2 VC in max 0.0 seconds and 1 step)
--> ctl_wire.adb:23:16

 info: index check proved (CVC5: 2 VC in max 0.0 seconds and 1 step)
--> ctl_wire.adb:23:16

 info: overflow check proved (CVC5: 2 VC in max 0.0 seconds and 335 steps)
--> ctl_wire.adb:23:22

 info: overflow check proved (CVC5: 2 VC in max 0.0 seconds and 1 step)
--> ctl_wire.adb:23:22

 info: index check proved (CVC5: 2 VC in max 0.0 seconds and 1 step)
--> ctl_wire.adb:23:22

 info: length check proved (CVC5: 3 VC in max 0.0 seconds and 1 step)
--> ctl_wire.adb:23:28

 info: length check proved (CVC5: 3 VC in max 0.0 seconds and 1 step)
--> ctl_wire.adb:23:32

 info: precondition proved (CVC5: 3 VC in max 0.0 seconds and 456 steps)
--> ctl_wire.adb:24:21

 info: overflow check proved (CVC5: 2 VC in max 0.0 seconds and 406 steps)
--> ctl_wire.adb:24:31

 info: precondition proved (CVC5: 3 VC in max 0.0 seconds and 506 steps)
--> ctl_wire.adb:25:21

 info: overflow check proved (CVC5: 2 VC in max 0.0 seconds and 452 steps)
--> ctl_wire.adb:25:31

 info: precondition proved (CVC5: 3 VC in max 0.0 seconds and 559 steps)
--> ctl_wire.adb:26:21

 info: overflow check proved (CVC5: 2 VC in max 0.0 seconds and 500 steps)
--> ctl_wire.adb:26:31

 info: precondition proved (CVC5: 3 VC in max 0.0 seconds and 614 steps)
--> ctl_wire.adb:27:21

 info: overflow check proved (CVC5: 2 VC in max 0.0 seconds and 550 steps)
--> ctl_wire.adb:27:31

 info: cannot unroll loop (too many loop iterations) [info-unrolling-inlining]
--> ctl_wire.adb:28:42

 info: overflow check proved (CVC5: 2 VC in max 0.0 seconds and 629 steps)
--> ctl_wire.adb:29:19

 info: overflow check proved (CVC5: 2 VC in max 0.0 seconds and 675 steps)
--> ctl_wire.adb:29:23

 info: index check proved (CVC5: 2 VC in max 0.0 seconds and 677 steps)
--> ctl_wire.adb:29:23

 info: initialization of "N" proved
--> ctl_wire.adb:36:07

 info: implicit aspect Always_Terminates on "Fits" has been proved, subprogram will terminate
--> ctl_wire.adb:37:16

 info: precondition proved (CVC5: 3 VC in max 0.0 seconds and 1 step)
--> ctl_wire.adb:37:62

 info: overflow check proved (CVC5: 2 VC in max 0.0 seconds and 1 step)
--> ctl_wire.adb:38:49

 info: range check proved (CVC5: 4 VC in max 0.0 seconds and 1 step)
--> ctl_wire.adb:41:61

 info: precondition proved (CVC5: 3 VC in max 0.0 seconds and 1 step)
--> ctl_wire.adb:42:14

 info: precondition proved (CVC5: 3 VC in max 0.0 seconds and 1 step)
--> ctl_wire.adb:42:36

 info: precondition proved (CVC5: 3 VC in max 0.0 seconds and 1 step)
--> ctl_wire.adb:42:58

 info: precondition proved (CVC5: 3 VC in max 0.0 seconds and 1 step)
--> ctl_wire.adb:42:84

 info: range check proved (CVC5: 4 VC in max 0.0 seconds and 1 step)
--> ctl_wire.adb:43:21

 info: range check proved (CVC5: 4 VC in max 0.0 seconds and 1 step)
--> ctl_wire.adb:43:44

 info: range check proved (CVC5: 4 VC in max 0.0 seconds and 1 step)
--> ctl_wire.adb:43:68

 info: range check proved (CVC5: 4 VC in max 0.0 seconds and 1 step)
--> ctl_wire.adb:43:96

 info: range check proved (CVC5: 4 VC in max 0.0 seconds and 1 step)
--> ctl_wire.adb:44:21

 info: range check proved (CVC5: 4 VC in max 0.0 seconds and 1 step)
--> ctl_wire.adb:44:45

 info: range check proved (CVC5: 4 VC in max 0.0 seconds and 12 steps)
--> ctl_wire.adb:44:70

 info: precondition proved (CVC5: 3 VC in max 0.0 seconds and 26 steps)
--> ctl_wire.adb:45:35

 info: range check proved (CVC5: 2 VC in max 0.0 seconds and 247 steps)
--> ctl_wire.adb:45:35

 info: precondition proved (CVC5: 3 VC in max 0.0 seconds and 39 steps)
--> ctl_wire.adb:45:81

 info: range check proved (CVC5: 2 VC in max 0.0 seconds and 277 steps)
--> ctl_wire.adb:45:81

 info: precondition proved (CVC5: 3 VC in max 0.0 seconds and 52 steps)
--> ctl_wire.adb:46:36

 info: range check proved (CVC5: 2 VC in max 0.0 seconds and 308 steps)
--> ctl_wire.adb:46:36

 info: precondition proved (CVC5: 3 VC in max 0.0 seconds and 66 steps)
--> ctl_wire.adb:46:69

 info: range check proved (CVC5: 2 VC in max 0.0 seconds and 1 step)
--> ctl_wire.adb:46:69

 info: cannot unroll loop (too many loop iterations) [info-unrolling-inlining]
--> ctl_wire.adb:47:36

 info: range check proved (CVC5: 2 VC in max 0.0 seconds and 296 steps)
--> ctl_wire.adb:48:46

 info: initialization of "S" proved
--> ctl_wire.adb:48:58

 info: precondition proved (CVC5: 3 VC in max 0.0 seconds and 355 steps)
--> ctl_wire.adb:49:24

 info: overflow check proved (CVC5: 2 VC in max 0.0 seconds and 375 steps)
--> ctl_wire.adb:49:58

 info: index check proved (CVC5: 2 VC in max 0.0 seconds and 385 steps)
--> ctl_wire.adb:49:58

 info: overflow check proved (CVC5: 2 VC in max 0.0 seconds and 336 steps)
--> ctl_wire.adb:50:34

 info: index check proved (CVC5: 2 VC in max 0.0 seconds and 414 steps)
--> ctl_wire.adb:50:34

 info: precondition proved (CVC5: 3 VC in max 0.0 seconds and 445 steps)
--> ctl_wire.adb:51:27

 info: overflow check proved (CVC5: 2 VC in max 0.0 seconds and 367 steps)
--> ctl_wire.adb:51:33

 info: precondition proved (CVC5: 3 VC in max 0.0 seconds and 472 steps)
--> ctl_wire.adb:51:51

 info: overflow check proved (CVC5: 2 VC in max 0.0 seconds and 394 steps)
--> ctl_wire.adb:51:57

 info: precondition proved (CVC5: 3 VC in max 0.0 seconds and 494 steps)
--> ctl_wire.adb:51:75

 info: overflow check proved (CVC5: 2 VC in max 0.0 seconds and 417 steps)
--> ctl_wire.adb:51:81

 info: precondition proved (CVC5: 3 VC in max 0.0 seconds and 517 steps)
--> ctl_wire.adb:51:99

 info: overflow check proved (CVC5: 2 VC in max 0.0 seconds and 439 steps)
--> ctl_wire.adb:51:105

 info: precondition proved (CVC5: 3 VC in max 0.0 seconds and 463 steps)
--> ctl_wire.adb:53:32

 info: range check proved (CVC5: 2 VC in max 0.0 seconds and 1 step)
--> ctl_wire.adb:53:32

 info: range check proved (CVC5: 2 VC in max 0.0 seconds and 423 steps)
--> ctl_wire.adb:53:76

 info: overflow check proved (CVC5: 2 VC in max 0.0 seconds and 1 step)
--> ctl_wire.adb:53:79

 info: index check proved (CVC5: 2 VC in max 0.0 seconds and 1 step)
--> ctl_wire.adb:53:79

 info: range check proved (CVC5: 2 VC in max 0.0 seconds and 443 steps)
--> ctl_wire.adb:54:58

 info: overflow check proved (CVC5: 2 VC in max 0.0 seconds and 1 step)
--> ctl_wire.adb:54:61

 info: index check proved (CVC5: 2 VC in max 0.0 seconds and 1 step)
--> ctl_wire.adb:54:61

 info: range check proved (CVC5: 4 VC in max 0.0 seconds and 604 steps)
--> ctl_wire.adb:55:23

 info: length check proved (CVC5: 3 VC in max 0.0 seconds and 1 step)
--> ctl_wire.adb:55:23

 info: overflow check proved (CVC5: 2 VC in max 0.0 seconds and 522 steps)
--> ctl_wire.adb:55:26

 info: overflow check proved (CVC5: 2 VC in max 0.0 seconds and 511 steps)
--> ctl_wire.adb:55:31

 info: range check proved (CVC5: 4 VC in max 0.0 seconds and 655 steps)
--> ctl_wire.adb:55:51

 info: length check proved (CVC5: 3 VC in max 0.0 seconds and 1 step)
--> ctl_wire.adb:55:51

 info: overflow check proved (CVC5: 2 VC in max 0.0 seconds and 573 steps)
--> ctl_wire.adb:55:54

 info: overflow check proved (CVC5: 2 VC in max 0.0 seconds and 562 steps)
--> ctl_wire.adb:55:60

 info: range check proved (CVC5: 4 VC in max 0.0 seconds and 707 steps)
--> ctl_wire.adb:55:83

 info: length check proved (CVC5: 3 VC in max 0.0 seconds and 1 step)
--> ctl_wire.adb:55:83

 info: overflow check proved (CVC5: 2 VC in max 0.0 seconds and 625 steps)
--> ctl_wire.adb:55:86

 info: overflow check proved (CVC5: 2 VC in max 0.0 seconds and 613 steps)
--> ctl_wire.adb:55:92

 info: range check proved (CVC5: 4 VC in max 0.0 seconds and 760 steps)
--> ctl_wire.adb:56:31

 info: length check proved (CVC5: 3 VC in max 0.0 seconds and 1 step)
--> ctl_wire.adb:56:31

 info: overflow check proved (CVC5: 2 VC in max 0.0 seconds and 677 steps)
--> ctl_wire.adb:56:34

 info: overflow check proved (CVC5: 2 VC in max 0.0 seconds and 665 steps)
--> ctl_wire.adb:56:40

 info: range check proved (CVC5: 4 VC in max 0.0 seconds and 814 steps)
--> ctl_wire.adb:56:63

 info: length check proved (CVC5: 3 VC in max 0.0 seconds and 1 step)
--> ctl_wire.adb:56:63

 info: overflow check proved (CVC5: 2 VC in max 0.0 seconds and 731 steps)
--> ctl_wire.adb:56:66

 info: overflow check proved (CVC5: 2 VC in max 0.0 seconds and 719 steps)
--> ctl_wire.adb:56:72

 info: precondition proved (CVC5: 3 VC in max 0.0 seconds and 847 steps)
--> ctl_wire.adb:57:50

 info: range check proved (CVC5: 2 VC in max 0.0 seconds and 1167 steps)
--> ctl_wire.adb:57:50

 info: overflow check proved (CVC5: 2 VC in max 0.0 seconds and 32 steps)
--> ctl_wire.adb:57:58

 info: precondition proved (CVC5: 3 VC in max 0.0 seconds and 880 steps)
--> ctl_wire.adb:58:48

 info: range check proved (CVC5: 2 VC in max 0.0 seconds and 1215 steps)
--> ctl_wire.adb:58:48

 info: overflow check proved (CVC5: 2 VC in max 0.0 seconds and 47 steps)
--> ctl_wire.adb:58:56

 info: precondition proved (CVC5: 3 VC in max 0.0 seconds and 914 steps)
--> ctl_wire.adb:59:48

 info: range check proved (CVC5: 2 VC in max 0.0 seconds and 1263 steps)
--> ctl_wire.adb:59:48

 info: overflow check proved (CVC5: 2 VC in max 0.0 seconds and 64 steps)
--> ctl_wire.adb:59:56

 info: precondition proved (CVC5: 3 VC in max 0.0 seconds and 949 steps)
--> ctl_wire.adb:60:50

 info: range check proved (CVC5: 2 VC in max 0.0 seconds and 1313 steps)
--> ctl_wire.adb:60:50

 info: overflow check proved (CVC5: 2 VC in max 0.0 seconds and 82 steps)
--> ctl_wire.adb:60:58

 info: cannot unroll loop (too many loop iterations) [info-unrolling-inlining]
--> ctl_wire.adb:61:42

 info: overflow check proved (CVC5: 2 VC in max 0.0 seconds and 992 steps)
--> ctl_wire.adb:62:22

 info: overflow check proved (CVC5: 2 VC in max 0.0 seconds and 1125 steps)
--> ctl_wire.adb:62:26

 info: index check proved (CVC5: 2 VC in max 0.0 seconds and 1140 steps)
--> ctl_wire.adb:62:26

 info: overflow check proved (CVC5: 2 VC in max 0.0 seconds and 1 step)
--> ctl_wire.adb:63:41

 info: overflow check proved (CVC5: 2 VC in max 0.0 seconds and 1 step)
--> ctl_wire.adb:63:45

 info: index check proved (CVC5: 2 VC in max 0.0 seconds and 1 step)
--> ctl_wire.adb:63:45

 info: length check proved (CVC5: 3 VC in max 0.0 seconds and 1 step)
--> ctl_wire.adb:74:18

 info: precondition proved (CVC5: 3 VC in max 0.0 seconds and 1 step)
--> ctl_wire.adb:76:15

 info: precondition proved (CVC5: 3 VC in max 0.0 seconds and 1 step)
--> ctl_wire.adb:76:63

 info: precondition proved (CVC5: 3 VC in max 0.0 seconds and 1 step)
--> ctl_wire.adb:78:15

 info: initialization of "N" proved
--> ctl_wire.adb:82:07

 info: range check proved (CVC5: 4 VC in max 0.0 seconds and 1 step)
--> ctl_wire.adb:85:70

 info: index check proved (CVC5: 2 VC in max 0.0 seconds and 1 step)
--> ctl_wire.adb:86:27

 info: index check proved (CVC5: 2 VC in max 0.0 seconds and 1 step)
--> ctl_wire.adb:87:19

 info: precondition proved (CVC5: 3 VC in max 0.0 seconds and 1 step)
--> ctl_wire.adb:87:44

 info: precondition proved (CVC5: 3 VC in max 0.0 seconds and 1 step)
--> ctl_wire.adb:88:25

 info: precondition proved (CVC5: 3 VC in max 0.0 seconds and 1 step)
--> ctl_wire.adb:88:73

 info: range check proved (CVC5: 2 VC in max 0.0 seconds and 1 step)
--> ctl_wire.adb:90:45

 info: index check proved (CVC5: 2 VC in max 0.0 seconds and 1 step)
--> ctl_wire.adb:90:47

 info: range check proved (CVC5: 2 VC in max 0.0 seconds and 32 steps)
--> ctl_wire.adb:90:69

 info: index check proved (CVC5: 2 VC in max 0.0 seconds and 1 step)
--> ctl_wire.adb:90:79

 info: range check proved (CVC5: 4 VC in max 0.0 seconds and 1 step)
--> ctl_wire.adb:91:21

 info: precondition proved (CVC5: 3 VC in max 0.0 seconds and 1 step)
--> ctl_wire.adb:91:71

 info: range check proved (CVC5: 2 VC in max 0.0 seconds and 78 steps)
--> ctl_wire.adb:91:71

 info: precondition proved (CVC5: 3 VC in max 0.0 seconds and 1 step)
--> ctl_wire.adb:92:41

 info: range check proved (CVC5: 2 VC in max 0.0 seconds and 106 steps)
--> ctl_wire.adb:92:41

 info: range check proved (CVC5: 4 VC in max 0.0 seconds and 1 step)
--> ctl_wire.adb:92:70

 info: range check proved (CVC5: 4 VC in max 0.0 seconds and 1 step)
--> ctl_wire.adb:93:21

 info: range check proved (CVC5: 4 VC in max 0.0 seconds and 1 step)
--> ctl_wire.adb:93:46

 info: precondition proved (CVC5: 3 VC in max 0.0 seconds and 1 step)
--> ctl_wire.adb:94:46

 info: range check proved (CVC5: 2 VC in max 0.0 seconds and 180 steps)
--> ctl_wire.adb:94:46

 info: implicit aspect Always_Terminates on "Encode" has been proved, subprogram will terminate
--> ctl_wire.ads:8:13

 info: data dependencies proved
--> ctl_wire.ads:8:63

 info: initialization of "P" proved
--> ctl_wire.ads:9:33

 info: initialization of "Status" proved
--> ctl_wire.ads:9:56

 info: data dependencies proved
--> ctl_wire.ads:9:83

 info: implicit aspect Always_Terminates on "Encode" has been proved, subprogram will terminate
--> ctl_wire.ads:10:13

 info: data dependencies proved
--> ctl_wire.ads:10:69

 info: initialization of "E" proved
--> ctl_wire.ads:11:33

 info: initialization of "Status" proved
--> ctl_wire.ads:11:61

 info: data dependencies proved
--> ctl_wire.ads:11:88
 info: cannot unroll loop (too many loop iterations) [info-unrolling-inlining]
--> ctl_workflow.adb:5:29

 info: cannot unroll loop (too many loop iterations) [info-unrolling-inlining]
--> ctl_workflow.adb:13:29

 info: cannot unroll loop (too many loop iterations) [info-unrolling-inlining]
--> ctl_workflow.adb:22:29

 info: overflow check proved (CVC5: 4 VC in max 0.0 seconds and 1 step)
--> ctl_workflow.adb:34:36

 info: overflow check proved (CVC5: 4 VC in max 0.0 seconds and 1 step)
--> ctl_workflow.adb:35:46

 info: overflow check proved (CVC5: 4 VC in max 0.0 seconds and 1 step)
--> ctl_workflow.adb:36:43

 info: loop invariant initialization proved (CVC5: 1 VC in max 0.0 seconds and 1 step)
--> ctl_workflow.adb:39:33

 info: loop invariant preservation proved (CVC5: 1 VC in max 0.0 seconds and 1 step)
--> ctl_workflow.adb:39:33

 info: range check proved (CVC5: 2 VC in max 0.0 seconds and 1 step)
--> ctl_workflow.adb:65:55

 info: cannot unroll loop (too many loop iterations) [info-unrolling-inlining]
--> ctl_workflow.adb:73:38

 info: overflow check proved (CVC5: 2 VC in max 0.0 seconds and 129 steps)
--> ctl_workflow.adb:94:32

 info: overflow check proved (CVC5: 2 VC in max 0.0 seconds and 1 step)
--> ctl_workflow.adb:102:77

 info: implicit aspect Always_Terminates on "Ready" has been proved, subprogram will terminate
--> ctl_workflow.ads:32:13

 info: data dependencies proved
--> ctl_workflow.ads:32:95

 info: implicit aspect Always_Terminates on "Complete" has been proved, subprogram will terminate
--> ctl_workflow.ads:33:13

 info: data dependencies proved
--> ctl_workflow.ads:33:73

 info: implicit aspect Always_Terminates on "Unresolved" has been proved, subprogram will terminate
--> ctl_workflow.ads:34:13

 info: data dependencies proved
--> ctl_workflow.ads:34:75

 info: implicit aspect Always_Terminates on "Completion_Reserve" has been proved, subprogram will terminate
--> ctl_workflow.ads:35:13

 info: data dependencies proved
--> ctl_workflow.ads:36:11

 info: postcondition proved (CVC5: 1 VC in max 0.0 seconds and 1 step)
--> ctl_workflow.ads:36:35

 info: initialization of "Status" proved
--> ctl_workflow.ads:40:69

 info: data dependencies proved
--> ctl_workflow.ads:41:11

 info: postcondition proved (CVC5: 2 VC in max 0.0 seconds and 305 steps; Trivial: 2 VC in max 0.0 seconds and 2 steps)
--> ctl_workflow.ads:42:16

 info: overflow check proved (CVC5: 2 VC in max 0.0 seconds and 90 steps)
--> ctl_workflow.ads:43:68

 info: initialization of "Status" proved
--> ctl_workflow.ads:44:79

 info: data dependencies proved
--> ctl_workflow.ads:45:11

 info: postcondition proved (CVC5: 1 VC in max 0.0 seconds and 1 step; Trivial: 1 VC in max 0.0 seconds and 2 steps)
--> ctl_workflow.ads:45:35
 info: overflow check proved (CVC5: 2 VC in max 0.0 seconds and 1 step)
--> ctl_plan.adb:10:61

 info: cannot unroll loop (too many loop iterations) [info-unrolling-inlining]
--> ctl_plan.adb:12:27

 info: cannot unroll loop (too many loop iterations) [info-unrolling-inlining]
--> ctl_plan.adb:24:36

 info: cannot unroll loop (too many loop iterations) [info-unrolling-inlining]
--> ctl_plan.adb:35:29

 info: cannot unroll loop (too many loop iterations) [info-unrolling-inlining]
--> ctl_plan.adb:36:32

 info: initialization of "Found" proved
--> ctl_plan.adb:44:07

 info: cannot unroll loop (too many loop iterations) [info-unrolling-inlining]
--> ctl_plan.adb:47:29

 info: cannot unroll loop (too many loop iterations) [info-unrolling-inlining]
--> ctl_plan.adb:49:32

 info: cannot unroll loop (too many loop iterations) [info-unrolling-inlining]
--> ctl_plan.adb:55:29

 info: cannot unroll loop (too many loop iterations) [info-unrolling-inlining]
--> ctl_plan.adb:57:32

 info: implicit aspect Always_Terminates on "Valid" has been proved, subprogram will terminate
--> ctl_plan.ads:28:13

 info: data dependencies proved
--> ctl_plan.ads:28:50

 info: implicit aspect Always_Terminates on "Shares_Resource" has been proved, subprogram will terminate
--> ctl_plan.ads:29:13

 info: data dependencies proved
--> ctl_plan.ads:29:63

 info: implicit aspect Always_Terminates on "Same_Resources" has been proved, subprogram will terminate
--> ctl_plan.ads:30:13

 info: data dependencies proved
--> ctl_plan.ads:30:62

 info: implicit aspect Always_Terminates on "Matches" has been proved, subprogram will terminate
--> ctl_plan.ads:33:13

 info: data dependencies proved
--> ctl_plan.ads:34:67
Success: all checks proved (2030 checks).
Summary logged in /home/nia/devbox/niaos/nia-os-consent/controlcore/build/proof-obj/gnatprove/gnatprove.out
proof-guard: {"limits": {"address_mib_per_process": 1536, "minimum_available_mib": 2048, "nice_increment": 15, "sample_interval_seconds": 0.1, "sampled_session_rss_mib": 2048, "seconds": 3600}, "peak_session_rss_bytes": 541503488, "reason": null, "result": "pass", "returncode": 0, "seconds": 401.372}
