./ci/check-contract.sh
runtime/mc_admin.adb: OK
runtime/mc_admin.ads: OK
runtime/mc_atomic.adb: OK
runtime/mc_atomic.ads: OK
runtime/mc_authentic.adb: OK
runtime/mc_authentic.ads: OK
runtime/mc_checkpoint_store.adb: OK
runtime/mc_checkpoint_store.ads: OK
runtime/mc_cli.adb: OK
runtime/mc_cli.ads: OK
runtime/mc_clock.adb: OK
runtime/mc_clock.ads: OK
runtime/mc_command.adb: OK
runtime/mc_command.ads: OK
runtime/mc_config_auth.adb: OK
runtime/mc_config_auth.ads: OK
runtime/mc_control_io.adb: OK
runtime/mc_control_io.ads: OK
runtime/mc_durable.adb: OK
runtime/mc_durable.ads: OK
runtime/mc_fault_auth.adb: OK
runtime/mc_fault_auth.ads: OK
runtime/mc_file_io.adb: OK
runtime/mc_file_io.ads: OK
runtime/mc_fs.adb: OK
runtime/mc_fs.ads: OK
runtime/mc_gate.adb: OK
runtime/mc_gate.ads: OK
runtime/mc_https.adb: OK
runtime/mc_https.ads: OK
runtime/mc_ingress.adb: OK
runtime/mc_ingress.ads: OK
runtime/mc_kernel_read.adb: OK
runtime/mc_kernel_read.ads: OK
runtime/mc_keys.adb: OK
runtime/mc_keys.ads: OK
runtime/mc_layout.adb: OK
runtime/mc_layout.ads: OK
runtime/mc_log.adb: OK
runtime/mc_log.ads: OK
runtime/mc_posix.ads: OK
runtime/mc_qualification_auth.adb: OK
runtime/mc_qualification_auth.ads: OK
runtime/mc_receiver_ledger.adb: OK
runtime/mc_receiver_ledger.ads: OK
runtime/mc_request_files.adb: OK
runtime/mc_request_files.ads: OK
runtime/mc_runtime.adb: OK
runtime/mc_runtime.ads: OK
runtime/mc_signatures.adb: OK
runtime/mc_signatures.ads: OK
runtime/mc_site_policy.adb: OK
runtime/mc_site_policy.ads: OK
runtime/mc_stop_barrier_auth.adb: OK
runtime/mc_stop_barrier_auth.ads: OK
runtime/mc_store.adb: OK
runtime/mc_store.ads: OK
runtime/mc_tools.adb: OK
runtime/mc_tools.ads: OK
runtime/mc_xml.adb: OK
runtime/mc_xml.ads: OK
src/mc_accounting.adb: OK
src/mc_accounting.ads: OK
src/mc_attestation.adb: OK
src/mc_attestation.ads: OK
src/mc_authorization.adb: OK
src/mc_authorization.ads: OK
src/mc_backups.adb: OK
src/mc_backups.ads: OK
src/mc_base64.adb: OK
src/mc_base64.ads: OK
src/mc_breakglass.adb: OK
src/mc_breakglass.ads: OK
src/mc_checkpoint.adb: OK
src/mc_checkpoint.ads: OK
src/mc_codec.adb: OK
src/mc_codec.ads: OK
src/mc_commissioning.adb: OK
src/mc_commissioning.ads: OK
src/mc_compatibility.adb: OK
src/mc_compatibility.ads: OK
src/mc_config_receipt.adb: OK
src/mc_config_receipt.ads: OK
src/mc_contract_profile.ads: OK
src/mc_control.adb: OK
src/mc_control.ads: OK
src/mc_control_codec.adb: OK
src/mc_control_codec.ads: OK
src/mc_diagnostic_bundle.adb: OK
src/mc_diagnostic_bundle.ads: OK
src/mc_dirents.adb: OK
src/mc_dirents.ads: OK
src/mc_fault_report.adb: OK
src/mc_fault_report.ads: OK
src/mc_faults.adb: OK
src/mc_faults.ads: OK
src/mc_generation.adb: OK
src/mc_generation.ads: OK
src/mc_golden.adb: OK
src/mc_golden.ads: OK
src/mc_health_golden.adb: OK
src/mc_health_golden.ads: OK
src/mc_health_report.adb: OK
src/mc_health_report.ads: OK
src/mc_hex.adb: OK
src/mc_hex.ads: OK
src/mc_incidents.adb: OK
src/mc_incidents.ads: OK
src/mc_journal_budget.ads: OK
src/mc_json.adb: OK
src/mc_json.ads: OK
src/mc_log_format.adb: OK
src/mc_log_format.ads: OK
src/mc_maintenance.adb: OK
src/mc_maintenance.ads: OK
src/mc_numbers.adb: OK
src/mc_numbers.ads: OK
src/mc_paths.adb: OK
src/mc_paths.ads: OK
src/mc_platform_profile.adb: OK
src/mc_platform_profile.ads: OK
src/mc_properties.adb: OK
src/mc_properties.ads: OK
src/mc_protocol.adb: OK
src/mc_protocol.ads: OK
src/mc_qualification.adb: OK
src/mc_qualification.ads: OK
src/mc_recovery_cohort.adb: OK
src/mc_recovery_cohort.ads: OK
src/mc_release.adb: OK
src/mc_release.ads: OK
src/mc_replay.adb: OK
src/mc_replay.ads: OK
src/mc_request_replay.adb: OK
src/mc_request_replay.ads: OK
src/mc_requests.adb: OK
src/mc_requests.ads: OK
src/mc_retry_budget.adb: OK
src/mc_retry_budget.ads: OK
src/mc_sha256.adb: OK
src/mc_sha256.ads: OK
src/mc_stop_barrier.adb: OK
src/mc_stop_barrier.ads: OK
src/mc_system_baseline.adb: OK
src/mc_system_baseline.ads: OK
src/mc_text.adb: OK
src/mc_text.ads: OK
src/mc_time_guard.adb: OK
src/mc_time_guard.ads: OK
src/mc_types.adb: OK
src/mc_types.ads: OK
src/mc_witness.adb: OK
src/mc_witness.ads: OK
python3 ci/check-resolver.py
{"result": "source-lock-only-pass", "resolver_profile": "0874d6b70ee2a3dedbdee6ec229766d1ac6527f9682f33be66928c53a16b3cae"}
mkdir -p build/proof-obj
python3 ci/proof-guard.py -- "gnatprove" -P proof.gpr -U --mode=all --level=4 --checks-as-errors=on --warnings=error --proof-warnings=on --report=statistics
proof-guard: {"command": ["gnatprove", "-j1", "-P", "proof.gpr", "-U", "--mode=all", "--level=4", "--checks-as-errors=on", "--warnings=error", "--proof-warnings=on", "--report=statistics"], "address_mib_per_process": 1536, "sampled_session_rss_mib": 2048, "minimum_available_mib": 2048, "seconds": 3600}
Phase 1 of 3: generation of data representation information ...
Phase 2 of 3: generation of Global contracts ...
Phase 3 of 3: flow analysis and proof ...
 info: overflow check proved (CVC5: 2 VC in max 0.0 seconds and 1 step)
--> mc_backups.adb:9:48

 info: cannot unroll loop (too many loop iterations) [info-unrolling-inlining]
--> mc_backups.adb:13:25

 info: index check proved (CVC5: 2 VC in max 0.0 seconds and 1 step)
--> mc_backups.adb:14:16

 info: index check proved (CVC5: 2 VC in max 0.0 seconds and 1 step)
--> mc_backups.adb:14:53

 info: index check proved (CVC5: 2 VC in max 0.0 seconds and 1 step)
--> mc_backups.adb:15:23

 info: index check proved (CVC5: 2 VC in max 0.0 seconds and 1 step)
--> mc_backups.adb:15:61

 info: index check proved (CVC5: 2 VC in max 0.0 seconds and 1 step)
--> mc_backups.adb:16:23

 info: index check proved (CVC5: 2 VC in max 0.0 seconds and 1 step)
--> mc_backups.adb:16:59

 info: index check proved (CVC5: 2 VC in max 0.0 seconds and 1 step)
--> mc_backups.adb:16:81

 info: index check proved (CVC5: 2 VC in max 0.0 seconds and 1 step)
--> mc_backups.adb:18:16

 info: index check proved (CVC5: 2 VC in max 0.0 seconds and 1 step)
--> mc_backups.adb:18:31

 info: index check proved (CVC5: 2 VC in max 0.0 seconds and 1 step)
--> mc_backups.adb:19:24

 info: index check proved (CVC5: 2 VC in max 0.0 seconds and 1 step)
--> mc_backups.adb:19:44

 info: cannot unroll loop (too many loop iterations) [info-unrolling-inlining]
--> mc_backups.adb:20:26

 info: index check proved (CVC5: 2 VC in max 0.0 seconds and 1 step)
--> mc_backups.adb:20:37

 info: index check proved (CVC5: 2 VC in max 0.0 seconds and 1 step)
--> mc_backups.adb:20:54

 info: initialization of "Here" proved
--> mc_backups.adb:26:07

 info: initialization of "Parent" proved
--> mc_backups.adb:26:21

 info: range check proved (CVC5: 2 VC in max 0.0 seconds and 1 step)
--> mc_backups.adb:32:15

 info: range check proved (CVC5: 2 VC in max 0.0 seconds and 1 step)
--> mc_backups.adb:35:48

 info: index check proved (CVC5: 2 VC in max 0.0 seconds and 1 step)
--> mc_backups.adb:35:58

 info: cannot unroll loop (too many loop iterations) [info-unrolling-inlining]
--> mc_backups.adb:38:28

 info: index check proved (CVC5: 2 VC in max 0.0 seconds and 1 step)
--> mc_backups.adb:39:19

 info: range check proved (CVC5: 2 VC in max 0.0 seconds and 1 step)
--> mc_backups.adb:39:64

 info: index check proved (CVC5: 2 VC in max 0.0 seconds and 1 step)
--> mc_backups.adb:41:35

 info: index check proved (CVC5: 2 VC in max 0.0 seconds and 1 step)
--> mc_backups.adb:42:23

 info: index check proved (CVC5: 2 VC in max 0.0 seconds and 1 step)
--> mc_backups.adb:42:70

 info: index check proved (CVC5: 2 VC in max 0.0 seconds and 1 step)
--> mc_backups.adb:43:23

 info: index check proved (CVC5: 2 VC in max 0.0 seconds and 1 step)
--> mc_backups.adb:44:23

 info: range check proved (CVC5: 2 VC in max 0.0 seconds and 1 step)
--> mc_backups.adb:46:18

 info: cannot unroll loop (too many loop iterations) [info-unrolling-inlining]
--> mc_backups.adb:49:33

 info: precondition proved (CVC5: 1 VC in max 0.0 seconds and 58 steps)
--> mc_backups.adb:51:33

 info: initialization of "Distinct" proved
--> mc_backups.adb:56:38

 info: unrolling loop [info-unrolling-inlining]
--> mc_backups.adb:64:27

 info: cannot unroll loop (too many loop iterations) [info-unrolling-inlining]
--> mc_backups.adb:66:29

 info: overflow check proved (CVC5: 16 VC in max 0.0 seconds and 1379 steps)
--> mc_backups.adb:75:68

 info: overflow check proved (CVC5: 16 VC in max 0.0 seconds and 1322 steps)
--> mc_backups.adb:77:49

 info: cannot unroll loop (too many loop iterations) [info-unrolling-inlining]
--> mc_backups.adb:78:29

 info: overflow check proved (CVC5: 16 VC in max 0.0 seconds and 1355 steps)
--> mc_backups.adb:82:48

 info: initialization of "D" proved
--> mc_backups.adb:89:07

 info: index check proved (CVC5: 2 VC in max 0.0 seconds and 1 step)
--> mc_backups.adb:93:35

 info: index check proved (CVC5: 2 VC in max 0.0 seconds and 1 step)
--> mc_backups.adb:94:20

 info: index check proved (CVC5: 2 VC in max 0.0 seconds and 1 step)
--> mc_backups.adb:95:20

 info: index check proved (CVC5: 2 VC in max 0.0 seconds and 1 step)
--> mc_backups.adb:95:45

 info: index check proved (CVC5: 2 VC in max 0.0 seconds and 1 step)
--> mc_backups.adb:96:20

 info: overflow check proved (CVC5: 2 VC in max 0.0 seconds and 1 step)
--> mc_backups.adb:97:29

 info: index check proved (CVC5: 2 VC in max 0.0 seconds and 1 step)
--> mc_backups.adb:97:34

 info: cannot unroll loop (too many loop iterations) [info-unrolling-inlining]
--> mc_backups.adb:99:25

 info: index check proved (CVC5: 2 VC in max 0.0 seconds and 1 step)
--> mc_backups.adb:99:42

 info: index check proved (CVC5: 2 VC in max 0.0 seconds and 1 step)
--> mc_backups.adb:99:71

 info: initialization of "Candidate" proved
--> mc_backups.adb:104:07

 info: initialization of "S" proved
--> mc_backups.adb:104:30

 info: loop invariant initialization proved (CVC5: 2 VC in max 0.0 seconds and 1 step)
--> mc_backups.adb:109:32

 info: loop invariant preservation proved (CVC5: 2 VC in max 0.0 seconds and 1 step)
--> mc_backups.adb:109:32

 info: index check proved (CVC5: 2 VC in max 0.0 seconds and 1 step)
--> mc_backups.adb:112:23

 info: index check proved (CVC5: 2 VC in max 0.0 seconds and 1 step)
--> mc_backups.adb:112:48

 info: index check proved (CVC5: 2 VC in max 0.0 seconds and 1 step)
--> mc_backups.adb:113:24

 info: index check proved (CVC5: 2 VC in max 0.0 seconds and 1 step)
--> mc_backups.adb:113:49

 info: index check proved (CVC5: 2 VC in max 0.0 seconds and 1 step)
--> mc_backups.adb:114:26

 info: index check proved (CVC5: 2 VC in max 0.0 seconds and 1 step)
--> mc_backups.adb:114:44

 info: implicit aspect Always_Terminates on "Valid" has been proved, subprogram will terminate
--> mc_backups.ads:34:13

 info: data dependencies proved
--> mc_backups.ads:34:52

 info: implicit aspect Always_Terminates on "Valid_Catalog" has been proved, subprogram will terminate
--> mc_backups.ads:35:13

 info: data dependencies proved
--> mc_backups.ads:36:11

 info: postcondition proved (CVC5: 2 VC in max 0.0 seconds and 1 step; Trivial: 1 VC in max 0.0 seconds and 2 steps)
--> mc_backups.ads:36:35

 info: initialization of "Members" proved
--> mc_backups.ads:37:61

 info: initialization of "Commitment" proved
--> mc_backups.ads:38:07

 info: initialization of "Status" proved
--> mc_backups.ads:38:32

 info: data dependencies proved
--> mc_backups.ads:38:59

 info: postcondition proved (CVC5: 4 VC in max 0.0 seconds and 20 steps; Trivial: 1 VC in max 0.0 seconds and 2 steps)
--> mc_backups.ads:39:17

 info: implicit aspect Always_Terminates on "Usable" has been proved, subprogram will terminate
--> mc_backups.ads:40:13

 info: data dependencies proved
--> mc_backups.ads:40:65

 info: initialization of "Members" proved
--> mc_backups.ads:42:07

 info: initialization of "Status" proved
--> mc_backups.ads:42:32

 info: data dependencies proved
--> mc_backups.ads:42:59

 info: initialization of "Terminal" proved
--> mc_backups.ads:44:07

 info: initialization of "Members" proved
--> mc_backups.ads:44:31

 info: initialization of "Status" proved
--> mc_backups.ads:44:56

 info: data dependencies proved
--> mc_backups.ads:44:83
 info: implicit aspect Always_Terminates on "Value" has been proved, subprogram will terminate
--> mc_health_golden.ads:4:13

 info: data dependencies proved
--> mc_health_golden.ads:4:55
 info: implicit aspect Always_Terminates on "Valid" has been proved, subprogram will terminate
--> mc_maintenance.ads:21:13

 info: data dependencies proved
--> mc_maintenance.ads:21:50

 info: implicit aspect Always_Terminates on "Valid" has been proved, subprogram will terminate
--> mc_maintenance.ads:22:13

 info: data dependencies proved
--> mc_maintenance.ads:22:52

 info: implicit aspect Always_Terminates on "Permits" has been proved, subprogram will terminate
--> mc_maintenance.ads:23:13

 info: data dependencies proved
--> mc_maintenance.ads:23:89

 info: implicit aspect Always_Terminates on "Blocks" has been proved, subprogram will terminate
--> mc_maintenance.ads:24:13

 info: data dependencies proved
--> mc_maintenance.ads:24:109
 info: length check proved (CVC5: 3 VC in max 0.0 seconds and 1 step)
--> mc_witness.adb:8:16

 info: precondition proved (CVC5: 3 VC in max 0.0 seconds and 1 step)
--> mc_witness.adb:11:15

 info: precondition proved (CVC5: 3 VC in max 0.0 seconds and 1 step)
--> mc_witness.adb:11:52

 info: precondition proved (CVC5: 3 VC in max 0.0 seconds and 1 step)
--> mc_witness.adb:12:15

 info: precondition proved (CVC5: 3 VC in max 0.0 seconds and 1 step)
--> mc_witness.adb:12:53

 info: range check proved (CVC5: 4 VC in max 0.0 seconds and 1 step)
--> mc_witness.adb:18:51

 info: index check proved (CVC5: 2 VC in max 0.0 seconds and 1 step)
--> mc_witness.adb:18:84

 info: unrolling loop [info-unrolling-inlining]
--> mc_witness.adb:19:23

 info: index check proved (CVC5: 14 VC in max 0.0 seconds and 1 step)
--> mc_witness.adb:19:33

 info: cannot unroll loop (too many loop iterations) [info-unrolling-inlining]
--> mc_witness.adb:20:25

 info: index check proved (CVC5: 2 VC in max 0.0 seconds and 1 step)
--> mc_witness.adb:20:35

 info: unrolling loop [info-unrolling-inlining]
--> mc_witness.adb:21:22

 info: precondition proved (CVC5: 12 VC in max 0.0 seconds and 30 steps)
--> mc_witness.adb:21:38

 info: range check proved (CVC5: 2 VC in max 0.0 seconds and 17 steps)
--> mc_witness.adb:22:24

 info: index check proved (CVC5: 2 VC in max 0.0 seconds and 1 step)
--> mc_witness.adb:22:26

 info: range check proved (CVC5: 4 VC in max 0.0 seconds and 31 steps)
--> mc_witness.adb:22:45

 info: range check proved (CVC5: 4 VC in max 0.0 seconds and 64 steps)
--> mc_witness.adb:22:67

 info: range check proved (CVC5: 4 VC in max 0.0 seconds and 93 steps)
--> mc_witness.adb:22:89

 info: range check proved (CVC5: 4 VC in max 0.0 seconds and 122 steps)
--> mc_witness.adb:23:25

 info: range check proved (CVC5: 4 VC in max 0.0 seconds and 152 steps)
--> mc_witness.adb:23:47

 info: range check proved (CVC5: 4 VC in max 0.0 seconds and 182 steps)
--> mc_witness.adb:23:66

 info: range check proved (CVC5: 4 VC in max 0.0 seconds and 213 steps)
--> mc_witness.adb:23:90

 info: precondition proved (CVC5: 3 VC in max 0.0 seconds and 244 steps)
--> mc_witness.adb:24:32

 info: range check proved (CVC5: 2 VC in max 0.0 seconds and 515 steps)
--> mc_witness.adb:24:32

 info: precondition proved (CVC5: 3 VC in max 0.0 seconds and 274 steps)
--> mc_witness.adb:24:71

 info: range check proved (CVC5: 2 VC in max 0.0 seconds and 581 steps)
--> mc_witness.adb:24:71

 info: precondition proved (CVC5: 3 VC in max 0.0 seconds and 305 steps)
--> mc_witness.adb:25:33

 info: range check proved (CVC5: 2 VC in max 0.0 seconds and 648 steps)
--> mc_witness.adb:25:33

 info: precondition proved (CVC5: 3 VC in max 0.0 seconds and 337 steps)
--> mc_witness.adb:25:74

 info: range check proved (CVC5: 2 VC in max 0.0 seconds and 715 steps)
--> mc_witness.adb:25:74

 info: overflow check proved (CVC5: 2 VC in max 0.0 seconds and 1 step)
--> mc_witness.adb:32:72

 info: implicit aspect Always_Terminates on "Encode" has been proved, subprogram will terminate
--> mc_witness.ads:13:13

 info: data dependencies proved
--> mc_witness.ads:13:53

 info: initialization of "S" proved
--> mc_witness.ads:14:32

 info: initialization of "Status" proved
--> mc_witness.ads:14:51

 info: data dependencies proved
--> mc_witness.ads:14:78

 info: implicit aspect Always_Terminates on "Matches" has been proved, subprogram will terminate
--> mc_witness.ads:15:13

 info: data dependencies proved
--> mc_witness.ads:15:94
 info: length check proved (CVC5: 3 VC in max 0.0 seconds and 1 step)
--> mc_control_codec.adb:11:19

 info: precondition proved (CVC5: 3 VC in max 0.0 seconds and 1 step)
--> mc_control_codec.adb:12:15

 info: precondition proved (CVC5: 3 VC in max 0.0 seconds and 1 step)
--> mc_control_codec.adb:12:56

 info: precondition proved (CVC5: 1 VC in max 0.0 seconds and 597 steps)
--> mc_control_codec.adb:15:68

 info: range check proved (CVC5: 4 VC in max 0.0 seconds and 1 step)
--> mc_control_codec.adb:15:75

 info: length check proved (CVC5: 3 VC in max 0.0 seconds and 1 step)
--> mc_control_codec.adb:21:19

 info: precondition proved (CVC5: 3 VC in max 0.0 seconds and 1 step)
--> mc_control_codec.adb:22:15

 info: precondition proved (CVC5: 3 VC in max 0.0 seconds and 1 step)
--> mc_control_codec.adb:22:65

 info: precondition proved (CVC5: 3 VC in max 0.0 seconds and 1 step)
--> mc_control_codec.adb:26:15

 info: precondition proved (CVC5: 3 VC in max 0.0 seconds and 1 step)
--> mc_control_codec.adb:26:59

 info: precondition proved (CVC5: 1 VC in max 0.0 seconds and 1199 steps)
--> mc_control_codec.adb:27:32

 info: range check proved (CVC5: 4 VC in max 0.0 seconds and 1 step)
--> mc_control_codec.adb:27:39

 info: initialization of "O" proved
--> mc_control_codec.adb:30:45

 info: length check proved (CVC5: 3 VC in max 0.0 seconds and 1 step)
--> mc_control_codec.adb:32:19

 info: precondition proved (CVC5: 3 VC in max 0.0 seconds and 1 step)
--> mc_control_codec.adb:33:15

 info: unrolling loop [info-unrolling-inlining]
--> mc_control_codec.adb:35:27

 info: overflow check proved (CVC5: 16 VC in max 0.0 seconds and 152 steps)
--> mc_control_codec.adb:36:18

 info: overflow check proved (CVC5: 16 VC in max 0.0 seconds and 150 steps)
--> mc_control_codec.adb:36:25

 info: range check proved (CVC5: 32 VC in max 0.0 seconds and 158 steps)
--> mc_control_codec.adb:37:10

 info: index check proved (CVC5: 16 VC in max 0.0 seconds and 154 steps)
--> mc_control_codec.adb:37:13

 info: overflow check proved (CVC5: 16 VC in max 0.0 seconds and 156 steps)
--> mc_control_codec.adb:37:17

 info: overflow check proved (CVC5: 16 VC in max 0.0 seconds and 154 steps)
--> mc_control_codec.adb:37:17

 info: index check proved (CVC5: 16 VC in max 0.0 seconds and 154 steps)
--> mc_control_codec.adb:37:17

 info: length check proved (CVC5: 24 VC in max 0.0 seconds and 153 steps)
--> mc_control_codec.adb:37:22

 info: length check proved (CVC5: 24 VC in max 0.0 seconds and 150 steps)
--> mc_control_codec.adb:37:35

 info: range check proved (CVC5: 32 VC in max 0.0 seconds and 169 steps)
--> mc_control_codec.adb:37:48

 info: overflow check proved (CVC5: 16 VC in max 0.0 seconds and 167 steps)
--> mc_control_codec.adb:37:52

 info: overflow check proved (CVC5: 16 VC in max 0.0 seconds and 161 steps)
--> mc_control_codec.adb:37:52

 info: index check proved (CVC5: 16 VC in max 0.0 seconds and 161 steps)
--> mc_control_codec.adb:37:52

 info: overflow check proved (CVC5: 16 VC in max 0.0 seconds and 165 steps)
--> mc_control_codec.adb:37:58

 info: overflow check proved (CVC5: 16 VC in max 0.0 seconds and 161 steps)
--> mc_control_codec.adb:37:58

 info: index check proved (CVC5: 16 VC in max 0.0 seconds and 161 steps)
--> mc_control_codec.adb:37:58

 info: length check proved (CVC5: 24 VC in max 0.0 seconds and 161 steps)
--> mc_control_codec.adb:37:63

 info: length check proved (CVC5: 24 VC in max 0.0 seconds and 157 steps)
--> mc_control_codec.adb:37:76

 info: precondition proved (CVC5: 32 VC in max 0.0 seconds and 1860 steps)
--> mc_control_codec.adb:38:18

 info: overflow check proved (CVC5: 16 VC in max 0.0 seconds and 181 steps)
--> mc_control_codec.adb:38:29

 info: overflow check proved (CVC5: 16 VC in max 0.0 seconds and 203 steps)
--> mc_control_codec.adb:39:14

 info: index check proved (CVC5: 16 VC in max 0.0 seconds and 207 steps)
--> mc_control_codec.adb:39:14

 info: precondition proved (CVC5: 1 VC in max 0.0 seconds and 1943 steps)
--> mc_control_codec.adb:41:34

 info: range check proved (CVC5: 4 VC in max 0.0 seconds and 356 steps)
--> mc_control_codec.adb:41:41

 info: initialization of "T" proved
--> mc_control_codec.adb:44:07

 info: range check proved (CVC5: 4 VC in max 0.0 seconds and 1 step)
--> mc_control_codec.adb:48:10

 info: index check proved (CVC5: 2 VC in max 0.0 seconds and 1 step)
--> mc_control_codec.adb:48:36

 info: precondition proved (CVC5: 3 VC in max 0.0 seconds and 1 step)
--> mc_control_codec.adb:49:25

 info: precondition proved (CVC5: 3 VC in max 0.0 seconds and 1 step)
--> mc_control_codec.adb:50:25

 info: range check proved (CVC5: 4 VC in max 0.0 seconds and 1 step)
--> mc_control_codec.adb:51:18

 info: range check proved (CVC5: 4 VC in max 0.0 seconds and 1 step)
--> mc_control_codec.adb:51:43

 info: precondition proved (CVC5: 3 VC in max 0.0 seconds and 1 step)
--> mc_control_codec.adb:52:38

 info: range check proved (CVC5: 2 VC in max 0.0 seconds and 16 steps)
--> mc_control_codec.adb:52:38

 info: precondition proved (CVC5: 3 VC in max 0.0 seconds and 1 step)
--> mc_control_codec.adb:52:86

 info: range check proved (CVC5: 2 VC in max 0.0 seconds and 42 steps)
--> mc_control_codec.adb:52:86

 info: range check proved (CVC5: 2 VC in max 0.0 seconds and 60 steps)
--> mc_control_codec.adb:53:41

 info: index check proved (CVC5: 2 VC in max 0.0 seconds and 1 step)
--> mc_control_codec.adb:53:44

 info: range check proved (CVC5: 4 VC in max 0.0 seconds and 1 step)
--> mc_control_codec.adb:53:64

 info: range check proved (CVC5: 4 VC in max 0.0 seconds and 1 step)
--> mc_control_codec.adb:54:25

 info: range check proved (CVC5: 4 VC in max 0.0 seconds and 1 step)
--> mc_control_codec.adb:54:52

 info: range check proved (CVC5: 4 VC in max 0.0 seconds and 1 step)
--> mc_control_codec.adb:54:78

 info: range check proved (CVC5: 4 VC in max 0.0 seconds and 1 step)
--> mc_control_codec.adb:55:29

 info: initialization of "T" proved
--> mc_control_codec.adb:60:07

 info: range check proved (CVC5: 4 VC in max 0.0 seconds and 1 step)
--> mc_control_codec.adb:66:10

 info: index check proved (CVC5: 2 VC in max 0.0 seconds and 1 step)
--> mc_control_codec.adb:66:36

 info: precondition proved (CVC5: 6 VC in max 0.0 seconds and 105 steps)
--> mc_control_codec.adb:68:21

 info: index check proved (CVC5: 4 VC in max 0.0 seconds and 1 step)
--> mc_control_codec.adb:68:35

 info: loop invariant initialization proved (CVC5: 1 VC in max 0.0 seconds and 55 steps)
--> mc_control_codec.adb:70:13

 info: loop invariant preservation proved (CVC5: 1 VC in max 0.0 seconds and 333 steps)
--> mc_control_codec.adb:70:13

 info: precondition proved (CVC5: 6 VC in max 0.0 seconds and 168 steps)
--> mc_control_codec.adb:70:55

 info: index check proved (CVC5: 4 VC in max 0.0 seconds and 1 step)
--> mc_control_codec.adb:70:69

 info: range check proved (CVC5: 4 VC in max 0.0 seconds and 1 step)
--> mc_control_codec.adb:72:18

 info: range check proved (CVC5: 4 VC in max 0.0 seconds and 1 step)
--> mc_control_codec.adb:72:43

 info: precondition proved (CVC5: 3 VC in max 0.0 seconds and 1 step)
--> mc_control_codec.adb:73:47

 info: range check proved (CVC5: 2 VC in max 0.0 seconds and 137 steps)
--> mc_control_codec.adb:73:47

 info: precondition proved (CVC5: 3 VC in max 0.0 seconds and 1 step)
--> mc_control_codec.adb:73:99

 info: range check proved (CVC5: 1 VC in max 0.0 seconds and 1 step; Z3: 1 VC in max 0.0 seconds and 1 step)
--> mc_control_codec.adb:73:99

 info: range check proved (CVC5: 2 VC in max 0.0 seconds and 104 steps)
--> mc_control_codec.adb:74:41

 info: index check proved (CVC5: 2 VC in max 0.0 seconds and 1 step)
--> mc_control_codec.adb:74:44

 info: range check proved (CVC5: 4 VC in max 0.0 seconds and 1 step)
--> mc_control_codec.adb:74:63

 info: range check proved (CVC5: 4 VC in max 0.0 seconds and 1 step)
--> mc_control_codec.adb:74:91

 info: range check proved (CVC5: 4 VC in max 0.0 seconds and 1 step)
--> mc_control_codec.adb:75:27

 info: range check proved (CVC5: 4 VC in max 0.0 seconds and 7 steps)
--> mc_control_codec.adb:75:53

 info: range check proved (CVC5: 4 VC in max 0.0 seconds and 25 steps)
--> mc_control_codec.adb:75:89

 info: range check proved (CVC5: 4 VC in max 0.0 seconds and 43 steps)
--> mc_control_codec.adb:76:29

 info: precondition proved (CVC5: 3 VC in max 0.0 seconds and 62 steps)
--> mc_control_codec.adb:76:76

 info: range check proved (CVC5: 1 VC in max 0.0 seconds and 78 steps; Z3: 1 VC in max 0.0 seconds and 1 step)
--> mc_control_codec.adb:76:76

 info: precondition proved (CVC5: 3 VC in max 0.0 seconds and 80 steps)
--> mc_control_codec.adb:77:37

 info: range check proved (CVC5: 1 VC in max 0.0 seconds and 97 steps; Z3: 1 VC in max 0.0 seconds and 24 steps)
--> mc_control_codec.adb:77:37

 info: initialization of "T" proved
--> mc_control_codec.adb:81:07

 info: initialization of "O" proved
--> mc_control_codec.adb:81:33

 info: range check proved (CVC5: 4 VC in max 0.0 seconds and 1 step)
--> mc_control_codec.adb:85:10

 info: index check proved (CVC5: 2 VC in max 0.0 seconds and 1 step)
--> mc_control_codec.adb:85:36

 info: index check proved (CVC5: 2 VC in max 0.0 seconds and 1 step)
--> mc_control_codec.adb:85:55

 info: index check proved (CVC5: 2 VC in max 0.0 seconds and 1 step)
--> mc_control_codec.adb:86:20

 info: precondition proved (CVC5: 3 VC in max 0.0 seconds and 1 step)
--> mc_control_codec.adb:86:52

 info: range check proved (CVC5: 4 VC in max 0.0 seconds and 1 step)
--> mc_control_codec.adb:88:18

 info: range check proved (CVC5: 4 VC in max 0.0 seconds and 1 step)
--> mc_control_codec.adb:88:43

 info: precondition proved (CVC5: 3 VC in max 0.0 seconds and 1 step)
--> mc_control_codec.adb:88:84

 info: range check proved (CVC5: 2 VC in max 0.0 seconds and 51 steps)
--> mc_control_codec.adb:88:84

 info: range check proved (CVC5: 2 VC in max 0.0 seconds and 67 steps)
--> mc_control_codec.adb:89:18

 info: index check proved (CVC5: 2 VC in max 0.0 seconds and 1 step)
--> mc_control_codec.adb:89:30

 info: range check proved (CVC5: 2 VC in max 0.0 seconds and 85 steps)
--> mc_control_codec.adb:89:59

 info: index check proved (CVC5: 2 VC in max 0.0 seconds and 1 step)
--> mc_control_codec.adb:89:71

 info: range check proved (CVC5: 2 VC in max 0.0 seconds and 105 steps)
--> mc_control_codec.adb:89:99

 info: index check proved (CVC5: 2 VC in max 0.0 seconds and 1 step)
--> mc_control_codec.adb:89:111

 info: loop invariant initialization proved (CVC5: 1 VC in max 0.0 seconds and 1 step)
--> mc_control_codec.adb:91:32

 info: loop invariant preservation proved (CVC5: 1 VC in max 0.0 seconds and 1 step)
--> mc_control_codec.adb:91:32

 info: index check proved (CVC5: 4 VC in max 0.0 seconds and 1 step)
--> mc_control_codec.adb:91:50

 info: overflow check proved (CVC5: 2 VC in max 0.0 seconds and 111 steps)
--> mc_control_codec.adb:92:18

 info: overflow check proved (CVC5: 2 VC in max 0.0 seconds and 106 steps)
--> mc_control_codec.adb:92:25

 info: overflow check proved (CVC5: 2 VC in max 0.0 seconds and 116 steps)
--> mc_control_codec.adb:92:37

 info: index check proved (CVC5: 2 VC in max 0.0 seconds and 127 steps)
--> mc_control_codec.adb:92:37

 info: range check proved (CVC5: 4 VC in max 0.0 seconds and 36 steps)
--> mc_control_codec.adb:93:35

 info: length check proved (CVC5: 3 VC in max 0.0 seconds and 1 step)
--> mc_control_codec.adb:93:35

 info: overflow check proved (CVC5: 2 VC in max 0.0 seconds and 1 step)
--> mc_control_codec.adb:93:42

 info: range check proved (CVC5: 4 VC in max 0.0 seconds and 59 steps)
--> mc_control_codec.adb:93:72

 info: length check proved (CVC5: 3 VC in max 0.0 seconds and 1 step)
--> mc_control_codec.adb:93:72

 info: overflow check proved (CVC5: 2 VC in max 0.0 seconds and 1 step)
--> mc_control_codec.adb:93:76

 info: overflow check proved (CVC5: 2 VC in max 0.0 seconds and 1 step)
--> mc_control_codec.adb:93:82

 info: precondition proved (CVC5: 3 VC in max 0.0 seconds and 75 steps)
--> mc_control_codec.adb:94:39

 info: range check proved (CVC5: 2 VC in max 0.0 seconds and 1 step)
--> mc_control_codec.adb:94:39

 info: overflow check proved (CVC5: 2 VC in max 0.0 seconds and 1 step)
--> mc_control_codec.adb:94:48

 info: range check proved (CVC5: 2 VC in max 0.0 seconds and 329 steps)
--> mc_control_codec.adb:94:94

 info: overflow check proved (CVC5: 2 VC in max 0.0 seconds and 1 step)
--> mc_control_codec.adb:94:98

 info: index check proved (CVC5: 2 VC in max 0.0 seconds and 1 step)
--> mc_control_codec.adb:94:98

 info: implicit aspect Always_Terminates on "Encode" has been proved, subprogram will terminate
--> mc_control_codec.ads:7:13

 info: data dependencies proved
--> mc_control_codec.ads:7:67

 info: implicit aspect Always_Terminates on "Encode" has been proved, subprogram will terminate
--> mc_control_codec.ads:8:13

 info: data dependencies proved
--> mc_control_codec.ads:8:73

 info: implicit aspect Always_Terminates on "Encode" has been proved, subprogram will terminate
--> mc_control_codec.ads:9:13

 info: data dependencies proved
--> mc_control_codec.ads:9:75

 info: initialization of "S" proved
--> mc_control_codec.ads:10:33

 info: initialization of "Status" proved
--> mc_control_codec.ads:10:59

 info: data dependencies proved
--> mc_control_codec.ads:11:11

 info: initialization of "P" proved
--> mc_control_codec.ads:12:33

 info: initialization of "Status" proved
--> mc_control_codec.ads:12:62

 info: data dependencies proved
--> mc_control_codec.ads:13:11

 info: initialization of "A" proved
--> mc_control_codec.ads:14:33

 info: initialization of "Status" proved
--> mc_control_codec.ads:14:63

 info: data dependencies proved
--> mc_control_codec.ads:15:11
 info: index check proved (CVC5: 2 VC in max 0.0 seconds and 1 step)
--> mc_retry_budget.adb:12:60

 info: cannot unroll loop (too many loop iterations) [info-unrolling-inlining]
--> mc_retry_budget.adb:18:56

 info: division check proved (CVC5: 1 VC in max 0.0 seconds and 1 step)
--> mc_retry_budget.adb:19:45

 info: overflow check proved (CVC5: 2 VC in max 0.0 seconds and 1 step)
--> mc_retry_budget.adb:22:31

 info: initialization of "Delay_Ms" proved
--> mc_retry_budget.adb:31:07

 info: overflow check proved (CVC5: 4 VC in max 0.0 seconds and 1 step)
--> mc_retry_budget.adb:40:17

 info: range check proved (CVC5: 4 VC in max 0.0 seconds and 1 step)
--> mc_retry_budget.adb:41:26

 info: index check proved (CVC5: 4 VC in max 0.0 seconds and 1 step)
--> mc_retry_budget.adb:41:37

 info: loop invariant initialization proved (CVC5: 1 VC in max 0.0 seconds and 1 step)
--> mc_retry_budget.adb:43:32

 info: loop invariant preservation proved (CVC5: 1 VC in max 0.0 seconds and 1 step)
--> mc_retry_budget.adb:43:32

 info: loop invariant initialization proved (CVC5: 1 VC in max 0.0 seconds and 1 step)
--> mc_retry_budget.adb:44:32

 info: loop invariant preservation proved (CVC5: 1 VC in max 0.0 seconds and 42 steps)
--> mc_retry_budget.adb:44:32

 info: index check proved (CVC5: 4 VC in max 0.0 seconds and 1 step)
--> mc_retry_budget.adb:44:64

 info: index check proved (CVC5: 4 VC in max 0.0 seconds and 1 step)
--> mc_retry_budget.adb:44:79

 info: loop invariant initialization proved (CVC5: 1 VC in max 0.0 seconds and 1 step)
--> mc_retry_budget.adb:45:32

 info: loop invariant preservation proved (CVC5: 1 VC in max 0.0 seconds and 20 steps)
--> mc_retry_budget.adb:45:32

 info: index check proved (CVC5: 4 VC in max 0.0 seconds and 1 step)
--> mc_retry_budget.adb:45:64

 info: loop invariant initialization proved (CVC5: 1 VC in max 0.0 seconds and 1 step)
--> mc_retry_budget.adb:46:32

 info: loop invariant preservation proved (CVC5: 1 VC in max 0.0 seconds and 75 steps)
--> mc_retry_budget.adb:46:32

 info: index check proved (CVC5: 4 VC in max 0.0 seconds and 1 step)
--> mc_retry_budget.adb:46:64

 info: index check proved (CVC5: 4 VC in max 0.0 seconds and 1 step)
--> mc_retry_budget.adb:46:75

 info: loop invariant initialization proved (CVC5: 1 VC in max 0.0 seconds and 1 step)
--> mc_retry_budget.adb:47:32

 info: loop invariant preservation proved (CVC5: 1 VC in max 0.0 seconds and 47 steps)
--> mc_retry_budget.adb:47:32

 info: index check proved (CVC5: 4 VC in max 0.0 seconds and 1 step)
--> mc_retry_budget.adb:47:73

 info: precondition proved (CVC5: 1 VC in max 0.0 seconds and 1 step)
--> mc_retry_budget.adb:50:19

 info: overflow check proved (CVC5: 2 VC in max 0.0 seconds and 1 step)
--> mc_retry_budget.adb:51:30

 info: range check proved (CVC5: 2 VC in max 0.0 seconds and 1 step)
--> mc_retry_budget.adb:52:20

 info: index check proved (CVC5: 2 VC in max 0.0 seconds and 1 step)
--> mc_retry_budget.adb:52:31

 info: range check proved (CVC5: 2 VC in max 0.0 seconds and 30 steps)
--> mc_retry_budget.adb:54:38

 info: range check proved (CVC5: 2 VC in max 0.0 seconds and 58 steps)
--> mc_retry_budget.adb:54:62

 info: overflow check proved (CVC5: 2 VC in max 0.0 seconds and 1 step)
--> mc_retry_budget.adb:55:27

 info: overflow check proved (CVC5: 2 VC in max 0.0 seconds and 1 step)
--> mc_retry_budget.adb:73:30

 info: loop invariant initialization proved (CVC5: 1 VC in max 0.0 seconds and 1 step)
--> mc_retry_budget.adb:77:32

 info: loop invariant preservation proved (CVC5: 1 VC in max 0.0 seconds and 1 step)
--> mc_retry_budget.adb:77:32

 info: index check proved (CVC5: 4 VC in max 0.0 seconds and 1 step)
--> mc_retry_budget.adb:77:64

 info: overflow check proved (CVC5: 2 VC in max 0.0 seconds and 1 step)
--> mc_retry_budget.adb:79:27

 info: implicit aspect Always_Terminates on "Valid" has been proved, subprogram will terminate
--> mc_retry_budget.ads:23:13

 info: data dependencies proved
--> mc_retry_budget.ads:23:52

 info: implicit aspect Always_Terminates on "Valid" has been proved, subprogram will terminate
--> mc_retry_budget.ads:24:13

 info: data dependencies proved
--> mc_retry_budget.ads:24:51

 info: implicit aspect Always_Terminates on "Backoff" has been proved, subprogram will terminate
--> mc_retry_budget.ads:25:13

 info: data dependencies proved
--> mc_retry_budget.ads:26:28

 info: postcondition proved (CVC5: 1 VC in max 0.0 seconds and 1 step)
--> mc_retry_budget.ads:27:16

 info: initialization of "Status" proved
--> mc_retry_budget.ads:29:22

 info: data dependencies proved
--> mc_retry_budget.ads:30:11

 info: postcondition proved (CVC5: 7 VC in max 0.1 seconds and 439 steps; Trivial: 3 VC in max 0.0 seconds and 2 steps)
--> mc_retry_budget.ads:31:16

 info: initialization of "Status" proved
--> mc_retry_budget.ads:36:63

 info: data dependencies proved
--> mc_retry_budget.ads:37:11

 info: postcondition proved (CVC5: 8 VC in max 0.0 seconds and 1 step; Trivial: 2 VC in max 0.0 seconds and 2 steps)
--> mc_retry_budget.ads:38:16

 info: initialization of "Status" proved
--> mc_retry_budget.ads:44:22

 info: data dependencies proved
--> mc_retry_budget.ads:45:11

 info: postcondition proved (CVC5: 7 VC in max 0.0 seconds and 70 steps; Trivial: 2 VC in max 0.0 seconds and 2 steps)
--> mc_retry_budget.ads:46:16
 info: range check proved (CVC5: 2 VC in max 0.0 seconds and 1 step)
--> mc_hex.adb:5:07

 info: range check proved (CVC5: 2 VC in max 0.0 seconds and 1 step)
--> mc_hex.adb:5:33

 info: overflow check proved (CVC5: 2 VC in max 0.0 seconds and 1 step)
--> mc_hex.adb:5:41

 info: length check proved (CVC5: 3 VC in max 0.0 seconds and 1 step)
--> mc_hex.adb:5:49

 info: loop invariant initialization proved (CVC5: 1 VC in max 0.0 seconds and 1 step)
--> mc_hex.adb:9:33

 info: loop invariant preservation proved (CVC5: 1 VC in max 0.0 seconds and 1 step)
--> mc_hex.adb:9:33

 info: overflow check proved (CVC5: 4 VC in max 0.0 seconds and 1 step)
--> mc_hex.adb:9:39

 info: overflow check proved (CVC5: 4 VC in max 0.0 seconds and 1 step)
--> mc_hex.adb:9:44

 info: overflow check proved (CVC5: 2 VC in max 0.0 seconds and 1 step)
--> mc_hex.adb:10:20

 info: index check proved (CVC5: 2 VC in max 0.0 seconds and 1 step)
--> mc_hex.adb:10:20

 info: division check proved (CVC5: 1 VC in max 0.0 seconds and 1 step)
--> mc_hex.adb:10:54

 info: overflow check proved (CVC5: 2 VC in max 0.0 seconds and 1 step)
--> mc_hex.adb:11:20

 info: index check proved (CVC5: 2 VC in max 0.0 seconds and 1 step)
--> mc_hex.adb:11:20

 info: division check proved (CVC5: 1 VC in max 0.0 seconds and 1 step)
--> mc_hex.adb:11:54

 info: overflow check proved (CVC5: 2 VC in max 0.0 seconds and 1 step)
--> mc_hex.adb:12:17

 info: implicit aspect Always_Terminates on "Nibble" has been proved, subprogram will terminate
--> mc_hex.adb:16:13

 info: local subprogram "Nibble" only analyzed in the context of calls [info-unrolling-inlining]
--> mc_hex.adb:16:13
      + add a contract to analyze it separately from calling contexts

 info: range check proved (CVC5: 2 VC in max 0.0 seconds and 1 step), in call inlined at mc_hex.adb:32
--> mc_hex.adb:18:54

 info: range check proved (CVC5: 2 VC in max 0.0 seconds and 1 step), in call inlined at mc_hex.adb:33
--> mc_hex.adb:18:54

 info: range check proved (CVC5: 2 VC in max 0.0 seconds and 1 step), in call inlined at mc_hex.adb:32
--> mc_hex.adb:19:73

 info: range check proved (CVC5: 2 VC in max 0.0 seconds and 1 step), in call inlined at mc_hex.adb:33
--> mc_hex.adb:19:73

 info: initialization of "A" proved
--> mc_hex.adb:23:07

 info: initialization of "B" proved
--> mc_hex.adb:23:09

 info: length check proved (CVC5: 3 VC in max 0.0 seconds and 1 step)
--> mc_hex.adb:26:12

 info: range check proved (CVC5: 2 VC in max 0.0 seconds and 1 step)
--> mc_hex.adb:27:14

 info: loop invariant initialization proved (CVC5: 1 VC in max 0.0 seconds and 1 step)
--> mc_hex.adb:31:33

 info: loop invariant preservation proved (CVC5: 1 VC in max 0.0 seconds and 1 step)
--> mc_hex.adb:31:33

 info: overflow check proved (CVC5: 4 VC in max 0.0 seconds and 1 step)
--> mc_hex.adb:31:39

 info: overflow check proved (CVC5: 4 VC in max 0.0 seconds and 1 step)
--> mc_hex.adb:31:44

 info: analyzing call to "Nibble" in context
--> mc_hex.adb:32:15

 info: overflow check proved (CVC5: 2 VC in max 0.0 seconds and 1 step)
--> mc_hex.adb:32:40

 info: index check proved (CVC5: 2 VC in max 0.0 seconds and 1 step)
--> mc_hex.adb:32:40

 info: analyzing call to "Nibble" in context
--> mc_hex.adb:33:15

 info: overflow check proved (CVC5: 2 VC in max 0.0 seconds and 1 step)
--> mc_hex.adb:33:40

 info: overflow check proved (CVC5: 2 VC in max 0.0 seconds and 1 step)
--> mc_hex.adb:33:44

 info: index check proved (CVC5: 2 VC in max 0.0 seconds and 1 step)
--> mc_hex.adb:33:44

 info: length check proved (CVC5: 3 VC in max 0.0 seconds and 1 step)
--> mc_hex.adb:34:43

 info: overflow check proved (CVC5: 2 VC in max 0.0 seconds and 1 step)
--> mc_hex.adb:35:30

 info: overflow check proved (CVC5: 2 VC in max 0.0 seconds and 1 step)
--> mc_hex.adb:35:35

 info: range check proved (CVC5: 1 VC in max 0.0 seconds and 1 step)
--> mc_hex.adb:35:35

 info: overflow check proved (CVC5: 2 VC in max 0.0 seconds and 1 step)
--> mc_hex.adb:36:17

 info: implicit aspect Always_Terminates on "Encode" has been proved, subprogram will terminate
--> mc_hex.ads:4:13

 info: data dependencies proved
--> mc_hex.ads:5:11

 info: range check proved (CVC5: 2 VC in max 0.0 seconds and 1 step)
--> mc_hex.ads:5:38

 info: postcondition proved (CVC5: 2 VC in max 0.0 seconds and 1 step)
--> mc_hex.ads:6:16

 info: initialization of "Data" proved
--> mc_hex.ads:7:37

 info: initialization of "Status" proved
--> mc_hex.ads:7:55

 info: data dependencies proved
--> mc_hex.ads:8:11
 info: overflow check proved (CVC5: 2 VC in max 0.0 seconds and 1 step)
--> mc_authorization.adb:14:27

 info: implicit aspect Always_Terminates on "Within_Scope" has been proved, subprogram will terminate
--> mc_authorization.ads:12:13

 info: data dependencies proved
--> mc_authorization.ads:14:11
 info: implicit aspect Always_Terminates on "Valid" has been proved, subprogram will terminate
--> mc_system_baseline.ads:21:13

 info: data dependencies proved
--> mc_system_baseline.ads:21:54

 info: implicit aspect Always_Terminates on "Assess" has been proved, subprogram will terminate
--> mc_system_baseline.ads:22:13

 info: data dependencies proved
--> mc_system_baseline.ads:22:77
 info: overflow check proved (CVC5: 2 VC in max 0.0 seconds and 1 step)
--> mc_checkpoint.adb:18:53

 info: length check proved (CVC5: 3 VC in max 0.0 seconds and 1 step)
--> mc_checkpoint.adb:32:19

 info: precondition proved (CVC5: 3 VC in max 0.0 seconds and 1 step)
--> mc_checkpoint.adb:35:15

 info: precondition proved (CVC5: 3 VC in max 0.0 seconds and 1 step)
--> mc_checkpoint.adb:35:59

 info: precondition proved (CVC5: 3 VC in max 0.0 seconds and 1 step)
--> mc_checkpoint.adb:36:15

 info: precondition proved (CVC5: 3 VC in max 0.0 seconds and 1 step)
--> mc_checkpoint.adb:36:60

 info: precondition proved (CVC5: 3 VC in max 0.0 seconds and 1 step)
--> mc_checkpoint.adb:37:15

 info: precondition proved (CVC5: 3 VC in max 0.0 seconds and 1 step)
--> mc_checkpoint.adb:37:61

 info: precondition proved (CVC5: 3 VC in max 0.0 seconds and 1 step)
--> mc_checkpoint.adb:38:15

 info: precondition proved (CVC5: 1 VC in max 0.0 seconds and 2046 steps)
--> mc_checkpoint.adb:39:32

 info: range check proved (CVC5: 4 VC in max 0.0 seconds and 1 step)
--> mc_checkpoint.adb:39:39

 info: initialization of "T" proved
--> mc_checkpoint.adb:42:07

 info: range check proved (CVC5: 4 VC in max 0.0 seconds and 1 step)
--> mc_checkpoint.adb:46:10

 info: index check proved (CVC5: 2 VC in max 0.0 seconds and 1 step)
--> mc_checkpoint.adb:46:39

 info: unrolling loop [info-unrolling-inlining]
--> mc_checkpoint.adb:47:21

 info: precondition proved (CVC5: 21 VC in max 0.0 seconds and 1 step)
--> mc_checkpoint.adb:48:21

 info: range check proved (CVC5: 4 VC in max 0.0 seconds and 1 step)
--> mc_checkpoint.adb:50:20

 info: range check proved (CVC5: 4 VC in max 0.0 seconds and 1 step)
--> mc_checkpoint.adb:50:46

 info: range check proved (CVC5: 4 VC in max 0.0 seconds and 1 step)
--> mc_checkpoint.adb:50:72

 info: range check proved (CVC5: 4 VC in max 0.0 seconds and 1 step)
--> mc_checkpoint.adb:51:21

 info: range check proved (CVC5: 4 VC in max 0.0 seconds and 1 step)
--> mc_checkpoint.adb:51:47

 info: range check proved (CVC5: 4 VC in max 0.0 seconds and 1 step)
--> mc_checkpoint.adb:51:75

 info: range check proved (CVC5: 4 VC in max 0.0 seconds and 1 step)
--> mc_checkpoint.adb:52:26

 info: precondition proved (CVC5: 3 VC in max 0.0 seconds and 1 step)
--> mc_checkpoint.adb:52:73

 info: range check proved (CVC5: 2 VC in max 0.0 seconds and 327 steps)
--> mc_checkpoint.adb:52:73

 info: precondition proved (CVC5: 3 VC in max 0.0 seconds and 17 steps)
--> mc_checkpoint.adb:53:45

 info: range check proved (CVC5: 2 VC in max 0.0 seconds and 362 steps)
--> mc_checkpoint.adb:53:45

 info: precondition proved (CVC5: 3 VC in max 0.0 seconds and 35 steps)
--> mc_checkpoint.adb:53:94

 info: range check proved (CVC5: 2 VC in max 0.0 seconds and 397 steps)
--> mc_checkpoint.adb:53:94

 info: precondition proved (CVC5: 3 VC in max 0.0 seconds and 54 steps)
--> mc_checkpoint.adb:54:42

 info: range check proved (CVC5: 2 VC in max 0.0 seconds and 433 steps)
--> mc_checkpoint.adb:54:42

 info: precondition proved (CVC5: 3 VC in max 0.0 seconds and 74 steps)
--> mc_checkpoint.adb:54:92

 info: range check proved (CVC5: 2 VC in max 0.0 seconds and 470 steps)
--> mc_checkpoint.adb:54:92

 info: precondition proved (CVC5: 3 VC in max 0.0 seconds and 94 steps)
--> mc_checkpoint.adb:55:45

 info: range check proved (CVC5: 2 VC in max 0.0 seconds and 507 steps)
--> mc_checkpoint.adb:55:45

 info: precondition proved (CVC5: 3 VC in max 0.0 seconds and 115 steps)
--> mc_checkpoint.adb:55:95

 info: range check proved (CVC5: 2 VC in max 0.0 seconds and 545 steps)
--> mc_checkpoint.adb:55:95

 info: index check proved (CVC5: 2 VC in max 0.0 seconds and 1 step)
--> mc_checkpoint.adb:56:25

 info: implicit aspect Always_Terminates on "Valid" has been proved, subprogram will terminate
--> mc_checkpoint.ads:13:13

 info: data dependencies proved
--> mc_checkpoint.ads:13:56

 info: implicit aspect Always_Terminates on "Follows" has been proved, subprogram will terminate
--> mc_checkpoint.ads:14:13

 info: data dependencies proved
--> mc_checkpoint.ads:15:11

 info: implicit aspect Always_Terminates on "Encode" has been proved, subprogram will terminate
--> mc_checkpoint.ads:16:13

 info: data dependencies proved
--> mc_checkpoint.ads:16:55

 info: initialization of "D" proved
--> mc_checkpoint.ads:17:33

 info: initialization of "Status" proved
--> mc_checkpoint.ads:17:53

 info: data dependencies proved
--> mc_checkpoint.ads:17:80
 info: overflow check proved (CVC5: 2 VC in max 0.0 seconds and 1 step)
--> mc_accounting.adb:10:93

 info: implicit aspect Always_Terminates on "Valid" has been proved, subprogram will terminate
--> mc_accounting.ads:21:13

 info: data dependencies proved
--> mc_accounting.ads:21:51

 info: implicit aspect Always_Terminates on "Chain_Extends" has been proved, subprogram will terminate
--> mc_accounting.ads:22:13

 info: data dependencies proved
--> mc_accounting.ads:22:114

 info: implicit aspect Always_Terminates on "Required_Remote_Preservation" has been proved, subprogram will terminate
--> mc_accounting.ads:23:13

 info: data dependencies proved
--> mc_accounting.ads:23:74
 info: cannot unroll loop (too many loop iterations) [info-unrolling-inlining]
--> mc_stop_barrier.adb:16:27

 info: cannot unroll loop (too many loop iterations) [info-unrolling-inlining]
--> mc_stop_barrier.adb:22:26

 info: index check proved (CVC5: 2 VC in max 0.0 seconds and 1 step)
--> mc_stop_barrier.adb:23:51

 info: index check proved (CVC5: 2 VC in max 0.0 seconds and 1 step)
--> mc_stop_barrier.adb:24:58

 info: index check proved (CVC5: 2 VC in max 0.0 seconds and 1 step)
--> mc_stop_barrier.adb:25:62

 info: index check proved (CVC5: 2 VC in max 0.0 seconds and 1 step)
--> mc_stop_barrier.adb:26:63

 info: cannot unroll loop (too many loop iterations) [info-unrolling-inlining]
--> mc_stop_barrier.adb:31:30

 info: implicit aspect Always_Terminates on "Valid_Receipt" has been proved, subprogram will terminate
--> mc_stop_barrier.adb:37:13

 info: index check proved (CVC5: 2 VC in max 0.0 seconds and 1 step)
--> mc_stop_barrier.adb:51:70

 info: precondition proved (CVC5: 1 VC in max 0.0 seconds and 1 step)
--> mc_stop_barrier.adb:52:65

 info: index check proved (CVC5: 2 VC in max 0.0 seconds and 1 step)
--> mc_stop_barrier.adb:59:19

 info: index check proved (CVC5: 2 VC in max 0.0 seconds and 1 step)
--> mc_stop_barrier.adb:60:28

 info: index check proved (CVC5: 2 VC in max 0.0 seconds and 1 step)
--> mc_stop_barrier.adb:60:64

 info: index check proved (CVC5: 2 VC in max 0.0 seconds and 1 step)
--> mc_stop_barrier.adb:61:28

 info: overflow check proved (CVC5: 2 VC in max 0.0 seconds and 1 step)
--> mc_stop_barrier.adb:61:38

 info: index check proved (CVC5: 2 VC in max 0.0 seconds and 1 step)
--> mc_stop_barrier.adb:61:49

 info: overflow check proved (CVC5: 2 VC in max 0.0 seconds and 1 step)
--> mc_stop_barrier.adb:62:21

 info: index check proved (CVC5: 2 VC in max 0.0 seconds and 1 step)
--> mc_stop_barrier.adb:62:32

 info: index check proved (CVC5: 2 VC in max 0.0 seconds and 1 step)
--> mc_stop_barrier.adb:63:29

 info: index check proved (CVC5: 2 VC in max 0.0 seconds and 1 step)
--> mc_stop_barrier.adb:64:22

 info: index check proved (CVC5: 2 VC in max 0.0 seconds and 1 step)
--> mc_stop_barrier.adb:64:55

 info: index check proved (CVC5: 2 VC in max 0.0 seconds and 1 step)
--> mc_stop_barrier.adb:65:24

 info: initialization of "R" proved
--> mc_stop_barrier.adb:81:23

 info: loop invariant initialization proved (CVC5: 1 VC in max 0.0 seconds and 80 steps)
--> mc_stop_barrier.adb:96:32

 info: loop invariant preservation proved (CVC5: 1 VC in max 0.0 seconds and 153 steps)
--> mc_stop_barrier.adb:96:32

 info: index check proved (CVC5: 2 VC in max 0.0 seconds and 91 steps)
--> mc_stop_barrier.adb:98:48

 info: index check proved (CVC5: 2 VC in max 0.0 seconds and 1 step)
--> mc_stop_barrier.adb:99:46

 info: index check proved (CVC5: 2 VC in max 0.0 seconds and 1 step)
--> mc_stop_barrier.adb:100:50

 info: index check proved (CVC5: 2 VC in max 0.0 seconds and 1 step)
--> mc_stop_barrier.adb:101:20

 info: assertion proved (CVC5: 1 VC in max 0.0 seconds and 372 steps)
--> mc_stop_barrier.adb:102:21

 info: index check proved (CVC5: 2 VC in max 0.0 seconds and 1 step)
--> mc_stop_barrier.adb:104:44

 info: index check proved (CVC5: 2 VC in max 0.0 seconds and 1 step)
--> mc_stop_barrier.adb:107:44

 info: index check proved (CVC5: 2 VC in max 0.0 seconds and 1 step)
--> mc_stop_barrier.adb:122:27

 info: index check proved (CVC5: 2 VC in max 0.0 seconds and 1 step)
--> mc_stop_barrier.adb:123:46

 info: index check proved (CVC5: 2 VC in max 0.0 seconds and 1 step)
--> mc_stop_barrier.adb:129:57

 info: index check proved (CVC5: 2 VC in max 0.0 seconds and 1 step)
--> mc_stop_barrier.adb:130:31

 info: precondition proved (CVC5: 1 VC in max 0.0 seconds and 695 steps)
--> mc_stop_barrier.adb:137:27

 info: overflow check proved (CVC5: 2 VC in max 0.0 seconds and 665 steps)
--> mc_stop_barrier.adb:142:32

 info: assertion proved (CVC5: 1 VC in max 0.0 seconds and 1221 steps)
--> mc_stop_barrier.adb:143:21

 info: index check proved (CVC5: 2 VC in max 0.0 seconds and 137 steps)
--> mc_stop_barrier.adb:144:17

 info: assertion proved (CVC5: 1 VC in max 0.0 seconds and 661 steps)
--> mc_stop_barrier.adb:145:21

 info: assertion proved (CVC5: 1 VC in max 0.0 seconds and 860 steps; Trivial: 1 VC in max 0.0 seconds and 2 steps)
--> mc_stop_barrier.adb:146:21

 info: index check proved (CVC5: 2 VC in max 0.0 seconds and 55 steps)
--> mc_stop_barrier.adb:146:74

 info: index check proved (CVC5: 2 VC in max 0.0 seconds and 679 steps)
--> mc_stop_barrier.adb:146:87

 info: overflow check proved (CVC5: 2 VC in max 0.0 seconds and 1 step)
--> mc_stop_barrier.adb:153:72

 info: initialization of "O" proved
--> mc_stop_barrier.adb:156:42

 info: length check proved (CVC5: 3 VC in max 0.0 seconds and 1 step)
--> mc_stop_barrier.adb:158:19

 info: precondition proved (CVC5: 3 VC in max 0.0 seconds and 1 step)
--> mc_stop_barrier.adb:161:15

 info: precondition proved (CVC5: 3 VC in max 0.0 seconds and 1 step)
--> mc_stop_barrier.adb:161:54

 info: precondition proved (CVC5: 3 VC in max 0.0 seconds and 1 step)
--> mc_stop_barrier.adb:162:15

 info: cannot unroll loop (too many loop iterations) [info-unrolling-inlining]
--> mc_stop_barrier.adb:163:27

 info: overflow check proved (CVC5: 2 VC in max 0.0 seconds and 1 step)
--> mc_stop_barrier.adb:164:19

 info: overflow check proved (CVC5: 2 VC in max 0.0 seconds and 1 step)
--> mc_stop_barrier.adb:164:26

 info: range check proved (CVC5: 4 VC in max 0.0 seconds and 1 step)
--> mc_stop_barrier.adb:165:10

 info: index check proved (CVC5: 2 VC in max 0.0 seconds and 1 step)
--> mc_stop_barrier.adb:165:13

 info: overflow check proved (CVC5: 2 VC in max 0.0 seconds and 1 step)
--> mc_stop_barrier.adb:165:17

 info: index check proved (CVC5: 2 VC in max 0.0 seconds and 1 step)
--> mc_stop_barrier.adb:165:17

 info: length check proved (CVC5: 3 VC in max 0.0 seconds and 1 step)
--> mc_stop_barrier.adb:165:22

 info: length check proved (CVC5: 3 VC in max 0.0 seconds and 1 step)
--> mc_stop_barrier.adb:165:38

 info: range check proved (CVC5: 4 VC in max 0.0 seconds and 1 step)
--> mc_stop_barrier.adb:165:48

 info: overflow check proved (CVC5: 2 VC in max 0.0 seconds and 1 step)
--> mc_stop_barrier.adb:165:52

 info: index check proved (CVC5: 2 VC in max 0.0 seconds and 1 step)
--> mc_stop_barrier.adb:165:52

 info: overflow check proved (CVC5: 2 VC in max 0.0 seconds and 1 step)
--> mc_stop_barrier.adb:165:58

 info: index check proved (CVC5: 2 VC in max 0.0 seconds and 1 step)
--> mc_stop_barrier.adb:165:58

 info: length check proved (CVC5: 3 VC in max 0.0 seconds and 1 step)
--> mc_stop_barrier.adb:165:63

 info: length check proved (CVC5: 3 VC in max 0.0 seconds and 1 step)
--> mc_stop_barrier.adb:165:79

 info: range check proved (CVC5: 4 VC in max 0.0 seconds and 1 step)
--> mc_stop_barrier.adb:166:10

 info: overflow check proved (CVC5: 2 VC in max 0.0 seconds and 1 step)
--> mc_stop_barrier.adb:166:14

 info: index check proved (CVC5: 2 VC in max 0.0 seconds and 1 step)
--> mc_stop_barrier.adb:166:14

 info: overflow check proved (CVC5: 2 VC in max 0.0 seconds and 1 step)
--> mc_stop_barrier.adb:166:20

 info: index check proved (CVC5: 2 VC in max 0.0 seconds and 1 step)
--> mc_stop_barrier.adb:166:20

 info: length check proved (CVC5: 3 VC in max 0.0 seconds and 1 step)
--> mc_stop_barrier.adb:166:25

 info: length check proved (CVC5: 3 VC in max 0.0 seconds and 1 step)
--> mc_stop_barrier.adb:166:41

 info: range check proved (CVC5: 4 VC in max 0.0 seconds and 1 step)
--> mc_stop_barrier.adb:166:51

 info: overflow check proved (CVC5: 2 VC in max 0.0 seconds and 1 step)
--> mc_stop_barrier.adb:166:55

 info: index check proved (CVC5: 2 VC in max 0.0 seconds and 1 step)
--> mc_stop_barrier.adb:166:55

 info: overflow check proved (CVC5: 2 VC in max 0.0 seconds and 1 step)
--> mc_stop_barrier.adb:166:61

 info: index check proved (CVC5: 2 VC in max 0.0 seconds and 1 step)
--> mc_stop_barrier.adb:166:61

 info: length check proved (CVC5: 3 VC in max 0.0 seconds and 1 step)
--> mc_stop_barrier.adb:166:66

 info: length check proved (CVC5: 3 VC in max 0.0 seconds and 1 step)
--> mc_stop_barrier.adb:166:82

 info: range check proved (CVC5: 4 VC in max 0.0 seconds and 1 step)
--> mc_stop_barrier.adb:167:10

 info: overflow check proved (CVC5: 2 VC in max 0.0 seconds and 1 step)
--> mc_stop_barrier.adb:167:14

 info: index check proved (CVC5: 2 VC in max 0.0 seconds and 1 step)
--> mc_stop_barrier.adb:167:14

 info: overflow check proved (CVC5: 2 VC in max 0.0 seconds and 1 step)
--> mc_stop_barrier.adb:167:20

 info: index check proved (CVC5: 2 VC in max 0.0 seconds and 1 step)
--> mc_stop_barrier.adb:167:20

 info: length check proved (CVC5: 3 VC in max 0.0 seconds and 1 step)
--> mc_stop_barrier.adb:167:26

 info: length check proved (CVC5: 3 VC in max 0.0 seconds and 1 step)
--> mc_stop_barrier.adb:167:42

 info: precondition proved (CVC5: 3 VC in max 0.0 seconds and 97 steps)
--> mc_stop_barrier.adb:168:18

 info: overflow check proved (CVC5: 2 VC in max 0.0 seconds and 1 step)
--> mc_stop_barrier.adb:168:29

 info: precondition proved (CVC5: 1 VC in max 0.0 seconds and 1244 steps)
--> mc_stop_barrier.adb:170:36

 info: range check proved (CVC5: 4 VC in max 0.0 seconds and 1 step)
--> mc_stop_barrier.adb:170:43

 info: initialization of "O" proved
--> mc_stop_barrier.adb:173:41

 info: length check proved (CVC5: 3 VC in max 0.0 seconds and 1 step)
--> mc_stop_barrier.adb:175:19

 info: precondition proved (CVC5: 3 VC in max 0.0 seconds and 1 step)
--> mc_stop_barrier.adb:177:15

 info: precondition proved (CVC5: 3 VC in max 0.0 seconds and 1 step)
--> mc_stop_barrier.adb:177:56

 info: cannot unroll loop (too many loop iterations) [info-unrolling-inlining]
--> mc_stop_barrier.adb:179:27

 info: overflow check proved (CVC5: 2 VC in max 0.0 seconds and 1 step)
--> mc_stop_barrier.adb:180:19

 info: overflow check proved (CVC5: 2 VC in max 0.0 seconds and 1 step)
--> mc_stop_barrier.adb:180:26

 info: index check proved (CVC5: 2 VC in max 0.0 seconds and 1 step)
--> mc_stop_barrier.adb:180:35

 info: precondition proved (CVC5: 3 VC in max 0.0 seconds and 1 step)
--> mc_stop_barrier.adb:181:18

 info: overflow check proved (CVC5: 2 VC in max 0.0 seconds and 1 step)
--> mc_stop_barrier.adb:181:29

 info: precondition proved (CVC5: 3 VC in max 0.0 seconds and 1 step)
--> mc_stop_barrier.adb:182:18

 info: overflow check proved (CVC5: 2 VC in max 0.0 seconds and 1 step)
--> mc_stop_barrier.adb:182:29

 info: precondition proved (CVC5: 3 VC in max 0.0 seconds and 1 step)
--> mc_stop_barrier.adb:183:18

 info: overflow check proved (CVC5: 2 VC in max 0.0 seconds and 1 step)
--> mc_stop_barrier.adb:183:29

 info: precondition proved (CVC5: 3 VC in max 0.0 seconds and 35 steps)
--> mc_stop_barrier.adb:184:18

 info: overflow check proved (CVC5: 2 VC in max 0.0 seconds and 1 step)
--> mc_stop_barrier.adb:184:29

 info: range check proved (CVC5: 4 VC in max 0.0 seconds and 1 step)
--> mc_stop_barrier.adb:185:10

 info: overflow check proved (CVC5: 2 VC in max 0.0 seconds and 1 step)
--> mc_stop_barrier.adb:185:14

 info: index check proved (CVC5: 2 VC in max 0.0 seconds and 1 step)
--> mc_stop_barrier.adb:185:14

 info: overflow check proved (CVC5: 2 VC in max 0.0 seconds and 1 step)
--> mc_stop_barrier.adb:185:20

 info: index check proved (CVC5: 2 VC in max 0.0 seconds and 1 step)
--> mc_stop_barrier.adb:185:20

 info: length check proved (CVC5: 3 VC in max 0.0 seconds and 1 step)
--> mc_stop_barrier.adb:185:25

 info: length check proved (CVC5: 3 VC in max 0.0 seconds and 1 step)
--> mc_stop_barrier.adb:185:41

 info: range check proved (CVC5: 4 VC in max 0.0 seconds and 1 step)
--> mc_stop_barrier.adb:185:49

 info: overflow check proved (CVC5: 2 VC in max 0.0 seconds and 1 step)
--> mc_stop_barrier.adb:185:53

 info: index check proved (CVC5: 2 VC in max 0.0 seconds and 1 step)
--> mc_stop_barrier.adb:185:53

 info: overflow check proved (CVC5: 2 VC in max 0.0 seconds and 1 step)
--> mc_stop_barrier.adb:185:59

 info: index check proved (CVC5: 2 VC in max 0.0 seconds and 1 step)
--> mc_stop_barrier.adb:185:59

 info: length check proved (CVC5: 3 VC in max 0.0 seconds and 1 step)
--> mc_stop_barrier.adb:185:65

 info: length check proved (CVC5: 3 VC in max 0.0 seconds and 1 step)
--> mc_stop_barrier.adb:185:81

 info: precondition proved (CVC5: 3 VC in max 0.0 seconds and 161 steps)
--> mc_stop_barrier.adb:186:18

 info: overflow check proved (CVC5: 2 VC in max 0.0 seconds and 1 step)
--> mc_stop_barrier.adb:186:29

 info: precondition proved (CVC5: 3 VC in max 0.0 seconds and 201 steps)
--> mc_stop_barrier.adb:187:18

 info: overflow check proved (CVC5: 2 VC in max 0.0 seconds and 1 step)
--> mc_stop_barrier.adb:187:29

 info: precondition proved (CVC5: 1 VC in max 0.0 seconds and 2396 steps)
--> mc_stop_barrier.adb:189:36

 info: range check proved (CVC5: 4 VC in max 0.0 seconds and 16 steps)
--> mc_stop_barrier.adb:189:43

 info: length check proved (CVC5: 3 VC in max 0.0 seconds and 1 step)
--> mc_stop_barrier.adb:194:19

 info: precondition proved (CVC5: 3 VC in max 0.0 seconds and 1 step)
--> mc_stop_barrier.adb:197:15

 info: precondition proved (CVC5: 3 VC in max 0.0 seconds and 1 step)
--> mc_stop_barrier.adb:197:63

 info: precondition proved (CVC5: 3 VC in max 0.0 seconds and 1 step)
--> mc_stop_barrier.adb:198:15

 info: precondition proved (CVC5: 3 VC in max 0.0 seconds and 1 step)
--> mc_stop_barrier.adb:198:65

 info: precondition proved (CVC5: 3 VC in max 0.0 seconds and 1 step)
--> mc_stop_barrier.adb:199:15

 info: precondition proved (CVC5: 3 VC in max 0.0 seconds and 1 step)
--> mc_stop_barrier.adb:200:15

 info: precondition proved (CVC5: 3 VC in max 0.0 seconds and 1 step)
--> mc_stop_barrier.adb:200:64

 info: precondition proved (CVC5: 3 VC in max 0.0 seconds and 1 step)
--> mc_stop_barrier.adb:201:15

 info: precondition proved (CVC5: 3 VC in max 0.0 seconds and 19 steps)
--> mc_stop_barrier.adb:201:58

 info: precondition proved (CVC5: 3 VC in max 0.0 seconds and 51 steps)
--> mc_stop_barrier.adb:202:15

 info: precondition proved (CVC5: 1 VC in max 0.0 seconds and 2873 steps)
--> mc_stop_barrier.adb:206:32

 info: range check proved (CVC5: 4 VC in max 0.0 seconds and 1 step)
--> mc_stop_barrier.adb:206:39

 info: initialization of "T" proved
--> mc_stop_barrier.adb:209:07

 info: initialization of "O" proved
--> mc_stop_barrier.adb:209:19

 info: range check proved (CVC5: 4 VC in max 0.0 seconds and 1 step)
--> mc_stop_barrier.adb:213:10

 info: index check proved (CVC5: 2 VC in max 0.0 seconds and 1 step)
--> mc_stop_barrier.adb:213:36

 info: unrolling loop [info-unrolling-inlining]
--> mc_stop_barrier.adb:214:21

 info: precondition proved (CVC5: 9 VC in max 0.0 seconds and 1 step)
--> mc_stop_barrier.adb:214:37

 info: range check proved (CVC5: 4 VC in max 0.0 seconds and 1 step)
--> mc_stop_barrier.adb:215:23

 info: range check proved (CVC5: 4 VC in max 0.0 seconds and 1 step)
--> mc_stop_barrier.adb:215:50

 info: range check proved (CVC5: 4 VC in max 0.0 seconds and 1 step)
--> mc_stop_barrier.adb:215:81

 info: range check proved (CVC5: 4 VC in max 0.0 seconds and 1 step)
--> mc_stop_barrier.adb:216:21

 info: range check proved (CVC5: 4 VC in max 0.0 seconds and 1 step)
--> mc_stop_barrier.adb:216:50

 info: range check proved (CVC5: 4 VC in max 0.0 seconds and 1 step)
--> mc_stop_barrier.adb:216:78

 info: range check proved (CVC5: 4 VC in max 0.0 seconds and 1 step)
--> mc_stop_barrier.adb:217:24

 info: precondition proved (CVC5: 3 VC in max 0.0 seconds and 1 step)
--> mc_stop_barrier.adb:217:66

 info: range check proved (CVC5: 2 VC in max 0.0 seconds and 193 steps)
--> mc_stop_barrier.adb:217:66

 info: precondition proved (CVC5: 3 VC in max 0.0 seconds and 1 step)
--> mc_stop_barrier.adb:218:44

 info: range check proved (CVC5: 2 VC in max 0.0 seconds and 224 steps)
--> mc_stop_barrier.adb:218:44

 info: precondition proved (CVC5: 3 VC in max 0.0 seconds and 2 steps)
--> mc_stop_barrier.adb:218:93

 info: range check proved (CVC5: 2 VC in max 0.0 seconds and 256 steps)
--> mc_stop_barrier.adb:218:93

 info: range check proved (CVC5: 2 VC in max 0.0 seconds and 281 steps)
--> mc_stop_barrier.adb:219:18

 info: index check proved (CVC5: 2 VC in max 0.0 seconds and 1 step)
--> mc_stop_barrier.adb:219:30

 info: cannot unroll loop (too many loop iterations) [info-unrolling-inlining]
--> mc_stop_barrier.adb:220:27

 info: overflow check proved (CVC5: 2 VC in max 0.0 seconds and 281 steps)
--> mc_stop_barrier.adb:221:18

 info: overflow check proved (CVC5: 2 VC in max 0.0 seconds and 275 steps)
--> mc_stop_barrier.adb:221:24

 info: range check proved (CVC5: 4 VC in max 0.0 seconds and 298 steps)
--> mc_stop_barrier.adb:221:55

 info: length check proved (CVC5: 3 VC in max 0.0 seconds and 1 step)
--> mc_stop_barrier.adb:221:55

 info: overflow check proved (CVC5: 2 VC in max 0.0 seconds and 1 step)
--> mc_stop_barrier.adb:221:62

 info: range check proved (CVC5: 4 VC in max 0.0 seconds and 204 steps)
--> mc_stop_barrier.adb:222:39

 info: length check proved (CVC5: 3 VC in max 0.0 seconds and 1 step)
--> mc_stop_barrier.adb:222:39

 info: overflow check proved (CVC5: 2 VC in max 0.0 seconds and 1 step)
--> mc_stop_barrier.adb:222:43

 info: overflow check proved (CVC5: 2 VC in max 0.0 seconds and 1 step)
--> mc_stop_barrier.adb:222:49

 info: range check proved (CVC5: 4 VC in max 0.0 seconds and 225 steps)
--> mc_stop_barrier.adb:222:80

 info: length check proved (CVC5: 3 VC in max 0.0 seconds and 1 step)
--> mc_stop_barrier.adb:222:80

 info: overflow check proved (CVC5: 2 VC in max 0.0 seconds and 1 step)
--> mc_stop_barrier.adb:222:84

 info: overflow check proved (CVC5: 2 VC in max 0.0 seconds and 1 step)
--> mc_stop_barrier.adb:222:90

 info: range check proved (CVC5: 4 VC in max 0.0 seconds and 246 steps)
--> mc_stop_barrier.adb:223:36

 info: length check proved (CVC5: 3 VC in max 0.0 seconds and 1 step)
--> mc_stop_barrier.adb:223:36

 info: overflow check proved (CVC5: 2 VC in max 0.0 seconds and 1 step)
--> mc_stop_barrier.adb:223:40

 info: overflow check proved (CVC5: 2 VC in max 0.0 seconds and 1 step)
--> mc_stop_barrier.adb:223:46

 info: range check proved (CVC5: 4 VC in max 0.0 seconds and 269 steps)
--> mc_stop_barrier.adb:223:79

 info: length check proved (CVC5: 3 VC in max 0.0 seconds and 1 step)
--> mc_stop_barrier.adb:223:79

 info: overflow check proved (CVC5: 2 VC in max 0.0 seconds and 1 step)
--> mc_stop_barrier.adb:223:83

 info: overflow check proved (CVC5: 2 VC in max 0.0 seconds and 1 step)
--> mc_stop_barrier.adb:223:89

 info: precondition proved (CVC5: 3 VC in max 0.0 seconds and 289 steps)
--> mc_stop_barrier.adb:224:60

 info: overflow check proved (CVC5: 2 VC in max 0.0 seconds and 1 step)
--> mc_stop_barrier.adb:224:69

 info: initialization of "T" proved
--> mc_stop_barrier.adb:229:07

 info: initialization of "O" proved
--> mc_stop_barrier.adb:229:18

 info: range check proved (CVC5: 4 VC in max 0.0 seconds and 1 step)
--> mc_stop_barrier.adb:233:10

 info: index check proved (CVC5: 2 VC in max 0.0 seconds and 1 step)
--> mc_stop_barrier.adb:233:36

 info: index check proved (CVC5: 2 VC in max 0.0 seconds and 1 step)
--> mc_stop_barrier.adb:233:56

 info: precondition proved (CVC5: 3 VC in max 0.0 seconds and 1 step)
--> mc_stop_barrier.adb:234:25

 info: precondition proved (CVC5: 3 VC in max 0.0 seconds and 1 step)
--> mc_stop_barrier.adb:235:25

 info: range check proved (CVC5: 4 VC in max 0.0 seconds and 1 step)
--> mc_stop_barrier.adb:236:24

 info: range check proved (CVC5: 4 VC in max 0.0 seconds and 1 step)
--> mc_stop_barrier.adb:236:51

 info: range check proved (CVC5: 4 VC in max 0.0 seconds and 1 step)
--> mc_stop_barrier.adb:236:79

 info: range check proved (CVC5: 4 VC in max 0.0 seconds and 1 step)
--> mc_stop_barrier.adb:237:26

 info: precondition proved (CVC5: 3 VC in max 0.0 seconds and 1 step)
--> mc_stop_barrier.adb:237:69

 info: range check proved (CVC5: 2 VC in max 0.0 seconds and 107 steps)
--> mc_stop_barrier.adb:237:69

 info: precondition proved (CVC5: 3 VC in max 0.0 seconds and 1 step)
--> mc_stop_barrier.adb:238:38

 info: range check proved (CVC5: 2 VC in max 0.0 seconds and 135 steps)
--> mc_stop_barrier.adb:238:38

 info: range check proved (CVC5: 2 VC in max 0.0 seconds and 154 steps)
--> mc_stop_barrier.adb:238:76

 info: index check proved (CVC5: 2 VC in max 0.0 seconds and 1 step)
--> mc_stop_barrier.adb:238:79

 info: range check proved (CVC5: 2 VC in max 0.0 seconds and 175 steps)
--> mc_stop_barrier.adb:239:18

 info: index check proved (CVC5: 2 VC in max 0.0 seconds and 1 step)
--> mc_stop_barrier.adb:239:30

 info: cannot unroll loop (too many loop iterations) [info-unrolling-inlining]
--> mc_stop_barrier.adb:240:27

 info: overflow check proved (CVC5: 2 VC in max 0.0 seconds and 162 steps)
--> mc_stop_barrier.adb:241:18

 info: overflow check proved (CVC5: 2 VC in max 0.0 seconds and 157 steps)
--> mc_stop_barrier.adb:241:24

 info: index check proved (CVC5: 2 VC in max 0.0 seconds and 176 steps)
--> mc_stop_barrier.adb:241:36

 info: unrolling loop [info-unrolling-inlining]
--> mc_stop_barrier.adb:242:24

 info: precondition proved (CVC5: 12 VC in max 0.0 seconds and 121 steps)
--> mc_stop_barrier.adb:242:40

 info: overflow check proved (CVC5: 8 VC in max 0.0 seconds and 1 step)
--> mc_stop_barrier.adb:242:49

 info: precondition proved (CVC5: 3 VC in max 0.0 seconds and 134 steps)
--> mc_stop_barrier.adb:243:21

 info: overflow check proved (CVC5: 2 VC in max 0.0 seconds and 1 step)
--> mc_stop_barrier.adb:243:30

 info: range check proved (CVC5: 2 VC in max 0.0 seconds and 574 steps)
--> mc_stop_barrier.adb:244:58

 info: index check proved (CVC5: 2 VC in max 0.0 seconds and 1 step)
--> mc_stop_barrier.adb:244:61

 info: precondition proved (CVC5: 3 VC in max 0.0 seconds and 169 steps)
--> mc_stop_barrier.adb:245:58

 info: range check proved (CVC5: 2 VC in max 0.0 seconds and 617 steps)
--> mc_stop_barrier.adb:245:58

 info: overflow check proved (CVC5: 2 VC in max 0.0 seconds and 1 step)
--> mc_stop_barrier.adb:245:67

 info: precondition proved (CVC5: 3 VC in max 0.0 seconds and 189 steps)
--> mc_stop_barrier.adb:246:59

 info: range check proved (CVC5: 2 VC in max 0.0 seconds and 656 steps)
--> mc_stop_barrier.adb:246:59

 info: overflow check proved (CVC5: 2 VC in max 0.0 seconds and 1 step)
--> mc_stop_barrier.adb:246:68

 info: precondition proved (CVC5: 3 VC in max 0.0 seconds and 211 steps)
--> mc_stop_barrier.adb:247:53

 info: range check proved (CVC5: 2 VC in max 0.0 seconds and 696 steps)
--> mc_stop_barrier.adb:247:53

 info: overflow check proved (CVC5: 2 VC in max 0.0 seconds and 1 step)
--> mc_stop_barrier.adb:247:62

 info: precondition proved (CVC5: 3 VC in max 0.0 seconds and 232 steps)
--> mc_stop_barrier.adb:248:52

 info: range check proved (CVC5: 2 VC in max 0.0 seconds and 736 steps)
--> mc_stop_barrier.adb:248:52

 info: overflow check proved (CVC5: 2 VC in max 0.0 seconds and 1 step)
--> mc_stop_barrier.adb:248:61

 info: range check proved (CVC5: 4 VC in max 0.0 seconds and 265 steps)
--> mc_stop_barrier.adb:249:33

 info: length check proved (CVC5: 3 VC in max 0.0 seconds and 1 step)
--> mc_stop_barrier.adb:249:33

 info: overflow check proved (CVC5: 2 VC in max 0.0 seconds and 1 step)
--> mc_stop_barrier.adb:249:37

 info: overflow check proved (CVC5: 2 VC in max 0.0 seconds and 1 step)
--> mc_stop_barrier.adb:249:43

 info: range check proved (CVC5: 4 VC in max 0.0 seconds and 303 steps)
--> mc_stop_barrier.adb:249:77

 info: length check proved (CVC5: 3 VC in max 0.0 seconds and 1 step)
--> mc_stop_barrier.adb:249:77

 info: overflow check proved (CVC5: 2 VC in max 0.0 seconds and 1 step)
--> mc_stop_barrier.adb:249:81

 info: overflow check proved (CVC5: 2 VC in max 0.0 seconds and 1 step)
--> mc_stop_barrier.adb:249:87

 info: precondition proved (CVC5: 3 VC in max 0.0 seconds and 332 steps)
--> mc_stop_barrier.adb:250:54

 info: range check proved (CVC5: 2 VC in max 0.0 seconds and 854 steps)
--> mc_stop_barrier.adb:250:54

 info: overflow check proved (CVC5: 2 VC in max 0.0 seconds and 1 step)
--> mc_stop_barrier.adb:250:63

 info: precondition proved (CVC5: 3 VC in max 0.0 seconds and 360 steps)
--> mc_stop_barrier.adb:251:51

 info: overflow check proved (CVC5: 2 VC in max 0.0 seconds and 42 steps)
--> mc_stop_barrier.adb:251:60

 info: initialization of "T" proved
--> mc_stop_barrier.adb:256:07

 info: range check proved (CVC5: 4 VC in max 0.0 seconds and 1 step)
--> mc_stop_barrier.adb:260:10

 info: index check proved (CVC5: 2 VC in max 0.0 seconds and 1 step)
--> mc_stop_barrier.adb:260:36

 info: index check proved (CVC5: 2 VC in max 0.0 seconds and 1 step)
--> mc_stop_barrier.adb:260:56

 info: index check proved (CVC5: 2 VC in max 0.0 seconds and 1 step)
--> mc_stop_barrier.adb:261:20

 info: index check proved (CVC5: 2 VC in max 0.0 seconds and 1 step)
--> mc_stop_barrier.adb:261:40

 info: index check proved (CVC5: 2 VC in max 0.0 seconds and 1 step)
--> mc_stop_barrier.adb:261:60

 info: unrolling loop [info-unrolling-inlining]
--> mc_stop_barrier.adb:262:21

 info: precondition proved (CVC5: 27 VC in max 0.0 seconds and 1 step)
--> mc_stop_barrier.adb:262:37

 info: range check proved (CVC5: 4 VC in max 0.0 seconds and 1 step)
--> mc_stop_barrier.adb:263:24

 info: range check proved (CVC5: 4 VC in max 0.0 seconds and 5 steps)
--> mc_stop_barrier.adb:263:56

 info: range check proved (CVC5: 4 VC in max 0.0 seconds and 27 steps)
--> mc_stop_barrier.adb:263:84

 info: range check proved (CVC5: 4 VC in max 0.0 seconds and 50 steps)
--> mc_stop_barrier.adb:264:20

 info: range check proved (CVC5: 4 VC in max 0.0 seconds and 73 steps)
--> mc_stop_barrier.adb:264:51

 info: range check proved (CVC5: 4 VC in max 0.0 seconds and 97 steps)
--> mc_stop_barrier.adb:264:83

 info: range check proved (CVC5: 4 VC in max 0.0 seconds and 121 steps)
--> mc_stop_barrier.adb:265:26

 info: precondition proved (CVC5: 3 VC in max 0.0 seconds and 146 steps)
--> mc_stop_barrier.adb:265:77

 info: range check proved (CVC5: 2 VC in max 0.0 seconds and 567 steps)
--> mc_stop_barrier.adb:265:77

 info: precondition proved (CVC5: 3 VC in max 0.0 seconds and 168 steps)
--> mc_stop_barrier.adb:266:47

 info: range check proved (CVC5: 2 VC in max 0.0 seconds and 606 steps)
--> mc_stop_barrier.adb:266:47

 info: precondition proved (CVC5: 3 VC in max 0.0 seconds and 190 steps)
--> mc_stop_barrier.adb:266:101

 info: range check proved (CVC5: 2 VC in max 0.0 seconds and 646 steps)
--> mc_stop_barrier.adb:266:101

 info: precondition proved (CVC5: 3 VC in max 0.0 seconds and 214 steps)
--> mc_stop_barrier.adb:267:35

 info: range check proved (CVC5: 2 VC in max 0.0 seconds and 686 steps)
--> mc_stop_barrier.adb:267:35

 info: precondition proved (CVC5: 3 VC in max 0.0 seconds and 237 steps)
--> mc_stop_barrier.adb:267:95

 info: range check proved (CVC5: 2 VC in max 0.0 seconds and 726 steps)
--> mc_stop_barrier.adb:267:95

 info: precondition proved (CVC5: 3 VC in max 0.0 seconds and 261 steps)
--> mc_stop_barrier.adb:268:45

 info: range check proved (CVC5: 2 VC in max 0.0 seconds and 767 steps)
--> mc_stop_barrier.adb:268:45

 info: precondition proved (CVC5: 3 VC in max 0.0 seconds and 286 steps)
--> mc_stop_barrier.adb:268:97

 info: range check proved (CVC5: 2 VC in max 0.0 seconds and 809 steps)
--> mc_stop_barrier.adb:268:97

 info: precondition proved (CVC5: 3 VC in max 0.0 seconds and 311 steps)
--> mc_stop_barrier.adb:269:39

 info: range check proved (CVC5: 2 VC in max 0.0 seconds and 852 steps)
--> mc_stop_barrier.adb:269:39

 info: precondition proved (CVC5: 3 VC in max 0.0 seconds and 337 steps)
--> mc_stop_barrier.adb:269:92

 info: range check proved (CVC5: 2 VC in max 0.0 seconds and 895 steps)
--> mc_stop_barrier.adb:269:92

 info: precondition proved (CVC5: 3 VC in max 0.0 seconds and 364 steps)
--> mc_stop_barrier.adb:270:36

 info: range check proved (CVC5: 2 VC in max 0.0 seconds and 964 steps)
--> mc_stop_barrier.adb:270:74

 info: index check proved (CVC5: 2 VC in max 0.0 seconds and 165 steps)
--> mc_stop_barrier.adb:270:77

 info: range check proved (CVC5: 2 VC in max 0.0 seconds and 1008 steps)
--> mc_stop_barrier.adb:271:32

 info: index check proved (CVC5: 2 VC in max 0.0 seconds and 200 steps)
--> mc_stop_barrier.adb:271:35

 info: index check proved (CVC5: 2 VC in max 0.0 seconds and 236 steps)
--> mc_stop_barrier.adb:271:69

 info: index check proved (CVC5: 2 VC in max 0.0 seconds and 254 steps)
--> mc_stop_barrier.adb:272:28

 info: index check proved (CVC5: 2 VC in max 0.0 seconds and 273 steps)
--> mc_stop_barrier.adb:272:65

 info: implicit aspect Always_Terminates on "Valid" has been proved, subprogram will terminate
--> mc_stop_barrier.ads:54:13

 info: data dependencies proved
--> mc_stop_barrier.ads:54:52

 info: implicit aspect Always_Terminates on "Valid" has been proved, subprogram will terminate
--> mc_stop_barrier.ads:55:13

 info: data dependencies proved
--> mc_stop_barrier.ads:55:51

 info: implicit aspect Always_Terminates on "Fingerprint" has been proved, subprogram will terminate
--> mc_stop_barrier.ads:56:13

 info: data dependencies proved
--> mc_stop_barrier.ads:56:57

 info: implicit aspect Always_Terminates on "Ready" has been proved, subprogram will terminate
--> mc_stop_barrier.ads:57:13

 info: data dependencies proved
--> mc_stop_barrier.ads:57:78

 info: implicit aspect Always_Terminates on "Usable" has been proved, subprogram will terminate
--> mc_stop_barrier.ads:58:13

 info: data dependencies proved
--> mc_stop_barrier.ads:58:79

 info: initialization of "S" proved
--> mc_stop_barrier.ads:59:38

 info: initialization of "Status" proved
--> mc_stop_barrier.ads:59:53

 info: data dependencies proved
--> mc_stop_barrier.ads:59:80

 info: initialization of "Status" proved
--> mc_stop_barrier.ads:61:52

 info: data dependencies proved
--> mc_stop_barrier.ads:62:12

 info: postcondition proved (CVC5: 8 VC in max 0.0 seconds and 2321 steps; Trivial: 2 VC in max 0.0 seconds and 2 steps)
--> mc_stop_barrier.ads:62:36

 info: overflow check proved (CVC5: 2 VC in max 0.0 seconds and 420 steps)
--> mc_stop_barrier.ads:63:86

 info: initialization of "Status" proved
--> mc_stop_barrier.ads:64:65

 info: data dependencies proved
--> mc_stop_barrier.ads:65:12

 info: postcondition proved (CVC5: 4 VC in max 0.0 seconds and 916 steps; Trivial: 2 VC in max 0.0 seconds and 2 steps)
--> mc_stop_barrier.ads:65:36

 info: implicit aspect Always_Terminates on "Encode" has been proved, subprogram will terminate
--> mc_stop_barrier.ads:67:13

 info: data dependencies proved
--> mc_stop_barrier.ads:67:58

 info: implicit aspect Always_Terminates on "Encode" has been proved, subprogram will terminate
--> mc_stop_barrier.ads:68:13

 info: data dependencies proved
--> mc_stop_barrier.ads:68:56

 info: implicit aspect Always_Terminates on "Encode" has been proved, subprogram will terminate
--> mc_stop_barrier.ads:69:13

 info: data dependencies proved
--> mc_stop_barrier.ads:69:62

 info: initialization of "P" proved
--> mc_stop_barrier.ads:70:33

 info: initialization of "Status" proved
--> mc_stop_barrier.ads:70:49

 info: data dependencies proved
--> mc_stop_barrier.ads:70:76

 info: initialization of "S" proved
--> mc_stop_barrier.ads:71:33

 info: initialization of "Status" proved
--> mc_stop_barrier.ads:71:48

 info: data dependencies proved
--> mc_stop_barrier.ads:71:75

 info: initialization of "E" proved
--> mc_stop_barrier.ads:72:33

 info: initialization of "Status" proved
--> mc_stop_barrier.ads:72:51

 info: data dependencies proved
--> mc_stop_barrier.ads:72:78
 info: initialization of "D" proved
--> mc_numbers.adb:4:07

 info: index check proved (CVC5: 2 VC in max 0.0 seconds and 1 step)
--> mc_numbers.adb:7:33

 info: cannot unroll loop (too many loop iterations) [info-unrolling-inlining]
--> mc_numbers.adb:8:18

 info: range check proved (CVC5: 2 VC in max 0.0 seconds and 1 step)
--> mc_numbers.adb:9:71

 info: overflow check proved (CVC5: 2 VC in max 0.0 seconds and 1 step)
--> mc_numbers.adb:10:28

 info: division check proved (CVC5: 1 VC in max 0.0 seconds and 1 step)
--> mc_numbers.adb:10:31

 info: overflow check proved (CVC5: 2 VC in max 0.0 seconds and 1 step)
--> mc_numbers.adb:10:60

 info: overflow check proved (CVC5: 2 VC in max 0.0 seconds and 1 step)
--> mc_numbers.adb:10:63

 info: unrolling loop [info-unrolling-inlining]
--> mc_numbers.adb:18:32

 info: division check proved (CVC5: 19 VC in max 0.0 seconds and 1 step)
--> mc_numbers.adb:19:43

 info: division check proved (CVC5: 19 VC in max 0.0 seconds and 1 step)
--> mc_numbers.adb:20:30

 info: assertion proved (CVC5: 1 VC in max 0.0 seconds and 1598 steps)
--> mc_numbers.adb:23:21

 info: range check proved (CVC5: 2 VC in max 0.0 seconds and 1410 steps)
--> mc_numbers.adb:26:38

 info: range check proved (CVC5: 2 VC in max 0.0 seconds and 916 steps)
--> mc_numbers.adb:27:10

 info: range check proved (CVC5: 4 VC in max 0.0 seconds and 1401 steps)
--> mc_numbers.adb:27:45

 info: length check proved (CVC5: 3 VC in max 0.0 seconds and 978 steps)
--> mc_numbers.adb:27:45

 info: initialization of "N" proved
--> mc_numbers.ads:4:32

 info: initialization of "Status" proved
--> mc_numbers.ads:4:49

 info: data dependencies proved
--> mc_numbers.ads:4:76

 info: implicit aspect Always_Terminates on "Image" has been proved, subprogram will terminate
--> mc_numbers.ads:5:13

 info: data dependencies proved
--> mc_numbers.ads:5:51

 info: postcondition proved (CVC5: 2 VC in max 0.0 seconds and 1503 steps)
--> mc_numbers.ads:6:14
 info: precondition proved (CVC5: 4 VC in max 0.0 seconds and 1 step)
--> mc_protocol.adb:9:15

 info: precondition proved (CVC5: 4 VC in max 0.0 seconds and 1 step)
--> mc_protocol.adb:10:15

 info: range check proved (CVC5: 1 VC in max 0.0 seconds and 1 step)
--> mc_protocol.adb:11:52

 info: precondition proved (CVC5: 4 VC in max 0.0 seconds and 1 step)
--> mc_protocol.adb:12:15

 info: precondition proved (CVC5: 3 VC in max 0.0 seconds and 1 step)
--> mc_protocol.adb:13:15

 info: precondition proved (CVC5: 3 VC in max 0.0 seconds and 1 step)
--> mc_protocol.adb:18:15

 info: precondition proved (CVC5: 3 VC in max 0.0 seconds and 1 step)
--> mc_protocol.adb:19:15

 info: precondition proved (CVC5: 3 VC in max 0.0 seconds and 1 step)
--> mc_protocol.adb:20:15

 info: precondition proved (CVC5: 3 VC in max 0.0 seconds and 1 step)
--> mc_protocol.adb:21:15

 info: initialization of "B" proved
--> mc_protocol.adb:27:07

 info: length check proved (CVC5: 3 VC in max 0.0 seconds and 1 step)
--> mc_protocol.adb:32:12

 info: range check proved (CVC5: 4 VC in max 0.0 seconds and 1 step)
--> mc_protocol.adb:33:10

 info: precondition proved (CVC5: 3 VC in max 0.0 seconds and 1 step)
--> mc_protocol.adb:34:45

 info: precondition proved (CVC5: 3 VC in max 0.0 seconds and 1 step)
--> mc_protocol.adb:36:18

 info: precondition proved (CVC5: 3 VC in max 0.0 seconds and 1 step)
--> mc_protocol.adb:36:55

 info: precondition proved (CVC5: 3 VC in max 0.0 seconds and 1 step)
--> mc_protocol.adb:40:25

 info: unrolling loop [info-unrolling-inlining]
--> mc_protocol.adb:42:23

 info: precondition proved (CVC5: 12 VC in max 0.0 seconds and 1 step)
--> mc_protocol.adb:43:21

 info: range check proved (CVC5: 2 VC in max 0.0 seconds and 88 steps)
--> mc_protocol.adb:45:55

 info: range check proved (CVC5: 2 VC in max 0.0 seconds and 132 steps)
--> mc_protocol.adb:46:28

 info: precondition proved (CVC5: 3 VC in max 0.0 seconds and 1 step)
--> mc_protocol.adb:46:45

 info: range check proved (CVC5: 2 VC in max 0.0 seconds and 116 steps)
--> mc_protocol.adb:46:45

 info: range check proved (CVC5: 4 VC in max 0.0 seconds and 1 step)
--> mc_protocol.adb:47:27

 info: range check proved (CVC5: 4 VC in max 0.0 seconds and 1 step)
--> mc_protocol.adb:48:27

 info: range check proved (CVC5: 4 VC in max 0.0 seconds and 1 step)
--> mc_protocol.adb:49:24

 info: range check proved (CVC5: 4 VC in max 0.0 seconds and 1 step)
--> mc_protocol.adb:50:28

 info: precondition proved (CVC5: 3 VC in max 0.0 seconds and 1 step)
--> mc_protocol.adb:51:50

 info: range check proved (CVC5: 2 VC in max 0.1 seconds and 179 steps)
--> mc_protocol.adb:51:50

 info: precondition proved (CVC5: 3 VC in max 0.0 seconds and 1 step)
--> mc_protocol.adb:52:45

 info: range check proved (CVC5: 2 VC in max 0.1 seconds and 216 steps)
--> mc_protocol.adb:52:45

 info: precondition proved (CVC5: 3 VC in max 0.0 seconds and 1 step)
--> mc_protocol.adb:53:49

 info: range check proved (CVC5: 2 VC in max 0.0 seconds and 253 steps)
--> mc_protocol.adb:53:49

 info: precondition proved (CVC5: 3 VC in max 0.0 seconds and 1 step)
--> mc_protocol.adb:54:42

 info: range check proved (CVC5: 2 VC in max 0.1 seconds and 290 steps)
--> mc_protocol.adb:54:42

 info: range check proved (CVC5: 4 VC in max 0.0 seconds and 1 step)
--> mc_protocol.adb:55:24

 info: range check proved (CVC5: 4 VC in max 0.0 seconds and 1 step)
--> mc_protocol.adb:56:28

 info: implicit aspect Always_Terminates on "Encode" has been proved, subprogram will terminate
--> mc_protocol.ads:30:13

 info: data dependencies proved
--> mc_protocol.ads:30:62

 info: initialization of "Value" proved
--> mc_protocol.ads:31:36

 info: initialization of "Status" proved
--> mc_protocol.ads:31:56

 info: data dependencies proved
--> mc_protocol.ads:32:11

 info: postcondition proved (CVC5: 2 VC in max 0.1 seconds and 121 steps; Trivial: 1 VC in max 0.0 seconds and 2 steps)
--> mc_protocol.ads:33:16

 info: implicit aspect Always_Terminates on "Valid_Identity" has been proved, subprogram will terminate
--> mc_protocol.ads:35:13

 info: data dependencies proved
--> mc_protocol.ads:35:65
 info: implicit aspect Always_Terminates on "Ready" has been proved, subprogram will terminate
--> mc_platform_profile.ads:18:13

 info: data dependencies proved
--> mc_platform_profile.ads:18:70
 info: initialization of "Field_Status" proved
--> mc_properties.adb:5:56

 info: loop invariant initialization proved (CVC5: 2 VC in max 0.0 seconds and 1 step)
--> mc_properties.adb:10:33

 info: loop invariant preservation proved (CVC5: 2 VC in max 0.2 seconds and 272 steps)
--> mc_properties.adb:10:33

 info: loop invariant initialization proved (CVC5: 1 VC in max 0.0 seconds and 1 step)
--> mc_properties.adb:11:33

 info: loop invariant preservation proved (CVC5: 1 VC in max 0.1 seconds and 286 steps)
--> mc_properties.adb:11:33

 info: overflow check proved (CVC5: 4 VC in max 0.1 seconds and 210 steps)
--> mc_properties.adb:11:71

 info: range check proved (CVC5: 2 VC in max 0.0 seconds and 1 step)
--> mc_properties.adb:12:53

 info: overflow check proved (CVC5: 2 VC in max 0.1 seconds and 1 step)
--> mc_properties.adb:14:59

 info: overflow check proved (CVC5: 2 VC in max 0.0 seconds and 1 step)
--> mc_properties.adb:14:71

 info: overflow check proved (CVC5: 2 VC in max 0.1 seconds and 1 step)
--> mc_properties.adb:16:54

 info: range check proved (CVC5: 2 VC in max 0.0 seconds and 1 step)
--> mc_properties.adb:16:54

 info: overflow check proved (CVC5: 2 VC in max 0.1 seconds and 1 step)
--> mc_properties.adb:17:52

 info: overflow check proved (CVC5: 2 VC in max 0.0 seconds and 1 step)
--> mc_properties.adb:17:58

 info: range check proved (CVC5: 2 VC in max 0.0 seconds and 1 step)
--> mc_properties.adb:17:58

 info: initialization of "Key" proved
--> mc_properties.adb:18:16

 info: range check proved (CVC5: 2 VC in max 0.0 seconds and 1 step)
--> mc_properties.adb:18:16

 info: initialization of "Value" proved
--> mc_properties.adb:18:45

 info: range check proved (CVC5: 2 VC in max 0.0 seconds and 1 step)
--> mc_properties.adb:18:45

 info: cannot unroll loop (too many loop iterations) [info-unrolling-inlining]
--> mc_properties.adb:20:35

 info: overflow check proved (CVC5: 2 VC in max 0.0 seconds and 26 steps)
--> mc_properties.adb:20:72

 info: overflow check proved (CVC5: 2 VC in max 0.0 seconds and 1 step)
--> mc_properties.adb:20:74

 info: index check proved (CVC5: 2 VC in max 0.1 seconds and 40 steps)
--> mc_properties.adb:20:74

 info: cannot unroll loop (too many loop iterations) [info-unrolling-inlining]
--> mc_properties.adb:21:37

 info: overflow check proved (CVC5: 2 VC in max 0.1 seconds and 147 steps)
--> mc_properties.adb:21:76

 info: index check proved (CVC5: 2 VC in max 0.1 seconds and 154 steps)
--> mc_properties.adb:21:76

 info: cannot unroll loop (too many loop iterations) [info-unrolling-inlining]
--> mc_properties.adb:23:36

 info: range check proved (CVC5: 2 VC in max 0.1 seconds and 187 steps)
--> mc_properties.adb:24:32

 info: index check proved (CVC5: 2 VC in max 0.1 seconds and 208 steps)
--> mc_properties.adb:25:37

 info: index check proved (CVC5: 2 VC in max 0.1 seconds and 1 step)
--> mc_properties.adb:26:37

 info: overflow check proved (CVC5: 2 VC in max 0.1 seconds and 274 steps)
--> mc_properties.adb:28:21

 info: overflow check proved (CVC5: 2 VC in max 0.1 seconds and 193 steps)
--> mc_properties.adb:32:34

 info: cannot unroll loop (too many loop iterations) [info-unrolling-inlining]
--> mc_properties.adb:37:27

 info: initialization of "Found" proved
--> mc_properties.adb:45:07

 info: overflow check proved (CVC5: 2 VC in max 0.0 seconds and 1 step)
--> mc_properties.adb:48:37

 info: loop invariant preservation proved (CVC5: 2 VC in max 0.0 seconds and 1 step)
--> mc_properties.adb:49:33

 info: loop invariant initialization proved (CVC5: 2 VC in max 0.0 seconds and 1 step)
--> mc_properties.adb:49:33

 info: loop invariant initialization proved (CVC5: 1 VC in max 0.0 seconds and 1 step)
--> mc_properties.adb:50:33

 info: loop invariant preservation proved (CVC5: 1 VC in max 0.1 seconds and 1 step)
--> mc_properties.adb:50:33

 info: overflow check proved (CVC5: 2 VC in max 0.0 seconds and 1 step)
--> mc_properties.adb:51:24

 info: index check proved (CVC5: 2 VC in max 0.0 seconds and 1 step)
--> mc_properties.adb:51:40

 info: cannot unroll loop (too many loop iterations) [info-unrolling-inlining]
--> mc_properties.adb:54:33

 info: range check proved (CVC5: 4 VC in max 0.0 seconds and 1 step)
--> mc_properties.adb:55:49

 info: overflow check proved (CVC5: 2 VC in max 0.0 seconds and 1 step)
--> mc_properties.adb:55:62

 info: overflow check proved (CVC5: 2 VC in max 0.0 seconds and 1 step)
--> mc_properties.adb:61:17

 info: overflow check proved (CVC5: 2 VC in max 0.1 seconds and 1 step)
--> mc_properties.adb:61:29

 info: initialization of "D" proved
--> mc_properties.ads:8:34

 info: initialization of "Status" proved
--> mc_properties.ads:8:52

 info: data dependencies proved
--> mc_properties.ads:8:79

 info: initialization of "V" proved
--> mc_properties.ads:9:46

 info: initialization of "Status" proved
--> mc_properties.ads:9:69

 info: data dependencies proved
--> mc_properties.ads:9:96

 info: implicit aspect Always_Terminates on "Has_Exactly" has been proved, subprogram will terminate
--> mc_properties.ads:10:13

 info: data dependencies proved
--> mc_properties.ads:10:74
 info: overflow check proved (CVC5: 2 VC in max 0.0 seconds and 1 step)
--> mc_attestation.adb:21:21

 info: implicit aspect Always_Terminates on "Valid" has been proved, subprogram will terminate
--> mc_attestation.ads:20:13

 info: data dependencies proved
--> mc_attestation.ads:20:52

 info: implicit aspect Always_Terminates on "Valid" has been proved, subprogram will terminate
--> mc_attestation.ads:21:13

 info: data dependencies proved
--> mc_attestation.ads:21:54

 info: implicit aspect Always_Terminates on "Evaluate" has been proved, subprogram will terminate
--> mc_attestation.ads:22:13

 info: data dependencies proved
--> mc_attestation.ads:23:11
 info: unrolling loop [info-unrolling-inlining]
--> mc_control.adb:10:29

 info: cannot unroll loop (too many loop iterations) [info-unrolling-inlining]
--> mc_control.adb:14:30

 info: index check proved (CVC5: 16 VC in max 0.1 seconds and 371 steps)
--> mc_control.adb:15:48

 info: index check proved (CVC5: 16 VC in max 0.0 seconds and 1 step)
--> mc_control.adb:16:54

 info: initialization of "Relaxing" proved
--> mc_control.adb:46:07

 info: overflow check proved (CVC5: 2 VC in max 0.1 seconds and 1 step)
--> mc_control.adb:56:27

 info: unrolling loop [info-unrolling-inlining]
--> mc_control.adb:75:29

 info: overflow check proved (CVC5: 16 VC in max 0.5 seconds and 5591 steps)
--> mc_control.adb:78:28

 info: overflow check proved (CVC5: 2 VC in max 0.3 seconds and 2654 steps)
--> mc_control.adb:93:45

 info: implicit aspect Always_Terminates on "Valid" has been proved, subprogram will terminate
--> mc_control.ads:43:13

 info: data dependencies proved
--> mc_control.ads:43:55

 info: postcondition proved (CVC5: 6 VC in max 0.2 seconds and 1401 steps; Trivial: 1 VC in max 0.0 seconds and 2 steps)
--> mc_control.ads:44:14

 info: implicit aspect Always_Terminates on "Valid" has been proved, subprogram will terminate
--> mc_control.ads:47:13

 info: data dependencies proved
--> mc_control.ads:47:51

 info: implicit aspect Always_Terminates on "Permits" has been proved, subprogram will terminate
--> mc_control.ads:48:13

 info: data dependencies proved
--> mc_control.ads:49:12

 info: initialization of "After" proved
--> mc_control.ads:54:07

 info: initialization of "Status" proved
--> mc_control.ads:54:26

 info: data dependencies proved
--> mc_control.ads:55:12

 info: postcondition proved (CVC5: 4 VC in max 0.7 seconds and 3796 steps; Trivial: 2 VC in max 0.0 seconds and 2 steps)
--> mc_control.ads:56:17

 info: overflow check proved (CVC5: 2 VC in max 0.2 seconds and 705 steps)
--> mc_control.ads:58:60
 info: loop invariant initialization proved (CVC5: 1 VC in max 0.0 seconds and 1 step)
--> mc_recovery_cohort.adb:9:32

 info: loop invariant preservation proved (CVC5: 1 VC in max 0.0 seconds and 1 step)
--> mc_recovery_cohort.adb:9:32

 info: overflow check proved (CVC5: 4 VC in max 0.0 seconds and 1 step)
--> mc_recovery_cohort.adb:9:39

 info: overflow check proved (CVC5: 2 VC in max 0.0 seconds and 1 step)
--> mc_recovery_cohort.adb:13:32

 info: cannot unroll loop (too many loop iterations) [info-unrolling-inlining]
--> mc_recovery_cohort.adb:13:36

 info: index check proved (CVC5: 2 VC in max 0.0 seconds and 1 step)
--> mc_recovery_cohort.adb:14:37

 info: index check proved (CVC5: 2 VC in max 0.0 seconds and 1 step)
--> mc_recovery_cohort.adb:14:79

 info: overflow check proved (CVC5: 2 VC in max 0.1 seconds and 1 step)
--> mc_recovery_cohort.adb:16:25

 info: range check proved (CVC5: 2 VC in max 0.0 seconds and 1 step)
--> mc_recovery_cohort.adb:40:76

 info: overflow check proved (CVC5: 2 VC in max 0.0 seconds and 1 step)
--> mc_recovery_cohort.adb:42:32

 info: overflow check proved (CVC5: 2 VC in max 0.0 seconds and 1 step)
--> mc_recovery_cohort.adb:53:63

 info: overflow check proved (CVC5: 2 VC in max 0.0 seconds and 1 step)
--> mc_recovery_cohort.adb:64:65

 info: overflow check proved (CVC5: 2 VC in max 0.1 seconds and 1 step)
--> mc_recovery_cohort.adb:77:32

 info: implicit aspect Always_Terminates on "Quorum" has been proved, subprogram will terminate
--> mc_recovery_cohort.ads:17:13

 info: data dependencies proved
--> mc_recovery_cohort.ads:18:12

 info: implicit aspect Always_Terminates on "Usable" has been proved, subprogram will terminate
--> mc_recovery_cohort.ads:35:13

 info: data dependencies proved
--> mc_recovery_cohort.ads:35:67

 info: initialization of "R" proved
--> mc_recovery_cohort.ads:36:67

 info: data dependencies proved
--> mc_recovery_cohort.ads:37:12

 info: initialization of "R" proved
--> mc_recovery_cohort.ads:38:63

 info: data dependencies proved
--> mc_recovery_cohort.ads:39:12

 info: initialization of "R" proved
--> mc_recovery_cohort.ads:40:55

 info: data dependencies proved
--> mc_recovery_cohort.ads:41:12

 info: postcondition proved (CVC5: 1 VC in max 0.0 seconds and 1 step; Trivial: 1 VC in max 0.0 seconds and 2 steps)
--> mc_recovery_cohort.ads:41:36

 info: initialization of "R" proved
--> mc_recovery_cohort.ads:44:07

 info: data dependencies proved
--> mc_recovery_cohort.ads:44:29

 info: postcondition proved (CVC5: 4 VC in max 0.0 seconds and 1 step; Trivial: 1 VC in max 0.0 seconds and 2 steps)
--> mc_recovery_cohort.ads:45:15
 info: implicit aspect Always_Terminates on "Bit" has been proved, subprogram will terminate
--> mc_health_report.adb:13:16

 info: unrolling loop [info-unrolling-inlining]
--> mc_health_report.adb:15:24

 info: precondition proved (CVC5: 3 VC in max 0.1 seconds and 1 step)
--> mc_health_report.adb:18:15

 info: precondition proved (CVC5: 3 VC in max 0.1 seconds and 1 step)
--> mc_health_report.adb:18:61

 info: precondition proved (CVC5: 3 VC in max 0.1 seconds and 1 step)
--> mc_health_report.adb:19:15

 info: precondition proved (CVC5: 1 VC in max 0.2 seconds and 1286 steps)
--> mc_health_report.adb:23:29

 info: range check proved (CVC5: 4 VC in max 0.0 seconds and 1 step)
--> mc_health_report.adb:23:35

 info: initialization of "F" proved
--> mc_health_report.adb:26:07

 info: length check proved (CVC5: 3 VC in max 0.0 seconds and 1 step)
--> mc_health_report.adb:28:93

 info: unrolling loop [info-unrolling-inlining]
--> mc_health_report.adb:29:24

 info: range check proved (CVC5: 4 VC in max 0.1 seconds and 1 step)
--> mc_health_report.adb:30:10

 info: precondition proved (CVC5: 1 VC in max 0.1 seconds and 18 steps)
--> mc_health_report.adb:30:32

 info: range check proved (CVC5: 4 VC in max 0.0 seconds and 1 step)
--> mc_health_report.adb:30:38

 info: unrolling loop [info-unrolling-inlining]
--> mc_health_report.adb:32:25

 info: unrolling loop [info-unrolling-inlining]
--> mc_health_report.adb:33:21

 info: precondition proved (CVC5: 9 VC in max 0.0 seconds and 1 step)
--> mc_health_report.adb:33:37

 info: range check proved (CVC5: 4 VC in max 0.0 seconds and 1 step)
--> mc_health_report.adb:34:21

 info: range check proved (CVC5: 4 VC in max 0.0 seconds and 1 step)
--> mc_health_report.adb:34:42

 info: range check proved (CVC5: 4 VC in max 0.0 seconds and 1 step)
--> mc_health_report.adb:34:68

 info: range check proved (CVC5: 4 VC in max 0.0 seconds and 1 step)
--> mc_health_report.adb:34:96

 info: range check proved (CVC5: 4 VC in max 0.0 seconds and 1 step)
--> mc_health_report.adb:35:24

 info: range check proved (CVC5: 4 VC in max 0.0 seconds and 1 step)
--> mc_health_report.adb:35:55

 info: range check proved (CVC5: 4 VC in max 0.0 seconds and 1 step)
--> mc_health_report.adb:35:85

 info: precondition proved (CVC5: 3 VC in max 0.0 seconds and 1 step)
--> mc_health_report.adb:36:41

 info: range check proved (CVC5: 2 VC in max 0.1 seconds and 264 steps)
--> mc_health_report.adb:36:41

 info: precondition proved (CVC5: 3 VC in max 0.0 seconds and 1 step)
--> mc_health_report.adb:36:92

 info: range check proved (CVC5: 2 VC in max 0.1 seconds and 316 steps)
--> mc_health_report.adb:36:92

 info: precondition proved (CVC5: 3 VC in max 0.0 seconds and 1 step)
--> mc_health_report.adb:37:43

 info: range check proved (CVC5: 2 VC in max 0.1 seconds and 369 steps)
--> mc_health_report.adb:37:43

 info: range check proved (CVC5: 2 VC in max 0.1 seconds and 409 steps)
--> mc_health_report.adb:37:81

 info: precondition proved (CVC5: 1 VC in max 0.1 seconds and 603 steps)
--> mc_health_report.adb:40:31

 info: implicit aspect Always_Terminates on "Valid" has been proved, subprogram will terminate
--> mc_health_report.ads:15:13

 info: data dependencies proved
--> mc_health_report.ads:15:51

 info: implicit aspect Always_Terminates on "Encode" has been proved, subprogram will terminate
--> mc_health_report.ads:16:13

 info: data dependencies proved
--> mc_health_report.ads:16:65

 info: initialization of "R" proved
--> mc_health_report.ads:17:32

 info: initialization of "Status" proved
--> mc_health_report.ads:17:48

 info: data dependencies proved
--> mc_health_report.ads:17:75
 info: index check proved (CVC5: 2 VC in max 0.0 seconds and 1 step)
--> mc_codec.adb:6:22

 info: overflow check proved (CVC5: 2 VC in max 0.0 seconds and 1 step)
--> mc_codec.adb:6:63

 info: index check proved (CVC5: 2 VC in max 0.0 seconds and 1 step)
--> mc_codec.adb:6:63

 info: index check proved (CVC5: 2 VC in max 0.0 seconds and 1 step)
--> mc_codec.adb:8:42

 info: overflow check proved (CVC5: 2 VC in max 0.0 seconds and 1 step)
--> mc_codec.adb:9:53

 info: index check proved (CVC5: 2 VC in max 0.0 seconds and 1 step)
--> mc_codec.adb:9:53

 info: overflow check proved (CVC5: 2 VC in max 0.0 seconds and 1 step)
--> mc_codec.adb:10:53

 info: index check proved (CVC5: 2 VC in max 0.0 seconds and 1 step)
--> mc_codec.adb:10:53

 info: overflow check proved (CVC5: 2 VC in max 0.0 seconds and 1 step)
--> mc_codec.adb:11:30

 info: index check proved (CVC5: 2 VC in max 0.0 seconds and 1 step)
--> mc_codec.adb:11:30

 info: index check proved (CVC5: 2 VC in max 0.0 seconds and 1 step)
--> mc_codec.adb:13:42

 info: overflow check proved (CVC5: 2 VC in max 0.0 seconds and 1 step)
--> mc_codec.adb:14:53

 info: index check proved (CVC5: 2 VC in max 0.0 seconds and 1 step)
--> mc_codec.adb:14:53

 info: overflow check proved (CVC5: 2 VC in max 0.0 seconds and 1 step)
--> mc_codec.adb:15:53

 info: index check proved (CVC5: 2 VC in max 0.0 seconds and 1 step)
--> mc_codec.adb:15:53

 info: overflow check proved (CVC5: 2 VC in max 0.0 seconds and 1 step)
--> mc_codec.adb:16:53

 info: index check proved (CVC5: 2 VC in max 0.0 seconds and 1 step)
--> mc_codec.adb:16:53

 info: overflow check proved (CVC5: 2 VC in max 0.1 seconds and 1 step)
--> mc_codec.adb:17:53

 info: index check proved (CVC5: 2 VC in max 0.0 seconds and 1 step)
--> mc_codec.adb:17:53

 info: overflow check proved (CVC5: 2 VC in max 0.0 seconds and 1 step)
--> mc_codec.adb:18:53

 info: index check proved (CVC5: 2 VC in max 0.0 seconds and 1 step)
--> mc_codec.adb:18:53

 info: overflow check proved (CVC5: 2 VC in max 0.0 seconds and 1 step)
--> mc_codec.adb:19:53

 info: index check proved (CVC5: 2 VC in max 0.0 seconds and 1 step)
--> mc_codec.adb:19:53

 info: overflow check proved (CVC5: 2 VC in max 0.0 seconds and 1 step)
--> mc_codec.adb:20:30

 info: index check proved (CVC5: 2 VC in max 0.0 seconds and 1 step)
--> mc_codec.adb:20:30

 info: index check proved (CVC5: 2 VC in max 0.0 seconds and 1 step)
--> mc_codec.adb:23:13

 info: division check proved (CVC5: 1 VC in max 0.0 seconds and 1 step)
--> mc_codec.adb:23:37

 info: range check proved (CVC5: 1 VC in max 0.0 seconds and 1 step)
--> mc_codec.adb:23:37

 info: overflow check proved (CVC5: 2 VC in max 0.0 seconds and 1 step)
--> mc_codec.adb:24:21

 info: index check proved (CVC5: 2 VC in max 0.0 seconds and 1 step)
--> mc_codec.adb:24:21

 info: division check proved (CVC5: 1 VC in max 0.0 seconds and 1 step)
--> mc_codec.adb:24:41

 info: range check proved (CVC5: 1 VC in max 0.0 seconds and 1 step)
--> mc_codec.adb:24:41

 info: unrolling loop [info-unrolling-inlining]
--> mc_codec.adb:28:23

 info: overflow check proved (CVC5: 8 VC in max 0.1 seconds and 1 step)
--> mc_codec.adb:29:24

 info: index check proved (CVC5: 8 VC in max 0.0 seconds and 1 step)
--> mc_codec.adb:29:24

 info: range check proved (CVC5: 8 VC in max 0.0 seconds and 1 step)
--> mc_codec.adb:30:57

 info: unrolling loop [info-unrolling-inlining]
--> mc_codec.adb:35:23

 info: overflow check proved (CVC5: 16 VC in max 0.0 seconds and 1 step)
--> mc_codec.adb:36:24

 info: index check proved (CVC5: 16 VC in max 0.1 seconds and 1 step)
--> mc_codec.adb:36:24

 info: range check proved (CVC5: 16 VC in max 0.0 seconds and 1 step)
--> mc_codec.adb:37:57

 info: implicit aspect Always_Terminates on "U16" has been proved, subprogram will terminate
--> mc_codec.ads:5:13

 info: overflow check proved (CVC5: 2 VC in max 0.0 seconds and 1 step)
--> mc_codec.ads:6:59

 info: postcondition proved (CVC5: 1 VC in max 0.0 seconds and 1 step)
--> mc_codec.ads:7:19

 info: data dependencies proved
--> mc_codec.ads:7:41

 info: implicit aspect Always_Terminates on "U32" has been proved, subprogram will terminate
--> mc_codec.ads:8:13

 info: overflow check proved (CVC5: 2 VC in max 0.0 seconds and 1 step)
--> mc_codec.ads:9:59

 info: data dependencies proved
--> mc_codec.ads:10:11

 info: implicit aspect Always_Terminates on "U64" has been proved, subprogram will terminate
--> mc_codec.ads:11:13

 info: overflow check proved (CVC5: 2 VC in max 0.0 seconds and 1 step)
--> mc_codec.ads:12:59

 info: data dependencies proved
--> mc_codec.ads:13:11

 info: overflow check proved (CVC5: 2 VC in max 0.0 seconds and 1 step)
--> mc_codec.ads:16:32

 info: precondition proved (CVC5: 3 VC in max 0.0 seconds and 1 step)
--> mc_codec.ads:17:19

 info: postcondition proved (Z3: 1 VC in max 31.7 seconds and 501855 steps)
--> mc_codec.ads:17:19

 info: data dependencies proved
--> mc_codec.ads:17:48

 info: overflow check proved (CVC5: 2 VC in max 0.0 seconds and 1 step)
--> mc_codec.ads:19:59

 info: precondition proved (CVC5: 3 VC in max 0.0 seconds and 1 step)
--> mc_codec.ads:20:19

 info: postcondition proved (CVC5: 1 VC in max 0.1 seconds and 1 step)
--> mc_codec.ads:20:19

 info: data dependencies proved
--> mc_codec.ads:20:48

 info: overflow check proved (CVC5: 2 VC in max 0.0 seconds and 1 step)
--> mc_codec.ads:22:59

 info: precondition proved (CVC5: 3 VC in max 0.1 seconds and 1 step)
--> mc_codec.ads:23:19

 info: postcondition proved (CVC5: 1 VC in max 0.1 seconds and 317 steps)
--> mc_codec.ads:23:19

 info: data dependencies proved
--> mc_codec.ads:23:48
 info: implicit aspect Always_Terminates on "Fits" has been proved, subprogram will terminate
--> mc_journal_budget.ads:4:13

 info: overflow check proved (CVC5: 2 VC in max 0.0 seconds and 1 step)
--> mc_journal_budget.ads:5:47

 info: overflow check proved (CVC5: 2 VC in max 0.0 seconds and 1 step)
--> mc_journal_budget.ads:6:31

 info: overflow check proved (CVC5: 2 VC in max 0.0 seconds and 1 step)
--> mc_journal_budget.ads:6:38

 info: data dependencies proved
--> mc_journal_budget.ads:7:11
 info: implicit aspect Always_Terminates on "R" has been proved, subprogram will terminate
--> mc_sha256.adb:22:13

 info: data dependencies proved
--> mc_sha256.adb:24:49

 info: postcondition proved (CVC5: 3 VC in max 0.1 seconds and 504 steps)
--> mc_sha256.adb:25:14

 info: initialization of "A" proved
--> mc_sha256.adb:29:07

 info: initialization of "B" proved
--> mc_sha256.adb:29:09

 info: initialization of "D" proved
--> mc_sha256.adb:29:11

 info: initialization of "E" proved
--> mc_sha256.adb:29:13

 info: initialization of "F" proved
--> mc_sha256.adb:29:15

 info: initialization of "G" proved
--> mc_sha256.adb:29:17

 info: initialization of "H" proved
--> mc_sha256.adb:29:19

 info: initialization of "I" proved
--> mc_sha256.adb:29:21

 info: initialization of "S0" proved
--> mc_sha256.adb:30:07

 info: initialization of "S1" proved
--> mc_sha256.adb:30:10

 info: initialization of "T1" proved
--> mc_sha256.adb:30:13

 info: initialization of "T2" proved
--> mc_sha256.adb:30:16

 info: unrolling loop [info-unrolling-inlining]
--> mc_sha256.adb:32:24

 info: precondition proved (CVC5: 48 VC in max 0.1 seconds and 234 steps)
--> mc_sha256.adb:33:27

 info: cannot unroll loop (too many loop iterations) [info-unrolling-inlining]
--> mc_sha256.adb:35:25

 info: cannot unroll loop (too many loop iterations) [info-unrolling-inlining]
--> mc_sha256.adb:44:24

 info: range check proved (CVC5: 4 VC in max 0.1 seconds and 561 steps)
--> mc_sha256.adb:67:30

 info: loop invariant preservation proved (altergo: 1 VC in max 0.1 seconds and 1052 steps)
--> mc_sha256.adb:69:32

 info: loop invariant initialization proved (CVC5: 1 VC in max 0.0 seconds and 1 step)
--> mc_sha256.adb:69:32

 info: overflow check proved (CVC5: 4 VC in max 0.1 seconds and 1 step)
--> mc_sha256.adb:69:65

 info: overflow check proved (CVC5: 4 VC in max 0.0 seconds and 1 step)
--> mc_sha256.adb:69:76

 info: range check proved (CVC5: 2 VC in max 0.0 seconds and 1 step)
--> mc_sha256.adb:69:76

 info: initialization of "Pad_Length" proved
--> mc_sha256.adb:75:07

 info: precondition proved (CVC5: 3 VC in max 0.0 seconds and 1 step)
--> mc_sha256.adb:84:15

 info: range check proved (CVC5: 2 VC in max 0.0 seconds and 1 step)
--> mc_sha256.adb:84:43

 info: precondition proved (CVC5: 2 VC in max 1.3 seconds and 2508 steps)
--> mc_sha256.adb:85:07

 info: range check proved (CVC5: 4 VC in max 0.0 seconds and 1 step)
--> mc_sha256.adb:85:21

 info: unrolling loop [info-unrolling-inlining]
--> mc_sha256.adb:86:23

 info: precondition proved (CVC5: 24 VC in max 0.1 seconds and 1 step)
--> mc_sha256.adb:87:18

 info: precondition proved (CVC5: 2 VC in max 0.0 seconds and 1 step)
--> mc_sha256.adb:94:07

 info: precondition proved (CVC5: 1 VC in max 0.8 seconds and 1548 steps)
--> mc_sha256.adb:95:14

 info: implicit aspect Always_Terminates on "Length" has been proved, subprogram will terminate
--> mc_sha256.ads:6:13

 info: data dependencies proved
--> mc_sha256.ads:6:51

 info: implicit aspect Always_Terminates on "Initialize" has been proved, subprogram will terminate
--> mc_sha256.ads:7:13

 info: data dependencies proved
--> mc_sha256.ads:7:44

 info: postcondition proved (CVC5: 1 VC in max 0.0 seconds and 1 step)
--> mc_sha256.ads:8:14

 info: data dependencies proved
--> mc_sha256.ads:10:11

 info: range check proved (CVC5: 1 VC in max 0.0 seconds and 1 step)
--> mc_sha256.ads:12:77

 info: postcondition proved (CVC5: 1 VC in max 0.1 seconds and 1 step)
--> mc_sha256.ads:13:19

 info: range check proved (CVC5: 1 VC in max 0.0 seconds and 1 step)
--> mc_sha256.ads:13:52

 info: implicit aspect Always_Terminates on "Finish" has been proved, subprogram will terminate
--> mc_sha256.ads:14:13

 info: data dependencies proved
--> mc_sha256.ads:14:53

 info: implicit aspect Always_Terminates on "Hash" has been proved, subprogram will terminate
--> mc_sha256.ads:16:13

 info: data dependencies proved
--> mc_sha256.ads:16:52
 info: implicit aspect Always_Terminates on "Bit" has been proved, subprogram will terminate
--> mc_fault_report.adb:8:16

 info: length check proved (CVC5: 3 VC in max 0.0 seconds and 1 step)
--> mc_fault_report.adb:10:21

 info: precondition proved (CVC5: 3 VC in max 0.1 seconds and 1 step)
--> mc_fault_report.adb:14:15

 info: precondition proved (CVC5: 3 VC in max 0.1 seconds and 1 step)
--> mc_fault_report.adb:15:15

 info: precondition proved (CVC5: 3 VC in max 0.1 seconds and 1 step)
--> mc_fault_report.adb:16:15

 info: precondition proved (CVC5: 3 VC in max 0.0 seconds and 1 step)
--> mc_fault_report.adb:17:15

 info: precondition proved (CVC5: 1 VC in max 0.2 seconds and 1380 steps)
--> mc_fault_report.adb:24:34

 info: range check proved (CVC5: 4 VC in max 0.0 seconds and 1 step)
--> mc_fault_report.adb:24:41

 info: initialization of "X" proved
--> mc_fault_report.adb:28:07

 info: length check proved (CVC5: 3 VC in max 0.0 seconds and 1 step)
--> mc_fault_report.adb:32:81

 info: range check proved (CVC5: 4 VC in max 0.0 seconds and 1 step)
--> mc_fault_report.adb:33:10

 info: range check proved (CVC5: 4 VC in max 0.0 seconds and 1 step)
--> mc_fault_report.adb:33:38

 info: precondition proved (CVC5: 1 VC in max 0.1 seconds and 1 step)
--> mc_fault_report.adb:33:65

 info: range check proved (CVC5: 4 VC in max 0.0 seconds and 1 step)
--> mc_fault_report.adb:33:72

 info: cannot unroll loop (too many loop iterations) [info-unrolling-inlining]
--> mc_fault_report.adb:34:27

 info: unrolling loop [info-unrolling-inlining]
--> mc_fault_report.adb:40:27

 info: unrolling loop [info-unrolling-inlining]
--> mc_fault_report.adb:41:24

 info: precondition proved (CVC5: 12 VC in max 0.1 seconds and 1 step)
--> mc_fault_report.adb:41:40

 info: range check proved (CVC5: 4 VC in max 0.0 seconds and 1 step)
--> mc_fault_report.adb:42:23

 info: range check proved (CVC5: 4 VC in max 0.0 seconds and 1 step)
--> mc_fault_report.adb:42:49

 info: range check proved (CVC5: 4 VC in max 0.0 seconds and 1 step)
--> mc_fault_report.adb:42:80

 info: range check proved (CVC5: 4 VC in max 0.0 seconds and 1 step)
--> mc_fault_report.adb:42:107

 info: range check proved (CVC5: 4 VC in max 0.0 seconds and 1 step)
--> mc_fault_report.adb:43:19

 info: range check proved (CVC5: 4 VC in max 0.1 seconds and 1 step)
--> mc_fault_report.adb:43:48

 info: precondition proved (CVC5: 3 VC in max 0.0 seconds and 1 step)
--> mc_fault_report.adb:44:38

 info: range check proved (CVC5: 2 VC in max 0.0 seconds and 287 steps)
--> mc_fault_report.adb:44:38

 info: precondition proved (CVC5: 3 VC in max 0.0 seconds and 1 step)
--> mc_fault_report.adb:44:87

 info: range check proved (CVC5: 2 VC in max 0.1 seconds and 354 steps)
--> mc_fault_report.adb:44:87

 info: precondition proved (CVC5: 3 VC in max 0.0 seconds and 1 step)
--> mc_fault_report.adb:45:40

 info: range check proved (CVC5: 2 VC in max 0.1 seconds and 420 steps)
--> mc_fault_report.adb:45:40

 info: precondition proved (CVC5: 3 VC in max 0.0 seconds and 1 step)
--> mc_fault_report.adb:45:89

 info: range check proved (CVC5: 2 VC in max 0.1 seconds and 488 steps)
--> mc_fault_report.adb:45:89

 info: range check proved (CVC5: 2 VC in max 0.1 seconds and 519 steps)
--> mc_fault_report.adb:46:39

 info: range check proved (CVC5: 2 VC in max 0.1 seconds and 552 steps)
--> mc_fault_report.adb:46:84

 info: range check proved (CVC5: 2 VC in max 0.1 seconds and 586 steps)
--> mc_fault_report.adb:47:46

 info: range check proved (CVC5: 2 VC in max 0.1 seconds and 621 steps)
--> mc_fault_report.adb:47:101

 info: precondition proved (CVC5: 1 VC in max 0.0 seconds and 1 step)
--> mc_fault_report.adb:49:42

 info: implicit aspect Always_Terminates on "Encode" has been proved, subprogram will terminate
--> mc_fault_report.ads:7:13

 info: data dependencies proved
--> mc_fault_report.ads:8:39

 info: initialization of "F" proved
--> mc_fault_report.ads:9:33

 info: initialization of "Status" proved
--> mc_fault_report.ads:9:58

 info: data dependencies proved
--> mc_fault_report.ads:10:11
 info: implicit aspect Always_Terminates on "Compatible" has been proved, subprogram will terminate
--> mc_compatibility.ads:12:13

 info: data dependencies proved
--> mc_compatibility.ads:13:11
 info: length check proved (CVC5: 3 VC in max 0.0 seconds and 1 step)
--> mc_log_format.adb:10:16

 info: precondition proved (CVC5: 3 VC in max 0.0 seconds and 1 step)
--> mc_log_format.adb:10:31

 info: precondition proved (CVC5: 4 VC in max 0.1 seconds and 132 steps)
--> mc_log_format.adb:10:69

 info: precondition proved (CVC5: 3 VC in max 0.0 seconds and 1 step)
--> mc_log_format.adb:12:15

 info: precondition proved (CVC5: 3 VC in max 0.0 seconds and 1 step)
--> mc_log_format.adb:12:51

 info: precondition proved (CVC5: 3 VC in max 0.1 seconds and 1 step)
--> mc_log_format.adb:13:15

 info: precondition proved (CVC5: 3 VC in max 0.1 seconds and 1 step)
--> mc_log_format.adb:13:51

 info: precondition proved (CVC5: 1 VC in max 0.2 seconds and 1472 steps)
--> mc_log_format.adb:15:29

 info: range check proved (CVC5: 4 VC in max 0.0 seconds and 1 step)
--> mc_log_format.adb:15:35

 info: range check proved (CVC5: 4 VC in max 0.0 seconds and 1 step)
--> mc_log_format.adb:22:59

 info: range check proved (CVC5: 4 VC in max 0.0 seconds and 1 step)
--> mc_log_format.adb:23:17

 info: precondition proved (CVC5: 1 VC in max 0.1 seconds and 1 step)
--> mc_log_format.adb:23:39

 info: range check proved (CVC5: 4 VC in max 0.0 seconds and 1 step)
--> mc_log_format.adb:23:45

 info: unrolling loop [info-unrolling-inlining]
--> mc_log_format.adb:24:23

 info: index check proved (CVC5: 10 VC in max 0.1 seconds and 1 step)
--> mc_log_format.adb:24:33

 info: cannot unroll loop (too many loop iterations) [info-unrolling-inlining]
--> mc_log_format.adb:25:25

 info: index check proved (CVC5: 2 VC in max 0.1 seconds and 1 step)
--> mc_log_format.adb:25:35

 info: index check proved (CVC5: 2 VC in max 0.0 seconds and 1 step)
--> mc_log_format.adb:26:20

 info: unrolling loop [info-unrolling-inlining]
--> mc_log_format.adb:27:28

 info: precondition proved (CVC5: 15 VC in max 0.1 seconds and 47 steps)
--> mc_log_format.adb:28:21

 info: precondition proved (CVC5: 3 VC in max 0.1 seconds and 58 steps)
--> mc_log_format.adb:30:35

 info: range check proved (CVC5: 2 VC in max 0.1 seconds and 308 steps)
--> mc_log_format.adb:30:35

 info: precondition proved (CVC5: 3 VC in max 0.0 seconds and 86 steps)
--> mc_log_format.adb:30:63

 info: range check proved (CVC5: 2 VC in max 0.0 seconds and 1 step)
--> mc_log_format.adb:30:63

 info: range check proved (CVC5: 2 VC in max 0.0 seconds and 83 steps)
--> mc_log_format.adb:31:29

 info: index check proved (CVC5: 2 VC in max 0.0 seconds and 1 step)
--> mc_log_format.adb:31:31

 info: range check proved (CVC5: 4 VC in max 0.1 seconds and 147 steps)
--> mc_log_format.adb:31:48

 info: range check proved (CVC5: 4 VC in max 0.0 seconds and 183 steps)
--> mc_log_format.adb:31:75

 info: precondition proved (CVC5: 3 VC in max 0.1 seconds and 213 steps)
--> mc_log_format.adb:32:32

 info: range check proved (CVC5: 2 VC in max 0.1 seconds and 498 steps)
--> mc_log_format.adb:32:32

 info: precondition proved (CVC5: 3 VC in max 0.1 seconds and 245 steps)
--> mc_log_format.adb:32:70

 info: range check proved (CVC5: 2 VC in max 0.1 seconds and 563 steps)
--> mc_log_format.adb:32:70

 info: precondition proved (CVC5: 3 VC in max 0.0 seconds and 277 steps)
--> mc_log_format.adb:33:32

 info: range check proved (CVC5: 2 VC in max 0.1 seconds and 629 steps)
--> mc_log_format.adb:33:32

 info: precondition proved (CVC5: 3 VC in max 0.1 seconds and 310 steps)
--> mc_log_format.adb:33:75

 info: range check proved (CVC5: 2 VC in max 0.1 seconds and 696 steps)
--> mc_log_format.adb:33:75

 info: range check proved (CVC5: 4 VC in max 0.1 seconds and 344 steps)
--> mc_log_format.adb:34:17

 info: range check proved (CVC5: 4 VC in max 0.1 seconds and 379 steps)
--> mc_log_format.adb:34:41

 info: implicit aspect Always_Terminates on "Encode" has been proved, subprogram will terminate
--> mc_log_format.ads:14:13

 info: data dependencies proved
--> mc_log_format.ads:14:53

 info: initialization of "E" proved
--> mc_log_format.ads:15:32

 info: initialization of "Status" proved
--> mc_log_format.ads:15:51

 info: data dependencies proved
--> mc_log_format.ads:15:78
 info: overflow check proved (CVC5: 2 VC in max 0.0 seconds and 1 step)
--> mc_time_guard.adb:8:29

 info: overflow check proved (CVC5: 2 VC in max 0.0 seconds and 1 step)
--> mc_time_guard.adb:9:20

 info: overflow check proved (CVC5: 2 VC in max 0.0 seconds and 1 step)
--> mc_time_guard.adb:11:35

 info: overflow check proved (CVC5: 2 VC in max 0.0 seconds and 1 step)
--> mc_time_guard.adb:11:72

 info: overflow check proved (CVC5: 2 VC in max 0.0 seconds and 1 step)
--> mc_time_guard.adb:13:33

 info: implicit aspect Always_Terminates on "Fresh" has been proved, subprogram will terminate
--> mc_time_guard.ads:8:13

 info: data dependencies proved
--> mc_time_guard.ads:9:26

 info: postcondition proved (CVC5: 8 VC in max 0.0 seconds and 1 step; Trivial: 1 VC in max 0.0 seconds and 2 steps)
--> mc_time_guard.ads:10:16

 info: overflow check proved (CVC5: 2 VC in max 0.0 seconds and 1 step)
--> mc_time_guard.ads:14:32

 info: overflow check proved (CVC5: 2 VC in max 0.0 seconds and 1 step)
--> mc_time_guard.ads:15:23

 info: implicit aspect Always_Terminates on "Add_Bounded" has been proved, subprogram will terminate
--> mc_time_guard.ads:16:13

 info: data dependencies proved
--> mc_time_guard.ads:17:11

 info: postcondition proved (CVC5: 1 VC in max 0.0 seconds and 1 step)
--> mc_time_guard.ads:18:16

 info: implicit aspect Always_Terminates on "Elapsed" has been proved, subprogram will terminate
--> mc_time_guard.ads:19:13

 info: data dependencies proved
--> mc_time_guard.ads:20:11
 info: implicit aspect Always_Terminates on "Permitted" has been proved, subprogram will terminate
--> mc_breakglass.ads:15:13

 info: data dependencies proved
--> mc_breakglass.ads:16:11
 info: local subprogram "Commit" only analyzed in the context of calls [info-unrolling-inlining]
--> mc_commissioning.adb:5:17
      + add a contract to analyze it separately from calling contexts

 info: overflow check proved (CVC5: 2 VC in max 0.0 seconds and 1 step), in call inlined at mc_commissioning.adb:9
--> mc_commissioning.adb:5:58

 info: overflow check proved (CVC5: 2 VC in max 0.1 seconds and 1 step), in call inlined at mc_commissioning.adb:15
--> mc_commissioning.adb:5:58

 info: overflow check proved (CVC5: 2 VC in max 0.1 seconds and 1 step), in call inlined at mc_commissioning.adb:19
--> mc_commissioning.adb:5:58

 info: overflow check proved (CVC5: 2 VC in max 0.0 seconds and 1 step), in call inlined at mc_commissioning.adb:24
--> mc_commissioning.adb:5:58

 info: overflow check proved (CVC5: 2 VC in max 0.0 seconds and 1 step), in call inlined at mc_commissioning.adb:27
--> mc_commissioning.adb:5:58

 info: overflow check proved (CVC5: 2 VC in max 0.0 seconds and 1 step), in call inlined at mc_commissioning.adb:31
--> mc_commissioning.adb:5:58

 info: overflow check proved (CVC5: 2 VC in max 0.0 seconds and 1 step), in call inlined at mc_commissioning.adb:34
--> mc_commissioning.adb:5:58

 info: overflow check proved (CVC5: 2 VC in max 0.0 seconds and 1 step), in call inlined at mc_commissioning.adb:38
--> mc_commissioning.adb:5:58

 info: overflow check proved (CVC5: 2 VC in max 0.1 seconds and 1 step), in call inlined at mc_commissioning.adb:41
--> mc_commissioning.adb:5:58

 info: overflow check proved (CVC5: 2 VC in max 0.1 seconds and 1 step), in call inlined at mc_commissioning.adb:42
--> mc_commissioning.adb:5:58

 info: overflow check proved (CVC5: 2 VC in max 0.0 seconds and 1 step), in call inlined at mc_commissioning.adb:45
--> mc_commissioning.adb:5:58

 info: analyzing call to "Commit" in context
--> mc_commissioning.adb:9:56

 info: analyzing call to "Commit" in context
--> mc_commissioning.adb:15:48

 info: analyzing call to "Commit" in context
--> mc_commissioning.adb:19:73

 info: analyzing call to "Commit" in context
--> mc_commissioning.adb:24:43

 info: analyzing call to "Commit" in context
--> mc_commissioning.adb:27:86

 info: analyzing call to "Commit" in context
--> mc_commissioning.adb:31:87

 info: analyzing call to "Commit" in context
--> mc_commissioning.adb:34:73

 info: analyzing call to "Commit" in context
--> mc_commissioning.adb:38:48

 info: analyzing call to "Commit" in context
--> mc_commissioning.adb:41:47

 info: analyzing call to "Commit" in context
--> mc_commissioning.adb:42:99

 info: analyzing call to "Commit" in context
--> mc_commissioning.adb:45:43

 info: initialization of "Status" proved
--> mc_commissioning.ads:29:65

 info: data dependencies proved
--> mc_commissioning.ads:30:11

 info: postcondition proved (CVC5: 2 VC in max 0.1 seconds and 491 steps; Trivial: 2 VC in max 0.0 seconds and 2 steps)
--> mc_commissioning.ads:31:16
 info: loop invariant initialization proved (CVC5: 1 VC in max 0.0 seconds and 1 step)
--> mc_release.adb:8:13

 info: loop invariant preservation proved (CVC5: 1 VC in max 0.0 seconds and 1 step)
--> mc_release.adb:8:13

 info: implicit aspect Always_Terminates on "Qualified" has been proved, subprogram will terminate
--> mc_release.ads:16:13

 info: data dependencies proved
--> mc_release.ads:17:11

 info: postcondition proved (CVC5: 2 VC in max 0.0 seconds and 1 step)
--> mc_release.ads:18:16
 info: overflow check proved (CVC5: 2 VC in max 0.0 seconds and 1 step)
--> mc_request_replay.adb:9:63

 info: overflow check proved (CVC5: 2 VC in max 0.0 seconds and 1 step)
--> mc_request_replay.adb:39:26

 info: initialization of "Status" proved
--> mc_request_replay.ads:19:23

 info: data dependencies proved
--> mc_request_replay.ads:20:11

 info: postcondition proved (CVC5: 1 VC in max 0.1 seconds and 182 steps; Trivial: 1 VC in max 0.0 seconds and 2 steps)
--> mc_request_replay.ads:21:16
 info: range check proved (CVC5: 4 VC in max 0.0 seconds and 1 step)
--> mc_text.adb:4:50

 info: cannot unroll loop (too many loop iterations) [info-unrolling-inlining]
--> mc_text.adb:9:18

 info: range check proved (CVC5: 2 VC in max 0.0 seconds and 1 step)
--> mc_text.adb:12:18

 info: range check proved (CVC5: 4 VC in max 0.0 seconds and 1 step)
--> mc_text.adb:12:28

 info: index check proved (CVC5: 2 VC in max 0.0 seconds and 1 step)
--> mc_text.adb:12:35

 info: index check proved (CVC5: 2 VC in max 0.0 seconds and 1 step)
--> mc_text.adb:12:41

 info: length check proved (CVC5: 3 VC in max 0.0 seconds and 1 step)
--> mc_text.adb:12:48

 info: length check proved (CVC5: 3 VC in max 0.0 seconds and 1 step)
--> mc_text.adb:12:51

 info: index check proved (CVC5: 2 VC in max 0.0 seconds and 1 step)
--> mc_text.adb:18:19

 info: index check proved (CVC5: 2 VC in max 0.0 seconds and 1 step)
--> mc_text.adb:18:53

 info: index check proved (CVC5: 2 VC in max 0.0 seconds and 1 step)
--> mc_text.adb:19:27

 info: cannot unroll loop (too many loop iterations) [info-unrolling-inlining]
--> mc_text.adb:20:18

 info: range check proved (CVC5: 4 VC in max 0.0 seconds and 1 step)
--> mc_text.adb:32:09

 info: overflow check proved (CVC5: 2 VC in max 0.0 seconds and 1 step)
--> mc_text.adb:32:31

 info: overflow check proved (CVC5: 2 VC in max 0.0 seconds and 1 step)
--> mc_text.adb:33:24

 info: cannot unroll loop (too many loop iterations) [info-unrolling-inlining]
--> mc_text.adb:33:38

 info: index check proved (CVC5: 2 VC in max 0.0 seconds and 1 step)
--> mc_text.adb:34:16

 info: range check proved (CVC5: 2 VC in max 0.0 seconds and 1 step)
--> mc_text.adb:34:39

 info: index check proved (CVC5: 2 VC in max 0.0 seconds and 1 step)
--> mc_text.adb:35:16

 info: index check proved (CVC5: 2 VC in max 0.0 seconds and 1 step)
--> mc_text.adb:35:44

 info: index check proved (CVC5: 2 VC in max 0.0 seconds and 1 step)
--> mc_text.adb:38:21

 info: index check proved (CVC5: 2 VC in max 0.0 seconds and 1 step)
--> mc_text.adb:38:49

 info: index check proved (CVC5: 2 VC in max 0.0 seconds and 1 step)
--> mc_text.adb:39:24

 info: index check proved (CVC5: 2 VC in max 0.0 seconds and 1 step)
--> mc_text.adb:39:52

 info: index check proved (CVC5: 2 VC in max 0.0 seconds and 1 step)
--> mc_text.adb:39:72

 info: overflow check proved (CVC5: 2 VC in max 0.0 seconds and 1 step)
--> mc_text.adb:44:44

 info: cannot unroll loop (too many loop iterations) [info-unrolling-inlining]
--> mc_text.adb:46:32

 info: index check proved (CVC5: 2 VC in max 0.1 seconds and 1 step)
--> mc_text.adb:47:21

 info: index check proved (CVC5: 2 VC in max 0.0 seconds and 1 step)
--> mc_text.adb:47:49

 info: index check proved (CVC5: 2 VC in max 0.0 seconds and 1 step)
--> mc_text.adb:48:24

 info: index check proved (CVC5: 2 VC in max 0.0 seconds and 1 step)
--> mc_text.adb:48:52

 info: implicit aspect Always_Terminates on "Length" has been proved, subprogram will terminate
--> mc_text.ads:7:13

 info: data dependencies proved
--> mc_text.ads:7:52

 info: postcondition proved (CVC5: 1 VC in max 0.0 seconds and 1 step)
--> mc_text.ads:8:14

 info: implicit aspect Always_Terminates on "Image" has been proved, subprogram will terminate
--> mc_text.ads:9:13

 info: data dependencies proved
--> mc_text.ads:9:50

 info: postcondition proved (CVC5: 2 VC in max 0.0 seconds and 1 step)
--> mc_text.ads:10:14

 info: range check proved (CVC5: 2 VC in max 0.0 seconds and 1 step)
--> mc_text.ads:10:56

 info: initialization of "V" proved
--> mc_text.ads:11:19

 info: initialization of "Status" proved
--> mc_text.ads:11:46

 info: data dependencies proved
--> mc_text.ads:12:11

 info: postcondition proved (CVC5: 1 VC in max 0.0 seconds and 1 step; Trivial: 1 VC in max 0.0 seconds and 2 steps)
--> mc_text.ads:12:35

 info: implicit aspect Always_Terminates on "Equal" has been proved, subprogram will terminate
--> mc_text.ads:13:13

 info: data dependencies proved
--> mc_text.ads:13:54

 info: implicit aspect Always_Terminates on "Identifier" has been proved, subprogram will terminate
--> mc_text.ads:14:13

 info: data dependencies proved
--> mc_text.ads:14:57

 info: implicit aspect Always_Terminates on "HTTPS_URL" has been proved, subprogram will terminate
--> mc_text.ads:15:13

 info: data dependencies proved
--> mc_text.ads:15:56
 info: local subprogram "Done" only analyzed in the context of calls [info-unrolling-inlining]
--> mc_generation.adb:5:17
      + add a contract to analyze it separately from calling contexts

 info: overflow check proved (CVC5: 2 VC in max 0.0 seconds and 1 step), in call inlined at mc_generation.adb:10
--> mc_generation.adb:5:53

 info: overflow check proved (CVC5: 2 VC in max 0.1 seconds and 1 step), in call inlined at mc_generation.adb:12
--> mc_generation.adb:5:53

 info: overflow check proved (CVC5: 2 VC in max 0.0 seconds and 1 step), in call inlined at mc_generation.adb:18
--> mc_generation.adb:5:53

 info: overflow check proved (CVC5: 2 VC in max 0.0 seconds and 1 step), in call inlined at mc_generation.adb:20
--> mc_generation.adb:5:53

 info: overflow check proved (CVC5: 2 VC in max 0.2 seconds and 1 step), in call inlined at mc_generation.adb:24
--> mc_generation.adb:5:53

 info: overflow check proved (CVC5: 2 VC in max 0.0 seconds and 1 step), in call inlined at mc_generation.adb:27
--> mc_generation.adb:5:53

 info: overflow check proved (CVC5: 2 VC in max 0.0 seconds and 1 step), in call inlined at mc_generation.adb:30
--> mc_generation.adb:5:53

 info: analyzing call to "Done" in context
--> mc_generation.adb:10:73

 info: analyzing call to "Done" in context
--> mc_generation.adb:12:109

 info: analyzing call to "Done" in context
--> mc_generation.adb:18:58

 info: analyzing call to "Done" in context
--> mc_generation.adb:20:125

 info: range check proved (CVC5: 2 VC in max 0.0 seconds and 1 step)
--> mc_generation.adb:24:54

 info: overflow check proved (CVC5: 2 VC in max 0.0 seconds and 1 step)
--> mc_generation.adb:24:96

 info: analyzing call to "Done" in context
--> mc_generation.adb:24:184

 info: analyzing call to "Done" in context
--> mc_generation.adb:27:60

 info: analyzing call to "Done" in context
--> mc_generation.adb:30:61

 info: initialization of "Status" proved
--> mc_generation.ads:19:58

 info: data dependencies proved
--> mc_generation.ads:20:11

 info: postcondition proved (CVC5: 2 VC in max 0.1 seconds and 268 steps; Trivial: 2 VC in max 0.0 seconds and 2 steps)
--> mc_generation.ads:21:16
 info: precondition proved (CVC5: 4 VC in max 0.0 seconds and 1 step)
--> mc_requests.adb:9:15

 info: range check proved (CVC5: 1 VC in max 0.0 seconds and 1 step)
--> mc_requests.adb:9:73

 info: precondition proved (CVC5: 3 VC in max 0.1 seconds and 1 step)
--> mc_requests.adb:12:15

 info: precondition proved (CVC5: 3 VC in max 0.0 seconds and 1 step)
--> mc_requests.adb:13:15

 info: initialization of "B" proved
--> mc_requests.adb:18:07

 info: length check proved (CVC5: 3 VC in max 0.0 seconds and 1 step)
--> mc_requests.adb:22:12

 info: range check proved (CVC5: 4 VC in max 0.0 seconds and 1 step)
--> mc_requests.adb:23:10

 info: precondition proved (CVC5: 3 VC in max 0.0 seconds and 1 step)
--> mc_requests.adb:24:25

 info: range check proved (CVC5: 4 VC in max 0.0 seconds and 1 step)
--> mc_requests.adb:25:54

 info: precondition proved (CVC5: 3 VC in max 0.0 seconds and 1 step)
--> mc_requests.adb:26:25

 info: precondition proved (CVC5: 3 VC in max 0.0 seconds and 1 step)
--> mc_requests.adb:27:25

 info: range check proved (CVC5: 2 VC in max 0.0 seconds and 1 step)
--> mc_requests.adb:29:53

 info: range check proved (CVC5: 4 VC in max 0.0 seconds and 1 step)
--> mc_requests.adb:30:27

 info: range check proved (CVC5: 4 VC in max 0.0 seconds and 1 step)
--> mc_requests.adb:30:54

 info: range check proved (CVC5: 4 VC in max 0.0 seconds and 1 step)
--> mc_requests.adb:31:28

 info: precondition proved (CVC5: 3 VC in max 0.1 seconds and 1 step)
--> mc_requests.adb:32:46

 info: range check proved (CVC5: 2 VC in max 0.1 seconds and 1 step)
--> mc_requests.adb:32:46

 info: precondition proved (CVC5: 3 VC in max 0.0 seconds and 1 step)
--> mc_requests.adb:33:44

 info: range check proved (CVC5: 2 VC in max 0.1 seconds and 2 steps)
--> mc_requests.adb:33:44

 info: range check proved (CVC5: 4 VC in max 0.0 seconds and 1 step)
--> mc_requests.adb:34:29

 info: range check proved (CVC5: 4 VC in max 0.0 seconds and 1 step)
--> mc_requests.adb:34:61

 info: initialization of "Expected" proved
--> mc_requests.adb:43:07

 info: precondition proved (CVC5: 1 VC in max 0.0 seconds and 1 step)
--> mc_requests.adb:57:41

 info: implicit aspect Always_Terminates on "Encode" has been proved, subprogram will terminate
--> mc_requests.ads:18:13

 info: data dependencies proved
--> mc_requests.ads:18:60

 info: initialization of "R" proved
--> mc_requests.ads:19:36

 info: initialization of "Status" proved
--> mc_requests.ads:19:53

 info: data dependencies proved
--> mc_requests.ads:19:80

 info: implicit aspect Always_Terminates on "Header_Binds" has been proved, subprogram will terminate
--> mc_requests.ads:20:13

 info: data dependencies proved
--> mc_requests.ads:20:84
 info: cannot unroll loop (too many loop iterations) [info-unrolling-inlining]
--> mc_paths.adb:10:22

 info: index check proved (CVC5: 2 VC in max 0.0 seconds and 1 step)
--> mc_paths.adb:24:29

 info: index check proved (CVC5: 2 VC in max 0.0 seconds and 1 step)
--> mc_paths.adb:24:63

 info: loop invariant initialization proved (CVC5: 2 VC in max 0.0 seconds and 1 step)
--> mc_paths.adb:30:33

 info: loop invariant preservation proved (CVC5: 2 VC in max 0.0 seconds and 1 step)
--> mc_paths.adb:30:33

 info: range check proved (CVC5: 4 VC in max 0.0 seconds and 1 step)
--> mc_paths.adb:32:54

 info: overflow check proved (CVC5: 2 VC in max 0.0 seconds and 1 step)
--> mc_paths.adb:32:72

 info: overflow check proved (CVC5: 2 VC in max 0.0 seconds and 1 step)
--> mc_paths.adb:35:24

 info: range check proved (CVC5: 4 VC in max 0.0 seconds and 1 step)
--> mc_paths.adb:38:30

 info: implicit aspect Always_Terminates on "Safe_Component" has been proved, subprogram will terminate
--> mc_paths.ads:4:13

 info: data dependencies proved
--> mc_paths.ads:5:11

 info: implicit aspect Always_Terminates on "Safe_Relative" has been proved, subprogram will terminate
--> mc_paths.ads:6:13

 info: data dependencies proved
--> mc_paths.ads:7:11
 info: overflow check proved (CVC5: 2 VC in max 0.0 seconds and 1 step)
--> mc_replay.adb:20:61

 info: implicit aspect Always_Terminates on "Check" has been proved, subprogram will terminate
--> mc_replay.ads:12:13

 info: data dependencies proved
--> mc_replay.ads:15:12

 info: initialization of "Result" proved
--> mc_replay.ads:18:55

 info: data dependencies proved
--> mc_replay.ads:19:11

 info: postcondition proved (CVC5: 1 VC in max 0.0 seconds and 1 step; Trivial: 1 VC in max 0.0 seconds and 2 steps)
--> mc_replay.ads:20:16
 info: implicit aspect Always_Terminates on "Valid" has been proved, subprogram will terminate
--> mc_faults.ads:26:13

 info: data dependencies proved
--> mc_faults.ads:26:51

 info: implicit aspect Always_Terminates on "Worse" has been proved, subprogram will terminate
--> mc_faults.ads:27:13

 info: data dependencies proved
--> mc_faults.ads:27:65

 info: implicit aspect Always_Terminates on "Isolation_Required" has been proved, subprogram will terminate
--> mc_faults.ads:28:13

 info: data dependencies proved
--> mc_faults.ads:28:64

 info: implicit aspect Always_Terminates on "Automatic_Disposition" has been proved, subprogram will terminate
--> mc_faults.ads:29:13

 info: data dependencies proved
--> mc_faults.ads:29:71
 info: range check proved (CVC5: 2 VC in max 0.0 seconds and 1 step)
--> mc_base64.adb:5:07

 info: overflow check proved (CVC5: 2 VC in max 0.0 seconds and 1 step)
--> mc_base64.adb:5:22

 info: range check proved (CVC5: 2 VC in max 0.0 seconds and 1 step)
--> mc_base64.adb:5:29

 info: overflow check proved (CVC5: 2 VC in max 0.0 seconds and 1 step)
--> mc_base64.adb:5:36

 info: division check proved (CVC5: 1 VC in max 0.0 seconds and 1 step)
--> mc_base64.adb:5:39

 info: length check proved (CVC5: 3 VC in max 0.0 seconds and 1 step)
--> mc_base64.adb:5:47

 info: initialization of "A" proved
--> mc_base64.adb:5:95

 info: initialization of "B" proved
--> mc_base64.adb:5:97

 info: initialization of "C" proved
--> mc_base64.adb:5:99

 info: range check proved (CVC5: 4 VC in max 0.1 seconds and 1 step)
--> mc_base64.adb:7:19

 info: loop variant proved (CVC5: 1 VC in max 0.0 seconds and 1 step)
--> mc_base64.adb:8:30

 info: loop invariant preservation proved (CVC5: 2 VC in max 0.1 seconds and 123 steps)
--> mc_base64.adb:9:32

 info: loop invariant initialization proved (CVC5: 2 VC in max 0.0 seconds and 1 step)
--> mc_base64.adb:9:32

 info: range check proved (CVC5: 4 VC in max 0.0 seconds and 1 step)
--> mc_base64.adb:9:39

 info: overflow check proved (CVC5: 4 VC in max 0.1 seconds and 1 step)
--> mc_base64.adb:9:46

 info: division check proved (CVC5: 2 VC in max 0.0 seconds and 1 step)
--> mc_base64.adb:9:60

 info: loop invariant initialization proved (CVC5: 1 VC in max 0.0 seconds and 1 step)
--> mc_base64.adb:10:32

 info: loop invariant preservation proved (CVC5: 1 VC in max 0.1 seconds and 135 steps)
--> mc_base64.adb:10:32

 info: overflow check proved (CVC5: 4 VC in max 0.1 seconds and 57 steps)
--> mc_base64.adb:10:35

 info: division check proved (CVC5: 2 VC in max 0.0 seconds and 1 step)
--> mc_base64.adb:10:38

 info: overflow check proved (CVC5: 4 VC in max 0.0 seconds and 1 step)
--> mc_base64.adb:10:41

 info: overflow check proved (CVC5: 2 VC in max 0.0 seconds and 1 step)
--> mc_base64.adb:11:36

 info: index check proved (CVC5: 2 VC in max 0.0 seconds and 1 step)
--> mc_base64.adb:11:36

 info: overflow check proved (CVC5: 2 VC in max 0.0 seconds and 1 step)
--> mc_base64.adb:12:14

 info: range check proved (CVC5: 2 VC in max 0.0 seconds and 1 step)
--> mc_base64.adb:12:21

 info: overflow check proved (CVC5: 2 VC in max 0.0 seconds and 1 step)
--> mc_base64.adb:12:60

 info: overflow check proved (CVC5: 2 VC in max 0.1 seconds and 1 step)
--> mc_base64.adb:12:62

 info: index check proved (CVC5: 2 VC in max 0.0 seconds and 1 step)
--> mc_base64.adb:12:62

 info: overflow check proved (CVC5: 2 VC in max 0.0 seconds and 1 step)
--> mc_base64.adb:13:14

 info: range check proved (CVC5: 2 VC in max 0.0 seconds and 1 step)
--> mc_base64.adb:13:21

 info: overflow check proved (CVC5: 2 VC in max 0.0 seconds and 1 step)
--> mc_base64.adb:13:60

 info: overflow check proved (CVC5: 2 VC in max 0.0 seconds and 1 step)
--> mc_base64.adb:13:62

 info: index check proved (CVC5: 2 VC in max 0.1 seconds and 1 step)
--> mc_base64.adb:13:62

 info: index check proved (CVC5: 2 VC in max 0.0 seconds and 1 step)
--> mc_base64.adb:14:12

 info: division check proved (CVC5: 1 VC in max 0.0 seconds and 1 step)
--> mc_base64.adb:14:26

 info: index check proved (CVC5: 2 VC in max 0.1 seconds and 227 steps)
--> mc_base64.adb:14:28

 info: overflow check proved (CVC5: 2 VC in max 0.0 seconds and 1 step)
--> mc_base64.adb:14:36

 info: index check proved (CVC5: 2 VC in max 0.1 seconds and 1 step)
--> mc_base64.adb:14:36

 info: division check proved (CVC5: 1 VC in max 0.0 seconds and 1 step)
--> mc_base64.adb:14:53

 info: division check proved (CVC5: 1 VC in max 0.0 seconds and 1 step)
--> mc_base64.adb:14:64

 info: index check proved (CVC5: 2 VC in max 0.1 seconds and 363 steps)
--> mc_base64.adb:14:67

 info: overflow check proved (CVC5: 2 VC in max 0.0 seconds and 1 step)
--> mc_base64.adb:15:13

 info: index check proved (CVC5: 2 VC in max 0.1 seconds and 27 steps)
--> mc_base64.adb:15:13

 info: overflow check proved (CVC5: 2 VC in max 0.0 seconds and 1 step)
--> mc_base64.adb:15:23

 info: range check proved (CVC5: 2 VC in max 0.1 seconds and 1 step)
--> mc_base64.adb:15:30

 info: division check proved (CVC5: 1 VC in max 0.0 seconds and 1 step)
--> mc_base64.adb:15:55

 info: division check proved (CVC5: 1 VC in max 0.0 seconds and 1 step)
--> mc_base64.adb:15:66

 info: index check proved (CVC5: 2 VC in max 1.0 seconds and 10174 steps)
--> mc_base64.adb:15:69

 info: overflow check proved (CVC5: 2 VC in max 0.1 seconds and 1 step)
--> mc_base64.adb:16:13

 info: index check proved (CVC5: 2 VC in max 0.1 seconds and 70 steps)
--> mc_base64.adb:16:13

 info: overflow check proved (CVC5: 2 VC in max 0.0 seconds and 1 step)
--> mc_base64.adb:16:23

 info: range check proved (CVC5: 2 VC in max 0.1 seconds and 1 step)
--> mc_base64.adb:16:30

 info: division check proved (CVC5: 1 VC in max 0.0 seconds and 1 step)
--> mc_base64.adb:16:54

 info: overflow check proved (CVC5: 2 VC in max 0.1 seconds and 1 step)
--> mc_base64.adb:17:14

 info: overflow check proved (CVC5: 2 VC in max 0.0 seconds and 1 step)
--> mc_base64.adb:17:22

 info: initialization of "Pads" proved
--> mc_base64.adb:22:66

 info: implicit aspect Always_Terminates on "Value" has been proved, subprogram will terminate
--> mc_base64.adb:23:16

 info: local subprogram "Value" only analyzed in the context of calls [info-unrolling-inlining]
--> mc_base64.adb:23:16
      + add a contract to analyze it separately from calling contexts

 info: range check proved (CVC5: 2 VC in max 0.0 seconds and 1 step)
--> mc_base64.adb:26:30

 info: postcondition proved (CVC5: 1 VC in max 0.0 seconds and 1 step)
--> mc_base64.adb:26:63

 info: overflow check proved (CVC5: 2 VC in max 0.0 seconds and 1 step)
--> mc_base64.adb:26:76

 info: overflow check proved (CVC5: 2 VC in max 0.0 seconds and 1 step)
--> mc_base64.adb:27:26

 info: overflow check proved (CVC5: 2 VC in max 0.0 seconds and 1 step)
--> mc_base64.adb:27:45

 info: index check proved (CVC5: 2 VC in max 0.0 seconds and 1 step)
--> mc_base64.adb:27:45

 info: range check proved (CVC5: 1 VC in max 0.0 seconds and 1 step)
--> mc_base64.adb:27:62

 info: length check proved (CVC5: 3 VC in max 0.0 seconds and 1 step)
--> mc_base64.adb:29:20

 info: division check proved (CVC5: 1 VC in max 0.0 seconds and 1 step)
--> mc_base64.adb:30:22

 info: range check proved (CVC5: 4 VC in max 0.0 seconds and 1 step)
--> mc_base64.adb:31:21

 info: loop invariant initialization proved (CVC5: 2 VC in max 0.0 seconds and 1 step)
--> mc_base64.adb:32:32

 info: loop invariant preservation proved (CVC5: 2 VC in max 0.1 seconds and 147 steps)
--> mc_base64.adb:32:32

 info: range check proved (CVC5: 4 VC in max 0.0 seconds and 1 step)
--> mc_base64.adb:32:41

 info: division check proved (CVC5: 2 VC in max 0.0 seconds and 1 step)
--> mc_base64.adb:32:62

 info: loop invariant preservation proved (CVC5: 2 VC in max 0.1 seconds and 154 steps)
--> mc_base64.adb:33:32

 info: loop invariant initialization proved (CVC5: 2 VC in max 0.0 seconds and 1 step)
--> mc_base64.adb:33:32

 info: division check proved (CVC5: 2 VC in max 0.0 seconds and 1 step)
--> mc_base64.adb:33:44

 info: range check proved (CVC5: 4 VC in max 0.0 seconds and 1 step)
--> mc_base64.adb:33:67

 info: loop variant proved (CVC5: 1 VC in max 0.0 seconds and 1 step)
--> mc_base64.adb:34:30

 info: overflow check proved (CVC5: 4 VC in max 0.1 seconds and 1 step)
--> mc_base64.adb:37:31

 info: overflow check proved (CVC5: 4 VC in max 0.1 seconds and 10 steps)
--> mc_base64.adb:37:35

 info: index check proved (CVC5: 4 VC in max 0.1 seconds and 15 steps)
--> mc_base64.adb:37:35

 info: range check proved (CVC5: 4 VC in max 0.1 seconds and 1 step)
--> mc_base64.adb:37:67

 info: analyzing call to "Value" in context
--> mc_base64.adb:40:22

 info: in inlined body at line 24
--> mc_base64.adb:40:22
      + cannot unroll loop (too many loop iterations) [info-unrolling-inlining]

 info: overflow check proved (CVC5: 4 VC in max 0.0 seconds and 1 step)
--> mc_base64.adb:40:43

 info: overflow check proved (CVC5: 4 VC in max 0.0 seconds and 1 step)
--> mc_base64.adb:40:47

 info: index check proved (CVC5: 4 VC in max 0.0 seconds and 1 step)
--> mc_base64.adb:40:47

 info: loop invariant initialization proved (CVC5: 1 VC in max 0.0 seconds and 1 step)
--> mc_base64.adb:42:35

 info: loop invariant preservation proved (CVC5: 1 VC in max 0.1 seconds and 95 steps)
--> mc_base64.adb:42:35

 info: loop invariant initialization proved (CVC5: 1 VC in max 0.0 seconds and 1 step)
--> mc_base64.adb:43:35

 info: loop invariant preservation proved (CVC5: 1 VC in max 0.1 seconds and 346 steps)
--> mc_base64.adb:43:35

 info: index check proved (CVC5: 4 VC in max 0.1 seconds and 56 steps)
--> mc_base64.adb:43:60

 info: overflow check proved (CVC5: 2 VC in max 0.0 seconds and 1 step)
--> mc_base64.adb:45:48

 info: range check proved (CVC5: 2 VC in max 0.0 seconds and 1 step)
--> mc_base64.adb:45:56

 info: overflow check proved (CVC5: 2 VC in max 0.1 seconds and 1 step)
--> mc_base64.adb:45:77

 info: overflow check proved (CVC5: 2 VC in max 0.0 seconds and 1 step)
--> mc_base64.adb:45:79

 info: range check proved (CVC5: 2 VC in max 0.0 seconds and 1 step)
--> mc_base64.adb:45:89

 info: division check proved (CVC5: 1 VC in max 0.0 seconds and 1 step)
--> mc_base64.adb:46:34

 info: division check proved (CVC5: 1 VC in max 0.0 seconds and 1 step)
--> mc_base64.adb:47:34

 info: precondition proved (CVC5: 2 VC in max 0.1 seconds and 151 steps)
--> mc_base64.adb:48:10

 info: division check proved (CVC5: 1 VC in max 0.0 seconds and 1 step)
--> mc_base64.adb:48:26

 info: precondition proved (CVC5: 2 VC in max 0.1 seconds and 170 steps)
--> mc_base64.adb:49:25

 info: division check proved (CVC5: 1 VC in max 0.0 seconds and 1 step)
--> mc_base64.adb:49:36

 info: division check proved (CVC5: 1 VC in max 0.0 seconds and 1 step)
--> mc_base64.adb:49:51

 info: precondition proved (CVC5: 2 VC in max 0.1 seconds and 173 steps)
--> mc_base64.adb:50:25

 info: division check proved (CVC5: 1 VC in max 0.0 seconds and 1 step)
--> mc_base64.adb:50:36

 info: overflow check proved (CVC5: 2 VC in max 0.1 seconds and 54 steps)
--> mc_base64.adb:51:18

 info: implicit aspect Always_Terminates on "Encode" has been proved, subprogram will terminate
--> mc_base64.ads:4:13

 info: data dependencies proved
--> mc_base64.ads:4:53

 info: postcondition proved (CVC5: 2 VC in max 0.1 seconds and 77 steps)
--> mc_base64.ads:5:14

 info: division check proved (CVC5: 1 VC in max 0.0 seconds and 1 step)
--> mc_base64.ads:5:84

 info: initialization of "Data" proved
--> mc_base64.ads:6:36

 info: initialization of "Used" proved
--> mc_base64.ads:6:54

 info: initialization of "Status" proved
--> mc_base64.ads:6:74

 info: data dependencies proved
--> mc_base64.ads:6:101

 info: postcondition proved (CVC5: 1 VC in max 0.2 seconds and 441 steps)
--> mc_base64.ads:6:120

 info: range check proved (CVC5: 2 VC in max 0.1 seconds and 305 steps)
--> mc_base64.ads:6:130
 info: implicit aspect Always_Terminates on "Base_OK" has been proved, subprogram will terminate
--> mc_diagnostic_bundle.adb:3:13

 info: implicit aspect Always_Terminates on "Sufficient_For_Kernel_Incident" has been proved, subprogram will terminate
--> mc_diagnostic_bundle.ads:16:13

 info: data dependencies proved
--> mc_diagnostic_bundle.ads:16:92

 info: implicit aspect Always_Terminates on "Sufficient_For_Change_Incident" has been proved, subprogram will terminate
--> mc_diagnostic_bundle.ads:17:13

 info: data dependencies proved
--> mc_diagnostic_bundle.ads:17:92
 info: unrolling loop [info-unrolling-inlining]
--> mc_qualification.adb:12:29

 info: cannot unroll loop (too many loop iterations) [info-unrolling-inlining]
--> mc_qualification.adb:15:28

 info: index check proved (CVC5: 32 VC in max 0.1 seconds and 625 steps)
--> mc_qualification.adb:16:41

 info: precondition proved (CVC5: 3 VC in max 0.1 seconds and 1 step)
--> mc_qualification.adb:29:44

 info: precondition proved (CVC5: 3 VC in max 0.1 seconds and 1 step)
--> mc_qualification.adb:30:15

 info: precondition proved (CVC5: 3 VC in max 0.1 seconds and 1 step)
--> mc_qualification.adb:30:56

 info: precondition proved (CVC5: 1 VC in max 0.1 seconds and 894 steps)
--> mc_qualification.adb:31:32

 info: range check proved (CVC5: 4 VC in max 0.0 seconds and 1 step)
--> mc_qualification.adb:31:39

 info: initialization of "F" proved
--> mc_qualification.adb:34:07

 info: initialization of "T" proved
--> mc_qualification.adb:34:18

 info: length check proved (CVC5: 3 VC in max 0.0 seconds and 1 step)
--> mc_qualification.adb:36:98

 info: range check proved (CVC5: 4 VC in max 0.0 seconds and 1 step)
--> mc_qualification.adb:37:10

 info: unrolling loop [info-unrolling-inlining]
--> mc_qualification.adb:41:23

 info: precondition proved (CVC5: 9 VC in max 0.1 seconds and 1 step)
--> mc_qualification.adb:41:39

 info: range check proved (CVC5: 2 VC in max 0.0 seconds and 1 step)
--> mc_qualification.adb:42:47

 info: range check proved (CVC5: 2 VC in max 0.0 seconds and 6 steps)
--> mc_qualification.adb:42:98

 info: range check proved (CVC5: 4 VC in max 0.0 seconds and 1 step)
--> mc_qualification.adb:43:19

 info: range check proved (CVC5: 4 VC in max 0.0 seconds and 1 step)
--> mc_qualification.adb:43:47

 info: range check proved (CVC5: 4 VC in max 0.0 seconds and 1 step)
--> mc_qualification.adb:43:75

 info: range check proved (CVC5: 4 VC in max 0.0 seconds and 1 step)
--> mc_qualification.adb:44:21

 info: range check proved (CVC5: 4 VC in max 0.0 seconds and 1 step)
--> mc_qualification.adb:44:49

 info: range check proved (CVC5: 4 VC in max 0.0 seconds and 1 step)
--> mc_qualification.adb:44:75

 info: range check proved (CVC5: 4 VC in max 0.0 seconds and 1 step)
--> mc_qualification.adb:45:22

 info: precondition proved (CVC5: 3 VC in max 0.0 seconds and 1 step)
--> mc_qualification.adb:45:69

 info: range check proved (CVC5: 2 VC in max 0.0 seconds and 66 steps)
--> mc_qualification.adb:45:69

 info: precondition proved (CVC5: 3 VC in max 0.0 seconds and 1 step)
--> mc_qualification.adb:46:37

 info: range check proved (CVC5: 2 VC in max 0.1 seconds and 101 steps)
--> mc_qualification.adb:46:37

 info: precondition proved (CVC5: 3 VC in max 0.0 seconds and 1 step)
--> mc_qualification.adb:46:86

 info: range check proved (CVC5: 2 VC in max 0.1 seconds and 136 steps)
--> mc_qualification.adb:46:86

 info: initialization of "A" proved
--> mc_qualification.adb:52:07

 info: initialization of "Who" proved
--> mc_qualification.adb:53:07

 info: cannot unroll loop (too many loop iterations) [info-unrolling-inlining]
--> mc_qualification.adb:57:41

 info: unrolling loop [info-unrolling-inlining]
--> mc_qualification.adb:59:32

 info: overflow check proved (CVC5: 2 VC in max 0.2 seconds and 323 steps)
--> mc_qualification.adb:67:33

 info: index check proved (CVC5: 2 VC in max 0.2 seconds and 484 steps)
--> mc_qualification.adb:71:58

 info: index check proved (CVC5: 2 VC in max 0.2 seconds and 487 steps)
--> mc_qualification.adb:73:59

 info: index check proved (CVC5: 2 VC in max 0.2 seconds and 490 steps)
--> mc_qualification.adb:75:60

 info: index check proved (CVC5: 2 VC in max 0.2 seconds and 362 steps)
--> mc_qualification.adb:82:41

 info: index check proved (CVC5: 2 VC in max 0.2 seconds and 360 steps)
--> mc_qualification.adb:82:69

 info: index check proved (CVC5: 2 VC in max 0.1 seconds and 41 steps)
--> mc_qualification.adb:83:29

 info: index check proved (CVC5: 2 VC in max 0.2 seconds and 371 steps)
--> mc_qualification.adb:83:57

 info: index check proved (CVC5: 2 VC in max 0.1 seconds and 43 steps)
--> mc_qualification.adb:84:29

 info: index check proved (CVC5: 2 VC in max 0.1 seconds and 45 steps)
--> mc_qualification.adb:84:58

 info: index check proved (CVC5: 2 VC in max 0.1 seconds and 51 steps)
--> mc_qualification.adb:85:29

 info: index check proved (CVC5: 2 VC in max 0.1 seconds and 49 steps)
--> mc_qualification.adb:85:54

 info: index check proved (CVC5: 2 VC in max 0.1 seconds and 59 steps)
--> mc_qualification.adb:86:29

 info: index check proved (CVC5: 2 VC in max 0.1 seconds and 62 steps)
--> mc_qualification.adb:86:54

 info: index check proved (CVC5: 2 VC in max 0.1 seconds and 67 steps)
--> mc_qualification.adb:87:29

 info: index check proved (CVC5: 2 VC in max 0.1 seconds and 72 steps)
--> mc_qualification.adb:87:55

 info: implicit aspect Always_Terminates on "Valid" has been proved, subprogram will terminate
--> mc_qualification.ads:32:13

 info: data dependencies proved
--> mc_qualification.ads:32:52

 info: implicit aspect Always_Terminates on "Encode" has been proved, subprogram will terminate
--> mc_qualification.ads:33:13

 info: data dependencies proved
--> mc_qualification.ads:33:50

 info: initialization of "C" proved
--> mc_qualification.ads:34:33

 info: initialization of "Status" proved
--> mc_qualification.ads:34:48

 info: data dependencies proved
--> mc_qualification.ads:34:75

 info: implicit aspect Always_Terminates on "Evaluate" has been proved, subprogram will terminate
--> mc_qualification.ads:35:13

 info: data dependencies proved
--> mc_qualification.ads:36:45
 info: overflow check proved (CVC5: 2 VC in max 0.1 seconds and 3 steps)
--> mc_incidents.adb:29:44

 info: range check proved (CVC5: 2 VC in max 0.0 seconds and 13 steps)
--> mc_incidents.adb:58:44

 info: range check proved (CVC5: 2 VC in max 0.0 seconds and 13 steps)
--> mc_incidents.adb:60:44

 info: overflow check proved (CVC5: 2 VC in max 0.1 seconds and 455 steps)
--> mc_incidents.adb:73:32

 info: implicit aspect Always_Terminates on "Valid" has been proved, subprogram will terminate
--> mc_incidents.ads:32:13

 info: data dependencies proved
--> mc_incidents.ads:32:51

 info: initialization of "Status" proved
--> mc_incidents.ads:34:50

 info: data dependencies proved
--> mc_incidents.ads:35:11

 info: postcondition proved (CVC5: 2 VC in max 0.1 seconds and 590 steps; Trivial: 2 VC in max 0.0 seconds and 2 steps)
--> mc_incidents.ads:36:16

 info: overflow check proved (CVC5: 2 VC in max 0.1 seconds and 207 steps)
--> mc_incidents.ads:37:68
 info: initialization of "I" proved
--> mc_json.adb:6:07

 info: initialization of "B" proved
--> mc_json.adb:6:20

 info: length check proved (CVC5: 3 VC in max 0.0 seconds and 1 step)
--> mc_json.adb:8:21

 info: index check proved (CVC5: 2 VC in max 0.0 seconds and 1 step)
--> mc_json.adb:9:48

 info: index check proved (CVC5: 2 VC in max 0.0 seconds and 1 step)
--> mc_json.adb:9:90

 info: index check proved (CVC5: 2 VC in max 0.0 seconds and 1 step)
--> mc_json.adb:10:25

 info: index check proved (CVC5: 2 VC in max 0.0 seconds and 1 step)
--> mc_json.adb:10:59

 info: index check proved (CVC5: 2 VC in max 0.0 seconds and 1 step)
--> mc_json.adb:10:76

 info: index check proved (CVC5: 2 VC in max 0.0 seconds and 1 step)
--> mc_json.adb:11:23

 info: index check proved (CVC5: 2 VC in max 0.0 seconds and 1 step)
--> mc_json.adb:11:25

 info: index check proved (CVC5: 2 VC in max 0.0 seconds and 1 step)
--> mc_json.adb:11:58

 info: index check proved (CVC5: 2 VC in max 0.0 seconds and 1 step)
--> mc_json.adb:11:60

 info: index check proved (CVC5: 2 VC in max 0.0 seconds and 1 step)
--> mc_json.adb:12:18

 info: overflow check proved (CVC5: 2 VC in max 0.0 seconds and 1 step)
--> mc_json.adb:12:26

 info: index check proved (CVC5: 4 VC in max 0.0 seconds and 1 step)
--> mc_json.adb:13:23

 info: loop variant proved (CVC5: 1 VC in max 0.1 seconds and 31 steps)
--> mc_json.adb:14:30

 info: loop invariant initialization proved (CVC5: 2 VC in max 0.0 seconds and 1 step)
--> mc_json.adb:15:32

 info: loop invariant preservation proved (CVC5: 2 VC in max 0.1 seconds and 34 steps)
--> mc_json.adb:15:32

 info: index check proved (CVC5: 4 VC in max 0.0 seconds and 1 step)
--> mc_json.adb:15:45

 info: overflow check proved (CVC5: 4 VC in max 0.0 seconds and 1 step)
--> mc_json.adb:15:53

 info: index check proved (CVC5: 4 VC in max 0.0 seconds and 1 step)
--> mc_json.adb:15:67

 info: loop invariant initialization proved (CVC5: 1 VC in max 0.0 seconds and 1 step)
--> mc_json.adb:16:32

 info: loop invariant preservation proved (CVC5: 1 VC in max 0.1 seconds and 27 steps)
--> mc_json.adb:16:32

 info: range check proved (CVC5: 4 VC in max 0.0 seconds and 1 step)
--> mc_json.adb:16:45

 info: index check proved (CVC5: 2 VC in max 0.1 seconds and 1 step)
--> mc_json.adb:17:18

 info: overflow check proved (CVC5: 2 VC in max 0.0 seconds and 1 step)
--> mc_json.adb:17:26

 info: index check proved (CVC5: 2 VC in max 0.0 seconds and 1 step)
--> mc_json.adb:19:27

 info: index check proved (CVC5: 2 VC in max 0.0 seconds and 1 step)
--> mc_json.adb:20:23

 info: index check proved (CVC5: 2 VC in max 0.0 seconds and 1 step)
--> mc_json.adb:21:39

 info: overflow check proved (CVC5: 2 VC in max 0.1 seconds and 1 step)
--> mc_json.adb:24:27

 info: range check proved (CVC5: 2 VC in max 0.0 seconds and 1 step)
--> mc_json.adb:27:23

 info: overflow check proved (CVC5: 2 VC in max 0.1 seconds and 1 step)
--> mc_json.adb:28:20

 info: overflow check proved (CVC5: 2 VC in max 0.1 seconds and 1 step)
--> mc_json.adb:28:41

 info: index check proved (CVC5: 2 VC in max 0.0 seconds and 4 steps)
--> mc_json.adb:28:41

 info: initialization of "I" proved
--> mc_json.adb:32:07

 info: initialization of "B" proved
--> mc_json.adb:32:45

 info: initialization of "Used" proved
--> mc_json.adb:32:64

 info: initialization of "S" proved
--> mc_json.adb:32:80

 info: initialization of "Equal" proved
--> mc_json.adb:32:93

 info: index check proved (CVC5: 2 VC in max 0.0 seconds and 1 step)
--> mc_json.adb:34:70

 info: index check proved (CVC5: 2 VC in max 0.0 seconds and 1 step)
--> mc_json.adb:35:18

 info: index check proved (CVC5: 4 VC in max 0.1 seconds and 1 step)
--> mc_json.adb:37:24

 info: loop variant proved (CVC5: 1 VC in max 0.0 seconds and 1 step)
--> mc_json.adb:38:30

 info: loop invariant initialization proved (CVC5: 1 VC in max 0.0 seconds and 1 step)
--> mc_json.adb:39:32

 info: loop invariant preservation proved (CVC5: 1 VC in max 0.1 seconds and 1 step)
--> mc_json.adb:39:32

 info: index check proved (CVC5: 2 VC in max 0.0 seconds and 1 step)
--> mc_json.adb:40:43

 info: index check proved (CVC5: 2 VC in max 0.0 seconds and 1 step)
--> mc_json.adb:41:28

 info: index check proved (CVC5: 2 VC in max 0.0 seconds and 1 step)
--> mc_json.adb:41:69

 info: index check proved (CVC5: 2 VC in max 0.0 seconds and 1 step)
--> mc_json.adb:42:29

 info: index check proved (CVC5: 2 VC in max 0.0 seconds and 1 step)
--> mc_json.adb:43:29

 info: index check proved (CVC5: 2 VC in max 0.0 seconds and 1 step)
--> mc_json.adb:43:51

 info: range check proved (CVC5: 2 VC in max 0.0 seconds and 1 step)
--> mc_json.adb:44:30

 info: range check proved (CVC5: 2 VC in max 0.1 seconds and 1 step)
--> mc_json.adb:45:25

 info: cannot unroll loop (too many loop iterations) [info-unrolling-inlining]
--> mc_json.adb:46:43

 info: overflow check proved (CVC5: 2 VC in max 0.0 seconds and 1 step)
--> mc_json.adb:46:54

 info: overflow check proved (CVC5: 2 VC in max 0.1 seconds and 1 step)
--> mc_json.adb:46:64

 info: index check proved (CVC5: 2 VC in max 0.1 seconds and 1 step)
--> mc_json.adb:46:64

 info: range check proved (CVC5: 2 VC in max 0.0 seconds and 1 step)
--> mc_json.adb:47:32

 info: index check proved (CVC5: 2 VC in max 0.1 seconds and 1 step)
--> mc_json.adb:48:30

 info: initialization of "I" proved
--> mc_json.adb:52:07

 info: index check proved (CVC5: 2 VC in max 0.0 seconds and 1 step)
--> mc_json.adb:54:68

 info: index check proved (CVC5: 2 VC in max 0.0 seconds and 1 step)
--> mc_json.adb:55:18

 info: index check proved (CVC5: 4 VC in max 0.0 seconds and 1 step)
--> mc_json.adb:57:24

 info: loop variant proved (CVC5: 1 VC in max 0.0 seconds and 1 step)
--> mc_json.adb:58:30

 info: loop invariant initialization proved (CVC5: 1 VC in max 0.0 seconds and 1 step)
--> mc_json.adb:59:32

 info: loop invariant preservation proved (CVC5: 1 VC in max 0.0 seconds and 1 step)
--> mc_json.adb:59:32

 info: index check proved (CVC5: 2 VC in max 0.0 seconds and 1 step)
--> mc_json.adb:60:21

 info: index check proved (CVC5: 2 VC in max 0.0 seconds and 1 step)
--> mc_json.adb:60:60

 info: index check proved (CVC5: 2 VC in max 0.0 seconds and 1 step)
--> mc_json.adb:61:28

 info: index check proved (CVC5: 2 VC in max 0.0 seconds and 1 step)
--> mc_json.adb:61:49

 info: range check proved (CVC5: 2 VC in max 0.0 seconds and 1 step)
--> mc_json.adb:62:36

 info: index check proved (CVC5: 2 VC in max 0.0 seconds and 1 step)
--> mc_json.adb:63:29

 info: overflow check proved (CVC5: 2 VC in max 0.0 seconds and 1 step)
--> mc_json.adb:63:50

 info: initialization of "Pos" proved
--> mc_json.adb:67:07

 info: implicit aspect Always_Terminates on "Cursor_Valid" has been proved, subprogram will terminate
--> mc_json.adb:68:16

 info: overflow check proved (CVC5: 2 VC in max 0.0 seconds and 1 step)
--> mc_json.adb:70:49

 info: postcondition proved (CVC5: 2 VC in max 0.0 seconds and 1 step)
--> mc_json.adb:72:17

 info: index check proved (CVC5: 4 VC in max 0.0 seconds and 1 step)
--> mc_json.adb:74:45

 info: loop invariant initialization proved (CVC5: 1 VC in max 0.0 seconds and 1 step)
--> mc_json.adb:75:35

 info: loop invariant preservation proved (CVC5: 1 VC in max 0.0 seconds and 1 step)
--> mc_json.adb:75:35

 info: loop invariant initialization proved (CVC5: 1 VC in max 0.0 seconds and 1 step)
--> mc_json.adb:76:35

 info: loop invariant preservation proved (CVC5: 1 VC in max 0.0 seconds and 1 step)
--> mc_json.adb:76:35

 info: loop variant proved (CVC5: 1 VC in max 0.0 seconds and 1 step)
--> mc_json.adb:77:33

 info: overflow check proved (CVC5: 2 VC in max 0.0 seconds and 1 step)
--> mc_json.adb:78:21

 info: initialization of "N" proved
--> mc_json.adb:81:47

 info: postcondition proved (CVC5: 6 VC in max 0.1 seconds and 1 step; Trivial: 2 VC in max 0.0 seconds and 2 steps)
--> mc_json.adb:83:19

 info: index check proved (CVC5: 2 VC in max 0.0 seconds and 1 step)
--> mc_json.adb:86:32

 info: range check proved (CVC5: 2 VC in max 0.1 seconds and 1 step)
--> mc_json.adb:90:26

 info: index check proved (CVC5: 2 VC in max 0.0 seconds and 1 step)
--> mc_json.adb:90:50

 info: initialization of "N" proved
--> mc_json.adb:92:50

 info: postcondition proved (CVC5: 6 VC in max 0.1 seconds and 1 step; Trivial: 1 VC in max 0.0 seconds and 2 steps)
--> mc_json.adb:94:19

 info: precondition proved (CVC5: 1 VC in max 0.0 seconds and 1 step)
--> mc_json.adb:99:10

 info: index check proved (CVC5: 2 VC in max 0.0 seconds and 1 step)
--> mc_json.adb:100:40

 info: overflow check proved (CVC5: 2 VC in max 0.0 seconds and 1 step)
--> mc_json.adb:100:89

 info: loop invariant initialization proved (CVC5: 1 VC in max 0.0 seconds and 1 step)
--> mc_json.adb:102:35

 info: loop invariant preservation proved (CVC5: 1 VC in max 0.0 seconds and 1 step)
--> mc_json.adb:102:35

 info: loop invariant initialization proved (CVC5: 1 VC in max 0.0 seconds and 1 step)
--> mc_json.adb:103:35

 info: loop invariant preservation proved (CVC5: 1 VC in max 0.0 seconds and 1 step)
--> mc_json.adb:103:35

 info: loop invariant initialization proved (CVC5: 2 VC in max 0.0 seconds and 1 step)
--> mc_json.adb:104:35

 info: loop invariant preservation proved (CVC5: 2 VC in max 0.0 seconds and 1 step)
--> mc_json.adb:104:35

 info: loop variant proved (CVC5: 1 VC in max 0.0 seconds and 1 step)
--> mc_json.adb:105:33

 info: index check proved (CVC5: 2 VC in max 0.0 seconds and 1 step)
--> mc_json.adb:107:24

 info: index check proved (CVC5: 2 VC in max 0.0 seconds and 1 step)
--> mc_json.adb:109:24

 info: index check proved (CVC5: 2 VC in max 0.0 seconds and 1 step)
--> mc_json.adb:110:24

 info: index check proved (CVC5: 2 VC in max 0.0 seconds and 1 step)
--> mc_json.adb:110:45

 info: overflow check proved (CVC5: 2 VC in max 0.0 seconds and 1 step)
--> mc_json.adb:110:67

 info: index check proved (CVC5: 2 VC in max 0.0 seconds and 1 step)
--> mc_json.adb:111:24

 info: index check proved (CVC5: 2 VC in max 0.0 seconds and 1 step)
--> mc_json.adb:111:45

 info: overflow check proved (CVC5: 2 VC in max 0.0 seconds and 1 step)
--> mc_json.adb:112:21

 info: initialization of "N" proved
--> mc_json.adb:115:61

 info: postcondition proved (CVC5: 6 VC in max 0.6 seconds and 986 steps; Trivial: 1 VC in max 0.0 seconds and 2 steps)
--> mc_json.adb:117:19

 info: initialization of "K" proved
--> mc_json.adb:121:10

 info: initialization of "Value_Node" proved
--> mc_json.adb:121:12

 info: initialization of "Earlier" proved
--> mc_json.adb:121:32

 info: initialization of "Object_Form" proved
--> mc_json.adb:121:76

 info: initialization of "Close_Byte" proved
--> mc_json.adb:121:99

 info: initialization of "Key" proved
--> mc_json.adb:122:10

 info: initialization of "Other" proved
--> mc_json.adb:122:14

 info: initialization of "KN" proved
--> mc_json.adb:122:37

 info: initialization of "ON" proved
--> mc_json.adb:122:40

 info: initialization of "S" proved
--> mc_json.adb:122:54

 info: precondition proved (CVC5: 1 VC in max 0.0 seconds and 1 step)
--> mc_json.adb:124:16

 info: index check proved (CVC5: 2 VC in max 0.0 seconds and 1 step)
--> mc_json.adb:126:18

 info: precondition proved (CVC5: 1 VC in max 0.0 seconds and 1 step)
--> mc_json.adb:126:31

 info: index check proved (CVC5: 2 VC in max 0.0 seconds and 1 step)
--> mc_json.adb:127:21

 info: index check proved (CVC5: 2 VC in max 0.0 seconds and 1 step)
--> mc_json.adb:128:31

 info: precondition proved (CVC5: 1 VC in max 0.0 seconds and 1 step)
--> mc_json.adb:129:13

 info: overflow check proved (CVC5: 2 VC in max 0.0 seconds and 1 step)
--> mc_json.adb:130:21

 info: precondition proved (CVC5: 1 VC in max 0.1 seconds and 1 step)
--> mc_json.adb:130:25

 info: index check proved (CVC5: 2 VC in max 0.0 seconds and 1 step)
--> mc_json.adb:131:45

 info: index check proved (CVC5: 2 VC in max 0.0 seconds and 1 step)
--> mc_json.adb:131:74

 info: overflow check proved (CVC5: 2 VC in max 0.0 seconds and 1 step)
--> mc_json.adb:131:96

 info: loop invariant preservation proved (CVC5: 1 VC in max 0.1 seconds and 179 steps)
--> mc_json.adb:133:38

 info: loop invariant initialization proved (CVC5: 1 VC in max 0.0 seconds and 1 step)
--> mc_json.adb:133:38

 info: loop invariant initialization proved (CVC5: 1 VC in max 0.0 seconds and 1 step)
--> mc_json.adb:134:38

 info: loop invariant preservation proved (CVC5: 1 VC in max 0.1 seconds and 183 steps)
--> mc_json.adb:134:38

 info: loop invariant initialization proved (CVC5: 2 VC in max 0.0 seconds and 1 step)
--> mc_json.adb:135:38

 info: loop invariant preservation proved (CVC5: 2 VC in max 0.1 seconds and 234 steps)
--> mc_json.adb:135:38

 info: loop invariant initialization proved (CVC5: 1 VC in max 0.0 seconds and 1 step)
--> mc_json.adb:136:38

 info: loop invariant preservation proved (CVC5: 1 VC in max 0.0 seconds and 1 step)
--> mc_json.adb:136:38

 info: loop variant proved (CVC5: 1 VC in max 0.3 seconds and 229 steps)
--> mc_json.adb:137:36

 info: precondition proved (CVC5: 1 VC in max 0.1 seconds and 1 step)
--> mc_json.adb:139:19

 info: range check proved (CVC5: 2 VC in max 0.1 seconds and 2 steps)
--> mc_json.adb:143:42

 info: range check proved (CVC5: 4 VC in max 0.1 seconds and 1 step)
--> mc_json.adb:144:55

 info: range check proved (CVC5: 4 VC in max 0.1 seconds and 1 step)
--> mc_json.adb:144:66

 info: index check proved (CVC5: 2 VC in max 0.1 seconds and 64 steps)
--> mc_json.adb:145:54

 info: precondition proved (CVC5: 1 VC in max 0.1 seconds and 42 steps)
--> mc_json.adb:147:19

 info: index check proved (CVC5: 2 VC in max 0.0 seconds and 1 step)
--> mc_json.adb:147:56

 info: overflow check proved (CVC5: 2 VC in max 0.1 seconds and 53 steps)
--> mc_json.adb:147:105

 info: precondition proved (CVC5: 1 VC in max 0.1 seconds and 153 steps)
--> mc_json.adb:149:16

 info: subprogram variant proved (CVC5: 1 VC in max 0.0 seconds and 1 step)
--> mc_json.adb:149:16

 info: overflow check proved (CVC5: 2 VC in max 0.1 seconds and 33 steps)
--> mc_json.adb:149:34

 info: precondition proved (CVC5: 1 VC in max 0.1 seconds and 131 steps)
--> mc_json.adb:150:16

 info: index check proved (CVC5: 2 VC in max 0.0 seconds and 1 step)
--> mc_json.adb:151:24

 info: index check proved (CVC5: 2 VC in max 0.0 seconds and 1 step)
--> mc_json.adb:151:53

 info: index check proved (CVC5: 2 VC in max 0.0 seconds and 1 step)
--> mc_json.adb:151:75

 info: overflow check proved (CVC5: 2 VC in max 0.1 seconds and 170 steps)
--> mc_json.adb:151:106

 info: index check proved (CVC5: 2 VC in max 0.0 seconds and 1 step)
--> mc_json.adb:152:27

 info: overflow check proved (CVC5: 2 VC in max 0.1 seconds and 152 steps)
--> mc_json.adb:153:29

 info: precondition proved (CVC5: 1 VC in max 0.2 seconds and 158 steps)
--> mc_json.adb:153:33

 info: index check proved (CVC5: 2 VC in max 0.0 seconds and 1 step)
--> mc_json.adb:155:21

 info: precondition proved (CVC5: 1 VC in max 0.1 seconds and 1 step)
--> mc_json.adb:156:13

 info: index check proved (CVC5: 4 VC in max 0.0 seconds and 1 step)
--> mc_json.adb:157:48

 info: loop invariant preservation proved (CVC5: 1 VC in max 0.0 seconds and 1 step)
--> mc_json.adb:158:38

 info: loop invariant initialization proved (CVC5: 1 VC in max 0.0 seconds and 1 step)
--> mc_json.adb:158:38

 info: loop invariant preservation proved (CVC5: 1 VC in max 0.0 seconds and 1 step)
--> mc_json.adb:159:38

 info: loop invariant initialization proved (CVC5: 1 VC in max 0.0 seconds and 1 step)
--> mc_json.adb:159:38

 info: loop variant proved (CVC5: 1 VC in max 0.0 seconds and 1 step)
--> mc_json.adb:160:36

 info: overflow check proved (CVC5: 2 VC in max 0.1 seconds and 1 step)
--> mc_json.adb:161:24

 info: index check proved (CVC5: 2 VC in max 0.0 seconds and 1 step)
--> mc_json.adb:163:21

 info: overflow check proved (CVC5: 2 VC in max 0.1 seconds and 1 step)
--> mc_json.adb:164:19

 info: index check proved (CVC5: 2 VC in max 0.0 seconds and 1 step)
--> mc_json.adb:164:28

 info: overflow check proved (CVC5: 2 VC in max 0.0 seconds and 1 step)
--> mc_json.adb:164:52

 info: index check proved (CVC5: 2 VC in max 0.0 seconds and 1 step)
--> mc_json.adb:164:61

 info: index check proved (CVC5: 2 VC in max 0.0 seconds and 1 step)
--> mc_json.adb:164:94

 info: index check proved (CVC5: 2 VC in max 0.1 seconds and 1 step)
--> mc_json.adb:164:96

 info: index check proved (CVC5: 2 VC in max 0.0 seconds and 1 step)
--> mc_json.adb:166:57

 info: index check proved (CVC5: 2 VC in max 0.0 seconds and 1 step)
--> mc_json.adb:166:89

 info: index check proved (CVC5: 2 VC in max 0.0 seconds and 1 step)
--> mc_json.adb:167:46

 info: index check proved (CVC5: 2 VC in max 0.0 seconds and 1 step)
--> mc_json.adb:167:81

 info: precondition proved (CVC5: 1 VC in max 0.0 seconds and 1 step)
--> mc_json.adb:169:16

 info: range check proved (CVC5: 2 VC in max 0.1 seconds and 1 step)
--> mc_json.adb:170:26

 info: overflow check proved (CVC5: 2 VC in max 0.0 seconds and 1 step)
--> mc_json.adb:170:43

 info: overflow check proved (CVC5: 2 VC in max 0.1 seconds and 1 step)
--> mc_json.adb:170:47

 info: loop invariant preservation proved (CVC5: 1 VC in max 0.0 seconds and 1 step)
--> mc_json.adb:172:41

 info: loop invariant initialization proved (CVC5: 1 VC in max 0.0 seconds and 1 step)
--> mc_json.adb:172:41

 info: overflow check proved (CVC5: 4 VC in max 0.1 seconds and 1 step)
--> mc_json.adb:172:59

 info: overflow check proved (CVC5: 4 VC in max 0.0 seconds and 1 step)
--> mc_json.adb:172:62

 info: index check proved (CVC5: 2 VC in max 0.0 seconds and 1 step)
--> mc_json.adb:173:27

 info: index check proved (CVC5: 2 VC in max 0.0 seconds and 1 step)
--> mc_json.adb:173:60

 info: overflow check proved (CVC5: 2 VC in max 0.0 seconds and 1 step)
--> mc_json.adb:174:27

 info: index check proved (CVC5: 2 VC in max 0.1 seconds and 1 step)
--> mc_json.adb:176:24

 info: initialization of "N" proved
--> mc_json.adb:180:07

 info: range check proved (CVC5: 2 VC in max 0.0 seconds and 1 step)
--> mc_json.adb:184:16

 info: precondition proved (CVC5: 1 VC in max 0.0 seconds and 1 step)
--> mc_json.adb:185:07

 info: precondition proved (CVC5: 1 VC in max 0.0 seconds and 1 step)
--> mc_json.adb:185:26

 info: overflow check proved (CVC5: 2 VC in max 0.0 seconds and 1 step)
--> mc_json.adb:186:40

 info: initialization of "Used" proved
--> mc_json.adb:189:40

 info: index check proved (CVC5: 2 VC in max 0.0 seconds and 1 step)
--> mc_json.adb:193:18

 info: index check proved (CVC5: 2 VC in max 0.0 seconds and 1 step)
--> mc_json.adb:194:21

 info: index check proved (CVC5: 2 VC in max 0.0 seconds and 1 step)
--> mc_json.adb:195:21

 info: index check proved (CVC5: 2 VC in max 0.0 seconds and 1 step)
--> mc_json.adb:195:64

 info: index check proved (CVC5: 2 VC in max 0.0 seconds and 1 step)
--> mc_json.adb:195:87

 info: index check proved (CVC5: 2 VC in max 0.0 seconds and 1 step)
--> mc_json.adb:196:28

 info: overflow check proved (CVC5: 2 VC in max 0.0 seconds and 1 step)
--> mc_json.adb:196:35

 info: index check proved (CVC5: 2 VC in max 0.0 seconds and 1 step)
--> mc_json.adb:196:44

 info: index check proved (CVC5: 2 VC in max 0.0 seconds and 1 step)
--> mc_json.adb:197:24

 info: overflow check proved (CVC5: 2 VC in max 0.0 seconds and 1 step)
--> mc_json.adb:197:31

 info: index check proved (CVC5: 2 VC in max 0.0 seconds and 1 step)
--> mc_json.adb:197:40

 info: overflow check proved (CVC5: 2 VC in max 0.0 seconds and 1 step)
--> mc_json.adb:197:48

 info: range check proved (CVC5: 2 VC in max 0.1 seconds and 1 step)
--> mc_json.adb:197:48

 info: range check proved (CVC5: 4 VC in max 0.0 seconds and 1 step)
--> mc_json.adb:198:10

 info: index check proved (CVC5: 2 VC in max 0.1 seconds and 1 step)
--> mc_json.adb:198:12

 info: index check proved (CVC5: 2 VC in max 0.0 seconds and 1 step)
--> mc_json.adb:198:15

 info: length check proved (CVC5: 3 VC in max 0.0 seconds and 1 step)
--> mc_json.adb:198:20

 info: range check proved (CVC5: 4 VC in max 0.1 seconds and 1 step)
--> mc_json.adb:198:22

 info: length check proved (CVC5: 3 VC in max 0.0 seconds and 1 step)
--> mc_json.adb:198:22

 info: index check proved (CVC5: 2 VC in max 0.0 seconds and 1 step)
--> mc_json.adb:198:35

 info: index check proved (CVC5: 2 VC in max 0.0 seconds and 1 step)
--> mc_json.adb:198:53

 info: initialization of "S" proved
--> mc_json.adb:200:50

 info: range check proved (CVC5: 2 VC in max 0.1 seconds and 1 step)
--> mc_json.adb:200:50

 info: cannot unroll loop (too many loop iterations) [info-unrolling-inlining]
--> mc_json.adb:201:27

 info: index check proved (CVC5: 2 VC in max 0.0 seconds and 18 steps)
--> mc_json.adb:201:54

 info: initialization of "D" proved
--> mc_json.ads:10:34

 info: initialization of "Status" proved
--> mc_json.ads:10:52

 info: data dependencies proved
--> mc_json.ads:10:79

 info: implicit aspect Always_Terminates on "Member" has been proved, subprogram will terminate
--> mc_json.ads:11:13

 info: data dependencies proved
--> mc_json.ads:11:102

 info: implicit aspect Always_Terminates on "Element" has been proved, subprogram will terminate
--> mc_json.ads:12:13

 info: data dependencies proved
--> mc_json.ads:12:95

 info: aspect Always_Terminates on "String_Bytes" has been proved, subprogram will terminate
--> mc_json.ads:13:14

 info: initialization of "Value" proved
--> mc_json.ads:13:66

 info: initialization of "Used" proved
--> mc_json.ads:13:85

 info: initialization of "Status" proved
--> mc_json.ads:13:105

 info: data dependencies proved
--> mc_json.ads:13:132

 info: postcondition proved (CVC5: 1 VC in max 0.1 seconds and 197 steps)
--> mc_json.ads:13:173

 info: range check proved (CVC5: 2 VC in max 0.1 seconds and 86 steps)
--> mc_json.ads:13:186

 info: initialization of "Value" proved
--> mc_json.ads:14:68

 info: initialization of "Status" proved
--> mc_json.ads:14:89

 info: data dependencies proved
--> mc_json.ads:14:116
 info: precondition proved (CVC5: 1 VC in max 0.0 seconds and 1 step)
--> mc_golden.adb:10:52

 info: implicit aspect Always_Terminates on "Header" has been proved, subprogram will terminate
--> mc_golden.ads:5:13

 info: data dependencies proved
--> mc_golden.ads:5:51
 info: cannot unroll loop (too many loop iterations) [info-unrolling-inlining]
--> mc_types.adb:7:25

 info: range check proved (CVC5: 2 VC in max 0.0 seconds and 1 step)
--> mc_types.adb:19:25

 info: cannot unroll loop (too many loop iterations) [info-unrolling-inlining]
--> mc_types.adb:19:37

 info: overflow check proved (CVC5: 2 VC in max 0.0 seconds and 1 step)
--> mc_types.adb:21:30

 info: index check proved (CVC5: 2 VC in max 0.0 seconds and 1 step)
--> mc_types.adb:21:30

 info: overflow check proved (CVC5: 2 VC in max 0.0 seconds and 1 step)
--> mc_types.adb:21:58

 info: index check proved (CVC5: 2 VC in max 0.0 seconds and 1 step)
--> mc_types.adb:21:58

 info: implicit aspect Always_Terminates on "Is_Zero" has been proved, subprogram will terminate
--> mc_types.ads:19:13

 info: data dependencies proved
--> mc_types.ads:20:11

 info: implicit aspect Always_Terminates on "Same_Bytes" has been proved, subprogram will terminate
--> mc_types.ads:21:13

 info: data dependencies proved
--> mc_types.ads:22:11
 info: length check proved (CVC5: 3 VC in max 0.0 seconds and 1 step)
--> mc_config_receipt.adb:24:16

 info: precondition proved (CVC5: 3 VC in max 0.1 seconds and 1 step)
--> mc_config_receipt.adb:29:15

 info: precondition proved (CVC5: 3 VC in max 0.1 seconds and 1 step)
--> mc_config_receipt.adb:29:64

 info: precondition proved (CVC5: 3 VC in max 0.1 seconds and 1 step)
--> mc_config_receipt.adb:30:15

 info: precondition proved (CVC5: 3 VC in max 0.1 seconds and 1 step)
--> mc_config_receipt.adb:30:62

 info: precondition proved (CVC5: 3 VC in max 0.1 seconds and 1 step)
--> mc_config_receipt.adb:31:15

 info: precondition proved (CVC5: 3 VC in max 0.1 seconds and 6 steps)
--> mc_config_receipt.adb:31:56

 info: range check proved (CVC5: 1 VC in max 0.2 seconds and 1890 steps)
--> mc_config_receipt.adb:32:46

 info: initialization of "W" proved
--> mc_config_receipt.adb:39:07

 info: initialization of "Canonical" proved
--> mc_config_receipt.adb:39:09

 info: initialization of "T" proved
--> mc_config_receipt.adb:39:26

 info: initialization of "N" proved
--> mc_config_receipt.adb:39:38

 info: initialization of "Local" proved
--> mc_config_receipt.adb:39:47

 info: implicit aspect Always_Terminates on "Count" has been proved, subprogram will terminate
--> mc_config_receipt.adb:40:16

 info: precondition proved (CVC5: 3 VC in max 0.0 seconds and 1 step)
--> mc_config_receipt.adb:40:71

 info: range check proved (CVC5: 2 VC in max 0.0 seconds and 1 step)
--> mc_config_receipt.adb:40:71

 info: precondition proved (CVC5: 3 VC in max 0.0 seconds and 1 step)
--> mc_config_receipt.adb:42:28

 info: length check proved (CVC5: 3 VC in max 0.0 seconds and 1 step)
--> mc_config_receipt.adb:44:90

 info: range check proved (CVC5: 4 VC in max 0.0 seconds and 1 step)
--> mc_config_receipt.adb:45:10

 info: cannot unroll loop (too many loop iterations) [info-unrolling-inlining]
--> mc_config_receipt.adb:46:25

 info: unrolling loop [info-unrolling-inlining]
--> mc_config_receipt.adb:47:21

 info: precondition proved (CVC5: 18 VC in max 0.0 seconds and 1 step)
--> mc_config_receipt.adb:47:37

 info: range check proved (CVC5: 4 VC in max 0.0 seconds and 1 step)
--> mc_config_receipt.adb:48:23

 info: range check proved (CVC5: 4 VC in max 0.0 seconds and 1 step)
--> mc_config_receipt.adb:48:55

 info: range check proved (CVC5: 4 VC in max 0.0 seconds and 1 step)
--> mc_config_receipt.adb:48:81

 info: range check proved (CVC5: 4 VC in max 0.0 seconds and 1 step)
--> mc_config_receipt.adb:49:23

 info: range check proved (CVC5: 4 VC in max 0.0 seconds and 1 step)
--> mc_config_receipt.adb:49:55

 info: range check proved (CVC5: 4 VC in max 0.0 seconds and 1 step)
--> mc_config_receipt.adb:49:94

 info: range check proved (CVC5: 4 VC in max 0.0 seconds and 1 step)
--> mc_config_receipt.adb:50:35

 info: range check proved (CVC5: 4 VC in max 0.0 seconds and 1 step)
--> mc_config_receipt.adb:50:70

 info: range check proved (CVC5: 4 VC in max 0.0 seconds and 1 step)
--> mc_config_receipt.adb:50:107

 info: range check proved (CVC5: 4 VC in max 0.0 seconds and 1 step)
--> mc_config_receipt.adb:51:30

 info: range check proved (CVC5: 4 VC in max 0.0 seconds and 1 step)
--> mc_config_receipt.adb:51:67

 info: range check proved (CVC5: 4 VC in max 0.0 seconds and 1 step)
--> mc_config_receipt.adb:51:97

 info: range check proved (CVC5: 4 VC in max 0.0 seconds and 1 step)
--> mc_config_receipt.adb:52:27

 info: range check proved (CVC5: 4 VC in max 0.0 seconds and 1 step)
--> mc_config_receipt.adb:52:57

 info: precondition proved (CVC5: 4 VC in max 0.0 seconds and 1 step)
--> mc_config_receipt.adb:53:29

 info: precondition proved (CVC5: 4 VC in max 0.0 seconds and 1 step)
--> mc_config_receipt.adb:53:57

 info: precondition proved (CVC5: 4 VC in max 0.0 seconds and 1 step)
--> mc_config_receipt.adb:53:88

 info: precondition proved (CVC5: 4 VC in max 0.0 seconds and 1 step)
--> mc_config_receipt.adb:54:22

 info: precondition proved (CVC5: 4 VC in max 0.0 seconds and 1 step)
--> mc_config_receipt.adb:54:47

 info: precondition proved (CVC5: 4 VC in max 0.0 seconds and 1 step)
--> mc_config_receipt.adb:54:69

 info: range check proved (CVC5: 2 VC in max 0.1 seconds and 615 steps)
--> mc_config_receipt.adb:55:49

 info: overflow check proved (CVC5: 2 VC in max 0.0 seconds and 1 step)
--> mc_config_receipt.adb:68:41

 info: overflow check proved (CVC5: 2 VC in max 0.1 seconds and 1 step)
--> mc_config_receipt.adb:69:13

 info: implicit aspect Always_Terminates on "Valid" has been proved, subprogram will terminate
--> mc_config_receipt.ads:19:13

 info: data dependencies proved
--> mc_config_receipt.ads:19:52

 info: initialization of "B" proved
--> mc_config_receipt.ads:20:33

 info: initialization of "Status" proved
--> mc_config_receipt.ads:20:46

 info: data dependencies proved
--> mc_config_receipt.ads:20:73

 info: initialization of "R" proved
--> mc_config_receipt.ads:21:31

 info: initialization of "Status" proved
--> mc_config_receipt.ads:21:47

 info: data dependencies proved
--> mc_config_receipt.ads:21:74

 info: initialization of "Status" proved
--> mc_config_receipt.ads:23:07

 info: data dependencies proved
--> mc_config_receipt.ads:23:34
 info: range check proved (CVC5: 4 VC in max 0.0 seconds and 1 step)
--> mc_dirents.adb:4:48

 info: initialization of "P" proved
--> mc_dirents.adb:6:22

 info: initialization of "Len" proved
--> mc_dirents.adb:6:35

 info: initialization of "Ending" proved
--> mc_dirents.adb:6:39

 info: initialization of "N" proved
--> mc_dirents.adb:6:56

 info: range check proved (CVC5: 2 VC in max 0.0 seconds and 1 step)
--> mc_dirents.adb:11:14

 info: loop invariant initialization proved (CVC5: 2 VC in max 0.0 seconds and 1 step)
--> mc_dirents.adb:13:32

 info: loop invariant preservation proved (CVC5: 2 VC in max 0.1 seconds and 117 steps)
--> mc_dirents.adb:13:32

 info: overflow check proved (CVC5: 4 VC in max 0.1 seconds and 1 step)
--> mc_dirents.adb:13:60

 info: loop variant proved (CVC5: 1 VC in max 0.1 seconds and 111 steps)
--> mc_dirents.adb:14:30

 info: overflow check proved (CVC5: 2 VC in max 0.0 seconds and 1 step)
--> mc_dirents.adb:15:22

 info: overflow check proved (CVC5: 2 VC in max 0.0 seconds and 1 step)
--> mc_dirents.adb:16:29

 info: index check proved (CVC5: 2 VC in max 0.0 seconds and 1 step)
--> mc_dirents.adb:16:29

 info: overflow check proved (CVC5: 2 VC in max 0.1 seconds and 1 step)
--> mc_dirents.adb:16:49

 info: index check proved (CVC5: 2 VC in max 0.0 seconds and 1 step)
--> mc_dirents.adb:16:49

 info: overflow check proved (CVC5: 2 VC in max 0.0 seconds and 1 step)
--> mc_dirents.adb:17:41

 info: overflow check proved (CVC5: 2 VC in max 0.1 seconds and 1 step)
--> mc_dirents.adb:17:43

 info: overflow check proved (CVC5: 2 VC in max 0.1 seconds and 1 step)
--> mc_dirents.adb:18:19

 info: overflow check proved (CVC5: 4 VC in max 0.0 seconds and 1 step)
--> mc_dirents.adb:19:24

 info: index check proved (CVC5: 4 VC in max 0.1 seconds and 1 step)
--> mc_dirents.adb:19:43

 info: loop invariant initialization proved (CVC5: 2 VC in max 0.0 seconds and 1 step)
--> mc_dirents.adb:20:35

 info: loop invariant preservation proved (CVC5: 2 VC in max 0.0 seconds and 1 step)
--> mc_dirents.adb:20:35

 info: overflow check proved (CVC5: 4 VC in max 0.1 seconds and 1 step)
--> mc_dirents.adb:20:46

 info: overflow check proved (CVC5: 4 VC in max 0.0 seconds and 1 step)
--> mc_dirents.adb:20:54

 info: loop variant proved (CVC5: 1 VC in max 0.0 seconds and 1 step)
--> mc_dirents.adb:21:33

 info: overflow check proved (CVC5: 2 VC in max 0.0 seconds and 1 step)
--> mc_dirents.adb:22:27

 info: overflow check proved (CVC5: 2 VC in max 0.0 seconds and 1 step)
--> mc_dirents.adb:24:21

 info: overflow check proved (CVC5: 2 VC in max 0.0 seconds and 1 step)
--> mc_dirents.adb:24:42

 info: overflow check proved (CVC5: 2 VC in max 0.0 seconds and 1 step)
--> mc_dirents.adb:24:63

 info: range check proved (CVC5: 2 VC in max 0.0 seconds and 1 step)
--> mc_dirents.adb:25:42

 info: overflow check proved (CVC5: 2 VC in max 0.0 seconds and 1 step)
--> mc_dirents.adb:25:45

 info: cannot unroll loop (too many loop iterations) [info-unrolling-inlining]
--> mc_dirents.adb:26:31

 info: overflow check proved (CVC5: 2 VC in max 0.1 seconds and 1 step)
--> mc_dirents.adb:27:22

 info: overflow check proved (CVC5: 2 VC in max 0.1 seconds and 1 step)
--> mc_dirents.adb:27:25

 info: index check proved (CVC5: 2 VC in max 0.1 seconds and 1 step)
--> mc_dirents.adb:27:25

 info: overflow check proved (CVC5: 2 VC in max 0.0 seconds and 1 step)
--> mc_dirents.adb:28:44

 info: overflow check proved (CVC5: 2 VC in max 0.0 seconds and 1 step)
--> mc_dirents.adb:28:47

 info: index check proved (CVC5: 2 VC in max 0.0 seconds and 1 step)
--> mc_dirents.adb:28:47

 info: cannot unroll loop (too many loop iterations) [info-unrolling-inlining]
--> mc_dirents.adb:31:33

 info: range check proved (CVC5: 2 VC in max 0.1 seconds and 78 steps)
--> mc_dirents.adb:33:29

 info: index check proved (CVC5: 2 VC in max 0.1 seconds and 105 steps)
--> mc_dirents.adb:33:41

 info: overflow check proved (CVC5: 2 VC in max 0.0 seconds and 1 step)
--> mc_dirents.adb:35:14

 info: initialization of "N" proved
--> mc_dirents.adb:39:42

 info: initialization of "J" proved
--> mc_dirents.adb:39:51

 info: cannot unroll loop (too many loop iterations) [info-unrolling-inlining]
--> mc_dirents.adb:41:27

 info: index check proved (CVC5: 4 VC in max 0.0 seconds and 1 step)
--> mc_dirents.adb:43:53

 info: loop invariant initialization proved (CVC5: 2 VC in max 0.0 seconds and 1 step)
--> mc_dirents.adb:44:35

 info: loop invariant preservation proved (CVC5: 2 VC in max 0.1 seconds and 1 step)
--> mc_dirents.adb:44:35

 info: loop variant proved (CVC5: 1 VC in max 0.0 seconds and 1 step)
--> mc_dirents.adb:45:33

 info: index check proved (CVC5: 2 VC in max 0.0 seconds and 1 step)
--> mc_dirents.adb:46:21

 info: index check proved (CVC5: 2 VC in max 0.1 seconds and 1 step)
--> mc_dirents.adb:46:34

 info: range check proved (CVC5: 2 VC in max 0.0 seconds and 1 step)
--> mc_dirents.adb:46:42

 info: index check proved (CVC5: 2 VC in max 0.0 seconds and 1 step)
--> mc_dirents.adb:48:18

 info: implicit aspect Always_Terminates on "Image" has been proved, subprogram will terminate
--> mc_dirents.ads:8:13

 info: data dependencies proved
--> mc_dirents.ads:8:48

 info: initialization of "Status" proved
--> mc_dirents.ads:9:67

 info: data dependencies proved
--> mc_dirents.ads:9:94

 info: postcondition proved (CVC5: 1 VC in max 0.3 seconds and 372 steps; Trivial: 1 VC in max 0.0 seconds and 2 steps)
--> mc_dirents.ads:10:14

 info: data dependencies proved
--> mc_dirents.ads:11:44
 info: local subprogram "Spend" only analyzed in the context of calls [info-unrolling-inlining]
--> resolver_verify.adb:3:14
      + add a contract to analyze it separately from calling contexts

 info: initialization of "OK" proved
--> resolver_verify.adb:3:44

 info: range check proved (CVC5: 2 VC in max 0.0 seconds and 1 step), in call inlined at resolver_verify.adb:13
--> resolver_verify.adb:4:50

 info: range check proved (CVC5: 2 VC in max 0.1 seconds and 1 step), in call inlined at resolver_verify.adb:24
--> resolver_verify.adb:4:50

 info: range check proved (CVC5: 2 VC in max 0.0 seconds and 1 step), in call inlined at resolver_verify.adb:34
--> resolver_verify.adb:4:50

 info: initialization of "R" proved
--> resolver_verify.adb:6:07

 info: postcondition proved (CVC5: 1 VC in max 0.1 seconds and 422 steps)
--> resolver_verify.adb:6:82

 info: initialization of "V" proved
--> resolver_verify.adb:8:07

 info: initialization of "Enough" proved
--> resolver_verify.adb:8:24

 info: cannot unroll loop (too many loop iterations) [info-unrolling-inlining]
--> resolver_verify.adb:12:34

 info: analyzing call to "Spend" in context
--> resolver_verify.adb:13:10

 info: overflow check proved (CVC5: 2 VC in max 0.1 seconds and 1 step)
--> resolver_verify.adb:22:20

 info: range check proved (CVC5: 2 VC in max 0.0 seconds and 1 step)
--> resolver_verify.adb:22:20

 info: precondition proved (CVC5: 1 VC in max 0.1 seconds and 1 step)
--> resolver_verify.adb:22:36

 info: cannot unroll loop (too many loop iterations) [info-unrolling-inlining]
--> resolver_verify.adb:23:34

 info: analyzing call to "Spend" in context
--> resolver_verify.adb:24:10

 info: index check proved (CVC5: 2 VC in max 0.1 seconds and 109 steps)
--> resolver_verify.adb:26:39

 info: cannot unroll loop (too many loop iterations) [info-unrolling-inlining]
--> resolver_verify.adb:31:35

 info: index check proved (CVC5: 2 VC in max 0.2 seconds and 171 steps)
--> resolver_verify.adb:32:28

 info: overflow check proved (CVC5: 2 VC in max 0.0 seconds and 1 step)
--> resolver_verify.adb:33:24

 info: cannot unroll loop (too many loop iterations) [info-unrolling-inlining]
--> resolver_verify.adb:33:45

 info: analyzing call to "Spend" in context
--> resolver_verify.adb:34:16

 info: index check proved (CVC5: 2 VC in max 0.0 seconds and 1 step)
--> resolver_verify.adb:35:36

 info: index check proved (CVC5: 2 VC in max 0.0 seconds and 1 step)
--> resolver_verify.adb:36:32

 info: index check proved (CVC5: 2 VC in max 0.1 seconds and 251 steps)
--> resolver_verify.adb:36:34

 info: index check proved (CVC5: 2 VC in max 0.1 seconds and 1 step)
--> resolver_verify.adb:36:98

 info: range check proved (CVC5: 2 VC in max 0.1 seconds and 1 step)
--> resolver_verify.adb:37:68

 info: precondition proved (CVC5: 1 VC in max 0.0 seconds and 1 step)
--> resolver_verify.adb:48:07

 info: loop invariant initialization proved (CVC5: 3 VC in max 0.0 seconds and 1 step)
--> resolver_verify.adb:50:32

 info: loop invariant preservation proved (CVC5: 3 VC in max 0.0 seconds and 1 step)
--> resolver_verify.adb:50:32

 info: range check proved (CVC5: 2 VC in max 0.1 seconds and 1 step)
--> resolver_verify.adb:52:32

 info: overflow check proved (CVC5: 2 VC in max 0.1 seconds and 1 step)
--> resolver_verify.adb:58:64

 info: overflow check proved (CVC5: 2 VC in max 0.1 seconds and 1 step)
--> resolver_verify.adb:61:28

 info: initialization of "S" proved
--> resolver_verify.adb:69:07

 info: initialization of "V" proved
--> resolver_verify.adb:70:07

 info: initialization of "Pre_ID" proved
--> resolver_verify.adb:70:24

 info: initialization of "Post_ID" proved
--> resolver_verify.adb:70:32

 info: initialization of "Total" proved
--> resolver_verify.adb:70:51

 info: precondition proved (CVC5: 1 VC in max 0.0 seconds and 1 step)
--> resolver_verify.adb:80:25

 info: loop invariant initialization proved (CVC5: 1 VC in max 0.0 seconds and 1 step)
--> resolver_verify.adb:83:32

 info: loop invariant preservation proved (CVC5: 1 VC in max 0.0 seconds and 1 step)
--> resolver_verify.adb:83:32

 info: index check proved (CVC5: 2 VC in max 0.1 seconds and 10 steps)
--> resolver_verify.adb:86:78

 info: index check proved (CVC5: 2 VC in max 0.0 seconds and 1 step)
--> resolver_verify.adb:89:20

 info: index check proved (CVC5: 2 VC in max 0.0 seconds and 1 step)
--> resolver_verify.adb:90:26

 info: overflow check proved (CVC5: 2 VC in max 0.1 seconds and 65 steps)
--> resolver_verify.adb:92:26

 info: range check proved (CVC5: 2 VC in max 0.1 seconds and 1 step)
--> resolver_verify.adb:92:26

 info: precondition proved (CVC5: 1 VC in max 0.0 seconds and 1 step)
--> resolver_verify.adb:92:42

 info: index check proved (CVC5: 2 VC in max 0.0 seconds and 1 step)
--> resolver_verify.adb:95:26

 info: index check proved (CVC5: 2 VC in max 0.0 seconds and 1 step)
--> resolver_verify.adb:95:61

 info: index check proved (CVC5: 2 VC in max 0.0 seconds and 1 step)
--> resolver_verify.adb:96:39

 info: index check proved (CVC5: 2 VC in max 0.0 seconds and 1 step)
--> resolver_verify.adb:96:79

 info: index check proved (CVC5: 2 VC in max 0.0 seconds and 1 step)
--> resolver_verify.adb:98:30

 info: index check proved (CVC5: 2 VC in max 0.0 seconds and 1 step)
--> resolver_verify.adb:98:61

 info: index check proved (CVC5: 2 VC in max 0.0 seconds and 1 step)
--> resolver_verify.adb:99:39

 info: index check proved (CVC5: 2 VC in max 0.0 seconds and 1 step)
--> resolver_verify.adb:99:82

 info: index check proved (CVC5: 2 VC in max 0.0 seconds and 1 step)
--> resolver_verify.adb:101:30

 info: index check proved (CVC5: 2 VC in max 0.0 seconds and 1 step)
--> resolver_verify.adb:101:65

 info: index check proved (CVC5: 2 VC in max 0.0 seconds and 1 step)
--> resolver_verify.adb:102:43

 info: index check proved (CVC5: 2 VC in max 0.0 seconds and 1 step)
--> resolver_verify.adb:103:39

 info: index check proved (CVC5: 2 VC in max 0.0 seconds and 1 step)
--> resolver_verify.adb:103:79

 info: index check proved (CVC5: 2 VC in max 0.0 seconds and 1 step)
--> resolver_verify.adb:106:17

 info: overflow check proved (CVC5: 2 VC in max 0.1 seconds and 203 steps)
--> resolver_verify.adb:108:26

 info: range check proved (CVC5: 2 VC in max 0.0 seconds and 1 step)
--> resolver_verify.adb:108:26

 info: precondition proved (CVC5: 1 VC in max 0.1 seconds and 64 steps)
--> resolver_verify.adb:108:42

 info: precondition proved (CVC5: 1 VC in max 0.1 seconds and 69 steps)
--> resolver_verify.adb:110:13

 info: loop invariant initialization proved (CVC5: 1 VC in max 0.1 seconds and 228 steps)
--> resolver_verify.adb:116:32

 info: loop invariant preservation proved (CVC5: 1 VC in max 0.1 seconds and 1 step)
--> resolver_verify.adb:116:32

 info: initialization of "R" proved
--> resolver_verify.ads:7:07

 info: data dependencies proved
--> resolver_verify.ads:8:11

 info: postcondition proved (CVC5: 2 VC in max 0.1 seconds and 62 steps; Trivial: 1 VC in max 0.0 seconds and 2 steps)
--> resolver_verify.ads:8:35

 info: initialization of "R" proved
--> resolver_verify.ads:11:21

 info: data dependencies proved
--> resolver_verify.ads:12:11

 info: postcondition proved (CVC5: 1 VC in max 0.4 seconds and 683 steps)
--> resolver_verify.ads:12:35
 info: implicit aspect Always_Terminates on "Sign" has been proved, subprogram will terminate
--> resolver_proof.adb:6:13

 info: local subprogram "Spend" only analyzed in the context of calls [info-unrolling-inlining]
--> resolver_proof.adb:7:14
      + add a contract to analyze it separately from calling contexts

 info: range check proved (CVC5: 2 VC in max 0.0 seconds and 1 step), in call inlined at resolver_proof.adb:152
--> resolver_proof.adb:10:63

 info: range check proved (CVC5: 2 VC in max 0.0 seconds and 1 step), in call inlined at resolver_proof.adb:156
--> resolver_proof.adb:10:63

 info: range check proved (CVC5: 2 VC in max 0.1 seconds and 121 steps), in call inlined at resolver_proof.adb:165
--> resolver_proof.adb:10:63

 info: range check proved (CVC5: 2 VC in max 0.0 seconds and 1 step), in call inlined at resolver_proof.adb:189
--> resolver_proof.adb:10:63

 info: range check proved (CVC5: 2 VC in max 0.0 seconds and 1 step), in call inlined at resolver_proof.adb:28
--> resolver_proof.adb:10:63

 info: range check proved (CVC5: 2 VC in max 0.0 seconds and 1 step), in call inlined at resolver_proof.adb:86
--> resolver_proof.adb:10:63

 info: range check proved (CVC5: 2 VC in max 0.0 seconds and 1 step), in call inlined at resolver_proof.adb:95
--> resolver_proof.adb:10:63

 info: range check proved (CVC5: 2 VC in max 0.1 seconds and 1 step), in call inlined at resolver_proof.adb:100
--> resolver_proof.adb:10:63

 info: initialization of "N" proved
--> resolver_proof.adb:12:60

 info: initialization of "Used" proved
--> resolver_proof.adb:13:07

 info: initialization of "Tautology" proved
--> resolver_proof.adb:13:27

 info: initialization of "Status" proved
--> resolver_proof.adb:13:52

 info: postcondition proved (CVC5: 4 VC in max 0.1 seconds and 39 steps; Trivial: 1 VC in max 0.0 seconds and 2 steps)
--> resolver_proof.adb:16:17

 info: range check proved (CVC5: 2 VC in max 0.1 seconds and 1 step)
--> resolver_proof.adb:16:24

 info: index check proved (CVC5: 2 VC in max 0.1 seconds and 3 steps)
--> resolver_proof.adb:18:40

 info: index check proved (CVC5: 2 VC in max 0.1 seconds and 1 step)
--> resolver_proof.adb:18:61

 info: initialization of "V" proved
--> resolver_proof.adb:20:75

 info: initialization of "L" proved
--> resolver_proof.adb:20:88

 info: length check proved (CVC5: 3 VC in max 0.0 seconds and 1 step)
--> resolver_proof.adb:22:09

 info: range check proved (CVC5: 2 VC in max 0.0 seconds and 1 step)
--> resolver_proof.adb:23:11

 info: overflow check proved (CVC5: 2 VC in max 0.0 seconds and 1 step)
--> resolver_proof.adb:23:23

 info: loop invariant initialization proved (CVC5: 2 VC in max 0.0 seconds and 1 step)
--> resolver_proof.adb:25:32

 info: loop invariant preservation proved (CVC5: 2 VC in max 0.0 seconds and 1 step)
--> resolver_proof.adb:25:32

 info: overflow check proved (CVC5: 4 VC in max 0.0 seconds and 1 step)
--> resolver_proof.adb:25:39

 info: range check proved (CVC5: 4 VC in max 0.0 seconds and 1 step)
--> resolver_proof.adb:25:64

 info: loop invariant initialization proved (CVC5: 2 VC in max 0.0 seconds and 1 step)
--> resolver_proof.adb:26:32

 info: loop invariant preservation proved (CVC5: 2 VC in max 0.1 seconds and 1 step)
--> resolver_proof.adb:26:32

 info: index check proved (CVC5: 4 VC in max 0.1 seconds and 1 step)
--> resolver_proof.adb:26:58

 info: index check proved (CVC5: 4 VC in max 0.0 seconds and 1 step)
--> resolver_proof.adb:26:79

 info: analyzing call to "Spend" in context
--> resolver_proof.adb:28:10

 info: index check proved (CVC5: 2 VC in max 0.0 seconds and 1 step)
--> resolver_proof.adb:32:54

 info: index check proved (CVC5: 2 VC in max 0.0 seconds and 1 step)
--> resolver_proof.adb:33:35

 info: overflow check proved (CVC5: 2 VC in max 0.1 seconds and 1 step)
--> resolver_proof.adb:33:56

 info: index check proved (CVC5: 2 VC in max 0.0 seconds and 1 step)
--> resolver_proof.adb:33:64

 info: index check proved (CVC5: 2 VC in max 0.0 seconds and 1 step)
--> resolver_proof.adb:34:28

 info: index check proved (CVC5: 2 VC in max 0.0 seconds and 1 step)
--> resolver_proof.adb:36:54

 info: index check proved (CVC5: 2 VC in max 0.0 seconds and 1 step)
--> resolver_proof.adb:37:35

 info: overflow check proved (CVC5: 2 VC in max 0.1 seconds and 1 step)
--> resolver_proof.adb:37:56

 info: index check proved (CVC5: 2 VC in max 0.0 seconds and 1 step)
--> resolver_proof.adb:37:64

 info: index check proved (CVC5: 2 VC in max 0.0 seconds and 1 step)
--> resolver_proof.adb:38:28

 info: initialization of "Status" proved
--> resolver_proof.adb:42:71

 info: range check proved (CVC5: 2 VC in max 0.0 seconds and 1 step)
--> resolver_proof.adb:47:40

 info: range check proved (CVC5: 2 VC in max 0.0 seconds and 1 step)
--> resolver_proof.adb:48:24

 info: index check proved (CVC5: 2 VC in max 0.0 seconds and 1 step)
--> resolver_proof.adb:49:19

 info: predicate check proved (CVC5: 1 VC in max 0.0 seconds and 1 step)
--> resolver_proof.adb:49:29

 info: range check proved (CVC5: 2 VC in max 0.0 seconds and 1 step)
--> resolver_proof.adb:49:73

 info: loop invariant initialization proved (CVC5: 1 VC in max 0.0 seconds and 1 step)
--> resolver_proof.adb:51:32

 info: loop invariant preservation proved (CVC5: 1 VC in max 0.0 seconds and 1 step)
--> resolver_proof.adb:51:32

 info: overflow check proved (CVC5: 4 VC in max 0.0 seconds and 1 step)
--> resolver_proof.adb:51:64

 info: overflow check proved (CVC5: 4 VC in max 0.0 seconds and 1 step)
--> resolver_proof.adb:51:67

 info: range check proved (CVC5: 2 VC in max 0.1 seconds and 1 step)
--> resolver_proof.adb:52:35

 info: index check proved (CVC5: 2 VC in max 0.0 seconds and 1 step)
--> resolver_proof.adb:52:49

 info: initialization of "N" proved
--> resolver_proof.adb:60:49

 info: initialization of "Count" proved
--> resolver_proof.adb:60:72

 info: initialization of "Taut" proved
--> resolver_proof.adb:60:89

 info: cannot unroll loop (too many loop iterations) [info-unrolling-inlining]
--> resolver_proof.adb:66:32

 info: predicate check proved (CVC5: 1 VC in max 0.0 seconds and 1 step)
--> resolver_proof.adb:66:54

 info: cannot unroll loop (too many loop iterations) [info-unrolling-inlining]
--> resolver_proof.adb:67:29

 info: cannot unroll loop (too many loop iterations) [info-unrolling-inlining]
--> resolver_proof.adb:68:29

 info: unrolling loop [info-unrolling-inlining]
--> resolver_proof.adb:69:44

 info: precondition proved (CVC5: 1 VC in max 0.0 seconds and 1 step)
--> resolver_proof.adb:70:10

 info: range check proved (CVC5: 4 VC in max 0.0 seconds and 1 step)
--> resolver_proof.adb:70:21

 info: precondition proved (CVC5: 1 VC in max 0.1 seconds and 88 steps)
--> resolver_proof.adb:73:10

 info: range check proved (CVC5: 4 VC in max 0.1 seconds and 1 step)
--> resolver_proof.adb:73:34

 info: initialization of "Yes" proved
--> resolver_proof.adb:77:47

 info: initialization of "Status" proved
--> resolver_proof.adb:78:07

 info: initialization of "V" proved
--> resolver_proof.adb:79:40

 info: initialization of "Changed" proved
--> resolver_proof.adb:79:53

 info: initialization of "Satisfied" proved
--> resolver_proof.adb:79:62

 info: no contextual analysis of "RUP" (subtype declaration with predicate)
--> resolver_proof.adb:80:07

 info: initialization of "Unassigned" proved
--> resolver_proof.adb:81:07

 info: predicate check proved (CVC5: 1 VC in max 0.0 seconds and 1 step)
--> resolver_proof.adb:82:41

 info: cannot unroll loop (too many loop iterations) [info-unrolling-inlining]
--> resolver_proof.adb:85:18

 info: analyzing call to "Spend" in context
--> resolver_proof.adb:86:10

 info: index check proved (CVC5: 2 VC in max 0.0 seconds and 1 step)
--> resolver_proof.adb:89:16

 info: index check proved (CVC5: 2 VC in max 0.0 seconds and 1 step)
--> resolver_proof.adb:90:13

 info: overflow check proved (CVC5: 2 VC in max 0.0 seconds and 1 step)
--> resolver_proof.adb:90:19

 info: range check proved (CVC5: 2 VC in max 0.0 seconds and 1 step)
--> resolver_proof.adb:90:19

 info: cannot unroll loop (too many loop iterations) [info-unrolling-inlining]
--> resolver_proof.adb:92:37

 info: cannot unroll loop (too many loop iterations) [info-unrolling-inlining]
--> resolver_proof.adb:94:31

 info: analyzing call to "Spend" in context
--> resolver_proof.adb:95:13

 info: loop invariant initialization proved (CVC5: 1 VC in max 0.0 seconds and 1 step)
--> resolver_proof.adb:99:41

 info: loop invariant preservation proved (CVC5: 1 VC in max 0.0 seconds and 77 steps)
--> resolver_proof.adb:99:41

 info: analyzing call to "Spend" in context
--> resolver_proof.adb:100:19

 info: overflow check proved (CVC5: 2 VC in max 0.1 seconds and 1 step)
--> resolver_proof.adb:101:80

 info: index check proved (CVC5: 2 VC in max 0.1 seconds and 3 steps)
--> resolver_proof.adb:101:80

 info: index check proved (CVC5: 2 VC in max 0.0 seconds and 18 steps)
--> resolver_proof.adb:104:28

 info: index check proved (CVC5: 2 VC in max 0.1 seconds and 1 step)
--> resolver_proof.adb:105:28

 info: range check proved (CVC5: 2 VC in max 0.0 seconds and 38 steps)
--> resolver_proof.adb:105:65

 info: predicate check proved (CVC5: 1 VC in max 0.0 seconds and 34 steps)
--> resolver_proof.adb:105:86

 info: index check proved (CVC5: 2 VC in max 0.1 seconds and 154 steps)
--> resolver_proof.adb:111:25

 info: range check proved (CVC5: 2 VC in max 0.0 seconds and 142 steps)
--> resolver_proof.adb:111:46

 info: initialization of "N" proved
--> resolver_proof.adb:124:07

 info: initialization of "Count" proved
--> resolver_proof.adb:126:07

 info: initialization of "RC" proved
--> resolver_proof.adb:126:24

 info: initialization of "Taut" proved
--> resolver_proof.adb:127:07

 info: initialization of "Yes" proved
--> resolver_proof.adb:127:13

 info: initialization of "Found" proved
--> resolver_proof.adb:127:18

 info: initialization of "RT" proved
--> resolver_proof.adb:127:25

 info: initialization of "Pivot" proved
--> resolver_proof.adb:127:39

 info: initialization of "Seen" proved
--> resolver_proof.adb:128:07

 info: local subprogram "Insert" only analyzed in the context of calls [info-unrolling-inlining]
--> resolver_proof.adb:129:17
      + add a contract to analyze it separately from calling contexts

 info: range check proved (CVC5: 2 VC in max 0.1 seconds and 19 steps), in call inlined at resolver_proof.adb:162
--> resolver_proof.adb:130:34

 info: range check proved (CVC5: 2 VC in max 0.1 seconds and 225 steps), in call inlined at resolver_proof.adb:167
--> resolver_proof.adb:130:34

 info: index check proved (CVC5: 2 VC in max 0.1 seconds and 83 steps), in call inlined at resolver_proof.adb:162
--> resolver_proof.adb:133:19

 info: index check proved (CVC5: 2 VC in max 0.1 seconds and 291 steps), in call inlined at resolver_proof.adb:167
--> resolver_proof.adb:133:19

 info: overflow check proved (CVC5: 2 VC in max 0.0 seconds and 25 steps), in call inlined at resolver_proof.adb:162
--> resolver_proof.adb:133:24

 info: overflow check proved (CVC5: 2 VC in max 0.1 seconds and 219 steps), in call inlined at resolver_proof.adb:167
--> resolver_proof.adb:133:24

 info: index check proved (CVC5: 2 VC in max 0.0 seconds and 1 step), in call inlined at resolver_proof.adb:162
--> resolver_proof.adb:134:19

 info: index check proved (CVC5: 2 VC in max 0.0 seconds and 1 step), in call inlined at resolver_proof.adb:167
--> resolver_proof.adb:134:19

 info: range check proved (CVC5: 2 VC in max 0.0 seconds and 81 steps), in call inlined at resolver_proof.adb:162
--> resolver_proof.adb:136:22

 info: range check proved (CVC5: 2 VC in max 0.1 seconds and 280 steps), in call inlined at resolver_proof.adb:167
--> resolver_proof.adb:136:22

 info: index check proved (CVC5: 2 VC in max 0.0 seconds and 1 step), in call inlined at resolver_proof.adb:162
--> resolver_proof.adb:136:38

 info: index check proved (CVC5: 2 VC in max 0.0 seconds and 1 step), in call inlined at resolver_proof.adb:167
--> resolver_proof.adb:136:38

 info: index check proved (CVC5: 2 VC in max 0.0 seconds and 1 step), in call inlined at resolver_proof.adb:162
--> resolver_proof.adb:138:16

 info: index check proved (CVC5: 2 VC in max 0.0 seconds and 1 step), in call inlined at resolver_proof.adb:167
--> resolver_proof.adb:138:16

 info: range check proved (CVC5: 2 VC in max 0.1 seconds and 79 steps), in call inlined at resolver_proof.adb:162
--> resolver_proof.adb:138:22

 info: range check proved (CVC5: 2 VC in max 0.1 seconds and 269 steps), in call inlined at resolver_proof.adb:167
--> resolver_proof.adb:138:22

 info: precondition proved (CVC5: 1 VC in max 0.0 seconds and 1 step)
--> resolver_proof.adb:143:07

 info: precondition proved (CVC5: 1 VC in max 0.1 seconds and 1 step)
--> resolver_proof.adb:144:20

 info: range check proved (CVC5: 4 VC in max 0.0 seconds and 1 step)
--> resolver_proof.adb:144:35

 info: range check proved (CVC5: 4 VC in max 0.0 seconds and 1 step)
--> resolver_proof.adb:145:15

 info: precondition proved (CVC5: 1 VC in max 0.0 seconds and 1 step)
--> resolver_proof.adb:146:19

 info: range check proved (CVC5: 4 VC in max 0.0 seconds and 1 step)
--> resolver_proof.adb:146:34

 info: cannot unroll loop (too many loop iterations) [info-unrolling-inlining]
--> resolver_proof.adb:151:28

 info: analyzing call to "Spend" in context
--> resolver_proof.adb:152:10

 info: cannot unroll loop (too many loop iterations) [info-unrolling-inlining]
--> resolver_proof.adb:155:48

 info: analyzing call to "Spend" in context
--> resolver_proof.adb:156:16

 info: overflow check proved (CVC5: 2 VC in max 0.0 seconds and 1 step)
--> resolver_proof.adb:157:48

 info: index check proved (CVC5: 2 VC in max 0.1 seconds and 1 step)
--> resolver_proof.adb:157:48

 info: cannot unroll loop (too many loop iterations) [info-unrolling-inlining]
--> resolver_proof.adb:161:36

 info: analyzing call to "Insert" in context
--> resolver_proof.adb:162:19

 info: index check proved (CVC5: 2 VC in max 0.0 seconds and 1 step)
--> resolver_proof.adb:162:30

 info: cannot unroll loop (too many loop iterations) [info-unrolling-inlining]
--> resolver_proof.adb:164:51

 info: analyzing call to "Spend" in context
--> resolver_proof.adb:165:19

 info: overflow check proved (CVC5: 2 VC in max 0.1 seconds and 160 steps)
--> resolver_proof.adb:166:80

 info: index check proved (CVC5: 2 VC in max 0.1 seconds and 256 steps)
--> resolver_proof.adb:166:80

 info: analyzing call to "Insert" in context
--> resolver_proof.adb:167:42

 info: range check proved (CVC5: 4 VC in max 0.1 seconds and 304 steps)
--> resolver_proof.adb:171:27

 info: precondition proved (CVC5: 1 VC in max 0.1 seconds and 455 steps)
--> resolver_proof.adb:177:07

 info: range check proved (CVC5: 4 VC in max 0.1 seconds and 198 steps)
--> resolver_proof.adb:177:22

 info: range check proved (CVC5: 2 VC in max 0.0 seconds and 1 step)
--> resolver_proof.adb:182:44

 info: initialization of "M" proved
--> resolver_proof.adb:183:07

 info: loop variant proved (CVC5: 1 VC in max 0.0 seconds and 1 step)
--> resolver_proof.adb:188:30

 info: analyzing call to "Spend" in context
--> resolver_proof.adb:189:10

 info: range check proved (CVC5: 2 VC in max 0.0 seconds and 1 step)
--> resolver_proof.adb:190:17

 info: division check proved (CVC5: 1 VC in max 0.0 seconds and 1 step)
--> resolver_proof.adb:190:27

 info: predicate check proved (CVC5: 1 VC in max 0.0 seconds and 1 step)
--> resolver_proof.adb:193:26

 info: initialization of "D" proved
--> resolver_proof.ads:13:52

 info: initialization of "Status" proved
--> resolver_proof.ads:14:07

 info: data dependencies proved
--> resolver_proof.ads:14:57

 info: initialization of "Status" proved
--> resolver_proof.ads:16:07

 info: data dependencies proved
--> resolver_proof.ads:16:57

 info: initialization of "Status" proved
--> resolver_proof.ads:18:07

 info: data dependencies proved
--> resolver_proof.ads:18:57

 info: implicit aspect Always_Terminates on "Refuted" has been proved, subprogram will terminate
--> resolver_proof.ads:19:13

 info: data dependencies proved
--> resolver_proof.ads:19:56

 info: implicit aspect Always_Terminates on "Last_ID" has been proved, subprogram will terminate
--> resolver_proof.ads:20:13

 info: data dependencies proved
--> resolver_proof.ads:20:56

 info: predicate check proved on default value (CVC5: 1 VC in max 0.0 seconds and 1 step)
--> resolver_proof.ads:32:07
      + in default initialization of array component at resolver_proof.ads:22
      + in default initialization of component "Clauses" at resolver_proof.ads:32
      + in default value of private type at resolver_proof.ads:12
 info: local subprogram "Append" only analyzed in the context of calls [info-unrolling-inlining]
--> resolver_builder.adb:3:14
      + add a contract to analyze it separately from calling contexts

 info: initialization of "ID" proved
--> resolver_builder.adb:3:64

 info: initialization of "Status" proved
--> resolver_builder.adb:3:82

 info: range check proved (CVC5: 2 VC in max 0.0 seconds and 1 step), in call inlined at resolver_builder.adb:9
--> resolver_builder.adb:6:36

 info: range check proved (CVC5: 2 VC in max 0.0 seconds and 1 step), in call inlined at resolver_builder.adb:13
--> resolver_builder.adb:6:36

 info: range check proved (CVC5: 2 VC in max 0.0 seconds and 1 step), in call inlined at resolver_builder.adb:18
--> resolver_builder.adb:6:36

 info: range check proved (CVC5: 2 VC in max 0.0 seconds and 1 step), in call inlined at resolver_builder.adb:25
--> resolver_builder.adb:6:36

 info: index check proved (CVC5: 2 VC in max 0.1 seconds and 1 step), in call inlined at resolver_builder.adb:9
--> resolver_builder.adb:6:51

 info: index check proved (CVC5: 2 VC in max 0.0 seconds and 1 step), in call inlined at resolver_builder.adb:13
--> resolver_builder.adb:6:51

 info: index check proved (CVC5: 2 VC in max 0.0 seconds and 1 step), in call inlined at resolver_builder.adb:18
--> resolver_builder.adb:6:51

 info: index check proved (CVC5: 2 VC in max 0.0 seconds and 1 step), in call inlined at resolver_builder.adb:25
--> resolver_builder.adb:6:51

 info: analyzing call to "Append" in context
--> resolver_builder.adb:9:10

 info: analyzing call to "Append" in context
--> resolver_builder.adb:13:07

 info: analyzing call to "Append" in context
--> resolver_builder.adb:18:07

 info: analyzing call to "Append" in context
--> resolver_builder.adb:25:07

 info: range check proved (CVC5: 2 VC in max 0.0 seconds and 1 step)
--> resolver_builder.adb:33:36

 info: index check proved (CVC5: 2 VC in max 0.0 seconds and 1 step)
--> resolver_builder.adb:33:51

 info: initialization of "ID" proved
--> resolver_builder.ads:5:70

 info: initialization of "Status" proved
--> resolver_builder.ads:5:88

 info: data dependencies proved
--> resolver_builder.ads:5:115

 info: initialization of "ID" proved
--> resolver_builder.ads:6:61

 info: initialization of "Status" proved
--> resolver_builder.ads:6:79

 info: data dependencies proved
--> resolver_builder.ads:6:106

 info: initialization of "ID" proved
--> resolver_builder.ads:7:56

 info: initialization of "Status" proved
--> resolver_builder.ads:7:74

 info: data dependencies proved
--> resolver_builder.ads:7:101

 info: initialization of "ID" proved
--> resolver_builder.ads:9:07

 info: initialization of "Status" proved
--> resolver_builder.ads:9:25

 info: data dependencies proved
--> resolver_builder.ads:9:52

 info: initialization of "Status" proved
--> resolver_builder.ads:11:24

 info: data dependencies proved
--> resolver_builder.ads:11:51
 info: initialization of "P" proved
--> resolver_wire.adb:8:07

 info: overflow check proved (CVC5: 2 VC in max 0.0 seconds and 1 step)
--> resolver_wire.adb:10:60

 info: postcondition proved (CVC5: 1 VC in max 0.0 seconds and 1 step)
--> resolver_wire.adb:11:17

 info: overflow check proved (CVC5: 2 VC in max 0.0 seconds and 1 step)
--> resolver_wire.adb:11:24

 info: precondition proved (CVC5: 3 VC in max 0.0 seconds and 1 step)
--> resolver_wire.adb:12:24

 info: overflow check proved (CVC5: 2 VC in max 0.0 seconds and 1 step)
--> resolver_wire.adb:12:56

 info: overflow check proved (CVC5: 2 VC in max 0.0 seconds and 1 step)
--> resolver_wire.adb:14:60

 info: postcondition proved (CVC5: 1 VC in max 0.0 seconds and 1 step)
--> resolver_wire.adb:15:17

 info: overflow check proved (CVC5: 2 VC in max 0.0 seconds and 1 step)
--> resolver_wire.adb:15:24

 info: precondition proved (CVC5: 3 VC in max 0.0 seconds and 1 step)
--> resolver_wire.adb:16:24

 info: overflow check proved (CVC5: 2 VC in max 0.0 seconds and 1 step)
--> resolver_wire.adb:16:56

 info: overflow check proved (CVC5: 2 VC in max 0.0 seconds and 1 step)
--> resolver_wire.adb:18:60

 info: postcondition proved (CVC5: 1 VC in max 0.0 seconds and 1 step)
--> resolver_wire.adb:19:17

 info: overflow check proved (CVC5: 2 VC in max 0.0 seconds and 1 step)
--> resolver_wire.adb:19:24

 info: range check proved (CVC5: 4 VC in max 0.0 seconds and 1 step)
--> resolver_wire.adb:20:16

 info: index check proved (CVC5: 2 VC in max 0.0 seconds and 1 step)
--> resolver_wire.adb:20:19

 info: overflow check proved (CVC5: 2 VC in max 0.0 seconds and 1 step)
--> resolver_wire.adb:20:26

 info: index check proved (CVC5: 2 VC in max 0.0 seconds and 1 step)
--> resolver_wire.adb:20:26

 info: length check proved (CVC5: 3 VC in max 0.0 seconds and 1 step)
--> resolver_wire.adb:20:32

 info: length check proved (CVC5: 3 VC in max 0.0 seconds and 1 step)
--> resolver_wire.adb:20:35

 info: overflow check proved (CVC5: 2 VC in max 0.0 seconds and 1 step)
--> resolver_wire.adb:20:45

 info: length check proved (CVC5: 3 VC in max 0.0 seconds and 1 step)
--> resolver_wire.adb:22:09

 info: range check proved (CVC5: 2 VC in max 0.1 seconds and 1 step)
--> resolver_wire.adb:24:11

 info: index check proved (CVC5: 2 VC in max 0.1 seconds and 94 steps)
--> resolver_wire.adb:25:10

 info: index check proved (CVC5: 2 VC in max 0.1 seconds and 26 steps)
--> resolver_wire.adb:25:15

 info: length check proved (CVC5: 3 VC in max 0.1 seconds and 23 steps)
--> resolver_wire.adb:25:21

 info: precondition proved (CVC5: 4 VC in max 0.1 seconds and 76 steps)
--> resolver_wire.adb:26:07

 info: precondition proved (CVC5: 4 VC in max 0.1 seconds and 86 steps)
--> resolver_wire.adb:26:27

 info: precondition proved (CVC5: 4 VC in max 0.1 seconds and 97 steps)
--> resolver_wire.adb:26:47

 info: precondition proved (CVC5: 4 VC in max 0.1 seconds and 109 steps)
--> resolver_wire.adb:26:71

 info: precondition proved (CVC5: 4 VC in max 0.1 seconds and 122 steps)
--> resolver_wire.adb:27:07

 info: precondition proved (CVC5: 4 VC in max 0.1 seconds and 136 steps)
--> resolver_wire.adb:27:34

 info: precondition proved (CVC5: 4 VC in max 0.1 seconds and 151 steps)
--> resolver_wire.adb:27:66

 info: precondition proved (CVC5: 4 VC in max 0.1 seconds and 167 steps)
--> resolver_wire.adb:27:95

 info: precondition proved (CVC5: 4 VC in max 0.1 seconds and 186 steps)
--> resolver_wire.adb:28:07

 info: precondition proved (CVC5: 4 VC in max 0.1 seconds and 205 steps)
--> resolver_wire.adb:28:33

 info: precondition proved (CVC5: 4 VC in max 0.1 seconds and 226 steps)
--> resolver_wire.adb:28:51

 info: precondition proved (CVC5: 4 VC in max 0.1 seconds and 249 steps)
--> resolver_wire.adb:28:69

 info: precondition proved (CVC5: 4 VC in max 0.1 seconds and 272 steps)
--> resolver_wire.adb:28:87

 info: precondition proved (CVC5: 4 VC in max 0.1 seconds and 298 steps)
--> resolver_wire.adb:29:07

 info: precondition proved (CVC5: 4 VC in max 0.1 seconds and 324 steps)
--> resolver_wire.adb:29:30

 info: loop invariant preservation proved (CVC5: 1 VC in max 0.1 seconds and 51 steps)
--> resolver_wire.adb:31:32

 info: loop invariant initialization proved (CVC5: 1 VC in max 0.0 seconds and 1 step)
--> resolver_wire.adb:31:32

 info: overflow check proved (CVC5: 4 VC in max 0.0 seconds and 60 steps)
--> resolver_wire.adb:31:47

 info: overflow check proved (CVC5: 4 VC in max 0.1 seconds and 565 steps)
--> resolver_wire.adb:31:53

 info: precondition proved (CVC5: 4 VC in max 0.1 seconds and 412 steps)
--> resolver_wire.adb:33:13

 info: precondition proved (CVC5: 4 VC in max 0.1 seconds and 426 steps)
--> resolver_wire.adb:33:32

 info: precondition proved (CVC5: 4 VC in max 0.1 seconds and 440 steps)
--> resolver_wire.adb:33:53

 info: index check proved (CVC5: 2 VC in max 0.1 seconds and 485 steps)
--> resolver_wire.adb:34:16

 info: overflow check proved (CVC5: 2 VC in max 0.1 seconds and 346 steps)
--> resolver_wire.adb:34:62

 info: index check proved (CVC5: 2 VC in max 0.1 seconds and 504 steps)
--> resolver_wire.adb:34:62

 info: overflow check proved (CVC5: 2 VC in max 0.1 seconds and 1 step)
--> resolver_wire.adb:35:18

 info: index check proved (CVC5: 2 VC in max 0.1 seconds and 534 steps)
--> resolver_wire.adb:35:18

 info: overflow check proved (CVC5: 2 VC in max 0.0 seconds and 1 step)
--> resolver_wire.adb:35:68

 info: index check proved (CVC5: 2 VC in max 0.1 seconds and 600 steps)
--> resolver_wire.adb:35:68

 info: overflow check proved (CVC5: 2 VC in max 0.1 seconds and 1 step)
--> resolver_wire.adb:35:105

 info: precondition proved (CVC5: 4 VC in max 0.1 seconds and 672 steps)
--> resolver_wire.adb:36:13

 info: precondition proved (CVC5: 4 VC in max 0.1 seconds and 696 steps)
--> resolver_wire.adb:36:35

 info: precondition proved (CVC5: 4 VC in max 0.1 seconds and 723 steps)
--> resolver_wire.adb:36:50

 info: precondition proved (CVC5: 4 VC in max 0.1 seconds and 750 steps)
--> resolver_wire.adb:36:66

 info: precondition proved (CVC5: 4 VC in max 0.1 seconds and 779 steps)
--> resolver_wire.adb:36:84

 info: loop invariant initialization proved (CVC5: 1 VC in max 0.1 seconds and 685 steps)
--> resolver_wire.adb:40:32

 info: loop invariant preservation proved (CVC5: 1 VC in max 0.1 seconds and 128 steps)
--> resolver_wire.adb:40:32

 info: overflow check proved (CVC5: 4 VC in max 0.2 seconds and 714 steps)
--> resolver_wire.adb:40:64

 info: overflow check proved (CVC5: 4 VC in max 0.1 seconds and 706 steps)
--> resolver_wire.adb:40:70

 info: precondition proved (CVC5: 4 VC in max 0.2 seconds and 831 steps)
--> resolver_wire.adb:41:10

 info: precondition proved (CVC5: 4 VC in max 0.1 seconds and 845 steps)
--> resolver_wire.adb:41:45

 info: precondition proved (CVC5: 4 VC in max 0.1 seconds and 861 steps)
--> resolver_wire.adb:41:70

 info: precondition proved (CVC5: 4 VC in max 0.2 seconds and 878 steps)
--> resolver_wire.adb:41:92

 info: loop invariant initialization proved (CVC5: 1 VC in max 0.3 seconds and 807 steps)
--> resolver_wire.adb:44:32

 info: loop invariant preservation proved (CVC5: 1 VC in max 0.1 seconds and 177 steps)
--> resolver_wire.adb:44:32

 info: overflow check proved (CVC5: 4 VC in max 0.1 seconds and 811 steps)
--> resolver_wire.adb:44:80

 info: overflow check proved (CVC5: 4 VC in max 0.1 seconds and 802 steps)
--> resolver_wire.adb:44:86

 info: precondition proved (CVC5: 4 VC in max 0.1 seconds and 949 steps)
--> resolver_wire.adb:45:10

 info: precondition proved (CVC5: 4 VC in max 0.1 seconds and 964 steps)
--> resolver_wire.adb:45:37

 info: precondition proved (CVC5: 4 VC in max 0.1 seconds and 978 steps)
--> resolver_wire.adb:45:77

 info: loop invariant preservation proved (CVC5: 1 VC in max 0.1 seconds and 247 steps)
--> resolver_wire.adb:48:32

 info: loop invariant initialization proved (CVC5: 1 VC in max 0.1 seconds and 908 steps)
--> resolver_wire.adb:48:32

 info: overflow check proved (CVC5: 4 VC in max 0.1 seconds and 956 steps)
--> resolver_wire.adb:48:96

 info: overflow check proved (CVC5: 4 VC in max 0.1 seconds and 945 steps)
--> resolver_wire.adb:48:102

 info: precondition proved (CVC5: 4 VC in max 0.1 seconds and 868 steps)
--> resolver_wire.adb:49:10

 info: precondition proved (CVC5: 4 VC in max 0.1 seconds and 881 steps)
--> resolver_wire.adb:49:37

 info: precondition proved (CVC5: 4 VC in max 0.1 seconds and 896 steps)
--> resolver_wire.adb:49:63

 info: precondition proved (CVC5: 4 VC in max 0.1 seconds and 915 steps)
--> resolver_wire.adb:50:10

 info: precondition proved (CVC5: 4 VC in max 0.1 seconds and 933 steps)
--> resolver_wire.adb:50:34

 info: initialization of "Value" proved
--> resolver_wire.adb:56:37

 info: postcondition proved (CVC5: 3 VC in max 0.0 seconds and 1 step; Trivial: 1 VC in max 0.0 seconds and 2 steps; altergo: 1 VC in max 0.0 seconds and 151 steps)
--> resolver_wire.adb:58:17

 info: initialization of "X" proved
--> resolver_wire.adb:61:10

 info: overflow check proved (CVC5: 2 VC in max 0.0 seconds and 1 step)
--> resolver_wire.adb:64:39

 info: precondition proved (CVC5: 3 VC in max 0.0 seconds and 1 step)
--> resolver_wire.adb:65:23

 info: range check proved (CVC5: 2 VC in max 0.0 seconds and 1 step)
--> resolver_wire.adb:65:43

 info: range check proved (CVC5: 2 VC in max 0.1 seconds and 1 step)
--> resolver_wire.adb:66:79

 info: initialization of "Value" proved
--> resolver_wire.adb:68:20

 info: postcondition proved (CVC5: 3 VC in max 0.0 seconds and 1 step; Trivial: 1 VC in max 0.0 seconds and 2 steps)
--> resolver_wire.adb:70:17

 info: initialization of "X" proved
--> resolver_wire.adb:72:10

 info: overflow check proved (CVC5: 2 VC in max 0.0 seconds and 1 step)
--> resolver_wire.adb:75:39

 info: precondition proved (CVC5: 3 VC in max 0.0 seconds and 1 step)
--> resolver_wire.adb:76:23

 info: range check proved (CVC5: 2 VC in max 0.0 seconds and 1 step)
--> resolver_wire.adb:76:43

 info: range check proved (CVC5: 2 VC in max 0.0 seconds and 1 step)
--> resolver_wire.adb:77:86

 info: initialization of "Value" proved
--> resolver_wire.adb:79:20

 info: postcondition proved (CVC5: 3 VC in max 0.0 seconds and 1 step; Trivial: 1 VC in max 0.0 seconds and 2 steps)
--> resolver_wire.adb:81:17

 info: overflow check proved (CVC5: 2 VC in max 0.1 seconds and 1 step)
--> resolver_wire.adb:85:39

 info: range check proved (CVC5: 4 VC in max 0.0 seconds and 1 step)
--> resolver_wire.adb:86:19

 info: length check proved (CVC5: 3 VC in max 0.0 seconds and 1 step)
--> resolver_wire.adb:86:19

 info: range check proved (CVC5: 2 VC in max 0.0 seconds and 1 step)
--> resolver_wire.adb:86:43

 info: initialization of "Value" proved
--> resolver_wire.adb:88:43

 info: postcondition proved (CVC5: 4 VC in max 5.8 seconds and 76022 steps; Trivial: 1 VC in max 0.0 seconds and 2 steps)
--> resolver_wire.adb:90:17

 info: initialization of "X" proved
--> resolver_wire.adb:93:10

 info: index check proved (CVC5: 2 VC in max 0.0 seconds and 1 step)
--> resolver_wire.adb:97:18

 info: range check proved (CVC5: 2 VC in max 0.0 seconds and 1 step)
--> resolver_wire.adb:97:29

 info: initialization of "Small" proved
--> resolver_wire.adb:100:07

 info: range check proved (CVC5: 4 VC in max 0.0 seconds and 1 step)
--> resolver_wire.adb:104:18

 info: precondition proved (CVC5: 2 VC in max 0.0 seconds and 1 step)
--> resolver_wire.adb:105:07

 info: precondition proved (CVC5: 2 VC in max 0.0 seconds and 1 step)
--> resolver_wire.adb:105:27

 info: precondition proved (CVC5: 2 VC in max 0.0 seconds and 1 step)
--> resolver_wire.adb:105:47

 info: precondition proved (CVC5: 2 VC in max 0.0 seconds and 1 step)
--> resolver_wire.adb:105:71

 info: precondition proved (CVC5: 2 VC in max 0.1 seconds and 1 step)
--> resolver_wire.adb:106:07

 info: precondition proved (CVC5: 2 VC in max 0.0 seconds and 1 step)
--> resolver_wire.adb:106:34

 info: precondition proved (CVC5: 2 VC in max 0.0 seconds and 1 step)
--> resolver_wire.adb:107:07

 info: precondition proved (CVC5: 2 VC in max 0.0 seconds and 1 step)
--> resolver_wire.adb:107:36

 info: precondition proved (CVC5: 2 VC in max 0.0 seconds and 1 step)
--> resolver_wire.adb:108:07

 info: precondition proved (CVC5: 2 VC in max 0.0 seconds and 1 step)
--> resolver_wire.adb:108:33

 info: range check proved (CVC5: 2 VC in max 0.0 seconds and 1 step)
--> resolver_wire.adb:108:47
      + in value of subprogram parameter after the call at resolver_wire.adb:108

 info: precondition proved (CVC5: 2 VC in max 0.0 seconds and 1 step)
--> resolver_wire.adb:108:61

 info: range check proved (CVC5: 2 VC in max 0.0 seconds and 1 step)
--> resolver_wire.adb:108:75
      + in value of subprogram parameter after the call at resolver_wire.adb:108

 info: precondition proved (CVC5: 2 VC in max 0.1 seconds and 1 step)
--> resolver_wire.adb:109:07

 info: range check proved (CVC5: 2 VC in max 0.1 seconds and 1 step)
--> resolver_wire.adb:109:21
      + in value of subprogram parameter after the call at resolver_wire.adb:109

 info: precondition proved (CVC5: 2 VC in max 0.0 seconds and 1 step)
--> resolver_wire.adb:109:35

 info: range check proved (CVC5: 2 VC in max 0.0 seconds and 1 step)
--> resolver_wire.adb:109:50
      + in value of subprogram parameter after the call at resolver_wire.adb:109

 info: precondition proved (CVC5: 2 VC in max 0.0 seconds and 1 step)
--> resolver_wire.adb:110:07

 info: range check proved (CVC5: 2 VC in max 0.0 seconds and 1 step)
--> resolver_wire.adb:110:21
      + in value of subprogram parameter after the call at resolver_wire.adb:110

 info: precondition proved (CVC5: 2 VC in max 0.0 seconds and 1 step)
--> resolver_wire.adb:110:40

 info: range check proved (CVC5: 2 VC in max 0.1 seconds and 225 steps)
--> resolver_wire.adb:111:23

 info: cannot unroll loop (too many loop iterations) [info-unrolling-inlining]
--> resolver_wire.adb:112:34

 info: precondition proved (CVC5: 2 VC in max 0.2 seconds and 287 steps)
--> resolver_wire.adb:113:10

 info: precondition proved (CVC5: 2 VC in max 0.2 seconds and 305 steps)
--> resolver_wire.adb:113:39

 info: precondition proved (CVC5: 2 VC in max 0.3 seconds and 320 steps)
--> resolver_wire.adb:113:70

 info: precondition proved (CVC5: 2 VC in max 0.2 seconds and 336 steps)
--> resolver_wire.adb:114:10

 info: range check proved (CVC5: 1 VC in max 0.3 seconds and 737 steps)
--> resolver_wire.adb:114:77

 info: precondition proved (CVC5: 2 VC in max 0.2 seconds and 354 steps)
--> resolver_wire.adb:115:10

 info: range check proved (CVC5: 1 VC in max 0.3 seconds and 769 steps)
--> resolver_wire.adb:115:69

 info: precondition proved (CVC5: 2 VC in max 0.2 seconds and 373 steps)
--> resolver_wire.adb:116:10

 info: range check proved (CVC5: 1 VC in max 0.3 seconds and 798 steps)
--> resolver_wire.adb:116:79

 info: precondition proved (CVC5: 2 VC in max 0.2 seconds and 392 steps)
--> resolver_wire.adb:117:10

 info: range check proved (CVC5: 2 VC in max 0.0 seconds and 1 step)
--> resolver_wire.adb:117:64

 info: precondition proved (CVC5: 2 VC in max 0.2 seconds and 412 steps)
--> resolver_wire.adb:117:72

 info: precondition proved (CVC5: 2 VC in max 0.3 seconds and 432 steps)
--> resolver_wire.adb:118:10

 info: range check proved (CVC5: 2 VC in max 0.0 seconds and 1 step)
--> resolver_wire.adb:118:34
      + in value of subprogram parameter after the call at resolver_wire.adb:118

 info: precondition proved (CVC5: 2 VC in max 0.2 seconds and 453 steps)
--> resolver_wire.adb:118:45

 info: range check proved (CVC5: 2 VC in max 0.0 seconds and 1 step)
--> resolver_wire.adb:118:69
      + in value of subprogram parameter after the call at resolver_wire.adb:118

 info: precondition proved (CVC5: 2 VC in max 0.2 seconds and 475 steps)
--> resolver_wire.adb:119:10

 info: range check proved (CVC5: 2 VC in max 0.0 seconds and 1 step)
--> resolver_wire.adb:119:34
      + in value of subprogram parameter after the call at resolver_wire.adb:119

 info: precondition proved (CVC5: 2 VC in max 0.3 seconds and 497 steps)
--> resolver_wire.adb:119:48

 info: range check proved (CVC5: 2 VC in max 0.0 seconds and 1 step)
--> resolver_wire.adb:119:72
      + in value of subprogram parameter after the call at resolver_wire.adb:119

 info: cannot unroll loop (too many loop iterations) [info-unrolling-inlining]
--> resolver_wire.adb:121:34

 info: precondition proved (CVC5: 2 VC in max 0.6 seconds and 985 steps)
--> resolver_wire.adb:122:10

 info: range check proved (CVC5: 2 VC in max 0.1 seconds and 485 steps)
--> resolver_wire.adb:122:54

 info: precondition proved (CVC5: 2 VC in max 1.2 seconds and 1005 steps)
--> resolver_wire.adb:122:62

 info: range check proved (CVC5: 2 VC in max 0.1 seconds and 494 steps)
--> resolver_wire.adb:122:86
      + in value of subprogram parameter after the call at resolver_wire.adb:122

 info: precondition proved (CVC5: 2 VC in max 0.6 seconds and 1022 steps)
--> resolver_wire.adb:123:10

 info: range check proved (CVC5: 2 VC in max 0.1 seconds and 499 steps)
--> resolver_wire.adb:123:34
      + in value of subprogram parameter after the call at resolver_wire.adb:123

 info: precondition proved (CVC5: 2 VC in max 1.2 seconds and 1039 steps)
--> resolver_wire.adb:123:42

 info: range check proved (CVC5: 2 VC in max 0.1 seconds and 504 steps)
--> resolver_wire.adb:123:66
      + in value of subprogram parameter after the call at resolver_wire.adb:123

 info: cannot unroll loop (too many loop iterations) [info-unrolling-inlining]
--> resolver_wire.adb:125:34

 info: precondition proved (CVC5: 2 VC in max 0.8 seconds and 1138 steps)
--> resolver_wire.adb:126:10

 info: range check proved (CVC5: 2 VC in max 0.1 seconds and 614 steps)
--> resolver_wire.adb:126:34
      + in value of subprogram parameter after the call at resolver_wire.adb:126

 info: precondition proved (CVC5: 2 VC in max 0.7 seconds and 1155 steps)
--> resolver_wire.adb:126:47

 info: range check proved (CVC5: 2 VC in max 0.1 seconds and 622 steps)
--> resolver_wire.adb:126:96

 info: precondition proved (CVC5: 2 VC in max 0.8 seconds and 1170 steps)
--> resolver_wire.adb:126:104

 info: cannot unroll loop (too many loop iterations) [info-unrolling-inlining]
--> resolver_wire.adb:128:35

 info: precondition proved (CVC5: 2 VC in max 0.9 seconds and 1250 steps)
--> resolver_wire.adb:129:10

 info: precondition proved (CVC5: 2 VC in max 1.7 seconds and 1266 steps)
--> resolver_wire.adb:129:37

 info: precondition proved (CVC5: 2 VC in max 1.5 seconds and 1279 steps)
--> resolver_wire.adb:129:63

 info: precondition proved (CVC5: 2 VC in max 0.9 seconds and 1293 steps)
--> resolver_wire.adb:130:10

 info: range check proved (CVC5: 2 VC in max 0.1 seconds and 720 steps)
--> resolver_wire.adb:130:35
      + in value of subprogram parameter after the call at resolver_wire.adb:130

 info: precondition proved (CVC5: 2 VC in max 0.9 seconds and 1309 steps)
--> resolver_wire.adb:130:44

 info: range check proved (CVC5: 1 VC in max 1.2 seconds and 1619 steps)
--> resolver_wire.adb:130:102

 info: overflow check proved (CVC5: 2 VC in max 1.2 seconds and 1574 steps)
--> resolver_wire.adb:132:38

 info: initialization of "Pos" proved
--> resolver_wire.adb:136:07

 info: range check proved (CVC5: 2 VC in max 0.0 seconds and 1 step)
--> resolver_wire.adb:136:70

 info: length check proved (CVC5: 3 VC in max 0.0 seconds and 1 step)
--> resolver_wire.adb:138:09

 info: range check proved (CVC5: 2 VC in max 0.0 seconds and 1 step)
--> resolver_wire.adb:140:11

 info: cannot unroll loop (too many loop iterations) [info-unrolling-inlining]
--> resolver_wire.adb:141:44

 info: index check proved (CVC5: 2 VC in max 0.0 seconds and 1 step)
--> resolver_wire.adb:142:10

 info: index check proved (CVC5: 2 VC in max 0.0 seconds and 1 step)
--> resolver_wire.adb:142:15

 info: length check proved (CVC5: 3 VC in max 0.1 seconds and 1 step)
--> resolver_wire.adb:142:21

 info: index check proved (CVC5: 2 VC in max 0.1 seconds and 1 step)
--> resolver_wire.adb:142:36

 info: index check proved (CVC5: 2 VC in max 0.0 seconds and 1 step)
--> resolver_wire.adb:142:41

 info: precondition proved (CVC5: 3 VC in max 0.1 seconds and 44 steps)
--> resolver_wire.adb:143:15

 info: loop invariant initialization proved (CVC5: 1 VC in max 0.0 seconds and 1 step)
--> resolver_wire.adb:145:32

 info: loop invariant preservation proved (CVC5: 1 VC in max 0.0 seconds and 1 step)
--> resolver_wire.adb:145:32

 info: overflow check proved (CVC5: 4 VC in max 0.0 seconds and 1 step)
--> resolver_wire.adb:145:38

 info: index check proved (CVC5: 2 VC in max 0.1 seconds and 239 steps)
--> resolver_wire.adb:146:13

 info: overflow check proved (CVC5: 2 VC in max 0.1 seconds and 1 step)
--> resolver_wire.adb:146:62

 info: precondition proved (CVC5: 3 VC in max 0.1 seconds and 304 steps)
--> resolver_wire.adb:148:15

 info: overflow check proved (CVC5: 2 VC in max 0.1 seconds and 38 steps)
--> resolver_wire.adb:148:59

 info: loop invariant initialization proved (CVC5: 1 VC in max 0.1 seconds and 100 steps)
--> resolver_wire.adb:150:32

 info: loop invariant preservation proved (CVC5: 1 VC in max 0.0 seconds and 1 step)
--> resolver_wire.adb:150:32

 info: overflow check proved (CVC5: 4 VC in max 0.1 seconds and 58 steps)
--> resolver_wire.adb:150:49

 info: overflow check proved (CVC5: 4 VC in max 0.1 seconds and 199 steps)
--> resolver_wire.adb:150:55

 info: precondition proved (CVC5: 3 VC in max 0.1 seconds and 163 steps)
--> resolver_wire.adb:152:18

 info: precondition proved (CVC5: 3 VC in max 0.1 seconds and 204 steps)
--> resolver_wire.adb:153:18

 info: overflow check proved (CVC5: 2 VC in max 0.1 seconds and 146 steps)
--> resolver_wire.adb:153:33

 info: overflow check proved (CVC5: 2 VC in max 0.1 seconds and 183 steps)
--> resolver_wire.adb:153:78

 info: initialization of "X" proved
--> resolver_wire.adb:159:29

 info: initialization of "Y" proved
--> resolver_wire.adb:159:32

 info: range check proved (CVC5: 2 VC in max 0.0 seconds and 1 step)
--> resolver_wire.adb:162:32

 info: range check proved (CVC5: 4 VC in max 0.0 seconds and 1 step)
--> resolver_wire.adb:163:17

 info: precondition proved (CVC5: 3 VC in max 0.0 seconds and 1 step)
--> resolver_wire.adb:163:58

 info: range check proved (CVC5: 4 VC in max 0.0 seconds and 1 step)
--> resolver_wire.adb:164:26

 info: loop invariant initialization proved (CVC5: 1 VC in max 0.0 seconds and 1 step)
--> resolver_wire.adb:166:32

 info: loop invariant preservation proved (CVC5: 1 VC in max 0.0 seconds and 1 step)
--> resolver_wire.adb:166:32

 info: overflow check proved (CVC5: 4 VC in max 0.0 seconds and 1 step)
--> resolver_wire.adb:166:38

 info: index check proved (CVC5: 2 VC in max 0.0 seconds and 1 step)
--> resolver_wire.adb:167:16

 info: index check proved (CVC5: 2 VC in max 0.0 seconds and 1 step)
--> resolver_wire.adb:167:67

 info: overflow check proved (CVC5: 2 VC in max 0.0 seconds and 1 step)
--> resolver_wire.adb:167:88

 info: precondition proved (CVC5: 3 VC in max 0.1 seconds and 1 step)
--> resolver_wire.adb:169:20

 info: overflow check proved (CVC5: 2 VC in max 0.0 seconds and 1 step)
--> resolver_wire.adb:169:46

 info: range check proved (CVC5: 2 VC in max 0.0 seconds and 68 steps)
--> resolver_wire.adb:170:18

 info: range check proved (CVC5: 2 VC in max 0.1 seconds and 55 steps)
--> resolver_wire.adb:170:27

 info: range check proved (CVC5: 2 VC in max 0.1 seconds and 1 step)
--> resolver_wire.adb:170:35

 info: loop invariant initialization proved (CVC5: 1 VC in max 0.0 seconds and 20 steps)
--> resolver_wire.adb:172:32

 info: loop invariant preservation proved (CVC5: 1 VC in max 0.0 seconds and 1 step)
--> resolver_wire.adb:172:32

 info: overflow check proved (CVC5: 4 VC in max 0.1 seconds and 1 step)
--> resolver_wire.adb:172:49

 info: overflow check proved (CVC5: 4 VC in max 0.1 seconds and 107 steps)
--> resolver_wire.adb:172:55

 info: precondition proved (CVC5: 3 VC in max 0.1 seconds and 49 steps)
--> resolver_wire.adb:173:23

 info: precondition proved (CVC5: 3 VC in max 0.1 seconds and 57 steps)
--> resolver_wire.adb:173:51

 info: overflow check proved (CVC5: 2 VC in max 0.1 seconds and 51 steps)
--> resolver_wire.adb:173:64

 info: overflow check proved (CVC5: 2 VC in max 0.1 seconds and 59 steps)
--> resolver_wire.adb:173:81

 info: range check proved (CVC5: 2 VC in max 0.1 seconds and 245 steps)
--> resolver_wire.adb:175:43

 info: range check proved (CVC5: 1 VC in max 0.0 seconds and 1 step; Z3: 1 VC in max 0.2 seconds and 1733 steps)
--> resolver_wire.adb:175:56

 info: implicit aspect Always_Terminates on "Size" has been proved, subprogram will terminate
--> resolver_wire.ads:9:13

 info: initialization of "B" proved
--> resolver_wire.ads:12:36

 info: initialization of "Used" proved
--> resolver_wire.ads:12:51

 info: initialization of "Status" proved
--> resolver_wire.ads:12:71

 info: data dependencies proved
--> resolver_wire.ads:13:12

 info: initialization of "U" proved
--> resolver_wire.ads:14:33

 info: initialization of "Status" proved
--> resolver_wire.ads:14:51

 info: data dependencies proved
--> resolver_wire.ads:14:78

 info: initialization of "B" proved
--> resolver_wire.ads:16:07

 info: initialization of "Used" proved
--> resolver_wire.ads:16:22

 info: initialization of "Status" proved
--> resolver_wire.ads:16:42

 info: data dependencies proved
--> resolver_wire.ads:16:69

 info: initialization of "P" proved
--> resolver_wire.ads:18:07

 info: initialization of "Status" proved
--> resolver_wire.ads:18:25

 info: data dependencies proved
--> resolver_wire.ads:18:52
 info: initialization of "P" proved
--> resolver_lrat.adb:10:07

 info: initialization of "Line_End" proved
--> resolver_lrat.adb:10:10

 info: initialization of "ID" proved
--> resolver_lrat.adb:11:07

 info: initialization of "X" proved
--> resolver_lrat.adb:11:11

 info: initialization of "Negative" proved
--> resolver_lrat.adb:11:24

 info: initialization of "Count" proved
--> resolver_lrat.adb:12:07

 info: initialization of "Hint_Count" proved
--> resolver_lrat.adb:13:07

 info: initialization of "Is_Delete" proved
--> resolver_lrat.adb:14:31

 info: implicit aspect Always_Terminates on "Cursor_Valid" has been proved, subprogram will terminate
--> resolver_lrat.adb:15:16

 info: postcondition proved (CVC5: 2 VC in max 0.0 seconds and 1 step)
--> resolver_lrat.adb:19:17

 info: index check proved (CVC5: 4 VC in max 0.0 seconds and 1 step)
--> resolver_lrat.adb:22:44

 info: loop invariant initialization proved (CVC5: 2 VC in max 0.0 seconds and 1 step)
--> resolver_lrat.adb:23:35

 info: loop invariant preservation proved (CVC5: 2 VC in max 0.0 seconds and 1 step)
--> resolver_lrat.adb:23:35

 info: loop variant proved (CVC5: 1 VC in max 0.0 seconds and 1 step)
--> resolver_lrat.adb:24:33

 info: overflow check proved (CVC5: 2 VC in max 0.0 seconds and 1 step)
--> resolver_lrat.adb:25:17

 info: initialization of "V" proved
--> resolver_lrat.adb:28:25

 info: initialization of "Neg" proved
--> resolver_lrat.adb:28:42

 info: postcondition proved (CVC5: 3 VC in max 0.1 seconds and 11 steps; Trivial: 1 VC in max 0.0 seconds and 2 steps)
--> resolver_lrat.adb:30:17

 info: initialization of "Start" proved
--> resolver_lrat.adb:32:10

 info: initialization of "Digit" proved
--> resolver_lrat.adb:32:27

 info: precondition proved (CVC5: 1 VC in max 0.0 seconds and 1 step)
--> resolver_lrat.adb:34:32

 info: index check proved (CVC5: 2 VC in max 0.0 seconds and 1 step)
--> resolver_lrat.adb:36:20

 info: overflow check proved (CVC5: 2 VC in max 0.0 seconds and 1 step)
--> resolver_lrat.adb:36:53

 info: index check proved (CVC5: 4 VC in max 0.1 seconds and 1 step)
--> resolver_lrat.adb:38:45

 info: loop invariant initialization proved (CVC5: 2 VC in max 0.0 seconds and 1 step)
--> resolver_lrat.adb:39:35

 info: loop invariant preservation proved (CVC5: 2 VC in max 0.1 seconds and 1 step)
--> resolver_lrat.adb:39:35

 info: loop variant proved (CVC5: 1 VC in max 0.0 seconds and 1 step)
--> resolver_lrat.adb:40:33

 info: range check proved (CVC5: 2 VC in max 0.0 seconds and 1 step)
--> resolver_lrat.adb:41:72

 info: index check proved (CVC5: 2 VC in max 0.0 seconds and 1 step)
--> resolver_lrat.adb:42:38

 info: overflow check proved (CVC5: 2 VC in max 0.0 seconds and 1 step)
--> resolver_lrat.adb:43:34

 info: division check proved (CVC5: 1 VC in max 0.0 seconds and 1 step)
--> resolver_lrat.adb:43:43

 info: overflow check proved (CVC5: 2 VC in max 0.1 seconds and 149 steps)
--> resolver_lrat.adb:44:20

 info: overflow check proved (CVC5: 2 VC in max 0.1 seconds and 142 steps)
--> resolver_lrat.adb:44:25

 info: overflow check proved (CVC5: 2 VC in max 0.0 seconds and 1 step)
--> resolver_lrat.adb:44:41

 info: index check proved (CVC5: 2 VC in max 0.0 seconds and 1 step)
--> resolver_lrat.adb:46:61

 info: index check proved (CVC5: 2 VC in max 0.0 seconds and 1 step)
--> resolver_lrat.adb:52:29

 info: range check proved (CVC5: 2 VC in max 0.0 seconds and 1 step)
--> resolver_lrat.adb:53:15

 info: loop invariant initialization proved (CVC5: 2 VC in max 0.0 seconds and 1 step)
--> resolver_lrat.adb:56:32

 info: loop invariant preservation proved (CVC5: 2 VC in max 0.1 seconds and 96 steps)
--> resolver_lrat.adb:56:32

 info: overflow check proved (CVC5: 4 VC in max 0.1 seconds and 1 step)
--> resolver_lrat.adb:56:60

 info: loop variant proved (CVC5: 1 VC in max 0.1 seconds and 184 steps)
--> resolver_lrat.adb:57:30

 info: index check proved (CVC5: 4 VC in max 0.0 seconds and 1 step)
--> resolver_lrat.adb:59:55

 info: loop invariant initialization proved (CVC5: 2 VC in max 0.0 seconds and 1 step)
--> resolver_lrat.adb:60:35

 info: loop invariant preservation proved (CVC5: 2 VC in max 0.0 seconds and 1 step)
--> resolver_lrat.adb:60:35

 info: overflow check proved (CVC5: 4 VC in max 0.0 seconds and 1 step)
--> resolver_lrat.adb:60:60

 info: loop variant proved (CVC5: 1 VC in max 0.0 seconds and 1 step)
--> resolver_lrat.adb:61:33

 info: range check proved (CVC5: 2 VC in max 0.1 seconds and 1 step)
--> resolver_lrat.adb:62:80

 info: index check proved (CVC5: 2 VC in max 0.0 seconds and 1 step)
--> resolver_lrat.adb:63:23

 info: index check proved (CVC5: 2 VC in max 0.0 seconds and 1 step)
--> resolver_lrat.adb:63:53

 info: overflow check proved (CVC5: 2 VC in max 0.0 seconds and 1 step)
--> resolver_lrat.adb:64:34

 info: index check proved (CVC5: 2 VC in max 0.0 seconds and 1 step)
--> resolver_lrat.adb:68:20

 info: overflow check proved (CVC5: 2 VC in max 0.0 seconds and 1 step)
--> resolver_lrat.adb:68:39

 info: overflow check proved (CVC5: 2 VC in max 0.0 seconds and 1 step)
--> resolver_lrat.adb:68:72

 info: index check proved (CVC5: 2 VC in max 0.0 seconds and 1 step)
--> resolver_lrat.adb:68:72

 info: overflow check proved (CVC5: 2 VC in max 0.1 seconds and 1 step)
--> resolver_lrat.adb:69:27

 info: precondition proved (CVC5: 1 VC in max 0.1 seconds and 1 step)
--> resolver_lrat.adb:71:13

 info: precondition proved (CVC5: 1 VC in max 0.0 seconds and 1 step)
--> resolver_lrat.adb:73:13

 info: index check proved (CVC5: 2 VC in max 0.0 seconds and 1 step)
--> resolver_lrat.adb:73:63

 info: overflow check proved (CVC5: 2 VC in max 0.1 seconds and 1 step)
--> resolver_lrat.adb:75:23

 info: index check proved (CVC5: 2 VC in max 0.0 seconds and 1 step)
--> resolver_lrat.adb:76:48

 info: loop invariant initialization proved (CVC5: 1 VC in max 0.1 seconds and 1 step)
--> resolver_lrat.adb:78:41

 info: loop invariant preservation proved (CVC5: 1 VC in max 0.0 seconds and 62 steps)
--> resolver_lrat.adb:78:41

 info: loop variant proved (CVC5: 1 VC in max 0.0 seconds and 1 step)
--> resolver_lrat.adb:79:39

 info: precondition proved (CVC5: 1 VC in max 0.0 seconds and 4 steps)
--> resolver_lrat.adb:80:19

 info: loop invariant initialization proved (CVC5: 1 VC in max 0.1 seconds and 1 step)
--> resolver_lrat.adb:88:41

 info: loop invariant preservation proved (CVC5: 1 VC in max 0.1 seconds and 79 steps)
--> resolver_lrat.adb:88:41

 info: loop variant proved (CVC5: 1 VC in max 0.0 seconds and 1 step)
--> resolver_lrat.adb:89:39

 info: precondition proved (CVC5: 1 VC in max 0.1 seconds and 1 step)
--> resolver_lrat.adb:90:19

 info: range check proved (CVC5: 2 VC in max 0.1 seconds and 1 step)
--> resolver_lrat.adb:94:34

 info: index check proved (CVC5: 2 VC in max 0.0 seconds and 1 step)
--> resolver_lrat.adb:95:22

 info: range check proved (CVC5: 2 VC in max 0.1 seconds and 139 steps)
--> resolver_lrat.adb:95:50

 info: range check proved (CVC5: 2 VC in max 0.1 seconds and 136 steps)
--> resolver_lrat.adb:95:60

 info: range check proved (CVC5: 2 VC in max 0.1 seconds and 139 steps)
--> resolver_lrat.adb:95:68

 info: range check proved (CVC5: 2 VC in max 0.1 seconds and 136 steps)
--> resolver_lrat.adb:95:77

 info: loop invariant preservation proved (CVC5: 1 VC in max 0.1 seconds and 122 steps)
--> resolver_lrat.adb:99:41

 info: loop invariant initialization proved (CVC5: 1 VC in max 0.0 seconds and 44 steps)
--> resolver_lrat.adb:99:41

 info: loop variant proved (CVC5: 1 VC in max 0.0 seconds and 1 step)
--> resolver_lrat.adb:100:39

 info: precondition proved (CVC5: 1 VC in max 0.0 seconds and 61 steps)
--> resolver_lrat.adb:101:19

 info: range check proved (CVC5: 2 VC in max 0.1 seconds and 40 steps)
--> resolver_lrat.adb:104:44

 info: range check proved (CVC5: 4 VC in max 0.0 seconds and 1 step)
--> resolver_lrat.adb:108:43

 info: precondition proved (CVC5: 1 VC in max 0.1 seconds and 148 steps)
--> resolver_lrat.adb:110:13

 info: overflow check proved (CVC5: 2 VC in max 0.1 seconds and 111 steps)
--> resolver_lrat.adb:111:27

 info: initialization of "Accepted" proved
--> resolver_lrat.ads:8:07

 info: initialization of "Status" proved
--> resolver_lrat.ads:8:31

 info: data dependencies proved
--> resolver_lrat.ads:9:12

 info: postcondition proved (CVC5: 1 VC in max 0.1 seconds and 289 steps; Trivial: 1 VC in max 0.0 seconds and 2 steps)
--> resolver_lrat.ads:9:36
 info: cannot unroll loop (too many loop iterations) [info-unrolling-inlining]
--> resolver_model.adb:6:24

 info: cannot unroll loop (too many loop iterations) [info-unrolling-inlining]
--> resolver_model.adb:21:34

 info: index check proved (CVC5: 2 VC in max 0.1 seconds and 1 step)
--> resolver_model.adb:29:52

 info: cannot unroll loop (too many loop iterations) [info-unrolling-inlining]
--> resolver_model.adb:33:34

 info: cannot unroll loop (too many loop iterations) [info-unrolling-inlining]
--> resolver_model.adb:36:35

 info: index check proved (CVC5: 2 VC in max 0.1 seconds and 1 step)
--> resolver_model.adb:41:49

 info: index check proved (CVC5: 2 VC in max 0.0 seconds and 1 step)
--> resolver_model.adb:42:44

 info: index check proved (CVC5: 2 VC in max 0.0 seconds and 1 step)
--> resolver_model.adb:42:90

 info: cannot unroll loop (too many loop iterations) [info-unrolling-inlining]
--> resolver_model.adb:53:34

 info: cannot unroll loop (too many loop iterations) [info-unrolling-inlining]
--> resolver_model.adb:58:46

 info: cannot unroll loop (too many loop iterations) [info-unrolling-inlining]
--> resolver_model.adb:64:34

 info: index check proved (CVC5: 2 VC in max 0.1 seconds and 1 step)
--> resolver_model.adb:69:50

 info: index check proved (CVC5: 2 VC in max 0.0 seconds and 1 step)
--> resolver_model.adb:70:58

 info: index check proved (CVC5: 2 VC in max 0.1 seconds and 1 step)
--> resolver_model.adb:71:54

 info: index check proved (CVC5: 2 VC in max 0.1 seconds and 1 step)
--> resolver_model.adb:71:74

 info: index check proved (CVC5: 2 VC in max 0.0 seconds and 1 step)
--> resolver_model.adb:72:53

 info: index check proved (CVC5: 2 VC in max 0.1 seconds and 1 step)
--> resolver_model.adb:72:72

 info: index check proved (CVC5: 2 VC in max 0.0 seconds and 1 step)
--> resolver_model.adb:78:30

 info: implicit aspect Always_Terminates on "Less" has been proved, subprogram will terminate
--> resolver_model.ads:88:13

 info: data dependencies proved
--> resolver_model.ads:88:54

 info: implicit aspect Always_Terminates on "Binding_Valid" has been proved, subprogram will terminate
--> resolver_model.ads:89:13

 info: data dependencies proved
--> resolver_model.ads:89:61

 info: implicit aspect Always_Terminates on "References_Valid" has been proved, subprogram will terminate
--> resolver_model.ads:90:13

 info: index check proved (CVC5: 2 VC in max 0.0 seconds and 1 step)
--> resolver_model.ads:92:23

 info: index check proved (CVC5: 2 VC in max 0.0 seconds and 1 step)
--> resolver_model.ads:94:22

 info: index check proved (CVC5: 2 VC in max 0.0 seconds and 1 step)
--> resolver_model.ads:94:52

 info: index check proved (CVC5: 2 VC in max 0.0 seconds and 1 step)
--> resolver_model.ads:94:79

 info: index check proved (CVC5: 2 VC in max 0.0 seconds and 1 step)
--> resolver_model.ads:96:22

 info: index check proved (CVC5: 2 VC in max 0.0 seconds and 1 step)
--> resolver_model.ads:97:31

 info: index check proved (CVC5: 2 VC in max 0.1 seconds and 1 step)
--> resolver_model.ads:97:58

 info: index check proved (CVC5: 2 VC in max 0.0 seconds and 1 step)
--> resolver_model.ads:99:22

 info: index check proved (CVC5: 2 VC in max 0.0 seconds and 1 step)
--> resolver_model.ads:99:52

 info: index check proved (CVC5: 2 VC in max 0.0 seconds and 1 step)
--> resolver_model.ads:99:87

 info: index check proved (CVC5: 2 VC in max 0.0 seconds and 1 step)
--> resolver_model.ads:101:22

 info: index check proved (CVC5: 2 VC in max 0.0 seconds and 1 step)
--> resolver_model.ads:101:52

 info: index check proved (CVC5: 2 VC in max 0.0 seconds and 1 step)
--> resolver_model.ads:101:87

 info: index check proved (CVC5: 2 VC in max 0.0 seconds and 1 step)
--> resolver_model.ads:102:57

 info: index check proved (CVC5: 2 VC in max 0.1 seconds and 1 step)
--> resolver_model.ads:103:59

 info: data dependencies proved
--> resolver_model.ads:104:11

 info: implicit aspect Always_Terminates on "Well_Formed" has been proved, subprogram will terminate
--> resolver_model.ads:106:13

 info: data dependencies proved
--> resolver_model.ads:106:60

 info: postcondition proved (CVC5: 1 VC in max 0.1 seconds and 1 step; Trivial: 1 VC in max 0.0 seconds and 2 steps)
--> resolver_model.ads:107:14

 info: implicit aspect Always_Terminates on "Initial" has been proved, subprogram will terminate
--> resolver_model.ads:108:13

 info: data dependencies proved
--> resolver_model.ads:108:58

 info: implicit aspect Always_Terminates on "Canonical_Selection" has been proved, subprogram will terminate
--> resolver_model.ads:109:13

 info: data dependencies proved
--> resolver_model.ads:110:11

 info: initialization of "Values" proved
--> resolver_model.ads:111:53

 info: data dependencies proved
--> resolver_model.ads:112:11

 info: implicit aspect Always_Terminates on "Predicate_Holds" has been proved, subprogram will terminate
--> resolver_model.ads:113:13

 info: data dependencies proved
--> resolver_model.ads:114:11

 info: implicit aspect Always_Terminates on "Claims_Compatible" has been proved, subprogram will terminate
--> resolver_model.ads:115:13

 info: data dependencies proved
--> resolver_model.ads:115:66
 info: local subprogram "Emit" only analyzed in the context of calls [info-unrolling-inlining]
--> resolver_cnf.adb:6:17
      + add a contract to analyze it separately from calling contexts

 info: range check proved (CVC5: 2 VC in max 0.1 seconds and 1 step), in call inlined at resolver_cnf.adb:18
--> resolver_cnf.adb:10:23

 info: range check proved (CVC5: 2 VC in max 0.1 seconds and 1 step), in call inlined at resolver_cnf.adb:21
--> resolver_cnf.adb:10:23

 info: range check proved (CVC5: 2 VC in max 0.1 seconds and 1 step), in call inlined at resolver_cnf.adb:22
--> resolver_cnf.adb:10:23

 info: range check proved (CVC5: 2 VC in max 0.1 seconds and 1 step), in call inlined at resolver_cnf.adb:23
--> resolver_cnf.adb:10:23

 info: range check proved (CVC5: 2 VC in max 0.1 seconds and 135 steps), in call inlined at resolver_cnf.adb:25
--> resolver_cnf.adb:10:23

 info: range check proved (CVC5: 2 VC in max 0.1 seconds and 163 steps), in call inlined at resolver_cnf.adb:31
--> resolver_cnf.adb:10:23

 info: range check proved (CVC5: 2 VC in max 0.1 seconds and 167 steps), in call inlined at resolver_cnf.adb:32
--> resolver_cnf.adb:10:23

 info: range check proved (CVC5: 2 VC in max 0.1 seconds and 190 steps), in call inlined at resolver_cnf.adb:33
--> resolver_cnf.adb:10:23

 info: range check proved (CVC5: 2 VC in max 0.2 seconds and 317 steps), in call inlined at resolver_cnf.adb:33
--> resolver_cnf.adb:10:23

 info: range check proved (CVC5: 2 VC in max 0.1 seconds and 198 steps), in call inlined at resolver_cnf.adb:34
--> resolver_cnf.adb:10:23

 info: range check proved (CVC5: 2 VC in max 0.1 seconds and 325 steps), in call inlined at resolver_cnf.adb:34
--> resolver_cnf.adb:10:23

 info: range check proved (CVC5: 2 VC in max 0.1 seconds and 203 steps), in call inlined at resolver_cnf.adb:35
--> resolver_cnf.adb:10:23

 info: range check proved (CVC5: 2 VC in max 0.1 seconds and 330 steps), in call inlined at resolver_cnf.adb:35
--> resolver_cnf.adb:10:23

 info: range check proved (CVC5: 2 VC in max 0.2 seconds and 459 steps), in call inlined at resolver_cnf.adb:35
--> resolver_cnf.adb:10:23

 info: range check proved (CVC5: 2 VC in max 0.1 seconds and 204 steps), in call inlined at resolver_cnf.adb:36
--> resolver_cnf.adb:10:23

 info: range check proved (CVC5: 2 VC in max 0.1 seconds and 332 steps), in call inlined at resolver_cnf.adb:36
--> resolver_cnf.adb:10:23

 info: range check proved (CVC5: 2 VC in max 0.1 seconds and 452 steps), in call inlined at resolver_cnf.adb:36
--> resolver_cnf.adb:10:23

 info: range check proved (CVC5: 2 VC in max 0.2 seconds and 801 steps), in call inlined at resolver_cnf.adb:39
--> resolver_cnf.adb:10:23

 info: range check proved (CVC5: 2 VC in max 0.2 seconds and 949 steps), in call inlined at resolver_cnf.adb:45
--> resolver_cnf.adb:10:23

 info: range check proved (CVC5: 2 VC in max 0.0 seconds and 1 step), in call inlined at resolver_cnf.adb:18
--> resolver_cnf.adb:10:47

 info: range check proved (CVC5: 2 VC in max 0.1 seconds and 19 steps), in call inlined at resolver_cnf.adb:21
--> resolver_cnf.adb:10:47

 info: range check proved (CVC5: 2 VC in max 0.1 seconds and 26 steps), in call inlined at resolver_cnf.adb:22
--> resolver_cnf.adb:10:47

 info: range check proved (CVC5: 2 VC in max 0.1 seconds and 31 steps), in call inlined at resolver_cnf.adb:23
--> resolver_cnf.adb:10:47

 info: range check proved (CVC5: 2 VC in max 0.1 seconds and 230 steps), in call inlined at resolver_cnf.adb:25
--> resolver_cnf.adb:10:47

 info: range check proved (CVC5: 2 VC in max 0.1 seconds and 372 steps), in call inlined at resolver_cnf.adb:31
--> resolver_cnf.adb:10:47

 info: range check proved (CVC5: 2 VC in max 0.1 seconds and 376 steps), in call inlined at resolver_cnf.adb:32
--> resolver_cnf.adb:10:47

 info: range check proved (CVC5: 2 VC in max 0.2 seconds and 401 steps), in call inlined at resolver_cnf.adb:33
--> resolver_cnf.adb:10:47

 info: range check proved (CVC5: 2 VC in max 0.2 seconds and 359 steps), in call inlined at resolver_cnf.adb:33
--> resolver_cnf.adb:10:47

 info: range check proved (CVC5: 2 VC in max 0.1 seconds and 409 steps), in call inlined at resolver_cnf.adb:34
--> resolver_cnf.adb:10:47

 info: range check proved (CVC5: 2 VC in max 0.2 seconds and 366 steps), in call inlined at resolver_cnf.adb:34
--> resolver_cnf.adb:10:47

 info: range check proved (CVC5: 2 VC in max 0.1 seconds and 415 steps), in call inlined at resolver_cnf.adb:35
--> resolver_cnf.adb:10:47

 info: range check proved (CVC5: 2 VC in max 0.2 seconds and 372 steps), in call inlined at resolver_cnf.adb:35
--> resolver_cnf.adb:10:47

 info: range check proved (CVC5: 2 VC in max 0.1 seconds and 516 steps), in call inlined at resolver_cnf.adb:35
--> resolver_cnf.adb:10:47

 info: range check proved (CVC5: 2 VC in max 0.1 seconds and 415 steps), in call inlined at resolver_cnf.adb:36
--> resolver_cnf.adb:10:47

 info: range check proved (CVC5: 2 VC in max 0.1 seconds and 373 steps), in call inlined at resolver_cnf.adb:36
--> resolver_cnf.adb:10:47

 info: range check proved (CVC5: 2 VC in max 0.1 seconds and 508 steps), in call inlined at resolver_cnf.adb:36
--> resolver_cnf.adb:10:47

 info: range check proved (CVC5: 2 VC in max 0.3 seconds and 1140 steps), in call inlined at resolver_cnf.adb:39
--> resolver_cnf.adb:10:47

 info: range check proved (CVC5: 2 VC in max 0.4 seconds and 1362 steps), in call inlined at resolver_cnf.adb:45
--> resolver_cnf.adb:10:47

 info: index check proved (CVC5: 2 VC in max 0.1 seconds and 1 step), in call inlined at resolver_cnf.adb:18
--> resolver_cnf.adb:11:22

 info: index check proved (CVC5: 2 VC in max 0.1 seconds and 56 steps), in call inlined at resolver_cnf.adb:21
--> resolver_cnf.adb:11:22

 info: index check proved (CVC5: 2 VC in max 0.1 seconds and 65 steps), in call inlined at resolver_cnf.adb:22
--> resolver_cnf.adb:11:22

 info: index check proved (CVC5: 2 VC in max 0.1 seconds and 68 steps), in call inlined at resolver_cnf.adb:23
--> resolver_cnf.adb:11:22

 info: index check proved (CVC5: 2 VC in max 0.1 seconds and 276 steps), in call inlined at resolver_cnf.adb:25
--> resolver_cnf.adb:11:22

 info: index check proved (CVC5: 2 VC in max 0.1 seconds and 423 steps), in call inlined at resolver_cnf.adb:31
--> resolver_cnf.adb:11:22

 info: index check proved (CVC5: 2 VC in max 0.1 seconds and 428 steps), in call inlined at resolver_cnf.adb:32
--> resolver_cnf.adb:11:22

 info: index check proved (CVC5: 2 VC in max 0.1 seconds and 461 steps), in call inlined at resolver_cnf.adb:33
--> resolver_cnf.adb:11:22

 info: index check proved (CVC5: 2 VC in max 0.1 seconds and 399 steps), in call inlined at resolver_cnf.adb:33
--> resolver_cnf.adb:11:22

 info: index check proved (CVC5: 2 VC in max 0.2 seconds and 469 steps), in call inlined at resolver_cnf.adb:34
--> resolver_cnf.adb:11:22

 info: index check proved (CVC5: 2 VC in max 0.1 seconds and 403 steps), in call inlined at resolver_cnf.adb:34
--> resolver_cnf.adb:11:22

 info: index check proved (CVC5: 2 VC in max 0.1 seconds and 476 steps), in call inlined at resolver_cnf.adb:35
--> resolver_cnf.adb:11:22

 info: index check proved (CVC5: 2 VC in max 0.1 seconds and 408 steps), in call inlined at resolver_cnf.adb:35
--> resolver_cnf.adb:11:22

 info: index check proved (CVC5: 2 VC in max 0.1 seconds and 558 steps), in call inlined at resolver_cnf.adb:35
--> resolver_cnf.adb:11:22

 info: index check proved (CVC5: 2 VC in max 0.1 seconds and 476 steps), in call inlined at resolver_cnf.adb:36
--> resolver_cnf.adb:11:22

 info: index check proved (CVC5: 2 VC in max 0.1 seconds and 409 steps), in call inlined at resolver_cnf.adb:36
--> resolver_cnf.adb:11:22

 info: index check proved (CVC5: 2 VC in max 0.1 seconds and 548 steps), in call inlined at resolver_cnf.adb:36
--> resolver_cnf.adb:11:22

 info: index check proved (CVC5: 2 VC in max 0.3 seconds and 1211 steps), in call inlined at resolver_cnf.adb:39
--> resolver_cnf.adb:11:22

 info: index check proved (CVC5: 2 VC in max 0.3 seconds and 1446 steps), in call inlined at resolver_cnf.adb:45
--> resolver_cnf.adb:11:22

 info: initialization of "Z" proved
--> resolver_cnf.adb:13:07

 info: initialization of "A" proved
--> resolver_cnf.adb:13:10

 info: initialization of "B" proved
--> resolver_cnf.adb:13:13

 info: cannot unroll loop (too many loop iterations) [info-unrolling-inlining]
--> resolver_cnf.adb:17:34

 info: analyzing call to "Emit" in context
--> resolver_cnf.adb:18:44

 info: range check proved (CVC5: 2 VC in max 0.1 seconds and 1 step)
--> resolver_cnf.adb:18:50

 info: analyzing call to "Emit" in context
--> resolver_cnf.adb:21:32

 info: range check proved (CVC5: 2 VC in max 0.0 seconds and 1 step)
--> resolver_cnf.adb:21:84

 info: analyzing call to "Emit" in context
--> resolver_cnf.adb:22:37

 info: analyzing call to "Emit" in context
--> resolver_cnf.adb:23:36

 info: range check proved (CVC5: 2 VC in max 0.0 seconds and 1 step)
--> resolver_cnf.adb:23:42

 info: analyzing call to "Emit" in context
--> resolver_cnf.adb:25:50

 info: cannot unroll loop (too many loop iterations) [info-unrolling-inlining]
--> resolver_cnf.adb:27:34

 info: overflow check proved (CVC5: 2 VC in max 0.1 seconds and 111 steps)
--> resolver_cnf.adb:28:28

 info: range check proved (CVC5: 2 VC in max 0.1 seconds and 115 steps)
--> resolver_cnf.adb:28:28

 info: analyzing call to "Emit" in context
--> resolver_cnf.adb:31:36

 info: analyzing call to "Emit" in context
--> resolver_cnf.adb:32:35

 info: analyzing call to "Emit" in context
--> resolver_cnf.adb:33:29

 info: analyzing call to "Emit" in context
--> resolver_cnf.adb:33:61

 info: analyzing call to "Emit" in context
--> resolver_cnf.adb:34:28

 info: analyzing call to "Emit" in context
--> resolver_cnf.adb:34:43

 info: analyzing call to "Emit" in context
--> resolver_cnf.adb:35:28

 info: analyzing call to "Emit" in context
--> resolver_cnf.adb:35:42

 info: analyzing call to "Emit" in context
--> resolver_cnf.adb:35:56

 info: analyzing call to "Emit" in context
--> resolver_cnf.adb:36:27

 info: analyzing call to "Emit" in context
--> resolver_cnf.adb:36:41

 info: analyzing call to "Emit" in context
--> resolver_cnf.adb:36:55

 info: cannot unroll loop (too many loop iterations) [info-unrolling-inlining]
--> resolver_cnf.adb:39:34

 info: analyzing call to "Emit" in context
--> resolver_cnf.adb:39:39

 info: cannot unroll loop (too many loop iterations) [info-unrolling-inlining]
--> resolver_cnf.adb:40:35

 info: overflow check proved (CVC5: 2 VC in max 0.2 seconds and 868 steps)
--> resolver_cnf.adb:41:21

 info: cannot unroll loop (too many loop iterations) [info-unrolling-inlining]
--> resolver_cnf.adb:41:42

 info: range check proved (CVC5: 2 VC in max 0.2 seconds and 897 steps)
--> resolver_cnf.adb:42:73

 info: index check proved (CVC5: 2 VC in max 0.4 seconds and 906 steps)
--> resolver_cnf.adb:43:58

 info: index check proved (CVC5: 2 VC in max 0.1 seconds and 698 steps)
--> resolver_cnf.adb:44:63

 info: analyzing call to "Emit" in context
--> resolver_cnf.adb:45:16

 info: index check proved (CVC5: 2 VC in max 0.1 seconds and 704 steps)
--> resolver_cnf.adb:45:54

 info: implicit aspect Always_Terminates on "Val" has been proved, subprogram will terminate
--> resolver_cnf.adb:54:16

 info: local subprogram "Val" only analyzed in the context of calls [info-unrolling-inlining]
--> resolver_cnf.adb:54:16
      + add a contract to analyze it separately from calling contexts

 info: range check proved (CVC5: 6 VC in max 0.0 seconds and 1 step), in call inlined at resolver_cnf.adb:70
--> resolver_cnf.adb:55:38

 info: initialization of "V" proved
--> resolver_cnf.adb:56:10

 info: initialization of "V" proved, in call inlined at resolver_cnf.adb:70
--> resolver_cnf.adb:56:10

 info: index check proved (CVC5: 6 VC in max 0.1 seconds and 76 steps), in call inlined at resolver_cnf.adb:70
--> resolver_cnf.adb:59:48

 info: overflow check proved (CVC5: 6 VC in max 0.1 seconds and 79 steps), in call inlined at resolver_cnf.adb:70
--> resolver_cnf.adb:59:80

 info: index check proved (CVC5: 6 VC in max 0.1 seconds and 87 steps), in call inlined at resolver_cnf.adb:70
--> resolver_cnf.adb:59:80

 info: initialization of "Met" proved
--> resolver_cnf.adb:62:07

 info: precondition proved (CVC5: 1 VC in max 0.0 seconds and 1 step)
--> resolver_cnf.adb:67:07

 info: cannot unroll loop (too many loop iterations) [info-unrolling-inlining]
--> resolver_cnf.adb:68:29

 info: unrolling loop [info-unrolling-inlining]
--> resolver_cnf.adb:70:44

 info: analyzing call to "Val" in context
--> resolver_cnf.adb:70:63

 info: initialization of "F" proved
--> resolver_cnf.ads:19:37

 info: initialization of "Status" proved
--> resolver_cnf.ads:19:54

 info: data dependencies proved
--> resolver_cnf.ads:20:35

 info: initialization of "Values" proved
--> resolver_cnf.ads:21:50

 info: initialization of "Valid" proved
--> resolver_cnf.ads:22:20

 info: data dependencies proved
--> resolver_cnf.ads:22:46
 info: cannot unroll loop (too many loop iterations) [info-unrolling-inlining]
--> resolver_admission.adb:15:34

 info: unrolling loop [info-unrolling-inlining]
--> resolver_admission.adb:20:32

 info: initialization of "Status" proved
--> resolver_admission.ads:25:38

 info: data dependencies proved
--> resolver_admission.ads:25:65
 info: implicit aspect Always_Terminates on "Digit" has been proved, subprogram will terminate
--> pkg_versions.adb:3:13

 info: implicit aspect Always_Terminates on "Alpha" has been proved, subprogram will terminate
--> pkg_versions.adb:4:13

 info: implicit aspect Always_Terminates on "Special" has been proved, subprogram will terminate
--> pkg_versions.adb:6:13

 info: implicit aspect Always_Terminates on "Compare_Parts" has been proved, subprogram will terminate
--> pkg_versions.adb:8:13

 info: range check proved (CVC5: 2 VC in max 0.0 seconds and 1 step)
--> pkg_versions.adb:10:31

 info: range check proved (CVC5: 2 VC in max 0.0 seconds and 1 step)
--> pkg_versions.adb:10:64

 info: initialization of "LE" proved
--> pkg_versions.adb:15:07

 info: initialization of "RE" proved
--> pkg_versions.adb:15:11

 info: initialization of "LS" proved
--> pkg_versions.adb:15:15

 info: initialization of "RS" proved
--> pkg_versions.adb:15:19

 info: initialization of "Numeric" proved
--> pkg_versions.adb:16:07

 info: implicit aspect Always_Terminates on "Cursors" has been proved, subprogram will terminate
--> pkg_versions.adb:17:16

 info: overflow check proved (CVC5: 2 VC in max 0.0 seconds and 1 step)
--> pkg_versions.adb:19:36

 info: overflow check proved (CVC5: 2 VC in max 0.0 seconds and 1 step)
--> pkg_versions.adb:19:66

 info: loop invariant preservation proved (CVC5: 1 VC in max 0.1 seconds and 432 steps)
--> pkg_versions.adb:23:32

 info: loop invariant initialization proved (CVC5: 1 VC in max 0.0 seconds and 1 step)
--> pkg_versions.adb:23:32

 info: loop variant proved (CVC5: 1 VC in max 0.1 seconds and 427 steps)
--> pkg_versions.adb:24:30

 info: index check proved (CVC5: 4 VC in max 0.0 seconds and 1 step)
--> pkg_versions.adb:25:59

 info: loop invariant initialization proved (CVC5: 2 VC in max 0.0 seconds and 1 step)
--> pkg_versions.adb:25:90

 info: loop invariant preservation proved (CVC5: 2 VC in max 0.1 seconds and 1 step)
--> pkg_versions.adb:25:90

 info: loop variant proved (CVC5: 1 VC in max 0.0 seconds and 1 step)
--> pkg_versions.adb:25:145

 info: overflow check proved (CVC5: 2 VC in max 0.0 seconds and 1 step)
--> pkg_versions.adb:25:167

 info: index check proved (CVC5: 4 VC in max 0.0 seconds and 1 step)
--> pkg_versions.adb:26:61

 info: loop invariant preservation proved (CVC5: 2 VC in max 0.0 seconds and 1 step)
--> pkg_versions.adb:26:92

 info: loop invariant initialization proved (CVC5: 2 VC in max 0.0 seconds and 1 step)
--> pkg_versions.adb:26:92

 info: loop variant proved (CVC5: 1 VC in max 0.0 seconds and 1 step)
--> pkg_versions.adb:26:147

 info: overflow check proved (CVC5: 2 VC in max 0.0 seconds and 1 step)
--> pkg_versions.adb:26:169

 info: index check proved (CVC5: 2 VC in max 0.0 seconds and 1 step)
--> pkg_versions.adb:27:44

 info: index check proved (CVC5: 2 VC in max 0.0 seconds and 1 step)
--> pkg_versions.adb:28:53

 info: index check proved (CVC5: 2 VC in max 0.0 seconds and 1 step)
--> pkg_versions.adb:30:44

 info: index check proved (CVC5: 2 VC in max 0.0 seconds and 1 step)
--> pkg_versions.adb:31:46

 info: overflow check proved (CVC5: 2 VC in max 0.0 seconds and 1 step)
--> pkg_versions.adb:32:20

 info: overflow check proved (CVC5: 2 VC in max 0.1 seconds and 1 step)
--> pkg_versions.adb:32:32

 info: index check proved (CVC5: 2 VC in max 0.0 seconds and 1 step)
--> pkg_versions.adb:33:47

 info: index check proved (CVC5: 2 VC in max 0.0 seconds and 1 step)
--> pkg_versions.adb:34:53

 info: index check proved (CVC5: 2 VC in max 0.1 seconds and 1 step)
--> pkg_versions.adb:38:22

 info: index check proved (CVC5: 2 VC in max 0.1 seconds and 1 step)
--> pkg_versions.adb:39:23

 info: overflow check proved (CVC5: 2 VC in max 0.1 seconds and 1 step)
--> pkg_versions.adb:40:20

 info: overflow check proved (CVC5: 2 VC in max 0.1 seconds and 1 step)
--> pkg_versions.adb:40:32

 info: index check proved (CVC5: 2 VC in max 0.0 seconds and 1 step)
--> pkg_versions.adb:43:37

 info: index check proved (CVC5: 4 VC in max 0.0 seconds and 1 step)
--> pkg_versions.adb:46:60

 info: loop invariant initialization proved (CVC5: 2 VC in max 0.0 seconds and 1 step)
--> pkg_versions.adb:46:92

 info: loop invariant preservation proved (CVC5: 2 VC in max 0.0 seconds and 1 step)
--> pkg_versions.adb:46:92

 info: overflow check proved (CVC5: 4 VC in max 0.0 seconds and 1 step)
--> pkg_versions.adb:46:110

 info: loop variant proved (CVC5: 1 VC in max 0.0 seconds and 1 step)
--> pkg_versions.adb:46:135

 info: overflow check proved (CVC5: 2 VC in max 0.0 seconds and 1 step)
--> pkg_versions.adb:46:160

 info: index check proved (CVC5: 4 VC in max 0.1 seconds and 1 step)
--> pkg_versions.adb:47:62

 info: loop invariant initialization proved (CVC5: 2 VC in max 0.0 seconds and 1 step)
--> pkg_versions.adb:47:94

 info: loop invariant preservation proved (CVC5: 2 VC in max 0.1 seconds and 1 step)
--> pkg_versions.adb:47:94

 info: overflow check proved (CVC5: 4 VC in max 0.1 seconds and 1 step)
--> pkg_versions.adb:47:113

 info: loop variant proved (CVC5: 1 VC in max 0.0 seconds and 1 step)
--> pkg_versions.adb:47:138

 info: overflow check proved (CVC5: 2 VC in max 0.1 seconds and 1 step)
--> pkg_versions.adb:47:163

 info: index check proved (CVC5: 4 VC in max 0.1 seconds and 1 step)
--> pkg_versions.adb:49:60

 info: loop invariant preservation proved (CVC5: 2 VC in max 0.1 seconds and 1 step)
--> pkg_versions.adb:49:92

 info: loop invariant initialization proved (CVC5: 2 VC in max 0.0 seconds and 1 step)
--> pkg_versions.adb:49:92

 info: overflow check proved (CVC5: 4 VC in max 0.0 seconds and 1 step)
--> pkg_versions.adb:49:110

 info: loop variant proved (CVC5: 1 VC in max 0.0 seconds and 1 step)
--> pkg_versions.adb:49:135

 info: overflow check proved (CVC5: 2 VC in max 0.1 seconds and 1 step)
--> pkg_versions.adb:49:160

 info: index check proved (CVC5: 4 VC in max 0.1 seconds and 1 step)
--> pkg_versions.adb:50:62

 info: loop invariant preservation proved (CVC5: 2 VC in max 0.1 seconds and 1 step)
--> pkg_versions.adb:50:94

 info: loop invariant initialization proved (CVC5: 2 VC in max 0.0 seconds and 1 step)
--> pkg_versions.adb:50:94

 info: overflow check proved (CVC5: 4 VC in max 0.0 seconds and 1 step)
--> pkg_versions.adb:50:113

 info: loop variant proved (CVC5: 1 VC in max 0.0 seconds and 1 step)
--> pkg_versions.adb:50:138

 info: overflow check proved (CVC5: 2 VC in max 0.1 seconds and 1 step)
--> pkg_versions.adb:50:163

 info: index check proved (CVC5: 4 VC in max 0.1 seconds and 68 steps)
--> pkg_versions.adb:57:45

 info: loop invariant initialization proved (CVC5: 2 VC in max 0.1 seconds and 46 steps)
--> pkg_versions.adb:57:82

 info: loop invariant preservation proved (CVC5: 2 VC in max 0.1 seconds and 80 steps)
--> pkg_versions.adb:57:82

 info: loop variant proved (CVC5: 1 VC in max 0.0 seconds and 1 step)
--> pkg_versions.adb:57:116

 info: overflow check proved (CVC5: 2 VC in max 0.1 seconds and 61 steps)
--> pkg_versions.adb:57:141

 info: index check proved (CVC5: 4 VC in max 0.1 seconds and 117 steps)
--> pkg_versions.adb:58:46

 info: loop invariant initialization proved (CVC5: 2 VC in max 0.1 seconds and 87 steps)
--> pkg_versions.adb:58:83

 info: loop invariant preservation proved (CVC5: 2 VC in max 0.1 seconds and 128 steps)
--> pkg_versions.adb:58:83

 info: loop variant proved (CVC5: 1 VC in max 0.0 seconds and 1 step)
--> pkg_versions.adb:58:117

 info: overflow check proved (CVC5: 2 VC in max 0.1 seconds and 109 steps)
--> pkg_versions.adb:58:142

 info: overflow check proved (CVC5: 2 VC in max 0.1 seconds and 153 steps)
--> pkg_versions.adb:59:22

 info: overflow check proved (CVC5: 2 VC in max 0.1 seconds and 144 steps)
--> pkg_versions.adb:59:32

 info: overflow check proved (CVC5: 2 VC in max 0.0 seconds and 1 step)
--> pkg_versions.adb:60:22

 info: overflow check proved (CVC5: 2 VC in max 0.0 seconds and 1 step)
--> pkg_versions.adb:60:32

 info: loop invariant initialization proved (CVC5: 4 VC in max 0.1 seconds and 159 steps)
--> pkg_versions.adb:63:38

 info: loop invariant preservation proved (CVC5: 4 VC in max 0.1 seconds and 212 steps)
--> pkg_versions.adb:63:38

 info: loop variant proved (CVC5: 1 VC in max 0.0 seconds and 1 step)
--> pkg_versions.adb:64:36

 info: index check proved (CVC5: 2 VC in max 0.1 seconds and 202 steps)
--> pkg_versions.adb:65:25

 info: index check proved (CVC5: 2 VC in max 0.1 seconds and 191 steps)
--> pkg_versions.adb:65:38

 info: index check proved (CVC5: 2 VC in max 0.0 seconds and 1 step)
--> pkg_versions.adb:66:25

 info: index check proved (CVC5: 2 VC in max 0.0 seconds and 1 step)
--> pkg_versions.adb:66:38

 info: overflow check proved (CVC5: 2 VC in max 0.1 seconds and 192 steps)
--> pkg_versions.adb:67:25

 info: overflow check proved (CVC5: 2 VC in max 0.1 seconds and 196 steps)
--> pkg_versions.adb:67:39

 info: range check proved (CVC5: 2 VC in max 0.0 seconds and 1 step)
--> pkg_versions.adb:79:07

 info: range check proved (CVC5: 2 VC in max 0.0 seconds and 1 step)
--> pkg_versions.adb:79:34

 info: length check proved (CVC5: 3 VC in max 0.0 seconds and 1 step)
--> pkg_versions.adb:79:44

 info: range check proved (CVC5: 2 VC in max 0.0 seconds and 1 step)
--> pkg_versions.adb:80:07

 info: range check proved (CVC5: 2 VC in max 0.0 seconds and 1 step)
--> pkg_versions.adb:80:35

 info: length check proved (CVC5: 3 VC in max 0.0 seconds and 1 step)
--> pkg_versions.adb:80:45

 info: precondition proved (CVC5: 6 VC in max 0.0 seconds and 1 step)
--> pkg_versions.adb:82:14

 info: implicit aspect Always_Terminates on "Compare" has been proved, subprogram will terminate
--> pkg_versions.ads:7:13

 info: data dependencies proved
--> pkg_versions.ads:8:11
 info: local subprogram "Spend" only analyzed in the context of calls [info-unrolling-inlining]
--> pkg_rpm_resolution.adb:10:14
      + add a contract to analyze it separately from calling contexts

 info: range check proved (CVC5: 2 VC in max 0.0 seconds and 1 step), in call inlined at pkg_rpm_resolution.adb:146
--> pkg_rpm_resolution.adb:11:86

 info: range check proved (CVC5: 2 VC in max 0.0 seconds and 1 step), in call inlined at pkg_rpm_resolution.adb:113
--> pkg_rpm_resolution.adb:11:86

 info: range check proved (CVC5: 2 VC in max 0.0 seconds and 1 step), in call inlined at pkg_rpm_resolution.adb:49
--> pkg_rpm_resolution.adb:11:86

 info: range check proved (CVC5: 2 VC in max 0.0 seconds and 1 step), in call inlined at pkg_rpm_resolution.adb:63
--> pkg_rpm_resolution.adb:11:86

 info: range check proved (CVC5: 2 VC in max 0.0 seconds and 1 step), in call inlined at pkg_rpm_resolution.adb:82
--> pkg_rpm_resolution.adb:11:86

 info: no contextual analysis of "Supported" (object renaming)
--> pkg_rpm_resolution.adb:12:04

 info: implicit aspect Always_Terminates on "Supported" has been proved, subprogram will terminate
--> pkg_rpm_resolution.adb:12:13

 info: cannot unroll loop (too many loop iterations) [info-unrolling-inlining]
--> pkg_rpm_resolution.adb:16:29

 info: index check proved (CVC5: 2 VC in max 0.0 seconds and 1 step)
--> pkg_rpm_resolution.adb:19:55

 info: index check proved (CVC5: 2 VC in max 0.0 seconds and 1 step)
--> pkg_rpm_resolution.adb:19:74

 info: index check proved (CVC5: 2 VC in max 0.0 seconds and 1 step)
--> pkg_rpm_resolution.adb:20:67

 info: index check proved (CVC5: 2 VC in max 0.0 seconds and 1 step)
--> pkg_rpm_resolution.adb:20:90

 info: index check proved (CVC5: 2 VC in max 0.0 seconds and 1 step)
--> pkg_rpm_resolution.adb:22:56

 info: index check proved (CVC5: 2 VC in max 0.0 seconds and 1 step)
--> pkg_rpm_resolution.adb:23:68

 info: initialization of "T" proved
--> pkg_rpm_resolution.adb:35:07

 info: initialization of "Status" proved
--> pkg_rpm_resolution.adb:35:28

 info: postcondition proved (CVC5: 12 VC in max 0.1 seconds and 355 steps; Trivial: 1 VC in max 0.0 seconds and 2 steps)
--> pkg_rpm_resolution.adb:36:14

 info: initialization of "AV" proved
--> pkg_rpm_resolution.adb:38:07

 info: initialization of "BV" proved
--> pkg_rpm_resolution.adb:38:11

 info: initialization of "Ordering" proved
--> pkg_rpm_resolution.adb:38:29

 info: initialization of "Hit" proved
--> pkg_rpm_resolution.adb:38:63

 info: loop invariant preservation proved (CVC5: 2 VC in max 0.0 seconds and 1 step)
--> pkg_rpm_resolution.adb:47:32

 info: loop invariant initialization proved (CVC5: 2 VC in max 0.0 seconds and 1 step)
--> pkg_rpm_resolution.adb:47:32

 info: overflow check proved (CVC5: 4 VC in max 0.1 seconds and 1 step)
--> pkg_rpm_resolution.adb:47:59

 info: index check proved (CVC5: 4 VC in max 0.0 seconds and 1 step)
--> pkg_rpm_resolution.adb:47:71

 info: analyzing call to "Spend" in context
--> pkg_rpm_resolution.adb:49:10

 info: cannot unroll loop (too many loop iterations) [info-unrolling-inlining]
--> pkg_rpm_resolution.adb:58:29

 info: cannot unroll loop (too many loop iterations) [info-unrolling-inlining]
--> pkg_rpm_resolution.adb:62:31

 info: analyzing call to "Spend" in context
--> pkg_rpm_resolution.adb:63:19

 info: range check proved (CVC5: 2 VC in max 0.1 seconds and 98 steps)
--> pkg_rpm_resolution.adb:69:48

 info: index check proved (CVC5: 2 VC in max 0.0 seconds and 1 step)
--> pkg_rpm_resolution.adb:77:30

 info: index check proved (CVC5: 2 VC in max 0.0 seconds and 153 steps)
--> pkg_rpm_resolution.adb:77:49

 info: cannot unroll loop (too many loop iterations) [info-unrolling-inlining]
--> pkg_rpm_resolution.adb:81:41

 info: analyzing call to "Spend" in context
--> pkg_rpm_resolution.adb:82:19

 info: range check proved (CVC5: 2 VC in max 0.1 seconds and 1 step)
--> pkg_rpm_resolution.adb:83:42

 info: index check proved (CVC5: 2 VC in max 0.1 seconds and 6 steps)
--> pkg_rpm_resolution.adb:84:64

 info: index check proved (CVC5: 2 VC in max 0.1 seconds and 1 step)
--> pkg_rpm_resolution.adb:84:83

 info: index check proved (CVC5: 2 VC in max 0.1 seconds and 10 steps)
--> pkg_rpm_resolution.adb:85:53

 info: index check proved (CVC5: 2 VC in max 0.1 seconds and 2 steps)
--> pkg_rpm_resolution.adb:85:71

 info: index check proved (CVC5: 2 VC in max 0.1 seconds and 13 steps)
--> pkg_rpm_resolution.adb:86:58

 info: index check proved (CVC5: 2 VC in max 0.0 seconds and 6 steps)
--> pkg_rpm_resolution.adb:86:81

 info: index check proved (CVC5: 2 VC in max 0.1 seconds and 9 steps)
--> pkg_rpm_resolution.adb:88:46

 info: index check proved (CVC5: 2 VC in max 0.0 seconds and 23 steps)
--> pkg_rpm_resolution.adb:88:67

 info: index check proved (CVC5: 2 VC in max 0.0 seconds and 27 steps)
--> pkg_rpm_resolution.adb:89:70

 info: index check proved (CVC5: 2 VC in max 0.1 seconds and 11 steps)
--> pkg_rpm_resolution.adb:91:50

 info: index check proved (CVC5: 2 VC in max 0.1 seconds and 24 steps)
--> pkg_rpm_resolution.adb:91:71

 info: index check proved (CVC5: 2 VC in max 0.0 seconds and 29 steps)
--> pkg_rpm_resolution.adb:92:70

 info: initialization of "T" proved
--> pkg_rpm_resolution.adb:102:07

 info: cannot unroll loop (too many loop iterations) [info-unrolling-inlining]
--> pkg_rpm_resolution.adb:105:59

 info: cannot unroll loop (too many loop iterations) [info-unrolling-inlining]
--> pkg_rpm_resolution.adb:108:29

 info: cannot unroll loop (too many loop iterations) [info-unrolling-inlining]
--> pkg_rpm_resolution.adb:112:44

 info: analyzing call to "Spend" in context
--> pkg_rpm_resolution.adb:113:22

 info: index check proved (CVC5: 2 VC in max 0.0 seconds and 1 step)
--> pkg_rpm_resolution.adb:116:44

 info: index check proved (CVC5: 2 VC in max 0.0 seconds and 1 step)
--> pkg_rpm_resolution.adb:116:59

 info: index check proved (CVC5: 2 VC in max 0.0 seconds and 1 step)
--> pkg_rpm_resolution.adb:117:43

 info: index check proved (CVC5: 2 VC in max 0.0 seconds and 1 step)
--> pkg_rpm_resolution.adb:117:57

 info: index check proved (CVC5: 2 VC in max 0.0 seconds and 1 step)
--> pkg_rpm_resolution.adb:118:47

 info: index check proved (CVC5: 2 VC in max 0.0 seconds and 1 step)
--> pkg_rpm_resolution.adb:118:64

 info: index check proved (CVC5: 2 VC in max 0.0 seconds and 1 step)
--> pkg_rpm_resolution.adb:118:114

 info: index check proved (CVC5: 2 VC in max 0.1 seconds and 1 step)
--> pkg_rpm_resolution.adb:119:55

 info: index check proved (CVC5: 2 VC in max 0.0 seconds and 1 step)
--> pkg_rpm_resolution.adb:119:72

 info: index check proved (CVC5: 2 VC in max 0.0 seconds and 1 step)
--> pkg_rpm_resolution.adb:119:122

 info: index check proved (CVC5: 2 VC in max 0.0 seconds and 1 step)
--> pkg_rpm_resolution.adb:123:24

 info: initialization of "T" proved
--> pkg_rpm_resolution.adb:128:07

 info: initialization of "A" proved
--> pkg_rpm_resolution.adb:131:07

 info: initialization of "B" proved
--> pkg_rpm_resolution.adb:131:10

 info: initialization of "C" proved
--> pkg_rpm_resolution.adb:131:13

 info: initialization of "Y" proved
--> pkg_rpm_resolution.adb:131:16

 info: initialization of "Z" proved
--> pkg_rpm_resolution.adb:131:19

 info: local subprogram "Join" only analyzed in the context of calls [info-unrolling-inlining]
--> pkg_rpm_resolution.adb:132:17
      + add a contract to analyze it separately from calling contexts

 info: initialization of "Result" proved
--> pkg_rpm_resolution.adb:132:84

 info: cannot unroll loop (too many loop iterations) [info-unrolling-inlining]
--> pkg_rpm_resolution.adb:140:29

 info: cannot unroll loop (too many loop iterations) [info-unrolling-inlining]
--> pkg_rpm_resolution.adb:145:46

 info: analyzing call to "Spend" in context
--> pkg_rpm_resolution.adb:146:22

 info: analyzing call to "Join" in context
--> pkg_rpm_resolution.adb:149:25

 info: analyzing call to "Join" in context
--> pkg_rpm_resolution.adb:153:31

 info: index check proved (CVC5: 2 VC in max 0.0 seconds and 1 step)
--> pkg_rpm_resolution.adb:153:64

 info: index check proved (CVC5: 2 VC in max 0.1 seconds and 1 step)
--> pkg_rpm_resolution.adb:153:76

 info: analyzing call to "Join" in context
--> pkg_rpm_resolution.adb:154:30

 info: index check proved (CVC5: 2 VC in max 0.1 seconds and 1 step)
--> pkg_rpm_resolution.adb:154:62

 info: index check proved (CVC5: 2 VC in max 0.0 seconds and 1 step)
--> pkg_rpm_resolution.adb:154:74

 info: index check proved (CVC5: 2 VC in max 0.0 seconds and 1 step)
--> pkg_rpm_resolution.adb:156:28

 info: analyzing call to "Join" in context
--> pkg_rpm_resolution.adb:162:22

 info: index check proved (CVC5: 2 VC in max 0.0 seconds and 1 step)
--> pkg_rpm_resolution.adb:162:57

 info: analyzing call to "Join" in context
--> pkg_rpm_resolution.adb:164:22

 info: index check proved (CVC5: 2 VC in max 0.1 seconds and 1 step)
--> pkg_rpm_resolution.adb:164:58

 info: analyzing call to "Join" in context
--> pkg_rpm_resolution.adb:165:22

 info: index check proved (CVC5: 2 VC in max 0.0 seconds and 1 step)
--> pkg_rpm_resolution.adb:165:58

 info: analyzing call to "Join" in context
--> pkg_rpm_resolution.adb:166:22

 info: index check proved (CVC5: 2 VC in max 0.1 seconds and 370 steps)
--> pkg_rpm_resolution.adb:175:19

 info: initialization of "Value" proved
--> pkg_rpm_resolution.adb:181:07

 info: cannot unroll loop (too many loop iterations) [info-unrolling-inlining]
--> pkg_rpm_resolution.adb:188:32

 info: index check proved (CVC5: 2 VC in max 0.0 seconds and 1 step)
--> pkg_rpm_resolution.adb:194:37

 info: initialization of "R" proved
--> pkg_rpm_resolution.adb:203:07

 info: initialization of "Condition" proved
--> pkg_rpm_resolution.adb:203:10

 info: cannot unroll loop (too many loop iterations) [info-unrolling-inlining]
--> pkg_rpm_resolution.adb:208:32

 info: initialization of "Root" proved
--> pkg_rpm_resolution.ads:14:43

 info: initialization of "Status" proved
--> pkg_rpm_resolution.ads:15:07

 info: data dependencies proved
--> pkg_rpm_resolution.ads:15:57

 info: initialization of "Satisfied" proved
--> pkg_rpm_resolution.ads:18:07

 info: initialization of "Status" proved
--> pkg_rpm_resolution.ads:18:32

 info: data dependencies proved
--> pkg_rpm_resolution.ads:18:82

 info: initialization of "Status" proved
--> pkg_rpm_resolution.ads:22:43

 info: data dependencies proved
--> pkg_rpm_resolution.ads:23:12

 info: initialization of "Satisfied" proved
--> pkg_rpm_resolution.ads:27:07

 info: initialization of "Status" proved
--> pkg_rpm_resolution.ads:27:32

 info: data dependencies proved
--> pkg_rpm_resolution.ads:28:12
 info: initialization of "P" proved
--> pkg_dependency.adb:5:07

 info: initialization of "Parsed_Root" proved
--> pkg_dependency.adb:6:32

 info: implicit aspect Always_Terminates on "Cursor_Valid" has been proved, subprogram will terminate
--> pkg_dependency.adb:7:16

 info: overflow check proved (CVC5: 2 VC in max 0.0 seconds and 1 step)
--> pkg_dependency.adb:9:45

 info: initialization of "Word" proved
--> pkg_dependency.adb:10:27

 info: postcondition proved (CVC5: 4 VC in max 0.0 seconds and 1 step; Trivial: 2 VC in max 0.0 seconds and 2 steps)
--> pkg_dependency.adb:11:38

 info: range check proved (CVC5: 2 VC in max 0.0 seconds and 1 step)
--> pkg_dependency.adb:15:36

 info: initialization of "Local_Status" proved
--> pkg_dependency.adb:15:59

 info: loop invariant initialization proved (CVC5: 3 VC in max 0.0 seconds and 1 step)
--> pkg_dependency.adb:18:35

 info: loop invariant preservation proved (CVC5: 3 VC in max 0.0 seconds and 1 step)
--> pkg_dependency.adb:18:35

 info: overflow check proved (CVC5: 4 VC in max 0.0 seconds and 1 step)
--> pkg_dependency.adb:18:83

 info: loop variant proved (CVC5: 1 VC in max 0.0 seconds and 1 step)
--> pkg_dependency.adb:19:33

 info: index check proved (CVC5: 2 VC in max 0.0 seconds and 1 step)
--> pkg_dependency.adb:20:21

 info: index check proved (CVC5: 2 VC in max 0.0 seconds and 1 step)
--> pkg_dependency.adb:21:24

 info: overflow check proved (CVC5: 2 VC in max 0.0 seconds and 1 step)
--> pkg_dependency.adb:21:48

 info: index check proved (CVC5: 2 VC in max 0.0 seconds and 1 step)
--> pkg_dependency.adb:22:24

 info: range check proved (CVC5: 2 VC in max 0.0 seconds and 1 step)
--> pkg_dependency.adb:22:75

 info: overflow check proved (CVC5: 2 VC in max 0.0 seconds and 1 step)
--> pkg_dependency.adb:24:17

 info: range check proved (CVC5: 4 VC in max 0.0 seconds and 1 step)
--> pkg_dependency.adb:27:27

 info: postcondition proved (CVC5: 2 VC in max 0.0 seconds and 1 step)
--> pkg_dependency.adb:31:17

 info: index check proved (CVC5: 4 VC in max 0.0 seconds and 1 step)
--> pkg_dependency.adb:34:43

 info: loop invariant initialization proved (CVC5: 2 VC in max 0.0 seconds and 1 step)
--> pkg_dependency.adb:35:35

 info: loop invariant preservation proved (CVC5: 2 VC in max 0.0 seconds and 1 step)
--> pkg_dependency.adb:35:35

 info: loop variant proved (CVC5: 1 VC in max 0.0 seconds and 1 step)
--> pkg_dependency.adb:36:33

 info: overflow check proved (CVC5: 2 VC in max 0.0 seconds and 1 step)
--> pkg_dependency.adb:37:17

 info: initialization of "Result" proved
--> pkg_dependency.adb:40:31

 info: postcondition proved (CVC5: 2 VC in max 0.0 seconds and 1 step; Trivial: 1 VC in max 0.0 seconds and 2 steps)
--> pkg_dependency.adb:41:17

 info: range check proved (CVC5: 2 VC in max 0.0 seconds and 1 step)
--> pkg_dependency.adb:46:26

 info: index check proved (CVC5: 2 VC in max 0.0 seconds and 1 step)
--> pkg_dependency.adb:46:39

 info: initialization of "Result" proved
--> pkg_dependency.adb:48:42

 info: postcondition proved (CVC5: 4 VC in max 0.0 seconds and 868 steps; Trivial: 2 VC in max 0.0 seconds and 2 steps)
--> pkg_dependency.adb:50:17

 info: initialization of "L" proved
--> pkg_dependency.adb:55:10

 info: initialization of "R" proved
--> pkg_dependency.adb:55:12

 info: initialization of "A" proved
--> pkg_dependency.adb:55:14

 info: initialization of "Word" proved
--> pkg_dependency.adb:55:27

 info: initialization of "N" proved
--> pkg_dependency.adb:55:49

 info: initialization of "Op" proved
--> pkg_dependency.adb:55:59

 info: initialization of "S" proved
--> pkg_dependency.adb:55:74

 info: precondition proved (CVC5: 1 VC in max 0.0 seconds and 1 step)
--> pkg_dependency.adb:59:10

 info: index check proved (CVC5: 2 VC in max 0.0 seconds and 1 step)
--> pkg_dependency.adb:60:18

 info: overflow check proved (CVC5: 2 VC in max 0.0 seconds and 1 step)
--> pkg_dependency.adb:61:17

 info: precondition proved (CVC5: 1 VC in max 0.0 seconds and 1 step)
--> pkg_dependency.adb:61:21

 info: subprogram variant proved (CVC5: 1 VC in max 0.0 seconds and 1 step)
--> pkg_dependency.adb:61:21

 info: overflow check proved (CVC5: 2 VC in max 0.0 seconds and 1 step)
--> pkg_dependency.adb:61:34

 info: loop invariant initialization proved (CVC5: 3 VC in max 0.0 seconds and 1 step)
--> pkg_dependency.adb:63:38

 info: loop invariant preservation proved (CVC5: 3 VC in max 0.0 seconds and 122 steps)
--> pkg_dependency.adb:63:38

 info: loop variant proved (CVC5: 1 VC in max 0.0 seconds and 112 steps)
--> pkg_dependency.adb:64:36

 info: precondition proved (CVC5: 1 VC in max 0.0 seconds and 1 step)
--> pkg_dependency.adb:65:16

 info: index check proved (CVC5: 2 VC in max 0.0 seconds and 1 step)
--> pkg_dependency.adb:66:24

 info: overflow check proved (CVC5: 2 VC in max 0.0 seconds and 1 step)
--> pkg_dependency.adb:68:23

 info: precondition proved (CVC5: 1 VC in max 0.0 seconds and 1 step)
--> pkg_dependency.adb:70:16

 info: precondition proved (CVC5: 1 VC in max 0.0 seconds and 1 step)
--> pkg_dependency.adb:78:30

 info: subprogram variant proved (CVC5: 1 VC in max 0.0 seconds and 1 step)
--> pkg_dependency.adb:78:30

 info: overflow check proved (CVC5: 2 VC in max 0.0 seconds and 1 step)
--> pkg_dependency.adb:78:43

 info: precondition proved (CVC5: 1 VC in max 0.0 seconds and 1 step)
--> pkg_dependency.adb:79:22

 info: index check proved (CVC5: 2 VC in max 0.0 seconds and 1 step)
--> pkg_dependency.adb:81:49

 info: precondition proved (CVC5: 1 VC in max 0.0 seconds and 1 step)
--> pkg_dependency.adb:82:22

 info: precondition proved (CVC5: 1 VC in max 0.0 seconds and 44 steps)
--> pkg_dependency.adb:86:22

 info: subprogram variant proved (CVC5: 1 VC in max 0.0 seconds and 1 step)
--> pkg_dependency.adb:86:22

 info: overflow check proved (CVC5: 2 VC in max 0.0 seconds and 1 step)
--> pkg_dependency.adb:86:35

 info: precondition proved (CVC5: 1 VC in max 0.0 seconds and 72 steps)
--> pkg_dependency.adb:86:42

 info: index check proved (CVC5: 2 VC in max 0.0 seconds and 47 steps)
--> pkg_dependency.adb:88:47

 info: overflow check proved (CVC5: 2 VC in max 0.0 seconds and 118 steps)
--> pkg_dependency.adb:91:52

 info: precondition proved (CVC5: 1 VC in max 0.0 seconds and 1 step)
--> pkg_dependency.adb:95:13

 info: precondition proved (CVC5: 1 VC in max 0.0 seconds and 1 step)
--> pkg_dependency.adb:100:13

 info: index check proved (CVC5: 2 VC in max 0.0 seconds and 1 step)
--> pkg_dependency.adb:101:43

 info: precondition proved (CVC5: 1 VC in max 0.0 seconds and 1 step)
--> pkg_dependency.adb:102:16

 info: precondition proved (CVC5: 1 VC in max 0.0 seconds and 1 step)
--> pkg_dependency.adb:108:16

 info: precondition proved (CVC5: 1 VC in max 0.0 seconds and 1 step)
--> pkg_dependency.adb:109:16

 info: initialization of "V" proved
--> pkg_dependency.adb:110:66

 info: assertion proved (CVC5: 1 VC in max 0.0 seconds and 68 steps; Trivial: 1 VC in max 0.0 seconds and 2 steps)
--> pkg_dependency.adb:116:27

 info: range check proved (CVC5: 2 VC in max 0.0 seconds and 1 step)
--> pkg_dependency.adb:123:14

 info: cannot unroll loop (too many loop iterations) [info-unrolling-inlining]
--> pkg_dependency.adb:124:21

 info: precondition proved (CVC5: 1 VC in max 0.0 seconds and 1 step)
--> pkg_dependency.adb:125:07

 info: precondition proved (CVC5: 1 VC in max 0.0 seconds and 1 step)
--> pkg_dependency.adb:125:52

 info: overflow check proved (CVC5: 2 VC in max 0.0 seconds and 1 step)
--> pkg_dependency.adb:126:41

 info: initialization of "A" proved
--> pkg_dependency.adb:136:07

 info: initialization of "B" proved
--> pkg_dependency.adb:136:09

 info: initialization of "O" proved
--> pkg_dependency.adb:136:26

 info: initialization of "Matched" proved
--> pkg_dependency.adb:136:53

 info: implicit aspect Always_Terminates on "Boolean_Value" has been proved, subprogram will terminate
--> pkg_dependency.adb:138:16

 info: index check proved (CVC5: 2 VC in max 0.0 seconds and 1 step)
--> pkg_dependency.adb:143:48

 info: index check proved (CVC5: 2 VC in max 0.0 seconds and 1 step)
--> pkg_dependency.adb:143:62

 info: index check proved (CVC5: 2 VC in max 0.0 seconds and 1 step)
--> pkg_dependency.adb:144:37

 info: index check proved (CVC5: 2 VC in max 0.0 seconds and 1 step)
--> pkg_dependency.adb:144:50

 info: index check proved (CVC5: 2 VC in max 0.0 seconds and 1 step)
--> pkg_dependency.adb:145:42

 info: index check proved (CVC5: 2 VC in max 0.0 seconds and 1 step)
--> pkg_dependency.adb:145:60

 info: index check proved (CVC5: 2 VC in max 0.0 seconds and 1 step)
--> pkg_dependency.adb:146:41

 info: index check proved (CVC5: 2 VC in max 0.0 seconds and 1 step)
--> pkg_dependency.adb:146:57

 info: index check proved (CVC5: 2 VC in max 0.0 seconds and 1 step)
--> pkg_dependency.adb:146:104

 info: index check proved (CVC5: 2 VC in max 0.0 seconds and 1 step)
--> pkg_dependency.adb:147:49

 info: index check proved (CVC5: 2 VC in max 0.0 seconds and 1 step)
--> pkg_dependency.adb:147:65

 info: index check proved (CVC5: 2 VC in max 0.0 seconds and 1 step)
--> pkg_dependency.adb:147:112

 info: cannot unroll loop (too many loop iterations) [info-unrolling-inlining]
--> pkg_dependency.adb:153:27

 info: cannot unroll loop (too many loop iterations) [info-unrolling-inlining]
--> pkg_dependency.adb:157:34

 info: index check proved (CVC5: 2 VC in max 0.0 seconds and 1 step)
--> pkg_dependency.adb:158:32

 info: index check proved (CVC5: 2 VC in max 0.0 seconds and 1 step)
--> pkg_dependency.adb:159:41

 info: index check proved (CVC5: 2 VC in max 0.0 seconds and 1 step)
--> pkg_dependency.adb:159:43

 info: index check proved (CVC5: 2 VC in max 0.0 seconds and 1 step)
--> pkg_dependency.adb:159:99

 info: index check proved (CVC5: 2 VC in max 0.0 seconds and 1 step)
--> pkg_dependency.adb:161:70

 info: index check proved (CVC5: 2 VC in max 0.0 seconds and 1 step)
--> pkg_dependency.adb:162:63

 info: range check proved (CVC5: 2 VC in max 0.0 seconds and 1 step)
--> pkg_dependency.adb:164:48

 info: index check proved (CVC5: 2 VC in max 0.0 seconds and 1 step)
--> pkg_dependency.adb:172:72

 info: index check proved (CVC5: 2 VC in max 0.0 seconds and 1 step)
--> pkg_dependency.adb:172:74

 info: cannot unroll loop (too many loop iterations) [info-unrolling-inlining]
--> pkg_dependency.adb:176:41

 info: precondition proved (CVC5: 4 VC in max 0.0 seconds and 1 step; Trivial: 1 VC in max 0.0 seconds and 2 steps)
--> pkg_dependency.adb:177:53

 info: cannot unroll loop (too many loop iterations) [info-unrolling-inlining]
--> pkg_dependency.adb:180:44

 info: precondition proved (CVC5: 4 VC in max 0.0 seconds and 1 step; Trivial: 1 VC in max 0.0 seconds and 2 steps)
--> pkg_dependency.adb:181:32

 info: index check proved (CVC5: 2 VC in max 0.0 seconds and 1 step)
--> pkg_dependency.adb:185:26

 info: initialization of "E" proved
--> pkg_dependency.ads:23:35

 info: initialization of "Status" proved
--> pkg_dependency.ads:23:55

 info: data dependencies proved
--> pkg_dependency.ads:23:82

 info: implicit aspect Always_Terminates on "Well_Formed" has been proved, subprogram will terminate
--> pkg_dependency.ads:24:13

 info: index check proved (CVC5: 2 VC in max 0.0 seconds and 1 step)
--> pkg_dependency.ads:26:20

 info: index check proved (CVC5: 2 VC in max 0.0 seconds and 1 step)
--> pkg_dependency.ads:27:34

 info: index check proved (CVC5: 2 VC in max 0.0 seconds and 1 step)
--> pkg_dependency.ads:27:62

 info: index check proved (CVC5: 2 VC in max 0.0 seconds and 1 step)
--> pkg_dependency.ads:28:28

 info: index check proved (CVC5: 2 VC in max 0.0 seconds and 1 step)
--> pkg_dependency.ads:28:56

 info: index check proved (CVC5: 2 VC in max 0.0 seconds and 1 step)
--> pkg_dependency.ads:29:22

 info: index check proved (CVC5: 2 VC in max 0.0 seconds and 1 step)
--> pkg_dependency.ads:29:57

 info: index check proved (CVC5: 2 VC in max 0.0 seconds and 1 step)
--> pkg_dependency.ads:30:28

 info: index check proved (CVC5: 2 VC in max 0.0 seconds and 1 step)
--> pkg_dependency.ads:31:29

 info: index check proved (CVC5: 2 VC in max 0.0 seconds and 1 step)
--> pkg_dependency.ads:31:62

 info: data dependencies proved
--> pkg_dependency.ads:32:11

 info: initialization of "Satisfied" proved
--> pkg_dependency.ads:34:29

 info: initialization of "Status" proved
--> pkg_dependency.ads:34:54

 info: data dependencies proved
--> pkg_dependency.ads:35:12
 info: implicit aspect Always_Terminates on "Valid" has been proved, subprogram will terminate
--> pkg_provenance.ads:13:13

 info: data dependencies proved
--> pkg_provenance.ads:13:55

 info: implicit aspect Always_Terminates on "Admissible" has been proved, subprogram will terminate
--> pkg_provenance.ads:14:13

 info: data dependencies proved
--> pkg_provenance.ads:15:11
 info: range check proved (CVC5: 2 VC in max 0.0 seconds and 1 step)
--> pkg_transactions.adb:37:34

 info: predicate check proved (CVC5: 1 VC in max 0.0 seconds and 1 step)
--> pkg_transactions.adb:37:34

 info: overflow check proved (CVC5: 2 VC in max 0.0 seconds and 103 steps)
--> pkg_transactions.adb:91:32

 info: implicit aspect Always_Terminates on "Well_Formed" has been proved, subprogram will terminate
--> pkg_transactions.ads:47:13

 info: data dependencies proved
--> pkg_transactions.ads:47:63

 info: implicit aspect Always_Terminates on "Write_Authorized" has been proved, subprogram will terminate
--> pkg_transactions.ads:48:13

 info: data dependencies proved
--> pkg_transactions.ads:49:11

 info: initialization of "Action" proved
--> pkg_transactions.ads:52:07

 info: initialization of "Status" proved
--> pkg_transactions.ads:52:28

 info: data dependencies proved
--> pkg_transactions.ads:53:11

 info: postcondition proved (CVC5: 18 VC in max 0.0 seconds and 231 steps; Trivial: 3 VC in max 0.0 seconds and 2 steps)
--> pkg_transactions.ads:55:10
 info: cannot unroll loop (too many loop iterations) [info-unrolling-inlining]
--> pkg_maintenance_bundle.adb:8:27

 info: cannot unroll loop (too many loop iterations) [info-unrolling-inlining]
--> pkg_maintenance_bundle.adb:11:26

 info: index check proved (CVC5: 2 VC in max 0.0 seconds and 1 step)
--> pkg_maintenance_bundle.adb:11:44

 info: initialization of "Found" proved
--> pkg_maintenance_bundle.adb:16:07

 info: cannot unroll loop (too many loop iterations) [info-unrolling-inlining]
--> pkg_maintenance_bundle.adb:19:27

 info: cannot unroll loop (too many loop iterations) [info-unrolling-inlining]
--> pkg_maintenance_bundle.adb:22:31

 info: index check proved (CVC5: 2 VC in max 0.0 seconds and 1 step)
--> pkg_maintenance_bundle.adb:23:21

 info: index check proved (CVC5: 2 VC in max 0.0 seconds and 1 step)
--> pkg_maintenance_bundle.adb:23:70

 info: implicit aspect Always_Terminates on "Valid" has been proved, subprogram will terminate
--> pkg_maintenance_bundle.ads:20:13

 info: data dependencies proved
--> pkg_maintenance_bundle.ads:20:52

 info: implicit aspect Always_Terminates on "Satisfied" has been proved, subprogram will terminate
--> pkg_maintenance_bundle.ads:21:13

 info: data dependencies proved
--> pkg_maintenance_bundle.ads:21:88
 info: implicit aspect Always_Terminates on "Fits" has been proved, subprogram will terminate
--> pkg_rpm.adb:5:13

 info: range check proved (CVC5: 2 VC in max 0.0 seconds and 1 step)
--> pkg_rpm.adb:6:21

 info: range check proved (CVC5: 2 VC in max 0.0 seconds and 1 step)
--> pkg_rpm.adb:6:51

 info: overflow check proved (CVC5: 2 VC in max 0.0 seconds and 1 step)
--> pkg_rpm.adb:6:59

 info: implicit aspect Always_Terminates on "Is_Hook" has been proved, subprogram will terminate
--> pkg_rpm.adb:7:13

 info: cannot unroll loop (too many loop iterations) [info-unrolling-inlining]
--> pkg_rpm.adb:15:38

 info: initialization of "Entries" proved
--> pkg_rpm.adb:21:38

 info: initialization of "Count" proved
--> pkg_rpm.adb:22:07

 info: initialization of "Next" proved
--> pkg_rpm.adb:22:28

 info: initialization of "Status" proved
--> pkg_rpm.adb:22:48

 info: postcondition proved (CVC5: 2 VC in max 0.2 seconds and 759 steps; Trivial: 1 VC in max 0.0 seconds and 2 steps)
--> pkg_rpm.adb:24:19

 info: range check proved (CVC5: 2 VC in max 0.1 seconds and 754 steps)
--> pkg_rpm.adb:25:46

 info: initialization of "N" proved
--> pkg_rpm.adb:27:07

 info: initialization of "Store_Size" proved
--> pkg_rpm.adb:27:10

 info: initialization of "Store_Base" proved
--> pkg_rpm.adb:27:22

 info: initialization of "Index_Base" proved
--> pkg_rpm.adb:27:34

 info: initialization of "Offset" proved
--> pkg_rpm.adb:27:46

 info: initialization of "Items" proved
--> pkg_rpm.adb:27:54

 info: initialization of "Kind" proved
--> pkg_rpm.adb:27:61

 info: initialization of "Raw_N" proved
--> pkg_rpm.adb:28:07

 info: initialization of "Raw_Size" proved
--> pkg_rpm.adb:28:14

 info: initialization of "Raw_Offset" proved
--> pkg_rpm.adb:28:24

 info: initialization of "Raw_Items" proved
--> pkg_rpm.adb:28:36

 info: initialization of "Raw_Kind" proved
--> pkg_rpm.adb:28:47

 info: initialization of "Width" proved
--> pkg_rpm.adb:29:07

 info: initialization of "Span" proved
--> pkg_rpm.adb:29:14

 info: initialization of "Cursor" proved
--> pkg_rpm.adb:29:20

 info: initialization of "Found_Strings" proved
--> pkg_rpm.adb:29:28

 info: range check proved (CVC5: 4 VC in max 0.0 seconds and 1 step)
--> pkg_rpm.adb:35:10

 info: overflow check proved (CVC5: 2 VC in max 0.0 seconds and 1 step)
--> pkg_rpm.adb:35:22

 info: overflow check proved (CVC5: 2 VC in max 0.0 seconds and 1 step)
--> pkg_rpm.adb:35:35

 info: range check proved (CVC5: 4 VC in max 0.0 seconds and 1 step)
--> pkg_rpm.adb:36:30

 info: overflow check proved (CVC5: 2 VC in max 0.0 seconds and 1 step)
--> pkg_rpm.adb:36:42

 info: overflow check proved (CVC5: 2 VC in max 0.0 seconds and 1 step)
--> pkg_rpm.adb:36:55

 info: precondition proved (CVC5: 3 VC in max 0.0 seconds and 1 step)
--> pkg_rpm.adb:38:24

 info: overflow check proved (CVC5: 2 VC in max 0.0 seconds and 1 step)
--> pkg_rpm.adb:38:42

 info: precondition proved (CVC5: 3 VC in max 0.0 seconds and 1 step)
--> pkg_rpm.adb:39:27

 info: overflow check proved (CVC5: 2 VC in max 0.0 seconds and 1 step)
--> pkg_rpm.adb:39:45

 info: range check proved (CVC5: 2 VC in max 0.0 seconds and 1 step)
--> pkg_rpm.adb:43:21

 info: range check proved (CVC5: 2 VC in max 0.0 seconds and 1 step)
--> pkg_rpm.adb:43:52

 info: overflow check proved (CVC5: 2 VC in max 0.0 seconds and 1 step)
--> pkg_rpm.adb:44:36

 info: overflow check proved (CVC5: 2 VC in max 0.0 seconds and 1 step)
--> pkg_rpm.adb:44:40

 info: overflow check proved (CVC5: 2 VC in max 0.0 seconds and 1 step)
--> pkg_rpm.adb:45:27

 info: overflow check proved (CVC5: 1 VC in max 0.0 seconds and 1 step; Z3: 1 VC in max 0.0 seconds and 1 step)
--> pkg_rpm.adb:45:32

 info: overflow check proved (CVC5: 2 VC in max 0.0 seconds and 1 step)
--> pkg_rpm.adb:45:36

 info: cannot unroll loop (too many loop iterations) [info-unrolling-inlining]
--> pkg_rpm.adb:47:23

 info: overflow check proved (CVC5: 2 VC in max 0.0 seconds and 1 step)
--> pkg_rpm.adb:48:30

 info: overflow check proved (CVC5: 2 VC in max 0.0 seconds and 1 step)
--> pkg_rpm.adb:48:35

 info: overflow check proved (CVC5: 2 VC in max 0.0 seconds and 1 step)
--> pkg_rpm.adb:48:45

 info: index check proved (CVC5: 1 VC in max 0.0 seconds and 1 step; Z3: 1 VC in max 0.0 seconds and 1 step)
--> pkg_rpm.adb:49:19

 info: precondition proved (CVC5: 3 VC in max 0.0 seconds and 8 steps)
--> pkg_rpm.adb:49:37

 info: overflow check proved (CVC5: 2 VC in max 0.0 seconds and 4 steps)
--> pkg_rpm.adb:49:60

 info: precondition proved (CVC5: 3 VC in max 0.0 seconds and 26 steps)
--> pkg_rpm.adb:50:30

 info: overflow check proved (CVC5: 2 VC in max 0.0 seconds and 21 steps)
--> pkg_rpm.adb:50:53

 info: precondition proved (CVC5: 3 VC in max 0.0 seconds and 34 steps)
--> pkg_rpm.adb:51:32

 info: overflow check proved (CVC5: 2 VC in max 0.0 seconds and 29 steps)
--> pkg_rpm.adb:51:55

 info: precondition proved (CVC5: 3 VC in max 0.0 seconds and 43 steps)
--> pkg_rpm.adb:52:31

 info: overflow check proved (CVC5: 2 VC in max 0.0 seconds and 37 steps)
--> pkg_rpm.adb:52:54

 info: range check proved (CVC5: 2 VC in max 0.0 seconds and 240 steps)
--> pkg_rpm.adb:56:27

 info: range check proved (CVC5: 2 VC in max 0.0 seconds and 257 steps)
--> pkg_rpm.adb:56:57

 info: range check proved (CVC5: 2 VC in max 0.0 seconds and 271 steps)
--> pkg_rpm.adb:57:28

 info: cannot unroll loop (too many loop iterations) [info-unrolling-inlining]
--> pkg_rpm.adb:58:37

 info: index check proved (CVC5: 2 VC in max 0.0 seconds and 115 steps)
--> pkg_rpm.adb:59:25

 info: index check proved (CVC5: 2 VC in max 0.0 seconds and 1 step)
--> pkg_rpm.adb:59:50

 info: division check proved (CVC5: 1 VC in max 0.0 seconds and 1 step)
--> pkg_rpm.adb:71:26

 info: overflow check proved (Z3: 2 VC in max 0.0 seconds and 1 step)
--> pkg_rpm.adb:72:46

 info: division check proved (CVC5: 1 VC in max 0.0 seconds and 1 step)
--> pkg_rpm.adb:72:56

 info: overflow check proved (CVC5: 1 VC in max 0.0 seconds and 760 steps; Z3: 1 VC in max 0.0 seconds and 1 step)
--> pkg_rpm.adb:74:30

 info: overflow check proved (Z3: 2 VC in max 0.0 seconds and 1 step)
--> pkg_rpm.adb:77:38

 info: loop invariant preservation proved (CVC5: 2 VC in max 0.0 seconds and 323 steps)
--> pkg_rpm.adb:80:42

 info: loop invariant initialization proved (CVC5: 1 VC in max 0.0 seconds and 1 step; Z3: 1 VC in max 0.0 seconds and 1 step)
--> pkg_rpm.adb:80:42

 info: range check proved (CVC5: 2 VC in max 0.0 seconds and 214 steps)
--> pkg_rpm.adb:83:46

 info: overflow check proved (CVC5: 2 VC in max 0.0 seconds and 268 steps)
--> pkg_rpm.adb:84:39

 info: overflow check proved (CVC5: 2 VC in max 0.0 seconds and 274 steps)
--> pkg_rpm.adb:84:48

 info: index check proved (CVC5: 2 VC in max 0.0 seconds and 288 steps)
--> pkg_rpm.adb:84:48

 info: overflow check proved (CVC5: 2 VC in max 0.1 seconds and 301 steps)
--> pkg_rpm.adb:85:53

 info: overflow check proved (CVC5: 2 VC in max 0.0 seconds and 307 steps)
--> pkg_rpm.adb:87:36

 info: overflow check proved (CVC5: 2 VC in max 0.0 seconds and 354 steps)
--> pkg_rpm.adb:89:31

 info: range check proved (CVC5: 2 VC in max 0.1 seconds and 359 steps)
--> pkg_rpm.adb:89:31

 info: index check proved (CVC5: 2 VC in max 0.0 seconds and 6 steps)
--> pkg_rpm.adb:92:19

 info: range check proved (CVC5: 2 VC in max 0.0 seconds and 754 steps)
--> pkg_rpm.adb:92:35

 info: index check proved (CVC5: 2 VC in max 0.0 seconds and 1 step)
--> pkg_rpm.adb:93:19

 info: overflow check proved (Z3: 2 VC in max 0.0 seconds and 1 step)
--> pkg_rpm.adb:93:48

 info: index check proved (CVC5: 2 VC in max 0.0 seconds and 1 step)
--> pkg_rpm.adb:94:19

 info: index check proved (CVC5: 2 VC in max 0.0 seconds and 1 step)
--> pkg_rpm.adb:95:19

 info: overflow check proved (CVC5: 1 VC in max 0.1 seconds and 547 steps; Z3: 1 VC in max 0.0 seconds and 1 step)
--> pkg_rpm.adb:97:38

 info: initialization of "Signature_Entries" proved
--> pkg_rpm.adb:100:07

 info: initialization of "Signature_Count" proved
--> pkg_rpm.adb:101:07

 info: initialization of "Header_End" proved
--> pkg_rpm.adb:102:07

 info: initialization of "Main_Start" proved
--> pkg_rpm.adb:102:19

 info: initialization of "Main_End" proved
--> pkg_rpm.adb:102:31

 info: initialization of "N" proved
--> pkg_rpm.adb:102:41

 info: initialization of "Step_Status" proved
--> pkg_rpm.adb:103:07

 info: initialization of "Found" proved
--> pkg_rpm.adb:106:07

 info: range check proved (CVC5: 4 VC in max 0.0 seconds and 1 step)
--> pkg_rpm.adb:110:10

 info: index check proved (CVC5: 2 VC in max 0.0 seconds and 1 step)
--> pkg_rpm.adb:111:24

 info: index check proved (CVC5: 2 VC in max 0.0 seconds and 1 step)
--> pkg_rpm.adb:111:47

 info: index check proved (CVC5: 2 VC in max 0.0 seconds and 1 step)
--> pkg_rpm.adb:111:70

 info: precondition proved (CVC5: 3 VC in max 0.0 seconds and 1 step)
--> pkg_rpm.adb:112:25

 info: precondition proved (CVC5: 3 VC in max 0.0 seconds and 1 step)
--> pkg_rpm.adb:113:25

 info: range check proved (CVC5: 4 VC in max 0.0 seconds and 1 step)
--> pkg_rpm.adb:114:30

 info: precondition proved (CVC5: 3 VC in max 0.0 seconds and 1 step)
--> pkg_rpm.adb:116:33

 info: precondition proved (CVC5: 2 VC in max 0.0 seconds and 1 step)
--> pkg_rpm.adb:117:07

 info: overflow check proved (CVC5: 2 VC in max 0.0 seconds and 1 step)
--> pkg_rpm.adb:119:32

 info: division check proved (CVC5: 1 VC in max 0.0 seconds and 1 step)
--> pkg_rpm.adb:119:51

 info: division check proved (CVC5: 1 VC in max 0.0 seconds and 1 step)
--> pkg_rpm.adb:119:58

 info: range check proved (CVC5: 2 VC in max 0.0 seconds and 1 step)
--> pkg_rpm.adb:120:27

 info: overflow check proved (CVC5: 2 VC in max 0.0 seconds and 1 step)
--> pkg_rpm.adb:121:27

 info: cannot unroll loop (too many loop iterations) [info-unrolling-inlining]
--> pkg_rpm.adb:121:45

 info: index check proved (CVC5: 2 VC in max 0.0 seconds and 1 step)
--> pkg_rpm.adb:122:19

 info: cannot unroll loop (too many loop iterations) [info-unrolling-inlining]
--> pkg_rpm.adb:124:37

 info: index check proved (CVC5: 2 VC in max 0.0 seconds and 6 steps)
--> pkg_rpm.adb:125:32

 info: precondition proved (CVC5: 2 VC in max 0.0 seconds and 1 step)
--> pkg_rpm.adb:129:07

 info: range check proved (CVC5: 2 VC in max 0.0 seconds and 1 step)
--> pkg_rpm.adb:131:27

 info: cannot unroll loop (too many loop iterations) [info-unrolling-inlining]
--> pkg_rpm.adb:133:23

 info: index check proved (CVC5: 2 VC in max 0.0 seconds and 86 steps)
--> pkg_rpm.adb:134:36

 info: unrolling loop [info-unrolling-inlining]
--> pkg_rpm.adb:136:27

 info: index check proved (CVC5: 10 VC in max 0.0 seconds and 529 steps)
--> pkg_rpm.adb:139:27

 info: index check proved (CVC5: 10 VC in max 0.0 seconds and 1 step)
--> pkg_rpm.adb:140:34

 info: initialization of "Info" proved
--> pkg_rpm.ads:22:37

 info: initialization of "Status" proved
--> pkg_rpm.ads:22:58

 info: data dependencies proved
--> pkg_rpm.ads:23:11

 info: postcondition proved (CVC5: 1 VC in max 0.0 seconds and 525 steps; Trivial: 1 VC in max 0.0 seconds and 2 steps)
--> pkg_rpm.ads:24:16

 info: range check proved (CVC5: 2 VC in max 0.0 seconds and 290 steps)
--> pkg_rpm.ads:24:64

 info: implicit aspect Always_Terminates on "Find" has been proved, subprogram will terminate
--> pkg_rpm.ads:25:13

 info: data dependencies proved
--> pkg_rpm.ads:26:11

 info: postcondition proved (CVC5: 1 VC in max 0.0 seconds and 1 step)
--> pkg_rpm.ads:26:35
 info: precondition proved (CVC5: 4 VC in max 0.0 seconds and 1 step)
--> pkg_journal.adb:9:15

 info: precondition proved (CVC5: 3 VC in max 0.0 seconds and 1 step)
--> pkg_journal.adb:10:15

 info: precondition proved (CVC5: 3 VC in max 0.0 seconds and 1 step)
--> pkg_journal.adb:11:15

 info: precondition proved (CVC5: 3 VC in max 0.0 seconds and 1 step)
--> pkg_journal.adb:12:15

 info: precondition proved (CVC5: 3 VC in max 0.0 seconds and 1 step)
--> pkg_journal.adb:18:15

 info: precondition proved (CVC5: 1 VC in max 0.0 seconds and 1131 steps)
--> pkg_journal.adb:19:31

 info: range check proved (CVC5: 4 VC in max 0.0 seconds and 1 step)
--> pkg_journal.adb:19:37

 info: initialization of "B" proved
--> pkg_journal.adb:23:07

 info: length check proved (CVC5: 3 VC in max 0.0 seconds and 1 step)
--> pkg_journal.adb:27:12

 info: range check proved (CVC5: 4 VC in max 0.0 seconds and 1 step)
--> pkg_journal.adb:28:10

 info: precondition proved (CVC5: 3 VC in max 0.0 seconds and 1 step)
--> pkg_journal.adb:29:25

 info: range check proved (CVC5: 4 VC in max 0.0 seconds and 1 step)
--> pkg_journal.adb:30:29

 info: range check proved (CVC5: 4 VC in max 0.0 seconds and 1 step)
--> pkg_journal.adb:30:58

 info: range check proved (CVC5: 4 VC in max 0.0 seconds and 1 step)
--> pkg_journal.adb:31:29

 info: precondition proved (CVC5: 1 VC in max 0.0 seconds and 1 step)
--> pkg_journal.adb:34:19

 info: range check proved (CVC5: 4 VC in max 0.0 seconds and 1 step)
--> pkg_journal.adb:34:25

 info: range check proved (CVC5: 4 VC in max 0.0 seconds and 1 step)
--> pkg_journal.adb:34:39

 info: unrolling loop [info-unrolling-inlining]
--> pkg_journal.adb:35:23

 info: precondition proved (CVC5: 9 VC in max 0.0 seconds and 1 step)
--> pkg_journal.adb:36:21

 info: precondition proved (CVC5: 3 VC in max 0.0 seconds and 1 step)
--> pkg_journal.adb:38:18

 info: precondition proved (CVC5: 3 VC in max 0.0 seconds and 1 step)
--> pkg_journal.adb:39:48

 info: range check proved (CVC5: 2 VC in max 0.0 seconds and 44 steps)
--> pkg_journal.adb:39:48

 info: precondition proved (CVC5: 3 VC in max 0.0 seconds and 1 step)
--> pkg_journal.adb:40:49

 info: range check proved (CVC5: 2 VC in max 0.0 seconds and 75 steps)
--> pkg_journal.adb:40:49

 info: precondition proved (CVC5: 3 VC in max 0.0 seconds and 1 step)
--> pkg_journal.adb:41:44

 info: range check proved (CVC5: 2 VC in max 0.0 seconds and 105 steps)
--> pkg_journal.adb:41:44

 info: range check proved (CVC5: 4 VC in max 0.0 seconds and 1 step)
--> pkg_journal.adb:42:31

 info: range check proved (CVC5: 2 VC in max 0.0 seconds and 128 steps)
--> pkg_journal.adb:43:51

 info: range check proved (CVC5: 4 VC in max 0.0 seconds and 1 step)
--> pkg_journal.adb:44:21

 info: range check proved (CVC5: 4 VC in max 0.0 seconds and 1 step)
--> pkg_journal.adb:44:50

 info: range check proved (CVC5: 4 VC in max 0.0 seconds and 1 step)
--> pkg_journal.adb:45:29

 info: range check proved (CVC5: 4 VC in max 0.0 seconds and 1 step)
--> pkg_journal.adb:45:63

 info: range check proved (CVC5: 4 VC in max 0.0 seconds and 1 step)
--> pkg_journal.adb:46:24

 info: precondition proved (CVC5: 3 VC in max 0.0 seconds and 1 step)
--> pkg_journal.adb:47:44

 info: range check proved (CVC5: 2 VC in max 0.0 seconds and 181 steps)
--> pkg_journal.adb:47:44

 info: initialization of "B" proved
--> pkg_journal.adb:55:07

 info: overflow check proved (CVC5: 2 VC in max 0.0 seconds and 1 step)
--> pkg_journal.adb:60:63

 info: range check proved (CVC5: 4 VC in max 0.0 seconds and 1 step)
--> pkg_journal.adb:71:28

 info: implicit aspect Always_Terminates on "Encode" has been proved, subprogram will terminate
--> pkg_journal.ads:27:13

 info: data dependencies proved
--> pkg_journal.ads:27:68

 info: initialization of "Value" proved
--> pkg_journal.ads:28:36

 info: initialization of "Status" proved
--> pkg_journal.ads:28:60

 info: data dependencies proved
--> pkg_journal.ads:29:11

 info: initialization of "Status" proved
--> pkg_journal.ads:31:48

 info: data dependencies proved
--> pkg_journal.ads:32:11

 info: postcondition proved (CVC5: 3 VC in max 0.0 seconds and 1 step; Trivial: 2 VC in max 0.0 seconds and 2 steps)
--> pkg_journal.ads:33:16
 info: cannot unroll loop (too many loop iterations) [info-unrolling-inlining]
--> pkg_change_set.adb:7:29

 info: cannot unroll loop (too many loop iterations) [info-unrolling-inlining]
--> pkg_change_set.adb:14:30

 info: index check proved (CVC5: 2 VC in max 0.0 seconds and 1 step)
--> pkg_change_set.adb:14:76

 info: cannot unroll loop (too many loop iterations) [info-unrolling-inlining]
--> pkg_change_set.adb:22:29

 info: implicit aspect Always_Terminates on "Valid" has been proved, subprogram will terminate
--> pkg_change_set.ads:21:13

 info: data dependencies proved
--> pkg_change_set.ads:21:49

 info: implicit aspect Always_Terminates on "Maximum_Activation" has been proved, subprogram will terminate
--> pkg_change_set.ads:22:13

 info: data dependencies proved
--> pkg_change_set.ads:22:78
 info: cannot unroll loop (too many loop iterations) [info-unrolling-inlining]
--> pkg_holds.adb:6:29

 info: cannot unroll loop (too many loop iterations) [info-unrolling-inlining]
--> pkg_holds.adb:8:30

 info: index check proved (CVC5: 2 VC in max 0.0 seconds and 1 step)
--> pkg_holds.adb:9:47

 info: cannot unroll loop (too many loop iterations) [info-unrolling-inlining]
--> pkg_holds.adb:17:29

 info: implicit aspect Always_Terminates on "Valid" has been proved, subprogram will terminate
--> pkg_holds.ads:15:13

 info: data dependencies proved
--> pkg_holds.ads:15:53

 info: implicit aspect Always_Terminates on "Blocked" has been proved, subprogram will terminate
--> pkg_holds.ads:16:13

 info: data dependencies proved
--> pkg_holds.ads:17:11
 info: implicit aspect Always_Terminates on "Valid" has been proved, subprogram will terminate
--> pkg_advisory.ads:14:13

 info: data dependencies proved
--> pkg_advisory.ads:14:54

 info: implicit aspect Always_Terminates on "Decide" has been proved, subprogram will terminate
--> pkg_advisory.ads:15:13

 info: data dependencies proved
--> pkg_advisory.ads:15:100
 info: implicit aspect Always_Terminates on "Evaluate" has been proved, subprogram will terminate
--> pkg_activation.ads:14:13

 info: data dependencies proved
--> pkg_activation.ads:14:60
 info: initialization of "Order" proved
--> pkg_deb_semantics.adb:7:07

 info: precondition proved (CVC5: 2 VC in max 0.0 seconds and 1 step)
--> pkg_deb_semantics.adb:23:16

 info: range check proved (CVC5: 2 VC in max 0.0 seconds and 1 step)
--> pkg_deb_semantics.adb:24:33

 info: initialization of "Satisfied" proved
--> pkg_deb_semantics.ads:20:07

 info: initialization of "Status" proved
--> pkg_deb_semantics.ads:20:32

 info: data dependencies proved
--> pkg_deb_semantics.ads:20:59

 info: implicit aspect Always_Terminates on "Requires_Check" has been proved, subprogram will terminate
--> pkg_deb_semantics.ads:24:13

 info: data dependencies proved
--> pkg_deb_semantics.ads:25:12
 info: implicit aspect Always_Terminates on "Digit" has been proved, subprogram will terminate
--> pkg_deb_versions.adb:10:13

 info: implicit aspect Always_Terminates on "Alpha" has been proved, subprogram will terminate
--> pkg_deb_versions.adb:11:13

 info: implicit aspect Always_Terminates on "Parse" has been proved, subprogram will terminate
--> pkg_deb_versions.adb:17:13

 info: data dependencies proved
--> pkg_deb_versions.adb:17:54

 info: postcondition proved (CVC5: 10 VC in max 0.2 seconds and 391 steps; Trivial: 2 VC in max 0.0 seconds and 2 steps)
--> pkg_deb_versions.adb:18:14

 info: overflow check proved (CVC5: 2 VC in max 0.1 seconds and 152 steps)
--> pkg_deb_versions.adb:23:68

 info: initialization of "Result" proved
--> pkg_deb_versions.adb:26:07

 info: initialization of "D" proved
--> pkg_deb_versions.adb:31:07

 info: loop invariant preservation proved (CVC5: 1 VC in max 0.0 seconds and 1 step)
--> pkg_deb_versions.adb:36:32

 info: loop invariant initialization proved (CVC5: 1 VC in max 0.0 seconds and 1 step)
--> pkg_deb_versions.adb:36:32

 info: overflow check proved (CVC5: 4 VC in max 0.0 seconds and 1 step)
--> pkg_deb_versions.adb:36:70

 info: range check proved (CVC5: 2 VC in max 0.0 seconds and 1 step)
--> pkg_deb_versions.adb:37:61

 info: range check proved (CVC5: 2 VC in max 0.0 seconds and 1 step)
--> pkg_deb_versions.adb:39:25

 info: cannot unroll loop (too many loop iterations) [info-unrolling-inlining]
--> pkg_deb_versions.adb:42:43

 info: index check proved (CVC5: 2 VC in max 0.0 seconds and 1 step)
--> pkg_deb_versions.adb:43:33

 info: index check proved (CVC5: 2 VC in max 0.0 seconds and 1 step)
--> pkg_deb_versions.adb:44:39

 info: range check proved (CVC5: 2 VC in max 0.0 seconds and 1 step)
--> pkg_deb_versions.adb:44:43

 info: overflow check proved (CVC5: 2 VC in max 0.0 seconds and 1 step)
--> pkg_deb_versions.adb:45:35

 info: division check proved (CVC5: 1 VC in max 0.0 seconds and 1 step)
--> pkg_deb_versions.adb:45:40

 info: overflow check proved (CVC5: 2 VC in max 0.1 seconds and 1 step)
--> pkg_deb_versions.adb:46:28

 info: overflow check proved (CVC5: 2 VC in max 0.0 seconds and 1 step)
--> pkg_deb_versions.adb:46:33

 info: overflow check proved (CVC5: 2 VC in max 0.0 seconds and 1 step)
--> pkg_deb_versions.adb:48:48

 info: index check proved (CVC5: 2 VC in max 0.1 seconds and 1 step)
--> pkg_deb_versions.adb:50:28

 info: loop invariant preservation proved (CVC5: 1 VC in max 0.0 seconds and 1 step)
--> pkg_deb_versions.adb:52:32

 info: loop invariant initialization proved (CVC5: 1 VC in max 0.1 seconds and 1 step)
--> pkg_deb_versions.adb:52:32

 info: overflow check proved (CVC5: 4 VC in max 0.1 seconds and 1 step)
--> pkg_deb_versions.adb:52:68

 info: index check proved (CVC5: 2 VC in max 0.0 seconds and 1 step)
--> pkg_deb_versions.adb:53:19

 info: range check proved (CVC5: 2 VC in max 0.0 seconds and 1 step)
--> pkg_deb_versions.adb:55:24

 info: range check proved (CVC5: 2 VC in max 0.1 seconds and 1 step)
--> pkg_deb_versions.adb:58:28

 info: overflow check proved (CVC5: 2 VC in max 0.1 seconds and 1 step)
--> pkg_deb_versions.adb:58:53

 info: range check proved (CVC5: 2 VC in max 0.0 seconds and 1 step)
--> pkg_deb_versions.adb:59:28

 info: cannot unroll loop (too many loop iterations) [info-unrolling-inlining]
--> pkg_deb_versions.adb:60:45

 info: index check proved (CVC5: 2 VC in max 0.1 seconds and 1 step)
--> pkg_deb_versions.adb:61:34

 info: index check proved (CVC5: 2 VC in max 0.0 seconds and 1 step)
--> pkg_deb_versions.adb:61:59

 info: index check proved (CVC5: 2 VC in max 0.0 seconds and 1 step)
--> pkg_deb_versions.adb:62:29

 info: cannot unroll loop (too many loop iterations) [info-unrolling-inlining]
--> pkg_deb_versions.adb:65:40

 info: index check proved (CVC5: 2 VC in max 0.1 seconds and 138 steps)
--> pkg_deb_versions.adb:66:31

 info: index check proved (CVC5: 2 VC in max 0.0 seconds and 1 step)
--> pkg_deb_versions.adb:66:56

 info: index check proved (CVC5: 2 VC in max 0.0 seconds and 1 step)
--> pkg_deb_versions.adb:67:26

 info: implicit aspect Always_Terminates on "Weight" has been proved, subprogram will terminate
--> pkg_deb_versions.adb:72:13

 info: index check proved (CVC5: 2 VC in max 0.0 seconds and 1 step)
--> pkg_deb_versions.adb:76:13

 info: index check proved (CVC5: 2 VC in max 0.0 seconds and 1 step)
--> pkg_deb_versions.adb:77:20

 info: index check proved (CVC5: 2 VC in max 0.0 seconds and 1 step)
--> pkg_deb_versions.adb:78:20

 info: index check proved (CVC5: 2 VC in max 0.0 seconds and 1 step)
--> pkg_deb_versions.adb:78:54

 info: index check proved (CVC5: 2 VC in max 0.0 seconds and 1 step)
--> pkg_deb_versions.adb:79:32

 info: implicit aspect Always_Terminates on "Part_Order" has been proved, subprogram will terminate
--> pkg_deb_versions.adb:81:13

 info: overflow check proved (CVC5: 2 VC in max 0.0 seconds and 1 step)
--> pkg_deb_versions.adb:82:48

 info: overflow check proved (CVC5: 2 VC in max 0.0 seconds and 1 step)
--> pkg_deb_versions.adb:83:52

 info: range check proved (CVC5: 2 VC in max 0.0 seconds and 1 step)
--> pkg_deb_versions.adb:86:24

 info: range check proved (CVC5: 2 VC in max 0.0 seconds and 1 step)
--> pkg_deb_versions.adb:86:49

 info: initialization of "LA" proved
--> pkg_deb_versions.adb:87:07

 info: initialization of "LB" proved
--> pkg_deb_versions.adb:87:11

 info: initialization of "SA" proved
--> pkg_deb_versions.adb:87:25

 info: initialization of "SB" proved
--> pkg_deb_versions.adb:87:29

 info: initialization of "WA" proved
--> pkg_deb_versions.adb:88:07

 info: initialization of "WB" proved
--> pkg_deb_versions.adb:88:11

 info: implicit aspect Always_Terminates on "Cursors" has been proved, subprogram will terminate
--> pkg_deb_versions.adb:89:16

 info: overflow check proved (CVC5: 2 VC in max 0.0 seconds and 1 step)
--> pkg_deb_versions.adb:91:39

 info: overflow check proved (CVC5: 2 VC in max 0.0 seconds and 1 step)
--> pkg_deb_versions.adb:91:71

 info: loop invariant preservation proved (CVC5: 3 VC in max 0.1 seconds and 108 steps)
--> pkg_deb_versions.adb:94:32

 info: loop invariant initialization proved (CVC5: 3 VC in max 0.0 seconds and 1 step)
--> pkg_deb_versions.adb:94:32

 info: loop variant proved (CVC5: 1 VC in max 0.1 seconds and 143 steps)
--> pkg_deb_versions.adb:95:31

 info: index check proved (CVC5: 4 VC in max 0.0 seconds and 1 step)
--> pkg_deb_versions.adb:96:52

 info: index check proved (CVC5: 4 VC in max 0.0 seconds and 1 step)
--> pkg_deb_versions.adb:97:56

 info: loop invariant initialization proved (CVC5: 3 VC in max 0.0 seconds and 1 step)
--> pkg_deb_versions.adb:98:35

 info: loop invariant preservation proved (CVC5: 3 VC in max 0.0 seconds and 1 step)
--> pkg_deb_versions.adb:98:35

 info: loop variant proved (CVC5: 1 VC in max 0.0 seconds and 1 step)
--> pkg_deb_versions.adb:99:34

 info: precondition proved (CVC5: 1 VC in max 0.0 seconds and 1 step)
--> pkg_deb_versions.adb:100:19

 info: precondition proved (CVC5: 1 VC in max 0.0 seconds and 1 step)
--> pkg_deb_versions.adb:100:40

 info: overflow check proved (CVC5: 2 VC in max 0.0 seconds and 1 step)
--> pkg_deb_versions.adb:102:40

 info: overflow check proved (CVC5: 2 VC in max 0.0 seconds and 1 step)
--> pkg_deb_versions.adb:103:40

 info: index check proved (CVC5: 4 VC in max 0.0 seconds and 1 step)
--> pkg_deb_versions.adb:105:40

 info: loop invariant preservation proved (CVC5: 3 VC in max 0.0 seconds and 1 step)
--> pkg_deb_versions.adb:105:76

 info: loop invariant initialization proved (CVC5: 3 VC in max 0.0 seconds and 1 step)
--> pkg_deb_versions.adb:105:76

 info: loop variant proved (CVC5: 1 VC in max 0.0 seconds and 1 step)
--> pkg_deb_versions.adb:105:157

 info: overflow check proved (CVC5: 2 VC in max 0.0 seconds and 1 step)
--> pkg_deb_versions.adb:105:181

 info: index check proved (CVC5: 4 VC in max 0.1 seconds and 1 step)
--> pkg_deb_versions.adb:106:40

 info: loop invariant initialization proved (CVC5: 3 VC in max 0.0 seconds and 1 step)
--> pkg_deb_versions.adb:106:76

 info: loop invariant preservation proved (CVC5: 3 VC in max 0.0 seconds and 1 step)
--> pkg_deb_versions.adb:106:76

 info: loop variant proved (CVC5: 1 VC in max 0.0 seconds and 1 step)
--> pkg_deb_versions.adb:106:157

 info: overflow check proved (CVC5: 2 VC in max 0.1 seconds and 1 step)
--> pkg_deb_versions.adb:106:181

 info: index check proved (CVC5: 4 VC in max 0.0 seconds and 1 step)
--> pkg_deb_versions.adb:108:47

 info: loop invariant initialization proved (CVC5: 3 VC in max 0.1 seconds and 1 step)
--> pkg_deb_versions.adb:108:78

 info: loop invariant preservation proved (CVC5: 3 VC in max 0.1 seconds and 1 step)
--> pkg_deb_versions.adb:108:78

 info: loop variant proved (CVC5: 1 VC in max 0.0 seconds and 1 step)
--> pkg_deb_versions.adb:108:149

 info: overflow check proved (CVC5: 2 VC in max 0.0 seconds and 1 step)
--> pkg_deb_versions.adb:108:173

 info: index check proved (CVC5: 4 VC in max 0.1 seconds and 1 step)
--> pkg_deb_versions.adb:109:47

 info: loop invariant initialization proved (CVC5: 3 VC in max 0.1 seconds and 1 step)
--> pkg_deb_versions.adb:109:78

 info: loop invariant preservation proved (CVC5: 3 VC in max 0.1 seconds and 1 step)
--> pkg_deb_versions.adb:109:78

 info: loop variant proved (CVC5: 1 VC in max 0.0 seconds and 1 step)
--> pkg_deb_versions.adb:109:149

 info: overflow check proved (CVC5: 2 VC in max 0.1 seconds and 1 step)
--> pkg_deb_versions.adb:109:173

 info: range check proved (CVC5: 2 VC in max 0.1 seconds and 1 step)
--> pkg_deb_versions.adb:110:18

 info: range check proved (CVC5: 2 VC in max 0.1 seconds and 1 step)
--> pkg_deb_versions.adb:110:32

 info: loop invariant initialization proved (CVC5: 5 VC in max 0.1 seconds and 21 steps)
--> pkg_deb_versions.adb:113:35

 info: loop invariant preservation proved (CVC5: 5 VC in max 0.1 seconds and 88 steps)
--> pkg_deb_versions.adb:113:35

 info: loop invariant initialization proved (CVC5: 1 VC in max 0.1 seconds and 21 steps)
--> pkg_deb_versions.adb:114:35

 info: loop invariant preservation proved (CVC5: 1 VC in max 0.0 seconds and 1 step)
--> pkg_deb_versions.adb:114:35

 info: loop variant proved (CVC5: 1 VC in max 0.0 seconds and 1 step)
--> pkg_deb_versions.adb:115:34

 info: index check proved (CVC5: 2 VC in max 0.1 seconds and 50 steps)
--> pkg_deb_versions.adb:116:19

 info: index check proved (CVC5: 2 VC in max 0.1 seconds and 43 steps)
--> pkg_deb_versions.adb:116:28

 info: index check proved (CVC5: 2 VC in max 0.0 seconds and 1 step)
--> pkg_deb_versions.adb:117:22

 info: index check proved (CVC5: 2 VC in max 0.1 seconds and 1 step)
--> pkg_deb_versions.adb:117:31

 info: overflow check proved (CVC5: 2 VC in max 0.1 seconds and 67 steps)
--> pkg_deb_versions.adb:118:22

 info: overflow check proved (CVC5: 2 VC in max 0.1 seconds and 73 steps)
--> pkg_deb_versions.adb:118:36

 info: initialization of "Result" proved
--> pkg_deb_versions.adb:126:07

 info: assertion proved (CVC5: 2 VC in max 0.0 seconds and 1 step)
--> pkg_deb_versions.adb:128:22

 info: precondition proved (CVC5: 8 VC in max 0.0 seconds and 1 step)
--> pkg_deb_versions.adb:131:17

 info: range check proved (CVC5: 4 VC in max 0.0 seconds and 1 step)
--> pkg_deb_versions.adb:131:29

 info: range check proved (CVC5: 4 VC in max 0.0 seconds and 1 step)
--> pkg_deb_versions.adb:131:61

 info: precondition proved (CVC5: 8 VC in max 0.0 seconds and 1 step)
--> pkg_deb_versions.adb:134:17

 info: range check proved (CVC5: 4 VC in max 0.0 seconds and 1 step)
--> pkg_deb_versions.adb:134:29

 info: range check proved (CVC5: 4 VC in max 0.0 seconds and 1 step)
--> pkg_deb_versions.adb:134:63

 info: precondition proved (CVC5: 8 VC in max 0.0 seconds and 1 step)
--> pkg_deb_versions.adb:135:40

 info: range check proved (CVC5: 4 VC in max 0.0 seconds and 1 step)
--> pkg_deb_versions.adb:135:52

 info: precondition proved (CVC5: 8 VC in max 0.0 seconds and 1 step)
--> pkg_deb_versions.adb:136:40

 info: range check proved (CVC5: 4 VC in max 0.0 seconds and 1 step)
--> pkg_deb_versions.adb:136:57

 info: implicit aspect Always_Terminates on "Valid" has been proved, subprogram will terminate
--> pkg_deb_versions.ads:6:13

 info: data dependencies proved
--> pkg_deb_versions.ads:7:11

 info: implicit aspect Always_Terminates on "Compare" has been proved, subprogram will terminate
--> pkg_deb_versions.ads:8:13

 info: data dependencies proved
--> pkg_deb_versions.ads:9:11
 info: length check proved (CVC5: 3 VC in max 0.0 seconds and 1 step)
--> pkg_root_state.adb:10:16

 info: precondition proved (CVC5: 3 VC in max 0.0 seconds and 1 step)
--> pkg_root_state.adb:10:52

 info: precondition proved (CVC5: 1 VC in max 0.0 seconds and 213 steps)
--> pkg_root_state.adb:13:29

 info: range check proved (CVC5: 4 VC in max 0.0 seconds and 1 step)
--> pkg_root_state.adb:13:35

 info: range check proved (CVC5: 4 VC in max 0.0 seconds and 1 step)
--> pkg_root_state.adb:18:51

 info: range check proved (CVC5: 4 VC in max 0.0 seconds and 1 step)
--> pkg_root_state.adb:19:17

 info: precondition proved (CVC5: 1 VC in max 0.0 seconds and 1 step)
--> pkg_root_state.adb:19:39

 info: range check proved (CVC5: 4 VC in max 0.0 seconds and 1 step)
--> pkg_root_state.adb:19:45

 info: precondition proved (CVC5: 3 VC in max 0.0 seconds and 1 step)
--> pkg_root_state.adb:20:25

 info: unrolling loop [info-unrolling-inlining]
--> pkg_root_state.adb:21:25

 info: index check proved (CVC5: 32 VC in max 0.0 seconds and 35 steps)
--> pkg_root_state.adb:21:35

 info: range check proved (CVC5: 4 VC in max 0.0 seconds and 83 steps)
--> pkg_root_state.adb:22:18

 info: precondition proved (CVC5: 3 VC in max 0.0 seconds and 119 steps)
--> pkg_root_state.adb:22:58

 info: range check proved (CVC5: 2 VC in max 0.0 seconds and 285 steps)
--> pkg_root_state.adb:22:58

 info: range check proved (CVC5: 4 VC in max 0.0 seconds and 149 steps)
--> pkg_root_state.adb:23:29

 info: range check proved (CVC5: 4 VC in max 0.0 seconds and 181 steps)
--> pkg_root_state.adb:23:55

 info: range check proved (CVC5: 4 VC in max 0.0 seconds and 214 steps)
--> pkg_root_state.adb:24:24

 info: range check proved (CVC5: 4 VC in max 0.0 seconds and 247 steps)
--> pkg_root_state.adb:24:51

 info: implicit aspect Always_Terminates on "Encode" has been proved, subprogram will terminate
--> pkg_root_state.ads:11:13

 info: data dependencies proved
--> pkg_root_state.ads:11:49

 info: initialization of "S" proved
--> pkg_root_state.ads:12:32

 info: initialization of "Status" proved
--> pkg_root_state.ads:12:47

 info: data dependencies proved
--> pkg_root_state.ads:12:74
 info: initialization of "Limit" proved
--> pkg_exposure_policy.adb:4:07

 info: overflow check proved (CVC5: 2 VC in max 0.0 seconds and 1 step)
--> pkg_exposure_policy.adb:19:15

 info: implicit aspect Always_Terminates on "Evaluate" has been proved, subprogram will terminate
--> pkg_exposure_policy.ads:15:13

 info: data dependencies proved
--> pkg_exposure_policy.ads:15:65
 info: range check proved (CVC5: 2 VC in max 0.0 seconds and 1 step)
--> pkg_file_plan.adb:12:27

 info: initialization of "Start" proved
--> pkg_file_plan.adb:22:07

 info: range check proved (CVC5: 2 VC in max 0.0 seconds and 1 step)
--> pkg_file_plan.adb:25:18

 info: loop invariant preservation proved (CVC5: 2 VC in max 0.0 seconds and 1 step)
--> pkg_file_plan.adb:27:32

 info: loop invariant initialization proved (CVC5: 2 VC in max 0.0 seconds and 1 step)
--> pkg_file_plan.adb:27:32

 info: range check proved (CVC5: 4 VC in max 0.0 seconds and 1 step)
--> pkg_file_plan.adb:29:16

 info: overflow check proved (CVC5: 2 VC in max 0.0 seconds and 1 step)
--> pkg_file_plan.adb:29:29

 info: range check proved (CVC5: 4 VC in max 0.0 seconds and 1 step)
--> pkg_file_plan.adb:29:52

 info: overflow check proved (CVC5: 2 VC in max 0.0 seconds and 1 step)
--> pkg_file_plan.adb:29:65

 info: overflow check proved (CVC5: 2 VC in max 0.0 seconds and 1 step)
--> pkg_file_plan.adb:30:25

 info: range check proved (CVC5: 4 VC in max 0.0 seconds and 1 step)
--> pkg_file_plan.adb:30:44

 info: overflow check proved (CVC5: 2 VC in max 0.0 seconds and 1 step)
--> pkg_file_plan.adb:30:61

 info: overflow check proved (CVC5: 2 VC in max 0.0 seconds and 1 step)
--> pkg_file_plan.adb:31:21

 info: range check proved (CVC5: 2 VC in max 0.0 seconds and 1 step)
--> pkg_file_plan.adb:31:21

 info: range check proved (CVC5: 4 VC in max 0.0 seconds and 1 step)
--> pkg_file_plan.adb:34:10

 info: range check proved (CVC5: 4 VC in max 0.0 seconds and 1 step)
--> pkg_file_plan.adb:34:52

 info: overflow check proved (CVC5: 2 VC in max 0.0 seconds and 1 step)
--> pkg_file_plan.adb:35:27

 info: overflow check proved (CVC5: 2 VC in max 0.0 seconds and 1 step)
--> pkg_file_plan.adb:35:33

 info: range check proved (CVC5: 4 VC in max 0.0 seconds and 1 step)
--> pkg_file_plan.adb:35:48

 info: overflow check proved (CVC5: 2 VC in max 0.0 seconds and 1 step)
--> pkg_file_plan.adb:35:65

 info: cannot unroll loop (too many loop iterations) [info-unrolling-inlining]
--> pkg_file_plan.adb:44:27

 info: range check proved (CVC5: 4 VC in max 0.0 seconds and 1 step)
--> pkg_file_plan.adb:46:16

 info: overflow check proved (CVC5: 2 VC in max 0.0 seconds and 1 step)
--> pkg_file_plan.adb:46:34

 info: range check proved (CVC5: 4 VC in max 0.0 seconds and 1 step)
--> pkg_file_plan.adb:46:53

 info: overflow check proved (CVC5: 2 VC in max 0.0 seconds and 1 step)
--> pkg_file_plan.adb:46:71

 info: range check proved (CVC5: 4 VC in max 0.0 seconds and 1 step)
--> pkg_file_plan.adb:47:23

 info: overflow check proved (CVC5: 2 VC in max 0.0 seconds and 1 step)
--> pkg_file_plan.adb:47:41

 info: range check proved (CVC5: 4 VC in max 0.0 seconds and 1 step)
--> pkg_file_plan.adb:47:59

 info: overflow check proved (CVC5: 2 VC in max 0.0 seconds and 1 step)
--> pkg_file_plan.adb:47:77

 info: range check proved (CVC5: 4 VC in max 0.0 seconds and 1 step)
--> pkg_file_plan.adb:48:23

 info: overflow check proved (CVC5: 2 VC in max 0.0 seconds and 1 step)
--> pkg_file_plan.adb:48:41

 info: range check proved (CVC5: 4 VC in max 0.0 seconds and 1 step)
--> pkg_file_plan.adb:49:23

 info: overflow check proved (CVC5: 2 VC in max 0.0 seconds and 1 step)
--> pkg_file_plan.adb:49:41

 info: range check proved (CVC5: 4 VC in max 0.0 seconds and 1 step)
--> pkg_file_plan.adb:50:23

 info: overflow check proved (CVC5: 2 VC in max 0.0 seconds and 1 step)
--> pkg_file_plan.adb:50:41

 info: range check proved (CVC5: 4 VC in max 0.0 seconds and 10 steps)
--> pkg_file_plan.adb:51:23

 info: overflow check proved (CVC5: 2 VC in max 0.0 seconds and 1 step)
--> pkg_file_plan.adb:51:41

 info: range check proved (CVC5: 4 VC in max 0.0 seconds and 23 steps)
--> pkg_file_plan.adb:52:23

 info: overflow check proved (CVC5: 2 VC in max 0.0 seconds and 1 step)
--> pkg_file_plan.adb:52:41

 info: range check proved (CVC5: 4 VC in max 0.0 seconds and 37 steps)
--> pkg_file_plan.adb:53:23

 info: overflow check proved (CVC5: 2 VC in max 0.0 seconds and 1 step)
--> pkg_file_plan.adb:53:41

 info: implicit aspect Always_Terminates on "Ancestor" has been proved, subprogram will terminate
--> pkg_file_plan.adb:58:13

 info: range check proved (CVC5: 4 VC in max 0.0 seconds and 1 step)
--> pkg_file_plan.adb:59:34

 info: overflow check proved (CVC5: 2 VC in max 0.0 seconds and 1 step)
--> pkg_file_plan.adb:59:52

 info: range check proved (CVC5: 2 VC in max 0.0 seconds and 1 step)
--> pkg_file_plan.adb:59:54

 info: overflow check proved (CVC5: 2 VC in max 0.0 seconds and 1 step)
--> pkg_file_plan.adb:59:61

 info: overflow check proved (CVC5: 2 VC in max 0.0 seconds and 1 step)
--> pkg_file_plan.adb:60:26

 info: index check proved (CVC5: 2 VC in max 0.0 seconds and 1 step)
--> pkg_file_plan.adb:60:26

 info: range check proved (CVC5: 2 VC in max 0.0 seconds and 1 step)
--> pkg_file_plan.adb:60:28

 info: overflow check proved (CVC5: 2 VC in max 0.0 seconds and 1 step)
--> pkg_file_plan.adb:64:94

 info: cannot unroll loop (too many loop iterations) [info-unrolling-inlining]
--> pkg_file_plan.adb:67:27

 info: cannot unroll loop (too many loop iterations) [info-unrolling-inlining]
--> pkg_file_plan.adb:77:30

 info: precondition proved (CVC5: 3 VC in max 0.0 seconds and 1 step)
--> pkg_file_plan.adb:92:50

 info: precondition proved (CVC5: 3 VC in max 0.0 seconds and 1 step)
--> pkg_file_plan.adb:93:15

 info: precondition proved (CVC5: 3 VC in max 0.0 seconds and 1 step)
--> pkg_file_plan.adb:93:42

 info: precondition proved (CVC5: 3 VC in max 0.0 seconds and 1 step)
--> pkg_file_plan.adb:94:15

 info: precondition proved (CVC5: 3 VC in max 0.0 seconds and 1 step)
--> pkg_file_plan.adb:94:50

 info: precondition proved (CVC5: 3 VC in max 0.0 seconds and 1 step)
--> pkg_file_plan.adb:95:15

 info: index check proved (CVC5: 2 VC in max 0.0 seconds and 1 step)
--> pkg_file_plan.adb:101:68

 info: unrolling loop [info-unrolling-inlining]
--> pkg_file_plan.adb:102:21

 info: index check proved (CVC5: 6 VC in max 0.0 seconds and 1 step)
--> pkg_file_plan.adb:102:31

 info: unrolling loop [info-unrolling-inlining]
--> pkg_file_plan.adb:103:23

 info: index check proved (CVC5: 8 VC in max 0.0 seconds and 1 step)
--> pkg_file_plan.adb:103:33

 info: cannot unroll loop (too many loop iterations) [info-unrolling-inlining]
--> pkg_file_plan.adb:104:25

 info: index check proved (CVC5: 2 VC in max 0.0 seconds and 1 step)
--> pkg_file_plan.adb:104:35

 info: precondition proved (CVC5: 3 VC in max 0.0 seconds and 1 step)
--> pkg_file_plan.adb:105:18

 info: precondition proved (CVC5: 3 VC in max 0.0 seconds and 1 step)
--> pkg_file_plan.adb:105:64

 info: precondition proved (CVC5: 3 VC in max 0.0 seconds and 1 step)
--> pkg_file_plan.adb:106:25

 info: range check proved (CVC5: 2 VC in max 0.0 seconds and 1 step)
--> pkg_file_plan.adb:107:29

 info: index check proved (CVC5: 2 VC in max 0.0 seconds and 1 step)
--> pkg_file_plan.adb:107:31

 info: precondition proved (CVC5: 3 VC in max 0.0 seconds and 1 step)
--> pkg_file_plan.adb:107:52

 info: precondition proved (CVC5: 3 VC in max 0.0 seconds and 1 step)
--> pkg_file_plan.adb:107:78

 info: precondition proved (CVC5: 3 VC in max 0.0 seconds and 1 step)
--> pkg_file_plan.adb:107:104

 info: precondition proved (CVC5: 3 VC in max 0.0 seconds and 1 step)
--> pkg_file_plan.adb:108:31

 info: range check proved (CVC5: 2 VC in max 0.0 seconds and 129 steps)
--> pkg_file_plan.adb:108:31

 info: precondition proved (CVC5: 3 VC in max 0.0 seconds and 1 step)
--> pkg_file_plan.adb:108:73

 info: range check proved (CVC5: 2 VC in max 0.0 seconds and 167 steps)
--> pkg_file_plan.adb:108:73

 info: range check proved (CVC5: 2 VC in max 0.0 seconds and 219 steps)
--> pkg_file_plan.adb:109:21

 info: precondition proved (CVC5: 3 VC in max 0.0 seconds and 1 step)
--> pkg_file_plan.adb:109:37

 info: range check proved (CVC5: 2 VC in max 0.0 seconds and 199 steps)
--> pkg_file_plan.adb:109:37

 info: range check proved (CVC5: 4 VC in max 0.0 seconds and 1 step)
--> pkg_file_plan.adb:109:61

 info: range check proved (CVC5: 4 VC in max 0.0 seconds and 24 steps)
--> pkg_file_plan.adb:109:82

 info: initialization of "L" proved
--> pkg_file_plan.adb:113:35

 info: length check proved (CVC5: 3 VC in max 0.0 seconds and 1 step)
--> pkg_file_plan.adb:115:08

 info: index check proved (CVC5: 2 VC in max 0.0 seconds and 1 step)
--> pkg_file_plan.adb:117:09

 info: index check proved (CVC5: 2 VC in max 0.0 seconds and 1 step)
--> pkg_file_plan.adb:117:12

 info: length check proved (CVC5: 3 VC in max 0.0 seconds and 1 step)
--> pkg_file_plan.adb:117:16

 info: index check proved (CVC5: 2 VC in max 0.0 seconds and 1 step)
--> pkg_file_plan.adb:117:25

 info: index check proved (CVC5: 2 VC in max 0.0 seconds and 1 step)
--> pkg_file_plan.adb:117:28

 info: index check proved (CVC5: 2 VC in max 0.0 seconds and 1 step)
--> pkg_file_plan.adb:117:46

 info: index check proved (CVC5: 2 VC in max 0.0 seconds and 1 step)
--> pkg_file_plan.adb:117:50

 info: precondition proved (CVC5: 3 VC in max 0.0 seconds and 1 step)
--> pkg_file_plan.adb:118:15

 info: precondition proved (CVC5: 3 VC in max 0.0 seconds and 1 step)
--> pkg_file_plan.adb:118:61

 info: precondition proved (CVC5: 3 VC in max 0.0 seconds and 1 step)
--> pkg_file_plan.adb:119:15

 info: precondition proved (CVC5: 3 VC in max 0.0 seconds and 39 steps)
--> pkg_file_plan.adb:119:51

 info: index check proved (CVC5: 2 VC in max 0.0 seconds and 46 steps)
--> pkg_file_plan.adb:120:09

 info: index check proved (CVC5: 2 VC in max 0.0 seconds and 46 steps)
--> pkg_file_plan.adb:120:13

 info: index check proved (CVC5: 2 VC in max 0.0 seconds and 63 steps)
--> pkg_file_plan.adb:120:36

 info: index check proved (CVC5: 2 VC in max 0.0 seconds and 63 steps)
--> pkg_file_plan.adb:120:41

 info: precondition proved (CVC5: 3 VC in max 0.0 seconds and 112 steps)
--> pkg_file_plan.adb:120:74

 info: loop invariant preservation proved (CVC5: 2 VC in max 0.2 seconds and 804 steps)
--> pkg_file_plan.adb:122:32

 info: loop invariant initialization proved (CVC5: 2 VC in max 0.1 seconds and 89 steps)
--> pkg_file_plan.adb:122:32

 info: range check proved (CVC5: 4 VC in max 0.0 seconds and 179 steps)
--> pkg_file_plan.adb:122:53

 info: range check proved (CVC5: 2 VC in max 0.0 seconds and 1 step)
--> pkg_file_plan.adb:124:14

 info: overflow check proved (CVC5: 2 VC in max 0.1 seconds and 302 steps)
--> pkg_file_plan.adb:124:21

 info: overflow check proved (CVC5: 2 VC in max 0.0 seconds and 285 steps)
--> pkg_file_plan.adb:124:27

 info: overflow check proved (CVC5: 2 VC in max 0.0 seconds and 287 steps)
--> pkg_file_plan.adb:124:29

 info: precondition proved (CVC5: 4 VC in max 0.0 seconds and 339 steps)
--> pkg_file_plan.adb:125:18

 info: overflow check proved (CVC5: 2 VC in max 0.0 seconds and 302 steps)
--> pkg_file_plan.adb:125:30

 info: overflow check proved (CVC5: 2 VC in max 0.1 seconds and 362 steps)
--> pkg_file_plan.adb:125:42

 info: index check proved (CVC5: 2 VC in max 0.0 seconds and 369 steps)
--> pkg_file_plan.adb:125:42

 info: overflow check proved (CVC5: 2 VC in max 0.0 seconds and 384 steps)
--> pkg_file_plan.adb:125:100

 info: loop invariant preservation proved (CVC5: 1 VC in max 0.0 seconds and 1 step)
--> pkg_file_plan.adb:128:38

 info: loop invariant initialization proved (CVC5: 1 VC in max 0.0 seconds and 1 step)
--> pkg_file_plan.adb:128:38

 info: overflow check proved (CVC5: 4 VC in max 0.0 seconds and 1 step)
--> pkg_file_plan.adb:128:56

 info: overflow check proved (CVC5: 4 VC in max 0.1 seconds and 640 steps)
--> pkg_file_plan.adb:128:59

 info: overflow check proved (CVC5: 2 VC in max 0.1 seconds and 627 steps)
--> pkg_file_plan.adb:129:24

 info: index check proved (CVC5: 2 VC in max 0.1 seconds and 641 steps)
--> pkg_file_plan.adb:129:30

 info: index check proved (CVC5: 2 VC in max 0.0 seconds and 1 step)
--> pkg_file_plan.adb:129:57

 info: range check proved (CVC5: 4 VC in max 0.1 seconds and 687 steps)
--> pkg_file_plan.adb:132:10

 info: overflow check proved (CVC5: 2 VC in max 0.1 seconds and 680 steps)
--> pkg_file_plan.adb:132:15

 info: overflow check proved (CVC5: 2 VC in max 0.0 seconds and 1 step)
--> pkg_file_plan.adb:132:15

 info: index check proved (CVC5: 2 VC in max 0.0 seconds and 1 step)
--> pkg_file_plan.adb:132:15

 info: overflow check proved (CVC5: 2 VC in max 0.2 seconds and 683 steps)
--> pkg_file_plan.adb:132:22

 info: overflow check proved (CVC5: 2 VC in max 0.0 seconds and 1 step)
--> pkg_file_plan.adb:132:22

 info: index check proved (CVC5: 2 VC in max 0.0 seconds and 1 step)
--> pkg_file_plan.adb:132:22

 info: length check proved (CVC5: 3 VC in max 0.0 seconds and 1 step)
--> pkg_file_plan.adb:132:34

 info: length check proved (CVC5: 3 VC in max 0.0 seconds and 1 step)
--> pkg_file_plan.adb:132:36

 info: overflow check proved (CVC5: 2 VC in max 0.0 seconds and 1 step)
--> pkg_file_plan.adb:132:73

 info: range check proved (CVC5: 4 VC in max 0.2 seconds and 747 steps)
--> pkg_file_plan.adb:133:10

 info: overflow check proved (CVC5: 2 VC in max 0.1 seconds and 732 steps)
--> pkg_file_plan.adb:133:15

 info: overflow check proved (CVC5: 2 VC in max 0.0 seconds and 1 step)
--> pkg_file_plan.adb:133:15

 info: index check proved (CVC5: 2 VC in max 0.0 seconds and 1 step)
--> pkg_file_plan.adb:133:15

 info: overflow check proved (CVC5: 2 VC in max 0.1 seconds and 738 steps)
--> pkg_file_plan.adb:133:22

 info: overflow check proved (CVC5: 2 VC in max 0.0 seconds and 1 step)
--> pkg_file_plan.adb:133:22

 info: index check proved (CVC5: 2 VC in max 0.0 seconds and 1 step)
--> pkg_file_plan.adb:133:22

 info: length check proved (CVC5: 3 VC in max 0.0 seconds and 1 step)
--> pkg_file_plan.adb:133:34

 info: length check proved (CVC5: 3 VC in max 0.0 seconds and 1 step)
--> pkg_file_plan.adb:133:36

 info: overflow check proved (CVC5: 2 VC in max 0.0 seconds and 1 step)
--> pkg_file_plan.adb:133:72

 info: cannot unroll loop (too many loop iterations) [info-unrolling-inlining]
--> pkg_file_plan.adb:142:32

 info: initialization of "L" proved
--> pkg_file_plan.adb:145:35

 info: initialization of "S" proved
--> pkg_file_plan.adb:145:48

 info: initialization of "Field_Status" proved
--> pkg_file_plan.adb:145:67

 info: range check proved (CVC5: 4 VC in max 0.0 seconds and 1 step)
--> pkg_file_plan.adb:150:90

 info: cannot unroll loop (too many loop iterations) [info-unrolling-inlining]
--> pkg_file_plan.adb:151:33

 info: index check proved (CVC5: 2 VC in max 0.0 seconds and 1 step)
--> pkg_file_plan.adb:151:43

 info: unrolling loop [info-unrolling-inlining]
--> pkg_file_plan.adb:152:23

 info: precondition proved (CVC5: 12 VC in max 0.0 seconds and 1 step)
--> pkg_file_plan.adb:152:39

 info: precondition proved (CVC5: 3 VC in max 0.0 seconds and 1 step)
--> pkg_file_plan.adb:153:18

 info: range check proved (CVC5: 4 VC in max 0.0 seconds and 1 step)
--> pkg_file_plan.adb:154:18

 info: range check proved (CVC5: 4 VC in max 0.0 seconds and 1 step)
--> pkg_file_plan.adb:154:46

 info: precondition proved (CVC5: 3 VC in max 0.0 seconds and 1 step)
--> pkg_file_plan.adb:154:92

 info: range check proved (CVC5: 2 VC in max 0.0 seconds and 197 steps)
--> pkg_file_plan.adb:154:92

 info: precondition proved (CVC5: 3 VC in max 0.0 seconds and 1 step)
--> pkg_file_plan.adb:155:44

 info: range check proved (CVC5: 2 VC in max 0.0 seconds and 250 steps)
--> pkg_file_plan.adb:155:44

 info: precondition proved (CVC5: 3 VC in max 0.0 seconds and 6 steps)
--> pkg_file_plan.adb:155:82

 info: range check proved (CVC5: 2 VC in max 0.0 seconds and 303 steps)
--> pkg_file_plan.adb:155:82

 info: precondition proved (CVC5: 3 VC in max 0.0 seconds and 26 steps)
--> pkg_file_plan.adb:156:32

 info: range check proved (CVC5: 2 VC in max 0.0 seconds and 357 steps)
--> pkg_file_plan.adb:156:32

 info: range check proved (CVC5: 4 VC in max 0.0 seconds and 47 steps)
--> pkg_file_plan.adb:156:60

 info: range check proved (CVC5: 4 VC in max 0.0 seconds and 69 steps)
--> pkg_file_plan.adb:156:91

 info: range check proved (CVC5: 2 VC in max 0.0 seconds and 445 steps)
--> pkg_file_plan.adb:157:16

 info: precondition proved (CVC5: 3 VC in max 0.0 seconds and 91 steps)
--> pkg_file_plan.adb:157:32

 info: range check proved (CVC5: 2 VC in max 0.0 seconds and 427 steps)
--> pkg_file_plan.adb:157:32

 info: loop invariant preservation proved (CVC5: 2 VC in max 0.1 seconds and 693 steps)
--> pkg_file_plan.adb:159:32

 info: loop invariant initialization proved (CVC5: 2 VC in max 0.0 seconds and 8 steps)
--> pkg_file_plan.adb:159:32

 info: range check proved (CVC5: 4 VC in max 0.0 seconds and 139 steps)
--> pkg_file_plan.adb:159:53

 info: range check proved (CVC5: 2 VC in max 0.0 seconds and 1 step)
--> pkg_file_plan.adb:160:14

 info: overflow check proved (CVC5: 2 VC in max 0.0 seconds and 261 steps)
--> pkg_file_plan.adb:160:21

 info: precondition proved (CVC5: 3 VC in max 0.0 seconds and 273 steps)
--> pkg_file_plan.adb:161:21

 info: overflow check proved (CVC5: 2 VC in max 0.0 seconds and 270 steps)
--> pkg_file_plan.adb:161:31

 info: overflow check proved (CVC5: 2 VC in max 0.0 seconds and 277 steps)
--> pkg_file_plan.adb:162:67

 info: index check proved (CVC5: 2 VC in max 0.0 seconds and 280 steps)
--> pkg_file_plan.adb:162:67

 info: overflow check proved (CVC5: 2 VC in max 0.0 seconds and 294 steps)
--> pkg_file_plan.adb:163:26

 info: index check proved (CVC5: 2 VC in max 0.0 seconds and 297 steps)
--> pkg_file_plan.adb:163:26

 info: range check proved (CVC5: 2 VC in max 0.0 seconds and 232 steps)
--> pkg_file_plan.adb:164:48

 info: overflow check proved (CVC5: 2 VC in max 0.0 seconds and 1 step)
--> pkg_file_plan.adb:164:53

 info: index check proved (CVC5: 2 VC in max 0.0 seconds and 1 step)
--> pkg_file_plan.adb:164:53

 info: overflow check proved (CVC5: 2 VC in max 0.0 seconds and 1 step)
--> pkg_file_plan.adb:164:67

 info: range check proved (CVC5: 2 VC in max 0.0 seconds and 1 step)
--> pkg_file_plan.adb:165:14

 info: overflow check proved (CVC5: 2 VC in max 0.0 seconds and 334 steps)
--> pkg_file_plan.adb:165:21

 info: overflow check proved (CVC5: 2 VC in max 0.0 seconds and 326 steps)
--> pkg_file_plan.adb:165:27

 info: initialization of "Name" proved
--> pkg_file_plan.adb:166:55

 info: range check proved (CVC5: 2 VC in max 0.0 seconds and 1 step)
--> pkg_file_plan.adb:166:55

 info: cannot unroll loop (too many loop iterations) [info-unrolling-inlining]
--> pkg_file_plan.adb:167:33

 info: overflow check proved (CVC5: 2 VC in max 0.2 seconds and 1396 steps)
--> pkg_file_plan.adb:167:66

 info: index check proved (CVC5: 2 VC in max 0.1 seconds and 1401 steps)
--> pkg_file_plan.adb:167:66

 info: overflow check proved (CVC5: 2 VC in max 0.0 seconds and 545 steps)
--> pkg_file_plan.adb:170:18

 info: range check proved (CVC5: 4 VC in max 0.1 seconds and 574 steps)
--> pkg_file_plan.adb:170:25

 info: length check proved (CVC5: 3 VC in max 0.0 seconds and 1 step)
--> pkg_file_plan.adb:170:25

 info: overflow check proved (CVC5: 2 VC in max 0.1 seconds and 563 steps)
--> pkg_file_plan.adb:170:30

 info: overflow check proved (CVC5: 2 VC in max 0.0 seconds and 555 steps)
--> pkg_file_plan.adb:170:37

 info: overflow check proved (CVC5: 2 VC in max 0.0 seconds and 1 step)
--> pkg_file_plan.adb:171:59

 info: range check proved (CVC5: 4 VC in max 0.1 seconds and 640 steps)
--> pkg_file_plan.adb:172:13

 info: length check proved (CVC5: 3 VC in max 0.0 seconds and 1 step)
--> pkg_file_plan.adb:172:13

 info: overflow check proved (CVC5: 2 VC in max 0.1 seconds and 627 steps)
--> pkg_file_plan.adb:172:18

 info: overflow check proved (CVC5: 2 VC in max 0.1 seconds and 618 steps)
--> pkg_file_plan.adb:172:25

 info: overflow check proved (CVC5: 2 VC in max 0.0 seconds and 1 step)
--> pkg_file_plan.adb:173:59

 info: range check proved (CVC5: 2 VC in max 0.2 seconds and 760 steps)
--> pkg_file_plan.adb:176:15

 info: initialization of "P" proved
--> pkg_file_plan.ads:30:20

 info: data dependencies proved
--> pkg_file_plan.ads:30:39

 info: postcondition proved (CVC5: 1 VC in max 0.0 seconds and 1 step)
--> pkg_file_plan.ads:30:59

 info: implicit aspect Always_Terminates on "Valid" has been proved, subprogram will terminate
--> pkg_file_plan.ads:34:13

 info: data dependencies proved
--> pkg_file_plan.ads:34:50

 info: implicit aspect Always_Terminates on "Allowed_Path" has been proved, subprogram will terminate
--> pkg_file_plan.ads:35:13

 info: data dependencies proved
--> pkg_file_plan.ads:35:61

 info: implicit aspect Always_Terminates on "Layout_Valid" has been proved, subprogram will terminate
--> pkg_file_plan.ads:36:13

 info: data dependencies proved
--> pkg_file_plan.ads:36:56

 info: implicit aspect Always_Terminates on "Equal" has been proved, subprogram will terminate
--> pkg_file_plan.ads:37:13

 info: data dependencies proved
--> pkg_file_plan.ads:37:53

 info: implicit aspect Always_Terminates on "Encode" has been proved, subprogram will terminate
--> pkg_file_plan.ads:38:13

 info: data dependencies proved
--> pkg_file_plan.ads:38:57

 info: initialization of "S" proved
--> pkg_file_plan.ads:39:38

 info: initialization of "Status" proved
--> pkg_file_plan.ads:39:53

 info: data dependencies proved
--> pkg_file_plan.ads:39:80

 info: initialization of "B" proved
--> pkg_file_plan.ads:40:31

 info: initialization of "Used" proved
--> pkg_file_plan.ads:40:46

 info: initialization of "Status" proved
--> pkg_file_plan.ads:40:66

 info: data dependencies proved
--> pkg_file_plan.ads:40:93

 info: postcondition proved (CVC5: 1 VC in max 0.3 seconds and 848 steps)
--> pkg_file_plan.ads:41:14

 info: range check proved (CVC5: 2 VC in max 0.2 seconds and 710 steps)
--> pkg_file_plan.ads:41:21

 info: initialization of "P" proved
--> pkg_file_plan.ads:42:32

 info: initialization of "Status" proved
--> pkg_file_plan.ads:42:46

 info: data dependencies proved
--> pkg_file_plan.ads:42:73
 info: precondition proved (CVC5: 1 VC in max 0.0 seconds and 1 step)
--> pkg_self_repair.adb:14:30

 info: loop invariant initialization proved (CVC5: 2 VC in max 0.0 seconds and 1 step)
--> pkg_self_repair.adb:23:32

 info: loop invariant preservation proved (CVC5: 2 VC in max 0.1 seconds and 209 steps)
--> pkg_self_repair.adb:23:32

 info: overflow check proved (CVC5: 2 VC in max 0.1 seconds and 1 step)
--> pkg_self_repair.adb:24:108

 info: overflow check proved (CVC5: 2 VC in max 0.1 seconds and 1 step)
--> pkg_self_repair.adb:26:29

 info: overflow check proved (CVC5: 2 VC in max 0.1 seconds and 44 steps)
--> pkg_self_repair.adb:32:34

 info: overflow check proved (CVC5: 2 VC in max 0.0 seconds and 187 steps)
--> pkg_self_repair.adb:36:65

 info: overflow check proved (CVC5: 2 VC in max 0.1 seconds and 34 steps)
--> pkg_self_repair.adb:36:94

 info: overflow check proved (CVC5: 2 VC in max 0.0 seconds and 195 steps)
--> pkg_self_repair.adb:38:33

 info: overflow check proved (CVC5: 2 VC in max 0.0 seconds and 204 steps)
--> pkg_self_repair.adb:39:61

 info: overflow check proved (CVC5: 2 VC in max 0.1 seconds and 59 steps)
--> pkg_self_repair.adb:39:90

 info: overflow check proved (CVC5: 2 VC in max 0.0 seconds and 222 steps)
--> pkg_self_repair.adb:40:38

 info: overflow check proved (CVC5: 2 VC in max 0.1 seconds and 463 steps)
--> pkg_self_repair.adb:49:83

 info: loop invariant preservation proved (CVC5: 1 VC in max 0.2 seconds and 593 steps)
--> pkg_self_repair.adb:53:32

 info: loop invariant initialization proved (CVC5: 1 VC in max 0.1 seconds and 259 steps)
--> pkg_self_repair.adb:53:32

 info: range check proved (CVC5: 2 VC in max 0.1 seconds and 627 steps)
--> pkg_self_repair.adb:55:39

 info: index check proved (CVC5: 2 VC in max 0.2 seconds and 643 steps)
--> pkg_self_repair.adb:55:64

 info: index check proved (CVC5: 2 VC in max 0.0 seconds and 1 step)
--> pkg_self_repair.adb:56:34

 info: index check proved (CVC5: 2 VC in max 0.0 seconds and 1 step)
--> pkg_self_repair.adb:57:34

 info: index check proved (CVC5: 2 VC in max 0.0 seconds and 1 step)
--> pkg_self_repair.adb:58:34

 info: initialization of "Result" proved
--> pkg_self_repair.ads:28:33

 info: initialization of "Changed" proved
--> pkg_self_repair.ads:29:07

 info: initialization of "Blocked" proved
--> pkg_self_repair.ads:29:16

 info: initialization of "Status" proved
--> pkg_self_repair.ads:29:39

 info: data dependencies proved
--> pkg_self_repair.ads:29:66

 info: postcondition proved (CVC5: 1 VC in max 0.2 seconds and 463 steps; Trivial: 1 VC in max 0.0 seconds and 2 steps)
--> pkg_self_repair.ads:30:13
 info: implicit aspect Always_Terminates on "Decide" has been proved, subprogram will terminate
--> pkg_recovery.ads:14:13

 info: data dependencies proved
--> pkg_recovery.ads:17:11

 info: postcondition proved (CVC5: 6 VC in max 0.0 seconds and 1 step; Trivial: 1 VC in max 0.0 seconds and 2 steps)
--> pkg_recovery.ads:18:16
 info: overflow check proved (CVC5: 2 VC in max 0.0 seconds and 1 step)
--> pkg_file_replay.adb:45:34

 info: range check proved (CVC5: 2 VC in max 0.0 seconds and 1 step)
--> pkg_file_replay.adb:61:35

 info: range check proved (CVC5: 2 VC in max 0.0 seconds and 1 step)
--> pkg_file_replay.adb:61:45

 info: range check proved (CVC5: 2 VC in max 0.0 seconds and 1 step)
--> pkg_file_replay.adb:67:67

 info: range check proved (CVC5: 2 VC in max 0.0 seconds and 1 step)
--> pkg_file_replay.adb:92:35

 info: range check proved (CVC5: 2 VC in max 0.0 seconds and 1 step)
--> pkg_file_replay.adb:92:45

 info: range check proved (CVC5: 2 VC in max 0.0 seconds and 1 step)
--> pkg_file_replay.adb:98:67

 info: overflow check proved (CVC5: 2 VC in max 0.0 seconds and 47 steps)
--> pkg_file_replay.adb:109:30

 info: precondition proved (CVC5: 1 VC in max 0.0 seconds and 255 steps)
--> pkg_file_replay.adb:110:33

 info: implicit aspect Always_Terminates on "Valid" has been proved, subprogram will terminate
--> pkg_file_replay.ads:35:13

 info: data dependencies proved
--> pkg_file_replay.ads:35:53

 info: implicit aspect Always_Terminates on "Valid" has been proved, subprogram will terminate
--> pkg_file_replay.ads:36:13

 info: data dependencies proved
--> pkg_file_replay.ads:36:63

 info: initialization of "Status" proved
--> pkg_file_replay.ads:38:40

 info: data dependencies proved
--> pkg_file_replay.ads:39:11

 info: postcondition proved (CVC5: 2 VC in max 0.0 seconds and 421 steps; Trivial: 2 VC in max 0.0 seconds and 2 steps)
--> pkg_file_replay.ads:40:16

 info: implicit aspect Always_Terminates on "Image_Allowed" has been proved, subprogram will terminate
--> pkg_file_replay.ads:42:13

 info: data dependencies proved
--> pkg_file_replay.ads:44:11
 info: implicit aspect Always_Terminates on "Check" has been proved, subprogram will terminate
--> pkg_repository_trust.ads:15:13

 info: data dependencies proved
--> pkg_repository_trust.ads:15:82
 info: cannot unroll loop (too many loop iterations) [info-unrolling-inlining]
--> pkg_incorporation.adb:7:29

 info: cannot unroll loop (too many loop iterations) [info-unrolling-inlining]
--> pkg_incorporation.adb:10:30

 info: index check proved (CVC5: 2 VC in max 0.0 seconds and 1 step)
--> pkg_incorporation.adb:11:44

 info: initialization of "Found" proved
--> pkg_incorporation.adb:17:07

 info: cannot unroll loop (too many loop iterations) [info-unrolling-inlining]
--> pkg_incorporation.adb:20:29

 info: cannot unroll loop (too many loop iterations) [info-unrolling-inlining]
--> pkg_incorporation.adb:22:40

 info: index check proved (CVC5: 2 VC in max 0.0 seconds and 1 step)
--> pkg_incorporation.adb:23:27

 info: index check proved (CVC5: 2 VC in max 0.0 seconds and 1 step)
--> pkg_incorporation.adb:24:30

 info: index check proved (CVC5: 2 VC in max 0.0 seconds and 1 step)
--> pkg_incorporation.adb:25:37

 info: implicit aspect Always_Terminates on "Valid" has been proved, subprogram will terminate
--> pkg_incorporation.ads:21:13

 info: data dependencies proved
--> pkg_incorporation.ads:21:59

 info: implicit aspect Always_Terminates on "Satisfied" has been proved, subprogram will terminate
--> pkg_incorporation.ads:22:13

 info: data dependencies proved
--> pkg_incorporation.ads:23:11
 info: initialization of "Publisher_OK" proved
--> pkg_system_composition.adb:5:07

 info: initialization of "Match" proved
--> pkg_system_composition.adb:5:21

 info: unrolling loop [info-unrolling-inlining]
--> pkg_system_composition.adb:13:39

 info: cannot unroll loop (too many loop iterations) [info-unrolling-inlining]
--> pkg_system_composition.adb:15:28

 info: index check proved (CVC5: 32 VC in max 0.0 seconds and 439 steps)
--> pkg_system_composition.adb:15:69

 info: loop invariant preservation proved (CVC5: 7 VC in max 0.2 seconds and 963 steps)
--> pkg_system_composition.adb:18:32

 info: loop invariant initialization proved (CVC5: 7 VC in max 0.1 seconds and 131 steps)
--> pkg_system_composition.adb:18:32

 info: unrolling loop [info-unrolling-inlining]
--> pkg_system_composition.adb:24:45

 info: cannot unroll loop (too many loop iterations) [info-unrolling-inlining]
--> pkg_system_composition.adb:30:31

 info: index check proved (CVC5: 2 VC in max 0.2 seconds and 581 steps)
--> pkg_system_composition.adb:30:70

 info: overflow check proved (CVC5: 2 VC in max 0.2 seconds and 576 steps)
--> pkg_system_composition.adb:34:58

 info: overflow check proved (CVC5: 2 VC in max 0.2 seconds and 580 steps)
--> pkg_system_composition.adb:35:70

 info: overflow check proved (CVC5: 2 VC in max 0.2 seconds and 584 steps)
--> pkg_system_composition.adb:36:58

 info: overflow check proved (CVC5: 2 VC in max 0.2 seconds and 588 steps)
--> pkg_system_composition.adb:37:64

 info: overflow check proved (CVC5: 2 VC in max 0.2 seconds and 592 steps)
--> pkg_system_composition.adb:38:71

 info: cannot unroll loop (too many loop iterations) [info-unrolling-inlining]
--> pkg_system_composition.adb:46:29

 info: index check proved (CVC5: 2 VC in max 0.3 seconds and 1071 steps)
--> pkg_system_composition.adb:49:51

 info: index check proved (CVC5: 2 VC in max 0.1 seconds and 438 steps)
--> pkg_system_composition.adb:50:48

 info: cannot unroll loop (too many loop iterations) [info-unrolling-inlining]
--> pkg_system_composition.adb:55:38

 info: implicit aspect Always_Terminates on "Evaluate" has been proved, subprogram will terminate
--> pkg_system_composition.ads:29:13

 info: data dependencies proved
--> pkg_system_composition.ads:29:63
 info: implicit aspect Always_Terminates on "Evaluate" has been proved, subprogram will terminate
--> pkg_rollback_contract.ads:13:13

 info: data dependencies proved
--> pkg_rollback_contract.ads:13:58
 info: initialization of "Members" proved
--> pkg_retention_batch.adb:6:07

 info: initialization of "S" proved
--> pkg_retention_batch.adb:6:39

 info: initialization of "D" proved
--> pkg_retention_batch.adb:7:07

 info: initialization of "Blocked" proved
--> pkg_retention_batch.adb:7:45

 info: initialization of "New_Position" proved
--> pkg_retention_batch.adb:7:54

 info: initialization of "Representative_Time" proved
--> pkg_retention_batch.adb:10:07

 info: cannot unroll loop (too many loop iterations) [info-unrolling-inlining]
--> pkg_retention_batch.adb:20:25

 info: index check proved (CVC5: 2 VC in max 0.0 seconds and 1 step)
--> pkg_retention_batch.adb:21:20

 info: index check proved (CVC5: 2 VC in max 0.0 seconds and 1 step)
--> pkg_retention_batch.adb:21:52

 info: cannot unroll loop (too many loop iterations) [info-unrolling-inlining]
--> pkg_retention_batch.adb:23:33

 info: overflow check proved (CVC5: 2 VC in max 0.0 seconds and 16 steps)
--> pkg_retention_batch.adb:31:43

 info: cannot unroll loop (too many loop iterations) [info-unrolling-inlining]
--> pkg_retention_batch.adb:33:41

 info: loop invariant preservation proved (CVC5: 1 VC in max 0.1 seconds and 187 steps)
--> pkg_retention_batch.adb:44:32

 info: loop invariant initialization proved (CVC5: 1 VC in max 0.0 seconds and 1 step)
--> pkg_retention_batch.adb:44:32

 info: index check proved (CVC5: 2 VC in max 0.0 seconds and 1 step)
--> pkg_retention_batch.adb:45:28

 info: cannot unroll loop (too many loop iterations) [info-unrolling-inlining]
--> pkg_retention_batch.adb:48:31

 info: index check proved (CVC5: 2 VC in max 0.0 seconds and 10 steps)
--> pkg_retention_batch.adb:49:28

 info: index check proved (CVC5: 2 VC in max 0.0 seconds and 1 step)
--> pkg_retention_batch.adb:49:51

 info: index check proved (CVC5: 2 VC in max 0.0 seconds and 1 step)
--> pkg_retention_batch.adb:52:35

 info: cannot unroll loop (too many loop iterations) [info-unrolling-inlining]
--> pkg_retention_batch.adb:54:34

 info: index check proved (CVC5: 2 VC in max 0.0 seconds and 42 steps)
--> pkg_retention_batch.adb:55:56

 info: index check proved (CVC5: 2 VC in max 0.0 seconds and 1 step)
--> pkg_retention_batch.adb:55:79

 info: cannot unroll loop (too many loop iterations) [info-unrolling-inlining]
--> pkg_retention_batch.adb:59:35

 info: index check proved (CVC5: 2 VC in max 0.1 seconds and 67 steps)
--> pkg_retention_batch.adb:60:35

 info: index check proved (CVC5: 2 VC in max 0.0 seconds and 1 step)
--> pkg_retention_batch.adb:60:50

 info: index check proved (CVC5: 2 VC in max 0.0 seconds and 1 step)
--> pkg_retention_batch.adb:60:75

 info: index check proved (CVC5: 2 VC in max 0.0 seconds and 1 step)
--> pkg_retention_batch.adb:63:29

 info: overflow check proved (CVC5: 2 VC in max 0.0 seconds and 98 steps)
--> pkg_retention_batch.adb:64:62

 info: cannot unroll loop (too many loop iterations) [info-unrolling-inlining]
--> pkg_retention_batch.adb:72:25

 info: index check proved (CVC5: 2 VC in max 0.0 seconds and 149 steps)
--> pkg_retention_batch.adb:73:23

 info: index check proved (CVC5: 2 VC in max 0.0 seconds and 1 step)
--> pkg_retention_batch.adb:74:61

 info: cannot unroll loop (too many loop iterations) [info-unrolling-inlining]
--> pkg_retention_batch.adb:75:31

 info: index check proved (CVC5: 2 VC in max 0.0 seconds and 139 steps)
--> pkg_retention_batch.adb:76:29

 info: index check proved (CVC5: 2 VC in max 0.0 seconds and 1 step)
--> pkg_retention_batch.adb:76:44

 info: index check proved (CVC5: 2 VC in max 0.0 seconds and 1 step)
--> pkg_retention_batch.adb:76:69

 info: index check proved (CVC5: 2 VC in max 0.0 seconds and 1 step)
--> pkg_retention_batch.adb:78:78

 info: overflow check proved (CVC5: 2 VC in max 0.1 seconds and 750 steps)
--> pkg_retention_batch.adb:88:27

 info: initialization of "Delete_Set" proved
--> pkg_retention_batch.ads:19:41

 info: initialization of "Status" proved
--> pkg_retention_batch.ads:20:07

 info: data dependencies proved
--> pkg_retention_batch.ads:20:34

 info: postcondition proved (CVC5: 1 VC in max 0.2 seconds and 848 steps; Trivial: 1 VC in max 0.0 seconds and 2 steps)
--> pkg_retention_batch.ads:21:15
 info: cannot unroll loop (too many loop iterations) [info-unrolling-inlining]
--> pkg_payload_map.adb:8:31

 info: initialization of "V" proved
--> pkg_payload_map.adb:12:35

 info: initialization of "Index" proved
--> pkg_payload_map.adb:12:38

 info: initialization of "Digest_Algorithm" proved
--> pkg_payload_map.adb:12:45

 info: initialization of "Directory_Name" proved
--> pkg_payload_map.adb:13:07

 info: initialization of "Base_Name" proved
--> pkg_payload_map.adb:13:23

 info: initialization of "Hash_Text" proved
--> pkg_payload_map.adb:13:34

 info: range check proved (CVC5: 2 VC in max 0.0 seconds and 1 step)
--> pkg_payload_map.adb:25:20

 info: cannot unroll loop (too many loop iterations) [info-unrolling-inlining]
--> pkg_payload_map.adb:26:21

 info: range check proved (CVC5: 2 VC in max 0.0 seconds and 128 steps)
--> pkg_payload_map.adb:31:32

 info: overflow check proved (CVC5: 2 VC in max 0.0 seconds and 1 step)
--> pkg_payload_map.adb:31:38

 info: index check proved (CVC5: 2 VC in max 0.0 seconds and 48 steps)
--> pkg_payload_map.adb:33:38

 info: index check proved (CVC5: 2 VC in max 0.0 seconds and 1 step)
--> pkg_payload_map.adb:33:62

 info: index check proved (CVC5: 2 VC in max 0.0 seconds and 114 steps)
--> pkg_payload_map.adb:35:37

 info: range check proved (CVC5: 4 VC in max 0.0 seconds and 1 step)
--> pkg_payload_map.adb:35:45

 info: overflow check proved (CVC5: 2 VC in max 0.0 seconds and 112 steps)
--> pkg_payload_map.adb:35:54

 info: range check proved (CVC5: 2 VC in max 0.0 seconds and 652 steps)
--> pkg_payload_map.adb:35:65

 info: index check proved (CVC5: 2 VC in max 0.0 seconds and 1 step)
--> pkg_payload_map.adb:36:69

 info: cannot unroll loop (too many loop iterations) [info-unrolling-inlining]
--> pkg_payload_map.adb:38:26

 info: index check proved (CVC5: 2 VC in max 0.0 seconds and 1 step)
--> pkg_payload_map.adb:38:60

 info: index check proved (CVC5: 2 VC in max 0.0 seconds and 255 steps)
--> pkg_payload_map.adb:38:80

 info: index check proved (CVC5: 2 VC in max 0.0 seconds and 1 step)
--> pkg_payload_map.adb:40:22

 info: range check proved (CVC5: 2 VC in max 0.0 seconds and 568 steps)
--> pkg_payload_map.adb:40:36

 info: range check proved (CVC5: 2 VC in max 0.0 seconds and 538 steps)
--> pkg_payload_map.adb:41:20

 info: index check proved (CVC5: 2 VC in max 0.0 seconds and 1 step)
--> pkg_payload_map.adb:42:43

 info: index check proved (CVC5: 2 VC in max 0.0 seconds and 1 step)
--> pkg_payload_map.adb:43:43

 info: index check proved (CVC5: 2 VC in max 0.0 seconds and 1 step)
--> pkg_payload_map.adb:44:43

 info: index check proved (CVC5: 2 VC in max 0.0 seconds and 1 step)
--> pkg_payload_map.adb:48:22

 info: range check proved (CVC5: 2 VC in max 0.0 seconds and 661 steps)
--> pkg_payload_map.adb:48:39

 info: index check proved (CVC5: 2 VC in max 0.0 seconds and 1 step)
--> pkg_payload_map.adb:50:22

 info: range check proved (CVC5: 2 VC in max 0.0 seconds and 1 step)
--> pkg_payload_map.adb:50:37

 info: index check proved (CVC5: 2 VC in max 0.0 seconds and 1 step)
--> pkg_payload_map.adb:50:53

 info: range check proved (CVC5: 2 VC in max 0.0 seconds and 1 step)
--> pkg_payload_map.adb:50:69

 info: index check proved (CVC5: 2 VC in max 0.0 seconds and 1 step)
--> pkg_payload_map.adb:51:38

 info: index check proved (CVC5: 2 VC in max 0.0 seconds and 1 step)
--> pkg_payload_map.adb:52:38

 info: index check proved (CVC5: 2 VC in max 0.0 seconds and 1 step)
--> pkg_payload_map.adb:53:25

 info: index check proved (CVC5: 2 VC in max 0.0 seconds and 1 step)
--> pkg_payload_map.adb:53:66

 info: index check proved (CVC5: 2 VC in max 0.0 seconds and 1 step)
--> pkg_payload_map.adb:55:64

 info: index check proved (CVC5: 2 VC in max 0.0 seconds and 1 step)
--> pkg_payload_map.adb:56:28

 info: index check proved (CVC5: 2 VC in max 0.0 seconds and 1 step)
--> pkg_payload_map.adb:57:41

 info: index check proved (CVC5: 2 VC in max 0.0 seconds and 1 step)
--> pkg_payload_map.adb:58:68

 info: range check proved (CVC5: 2 VC in max 0.1 seconds and 531 steps)
--> pkg_payload_map.adb:58:85

 info: range check proved (CVC5: 2 VC in max 0.1 seconds and 522 steps)
--> pkg_payload_map.adb:58:102

 info: length check proved (CVC5: 3 VC in max 0.1 seconds and 576 steps)
--> pkg_payload_map.adb:58:114

 info: cannot unroll loop (too many loop iterations) [info-unrolling-inlining]
--> pkg_payload_map.adb:60:33

 info: index check proved (CVC5: 2 VC in max 0.2 seconds and 948 steps)
--> pkg_payload_map.adb:60:43

 info: index check proved (CVC5: 2 VC in max 0.0 seconds and 1 step)
--> pkg_payload_map.adb:60:68

 info: index check proved (CVC5: 2 VC in max 0.0 seconds and 13 steps)
--> pkg_payload_map.adb:61:28

 info: precondition proved (CVC5: 1 VC in max 0.1 seconds and 780 steps)
--> pkg_payload_map.adb:61:49

 info: index check proved (CVC5: 2 VC in max 0.0 seconds and 1 step)
--> pkg_payload_map.adb:61:74

 info: range check proved (CVC5: 2 VC in max 0.2 seconds and 781 steps)
--> pkg_payload_map.adb:61:92

 info: initialization of "Files" proved
--> pkg_payload_map.ads:15:54

 info: initialization of "Status" proved
--> pkg_payload_map.ads:15:77

 info: data dependencies proved
--> pkg_payload_map.ads:15:104

 info: implicit aspect Always_Terminates on "Find" has been proved, subprogram will terminate
--> pkg_payload_map.ads:16:13

 info: data dependencies proved
--> pkg_payload_map.ads:16:72
 info: length check proved (CVC5: 3 VC in max 0.0 seconds and 1 step)
--> pkg_artifact_grant.adb:9:08

 info: overflow check proved (CVC5: 2 VC in max 0.0 seconds and 1 step)
--> pkg_artifact_grant.adb:11:75

 info: unrolling loop [info-unrolling-inlining]
--> pkg_artifact_grant.adb:14:28

 info: precondition proved (CVC5: 3 VC in max 0.0 seconds and 87 steps)
--> pkg_artifact_grant.adb:16:15

 info: precondition proved (CVC5: 3 VC in max 0.0 seconds and 129 steps)
--> pkg_artifact_grant.adb:16:55

 info: precondition proved (CVC5: 3 VC in max 0.0 seconds and 161 steps)
--> pkg_artifact_grant.adb:17:15

 info: precondition proved (CVC5: 3 VC in max 0.0 seconds and 195 steps)
--> pkg_artifact_grant.adb:17:54

 info: precondition proved (CVC5: 4 VC in max 0.0 seconds and 1585 steps)
--> pkg_artifact_grant.adb:17:90

 info: range check proved (CVC5: 2 VC in max 0.0 seconds and 192 steps)
--> pkg_artifact_grant.adb:17:104

 info: cannot unroll loop (too many loop iterations) [info-unrolling-inlining]
--> pkg_artifact_grant.adb:18:24

 info: overflow check proved (CVC5: 2 VC in max 0.0 seconds and 373 steps)
--> pkg_artifact_grant.adb:18:34

 info: index check proved (CVC5: 2 VC in max 0.0 seconds and 1711 steps)
--> pkg_artifact_grant.adb:18:34

 info: index check proved (CVC5: 2 VC in max 0.0 seconds and 1 step)
--> pkg_artifact_grant.adb:18:60

 info: overflow check proved (CVC5: 2 VC in max 0.0 seconds and 293 steps)
--> pkg_artifact_grant.adb:19:16

 info: range check proved (CVC5: 2 VC in max 0.0 seconds and 1 step)
--> pkg_artifact_grant.adb:19:18

 info: range check proved (CVC5: 4 VC in max 0.0 seconds and 479 steps)
--> pkg_artifact_grant.adb:19:27

 info: index check proved (CVC5: 2 VC in max 0.0 seconds and 335 steps)
--> pkg_artifact_grant.adb:19:30

 info: overflow check proved (CVC5: 2 VC in max 0.0 seconds and 433 steps)
--> pkg_artifact_grant.adb:19:45

 info: overflow check proved (CVC5: 2 VC in max 0.0 seconds and 1 step)
--> pkg_artifact_grant.adb:19:45

 info: index check proved (CVC5: 2 VC in max 0.0 seconds and 335 steps)
--> pkg_artifact_grant.adb:19:45

 info: length check proved (CVC5: 3 VC in max 0.0 seconds and 1 step)
--> pkg_artifact_grant.adb:19:55

 info: range check proved (CVC5: 4 VC in max 0.0 seconds and 331 steps)
--> pkg_artifact_grant.adb:19:57

 info: length check proved (CVC5: 3 VC in max 0.0 seconds and 1 step)
--> pkg_artifact_grant.adb:19:57

 info: initialization of "Check" proved
--> pkg_artifact_grant.adb:22:48

 info: initialization of "N" proved
--> pkg_artifact_grant.adb:22:80

 info: initialization of "Used" proved
--> pkg_artifact_grant.adb:22:83

 info: range check proved (CVC5: 4 VC in max 0.0 seconds and 1 step)
--> pkg_artifact_grant.adb:25:74

 info: index check proved (CVC5: 2 VC in max 0.0 seconds and 1 step)
--> pkg_artifact_grant.adb:25:76

 info: range check proved (CVC5: 2 VC in max 0.0 seconds and 1 step)
--> pkg_artifact_grant.adb:25:80

 info: index check proved (CVC5: 2 VC in max 0.0 seconds and 1 step)
--> pkg_artifact_grant.adb:25:80

 info: length check proved (CVC5: 3 VC in max 0.0 seconds and 1 step)
--> pkg_artifact_grant.adb:25:88

 info: length check proved (CVC5: 3 VC in max 0.0 seconds and 1 step)
--> pkg_artifact_grant.adb:25:90

 info: unrolling loop [info-unrolling-inlining]
--> pkg_artifact_grant.adb:26:21

 info: precondition proved (CVC5: 12 VC in max 0.0 seconds and 1 step)
--> pkg_artifact_grant.adb:26:37

 info: precondition proved (CVC5: 3 VC in max 0.0 seconds and 1 step)
--> pkg_artifact_grant.adb:27:18

 info: range check proved (CVC5: 2 VC in max 0.0 seconds and 1 step)
--> pkg_artifact_grant.adb:27:51

 info: overflow check proved (CVC5: 2 VC in max 0.0 seconds and 1 step)
--> pkg_artifact_grant.adb:27:63

 info: range check proved (CVC5: 4 VC in max 0.0 seconds and 1 step)
--> pkg_artifact_grant.adb:28:21

 info: range check proved (CVC5: 4 VC in max 0.0 seconds and 1 step)
--> pkg_artifact_grant.adb:28:41

 info: range check proved (CVC5: 4 VC in max 0.0 seconds and 1 step)
--> pkg_artifact_grant.adb:28:64

 info: range check proved (CVC5: 4 VC in max 0.0 seconds and 1 step)
--> pkg_artifact_grant.adb:28:87

 info: precondition proved (CVC5: 3 VC in max 0.0 seconds and 1 step)
--> pkg_artifact_grant.adb:29:35

 info: range check proved (CVC5: 2 VC in max 0.0 seconds and 19 steps)
--> pkg_artifact_grant.adb:29:35

 info: precondition proved (CVC5: 3 VC in max 0.0 seconds and 1 step)
--> pkg_artifact_grant.adb:29:75

 info: range check proved (CVC5: 2 VC in max 0.0 seconds and 51 steps)
--> pkg_artifact_grant.adb:29:75

 info: precondition proved (CVC5: 3 VC in max 0.0 seconds and 1 step)
--> pkg_artifact_grant.adb:30:34

 info: range check proved (CVC5: 2 VC in max 0.0 seconds and 82 steps)
--> pkg_artifact_grant.adb:30:34

 info: precondition proved (CVC5: 3 VC in max 0.0 seconds and 1 step)
--> pkg_artifact_grant.adb:30:72

 info: range check proved (CVC5: 2 VC in max 0.0 seconds and 114 steps)
--> pkg_artifact_grant.adb:30:72

 info: initialization of "U" proved
--> pkg_artifact_grant.adb:31:52

 info: range check proved (CVC5: 2 VC in max 0.0 seconds and 1 step)
--> pkg_artifact_grant.adb:31:52

 info: cannot unroll loop (too many loop iterations) [info-unrolling-inlining]
--> pkg_artifact_grant.adb:32:27

 info: overflow check proved (CVC5: 2 VC in max 0.0 seconds and 651 steps)
--> pkg_artifact_grant.adb:32:57

 info: index check proved (CVC5: 2 VC in max 0.0 seconds and 653 steps)
--> pkg_artifact_grant.adb:32:57

 info: range check proved (CVC5: 2 VC in max 0.0 seconds and 1 step)
--> pkg_artifact_grant.adb:36:37

 info: range check proved (CVC5: 4 VC in max 0.0 seconds and 1 step)
--> pkg_artifact_grant.adb:36:53

 info: initialization of "B" proved
--> pkg_artifact_grant.ads:11:32

 info: initialization of "Used" proved
--> pkg_artifact_grant.ads:11:47

 info: initialization of "Status" proved
--> pkg_artifact_grant.ads:11:67

 info: data dependencies proved
--> pkg_artifact_grant.ads:11:94

 info: initialization of "G" proved
--> pkg_artifact_grant.ads:12:32

 info: initialization of "Status" proved
--> pkg_artifact_grant.ads:12:47

 info: data dependencies proved
--> pkg_artifact_grant.ads:12:74
 info: range check proved (CVC5: 2 VC in max 0.0 seconds and 1 step)
--> pkg_acceptance.adb:21:44

 info: overflow check proved (CVC5: 2 VC in max 0.0 seconds and 1 step)
--> pkg_acceptance.adb:22:57

 info: overflow check proved (CVC5: 2 VC in max 0.0 seconds and 1 step)
--> pkg_acceptance.adb:26:59

 info: overflow check proved (CVC5: 2 VC in max 0.0 seconds and 57 steps)
--> pkg_acceptance.adb:39:58

 info: implicit aspect Always_Terminates on "Valid" has been proved, subprogram will terminate
--> pkg_acceptance.ads:20:13

 info: data dependencies proved
--> pkg_acceptance.ads:20:51

 info: initialization of "Status" proved
--> pkg_acceptance.ads:21:64

 info: data dependencies proved
--> pkg_acceptance.ads:22:11

 info: postcondition proved (CVC5: 2 VC in max 0.0 seconds and 102 steps; Trivial: 2 VC in max 0.0 seconds and 2 steps)
--> pkg_acceptance.ads:23:16

 info: overflow check proved (CVC5: 2 VC in max 0.0 seconds and 1 step)
--> pkg_acceptance.ads:24:68
 info: initialization of "Start" proved
--> pkg_evr.adb:5:33

 info: initialization of "Digit" proved
--> pkg_evr.adb:5:51

 info: range check proved (CVC5: 2 VC in max 0.0 seconds and 1 step)
--> pkg_evr.adb:9:15

 info: loop invariant initialization proved (CVC5: 1 VC in max 0.0 seconds and 1 step)
--> pkg_evr.adb:11:32

 info: loop invariant preservation proved (CVC5: 1 VC in max 0.0 seconds and 1 step)
--> pkg_evr.adb:11:32

 info: overflow check proved (CVC5: 4 VC in max 0.0 seconds and 1 step)
--> pkg_evr.adb:11:67

 info: loop invariant initialization proved (CVC5: 1 VC in max 0.0 seconds and 1 step)
--> pkg_evr.adb:12:32

 info: loop invariant preservation proved (CVC5: 1 VC in max 0.0 seconds and 1 step)
--> pkg_evr.adb:12:32

 info: overflow check proved (CVC5: 4 VC in max 0.0 seconds and 1 step)
--> pkg_evr.adb:12:65

 info: range check proved (CVC5: 2 VC in max 0.0 seconds and 1 step)
--> pkg_evr.adb:13:67

 info: range check proved (CVC5: 2 VC in max 0.0 seconds and 1 step)
--> pkg_evr.adb:14:33

 info: cannot unroll loop (too many loop iterations) [info-unrolling-inlining]
--> pkg_evr.adb:19:36

 info: index check proved (CVC5: 2 VC in max 0.0 seconds and 1 step)
--> pkg_evr.adb:20:18

 info: index check proved (CVC5: 2 VC in max 0.0 seconds and 1 step)
--> pkg_evr.adb:21:44

 info: range check proved (CVC5: 2 VC in max 0.0 seconds and 1 step)
--> pkg_evr.adb:21:47

 info: overflow check proved (CVC5: 2 VC in max 0.0 seconds and 1 step)
--> pkg_evr.adb:22:37

 info: division check proved (CVC5: 1 VC in max 0.0 seconds and 1 step)
--> pkg_evr.adb:22:44

 info: overflow check proved (CVC5: 2 VC in max 0.0 seconds and 1 step)
--> pkg_evr.adb:23:29

 info: overflow check proved (CVC5: 2 VC in max 0.0 seconds and 1 step)
--> pkg_evr.adb:23:32

 info: overflow check proved (CVC5: 2 VC in max 0.0 seconds and 1 step)
--> pkg_evr.adb:25:22

 info: range check proved (CVC5: 4 VC in max 0.0 seconds and 1 step)
--> pkg_evr.adb:27:44

 info: range check proved (CVC5: 4 VC in max 0.0 seconds and 1 step)
--> pkg_evr.adb:30:32

 info: range check proved (CVC5: 4 VC in max 0.0 seconds and 1 step)
--> pkg_evr.adb:31:50

 info: overflow check proved (CVC5: 2 VC in max 0.0 seconds and 1 step)
--> pkg_evr.adb:31:56

 info: initialization of "O" proved
--> pkg_evr.adb:35:07

 info: precondition proved (CVC5: 4 VC in max 0.0 seconds and 1 step)
--> pkg_evr.adb:38:22

 info: precondition proved (CVC5: 4 VC in max 0.0 seconds and 1 step)
--> pkg_evr.adb:42:26

 info: initialization of "V" proved
--> pkg_evr.ads:8:32

 info: initialization of "Status" proved
--> pkg_evr.ads:8:45

 info: data dependencies proved
--> pkg_evr.ads:8:72

 info: implicit aspect Always_Terminates on "Compare" has been proved, subprogram will terminate
--> pkg_evr.ads:9:13

 info: data dependencies proved
--> pkg_evr.ads:9:101
 info: implicit aspect Always_Terminates on "Under" has been proved, subprogram will terminate
--> pkg_inventory.adb:7:13

 info: range check proved (CVC5: 4 VC in max 0.0 seconds and 1 step)
--> pkg_inventory.adb:8:42

 info: overflow check proved (CVC5: 2 VC in max 0.0 seconds and 1 step)
--> pkg_inventory.adb:8:69

 info: range check proved (CVC5: 2 VC in max 0.0 seconds and 1 step)
--> pkg_inventory.adb:8:76

 info: overflow check proved (CVC5: 2 VC in max 0.0 seconds and 1 step)
--> pkg_inventory.adb:8:83

 info: overflow check proved (CVC5: 2 VC in max 0.0 seconds and 1 step)
--> pkg_inventory.adb:9:32

 info: index check proved (CVC5: 2 VC in max 0.0 seconds and 1 step)
--> pkg_inventory.adb:9:32

 info: range check proved (CVC5: 2 VC in max 0.0 seconds and 1 step)
--> pkg_inventory.adb:9:39

 info: cannot unroll loop (too many loop iterations) [info-unrolling-inlining]
--> pkg_inventory.adb:21:27

 info: index check proved (CVC5: 2 VC in max 0.0 seconds and 1 step)
--> pkg_inventory.adb:25:49

 info: initialization of "Prefix" proved
--> pkg_inventory.adb:35:44

 info: initialization of "Inner" proved
--> pkg_inventory.adb:35:68

 info: unrolling loop [info-unrolling-inlining]
--> pkg_inventory.adb:37:28

 info: precondition proved (CVC5: 3 VC in max 0.0 seconds and 1 step)
--> pkg_inventory.adb:38:41

 info: precondition proved (CVC5: 3 VC in max 0.0 seconds and 1 step)
--> pkg_inventory.adb:40:15

 info: precondition proved (CVC5: 2 VC in max 0.1 seconds and 541 steps)
--> pkg_inventory.adb:40:57

 info: loop invariant initialization proved (CVC5: 1 VC in max 1.1 seconds and 3138 steps)
--> pkg_inventory.adb:42:32

 info: loop invariant preservation proved (altergo: 1 VC in max 0.5 seconds and 6502 steps)
--> pkg_inventory.adb:42:32

 info: range check proved (CVC5: 2 VC in max 0.1 seconds and 473 steps)
--> pkg_inventory.adb:42:63

 info: precondition proved (CVC5: 3 VC in max 0.0 seconds and 58 steps)
--> pkg_inventory.adb:43:39

 info: precondition proved (CVC5: 2 VC in max 4.0 seconds and 10326 steps)
--> pkg_inventory.adb:47:77

 info: range check proved (CVC5: 2 VC in max 0.1 seconds and 196 steps)
--> pkg_inventory.adb:48:74

 info: range check proved (CVC5: 2 VC in max 0.0 seconds and 187 steps)
--> pkg_inventory.adb:48:94

 info: length check proved (CVC5: 3 VC in max 0.0 seconds and 243 steps)
--> pkg_inventory.adb:48:106

 info: cannot unroll loop (too many loop iterations) [info-unrolling-inlining]
--> pkg_inventory.adb:49:33

 info: index check proved (CVC5: 2 VC in max 0.1 seconds and 442 steps)
--> pkg_inventory.adb:49:43

 info: index check proved (CVC5: 2 VC in max 0.0 seconds and 1 step)
--> pkg_inventory.adb:49:71

 info: precondition proved (CVC5: 2 VC in max 13.5 seconds and 17501 steps)
--> pkg_inventory.adb:50:22

 info: precondition proved (CVC5: 1 VC in max 19.0 seconds and 20243 steps)
--> pkg_inventory.adb:53:23

 info: precondition proved (CVC5: 2 VC in max 42.7 seconds and 29362 steps)
--> pkg_inventory.adb:53:44

 info: precondition proved (Z3: 1 VC in max 0.2 seconds and 273 steps)
--> pkg_inventory.adb:53:78

 info: initialization of "Pos" proved
--> pkg_inventory.adb:56:31

 info: initialization of "L" proved
--> pkg_inventory.adb:56:46

 info: length check proved (CVC5: 3 VC in max 0.0 seconds and 1 step)
--> pkg_inventory.adb:58:08

 info: loop invariant preservation proved (CVC5: 2 VC in max 0.0 seconds and 1 step)
--> pkg_inventory.adb:61:32

 info: loop invariant initialization proved (CVC5: 2 VC in max 0.0 seconds and 1 step)
--> pkg_inventory.adb:61:32

 info: overflow check proved (CVC5: 4 VC in max 0.0 seconds and 1 step)
--> pkg_inventory.adb:61:48

 info: overflow check proved (CVC5: 4 VC in max 0.0 seconds and 1 step)
--> pkg_inventory.adb:61:54

 info: overflow check proved (CVC5: 2 VC in max 0.0 seconds and 1 step)
--> pkg_inventory.adb:62:20

 info: overflow check proved (CVC5: 2 VC in max 0.1 seconds and 1 step)
--> pkg_inventory.adb:62:24

 info: range check proved (CVC5: 2 VC in max 0.0 seconds and 1 step)
--> pkg_inventory.adb:64:16

 info: unrolling loop [info-unrolling-inlining]
--> pkg_inventory.adb:65:28

 info: overflow check proved (CVC5: 16 VC in max 0.1 seconds and 299 steps)
--> pkg_inventory.adb:65:42

 info: overflow check proved (CVC5: 16 VC in max 0.0 seconds and 1 step)
--> pkg_inventory.adb:65:44

 info: index check proved (CVC5: 16 VC in max 0.0 seconds and 327 steps)
--> pkg_inventory.adb:65:44

 info: range check proved (CVC5: 4 VC in max 0.0 seconds and 396 steps)
--> pkg_inventory.adb:66:07

 info: overflow check proved (CVC5: 2 VC in max 0.0 seconds and 1 step)
--> pkg_inventory.adb:66:16

 info: index check proved (CVC5: 2 VC in max 0.0 seconds and 1 step)
--> pkg_inventory.adb:66:16

 info: overflow check proved (CVC5: 2 VC in max 0.0 seconds and 357 steps)
--> pkg_inventory.adb:66:27

 info: overflow check proved (CVC5: 2 VC in max 0.0 seconds and 1 step)
--> pkg_inventory.adb:66:27

 info: index check proved (CVC5: 2 VC in max 0.0 seconds and 1 step)
--> pkg_inventory.adb:66:27

 info: length check proved (CVC5: 3 VC in max 0.0 seconds and 1 step)
--> pkg_inventory.adb:66:31

 info: length check proved (CVC5: 3 VC in max 0.0 seconds and 1 step)
--> pkg_inventory.adb:66:34

 info: precondition proved (CVC5: 3 VC in max 0.1 seconds and 628 steps)
--> pkg_inventory.adb:67:15

 info: overflow check proved (CVC5: 2 VC in max 0.1 seconds and 566 steps)
--> pkg_inventory.adb:67:31

 info: range check proved (CVC5: 2 VC in max 0.1 seconds and 510 steps)
--> pkg_inventory.adb:67:31

 info: range check proved (CVC5: 4 VC in max 0.1 seconds and 753 steps)
--> pkg_inventory.adb:68:07

 info: overflow check proved (CVC5: 2 VC in max 0.1 seconds and 626 steps)
--> pkg_inventory.adb:68:16

 info: overflow check proved (CVC5: 2 VC in max 0.0 seconds and 1 step)
--> pkg_inventory.adb:68:16

 info: index check proved (CVC5: 2 VC in max 0.0 seconds and 1 step)
--> pkg_inventory.adb:68:16

 info: overflow check proved (CVC5: 2 VC in max 0.2 seconds and 680 steps)
--> pkg_inventory.adb:68:28

 info: overflow check proved (CVC5: 2 VC in max 0.0 seconds and 1 step)
--> pkg_inventory.adb:68:28

 info: index check proved (CVC5: 2 VC in max 0.0 seconds and 1 step)
--> pkg_inventory.adb:68:28

 info: length check proved (CVC5: 3 VC in max 0.0 seconds and 1 step)
--> pkg_inventory.adb:68:32

 info: length check proved (CVC5: 3 VC in max 0.0 seconds and 1 step)
--> pkg_inventory.adb:68:35

 info: range check proved (CVC5: 4 VC in max 0.1 seconds and 918 steps)
--> pkg_inventory.adb:68:49

 info: overflow check proved (CVC5: 2 VC in max 0.2 seconds and 784 steps)
--> pkg_inventory.adb:68:58

 info: overflow check proved (CVC5: 2 VC in max 0.0 seconds and 1 step)
--> pkg_inventory.adb:68:58

 info: index check proved (CVC5: 2 VC in max 0.0 seconds and 1 step)
--> pkg_inventory.adb:68:58

 info: overflow check proved (CVC5: 2 VC in max 0.2 seconds and 839 steps)
--> pkg_inventory.adb:68:70

 info: overflow check proved (CVC5: 2 VC in max 0.0 seconds and 1 step)
--> pkg_inventory.adb:68:70

 info: index check proved (CVC5: 2 VC in max 0.0 seconds and 1 step)
--> pkg_inventory.adb:68:70

 info: length check proved (CVC5: 3 VC in max 0.0 seconds and 1 step)
--> pkg_inventory.adb:68:74

 info: length check proved (CVC5: 3 VC in max 0.0 seconds and 1 step)
--> pkg_inventory.adb:68:77

 info: precondition proved (CVC5: 3 VC in max 0.1 seconds and 1083 steps)
--> pkg_inventory.adb:69:15

 info: overflow check proved (CVC5: 2 VC in max 0.1 seconds and 1002 steps)
--> pkg_inventory.adb:69:31

 info: range check proved (CVC5: 2 VC in max 0.2 seconds and 941 steps)
--> pkg_inventory.adb:69:31

 info: overflow check proved (CVC5: 2 VC in max 0.2 seconds and 1130 steps)
--> pkg_inventory.adb:69:63

 info: range check proved (CVC5: 2 VC in max 0.3 seconds and 1066 steps)
--> pkg_inventory.adb:69:63

 info: loop invariant preservation proved (CVC5: 2 VC in max 0.5 seconds and 1838 steps)
--> pkg_inventory.adb:71:32

 info: loop invariant initialization proved (CVC5: 2 VC in max 0.2 seconds and 1246 steps)
--> pkg_inventory.adb:71:32

 info: overflow check proved (CVC5: 4 VC in max 0.1 seconds and 292 steps)
--> pkg_inventory.adb:71:46

 info: overflow check proved (CVC5: 4 VC in max 0.2 seconds and 1176 steps)
--> pkg_inventory.adb:71:58

 info: overflow check proved (CVC5: 2 VC in max 0.0 seconds and 1 step)
--> pkg_inventory.adb:73:19

 info: overflow check proved (CVC5: 2 VC in max 0.2 seconds and 1334 steps)
--> pkg_inventory.adb:73:22

 info: overflow check proved (CVC5: 2 VC in max 0.2 seconds and 1324 steps)
--> pkg_inventory.adb:73:30

 info: length check proved (CVC5: 3 VC in max 0.2 seconds and 1472 steps)
--> pkg_inventory.adb:74:14

 info: precondition proved (CVC5: 3 VC in max 0.2 seconds and 1362 steps)
--> pkg_inventory.adb:76:18

 info: range check proved (CVC5: 2 VC in max 0.1 seconds and 1323 steps)
--> pkg_inventory.adb:76:27

 info: overflow check proved (CVC5: 2 VC in max 0.2 seconds and 1354 steps)
--> pkg_inventory.adb:77:15

 info: index check proved (CVC5: 2 VC in max 0.4 seconds and 1361 steps)
--> pkg_inventory.adb:77:15

 info: overflow check proved (CVC5: 2 VC in max 0.2 seconds and 1377 steps)
--> pkg_inventory.adb:78:15

 info: index check proved (CVC5: 2 VC in max 0.2 seconds and 1384 steps)
--> pkg_inventory.adb:78:15

 info: overflow check proved (CVC5: 2 VC in max 0.3 seconds and 1402 steps)
--> pkg_inventory.adb:79:15

 info: index check proved (CVC5: 2 VC in max 0.2 seconds and 1410 steps)
--> pkg_inventory.adb:79:15

 info: range check proved (CVC5: 4 VC in max 0.3 seconds and 1452 steps)
--> pkg_inventory.adb:80:10

 info: overflow check proved (CVC5: 2 VC in max 0.3 seconds and 1441 steps)
--> pkg_inventory.adb:80:15

 info: overflow check proved (CVC5: 2 VC in max 0.0 seconds and 1 step)
--> pkg_inventory.adb:80:15

 info: index check proved (CVC5: 2 VC in max 0.0 seconds and 1 step)
--> pkg_inventory.adb:80:15

 info: overflow check proved (CVC5: 2 VC in max 0.3 seconds and 1433 steps)
--> pkg_inventory.adb:80:22

 info: overflow check proved (CVC5: 2 VC in max 0.0 seconds and 1 step)
--> pkg_inventory.adb:80:22

 info: index check proved (CVC5: 2 VC in max 0.0 seconds and 1 step)
--> pkg_inventory.adb:80:22

 info: length check proved (CVC5: 3 VC in max 0.0 seconds and 1 step)
--> pkg_inventory.adb:80:27

 info: length check proved (CVC5: 3 VC in max 0.0 seconds and 1 step)
--> pkg_inventory.adb:80:42

 info: cannot unroll loop (too many loop iterations) [info-unrolling-inlining]
--> pkg_inventory.adb:82:30

 info: overflow check proved (CVC5: 2 VC in max 0.1 seconds and 24 steps)
--> pkg_inventory.adb:82:40

 info: overflow check proved (CVC5: 2 VC in max 0.3 seconds and 1875 steps)
--> pkg_inventory.adb:82:44

 info: index check proved (CVC5: 2 VC in max 0.5 seconds and 1830 steps)
--> pkg_inventory.adb:82:44

 info: index check proved (CVC5: 2 VC in max 0.0 seconds and 5 steps)
--> pkg_inventory.adb:82:70

 info: overflow check proved (CVC5: 2 VC in max 0.3 seconds and 1782 steps)
--> pkg_inventory.adb:84:18

 info: overflow check proved (CVC5: 2 VC in max 0.3 seconds and 1792 steps)
--> pkg_inventory.adb:84:22

 info: range check proved (CVC5: 4 VC in max 0.4 seconds and 1848 steps)
--> pkg_inventory.adb:86:07

 info: index check proved (CVC5: 2 VC in max 0.1 seconds and 483 steps)
--> pkg_inventory.adb:86:09

 info: overflow check proved (CVC5: 2 VC in max 0.3 seconds and 1844 steps)
--> pkg_inventory.adb:86:17

 info: overflow check proved (CVC5: 2 VC in max 0.1 seconds and 464 steps)
--> pkg_inventory.adb:86:17

 info: index check proved (CVC5: 2 VC in max 0.0 seconds and 483 steps)
--> pkg_inventory.adb:86:17

 info: length check proved (CVC5: 3 VC in max 0.1 seconds and 459 steps)
--> pkg_inventory.adb:86:21

 info: precondition proved (CVC5: 1 VC in max 0.4 seconds and 2859 steps)
--> pkg_inventory.adb:86:32

 info: length check proved (CVC5: 3 VC in max 0.1 seconds and 456 steps)
--> pkg_inventory.adb:86:32

 info: range check proved (CVC5: 4 VC in max 0.3 seconds and 1825 steps)
--> pkg_inventory.adb:86:38

 info: initialization of "Pos" proved
--> pkg_inventory.adb:89:07

 info: initialization of "N" proved
--> pkg_inventory.adb:89:22

 info: initialization of "L" proved
--> pkg_inventory.adb:89:24

 info: initialization of "S" proved
--> pkg_inventory.adb:89:37

 info: implicit aspect Always_Terminates on "Zeros" has been proved, subprogram will terminate
--> pkg_inventory.adb:90:16

 info: cannot unroll loop (too many loop iterations) [info-unrolling-inlining]
--> pkg_inventory.adb:93:27

 info: index check proved (CVC5: 2 VC in max 0.0 seconds and 1 step)
--> pkg_inventory.adb:93:37

 info: unrolling loop [info-unrolling-inlining]
--> pkg_inventory.adb:97:28

 info: overflow check proved (CVC5: 16 VC in max 0.0 seconds and 1 step)
--> pkg_inventory.adb:97:45

 info: overflow check proved (CVC5: 16 VC in max 0.0 seconds and 1 step)
--> pkg_inventory.adb:97:47

 info: index check proved (CVC5: 16 VC in max 0.0 seconds and 1 step)
--> pkg_inventory.adb:97:47

 info: range check proved (CVC5: 4 VC in max 0.0 seconds and 60 steps)
--> pkg_inventory.adb:98:10

 info: overflow check proved (CVC5: 2 VC in max 0.0 seconds and 48 steps)
--> pkg_inventory.adb:98:18

 info: precondition proved (CVC5: 1 VC in max 0.0 seconds and 194 steps)
--> pkg_inventory.adb:98:41

 info: range check proved (CVC5: 4 VC in max 0.0 seconds and 1 step)
--> pkg_inventory.adb:98:47

 info: overflow check proved (CVC5: 2 VC in max 0.0 seconds and 3 steps)
--> pkg_inventory.adb:98:64

 info: precondition proved (CVC5: 4 VC in max 0.0 seconds and 127 steps; Trivial: 1 VC in max 0.0 seconds and 2 steps)
--> pkg_inventory.adb:99:14

 info: overflow check proved (CVC5: 2 VC in max 0.0 seconds and 109 steps)
--> pkg_inventory.adb:99:27

 info: range check proved (CVC5: 2 VC in max 0.0 seconds and 120 steps)
--> pkg_inventory.adb:99:27

 info: overflow check proved (CVC5: 2 VC in max 0.1 seconds and 92 steps)
--> pkg_inventory.adb:99:39

 info: range check proved (CVC5: 2 VC in max 0.0 seconds and 103 steps)
--> pkg_inventory.adb:99:39

 info: range check proved (CVC5: 4 VC in max 0.0 seconds and 147 steps)
--> pkg_inventory.adb:100:18

 info: length check proved (CVC5: 3 VC in max 0.0 seconds and 1 step)
--> pkg_inventory.adb:100:18

 info: overflow check proved (CVC5: 2 VC in max 0.0 seconds and 1 step)
--> pkg_inventory.adb:100:27

 info: overflow check proved (CVC5: 2 VC in max 0.0 seconds and 133 steps)
--> pkg_inventory.adb:100:38

 info: precondition proved (CVC5: 3 VC in max 0.0 seconds and 187 steps)
--> pkg_inventory.adb:101:53

 info: overflow check proved (CVC5: 2 VC in max 0.0 seconds and 169 steps)
--> pkg_inventory.adb:101:67

 info: range check proved (CVC5: 2 VC in max 0.0 seconds and 181 steps)
--> pkg_inventory.adb:101:67

 info: range check proved (CVC5: 2 VC in max 0.0 seconds and 324 steps)
--> pkg_inventory.adb:103:32

 info: range check proved (CVC5: 4 VC in max 0.0 seconds and 261 steps)
--> pkg_inventory.adb:105:22

 info: length check proved (CVC5: 3 VC in max 0.0 seconds and 1 step)
--> pkg_inventory.adb:105:22

 info: overflow check proved (CVC5: 2 VC in max 0.0 seconds and 247 steps)
--> pkg_inventory.adb:105:31

 info: overflow check proved (CVC5: 2 VC in max 0.0 seconds and 234 steps)
--> pkg_inventory.adb:105:43

 info: range check proved (CVC5: 4 VC in max 0.0 seconds and 304 steps)
--> pkg_inventory.adb:105:61

 info: length check proved (CVC5: 3 VC in max 0.0 seconds and 1 step)
--> pkg_inventory.adb:105:61

 info: overflow check proved (CVC5: 2 VC in max 0.0 seconds and 290 steps)
--> pkg_inventory.adb:105:70

 info: overflow check proved (CVC5: 2 VC in max 0.0 seconds and 276 steps)
--> pkg_inventory.adb:105:82

 info: precondition proved (CVC5: 3 VC in max 0.0 seconds and 341 steps)
--> pkg_inventory.adb:106:26

 info: overflow check proved (CVC5: 2 VC in max 0.0 seconds and 320 steps)
--> pkg_inventory.adb:106:40

 info: range check proved (CVC5: 2 VC in max 0.0 seconds and 333 steps)
--> pkg_inventory.adb:106:40

 info: range check proved (CVC5: 2 VC in max 0.0 seconds and 1 step)
--> pkg_inventory.adb:107:16

 info: range check proved (CVC5: 2 VC in max 0.0 seconds and 498 steps)
--> pkg_inventory.adb:107:24

 info: overflow check proved (CVC5: 2 VC in max 0.0 seconds and 394 steps)
--> pkg_inventory.adb:107:40

 info: range check proved (CVC5: 2 VC in max 0.0 seconds and 406 steps)
--> pkg_inventory.adb:107:40

 info: loop invariant preservation proved (CVC5: 2 VC in max 0.1 seconds and 983 steps)
--> pkg_inventory.adb:109:32

 info: loop invariant initialization proved (CVC5: 2 VC in max 0.0 seconds and 449 steps)
--> pkg_inventory.adb:109:32

 info: overflow check proved (CVC5: 4 VC in max 0.0 seconds and 141 steps)
--> pkg_inventory.adb:109:46

 info: overflow check proved (CVC5: 4 VC in max 0.0 seconds and 92 steps)
--> pkg_inventory.adb:109:58

 info: overflow check proved (CVC5: 2 VC in max 0.0 seconds and 1 step)
--> pkg_inventory.adb:110:23

 info: overflow check proved (CVC5: 2 VC in max 0.0 seconds and 1 step)
--> pkg_inventory.adb:110:41

 info: overflow check proved (CVC5: 2 VC in max 0.1 seconds and 529 steps)
--> pkg_inventory.adb:110:44

 info: precondition proved (CVC5: 3 VC in max 0.1 seconds and 539 steps)
--> pkg_inventory.adb:111:29

 info: range check proved (CVC5: 2 VC in max 0.0 seconds and 537 steps)
--> pkg_inventory.adb:111:36

 info: overflow check proved (CVC5: 2 VC in max 0.0 seconds and 1 step)
--> pkg_inventory.adb:113:36

 info: overflow check proved (CVC5: 2 VC in max 0.0 seconds and 1 step)
--> pkg_inventory.adb:113:39

 info: overflow check proved (CVC5: 2 VC in max 0.1 seconds and 547 steps)
--> pkg_inventory.adb:113:43

 info: range check proved (CVC5: 2 VC in max 0.0 seconds and 550 steps)
--> pkg_inventory.adb:113:43

 info: overflow check proved (CVC5: 2 VC in max 0.0 seconds and 563 steps)
--> pkg_inventory.adb:114:18

 info: index check proved (CVC5: 2 VC in max 0.0 seconds and 565 steps)
--> pkg_inventory.adb:114:18

 info: overflow check proved (CVC5: 2 VC in max 0.0 seconds and 573 steps)
--> pkg_inventory.adb:115:25

 info: index check proved (CVC5: 2 VC in max 0.0 seconds and 575 steps)
--> pkg_inventory.adb:115:25

 info: overflow check proved (CVC5: 2 VC in max 0.0 seconds and 586 steps)
--> pkg_inventory.adb:115:44

 info: index check proved (CVC5: 2 VC in max 0.1 seconds and 588 steps)
--> pkg_inventory.adb:115:44

 info: overflow check proved (CVC5: 2 VC in max 0.0 seconds and 600 steps)
--> pkg_inventory.adb:115:63

 info: index check proved (CVC5: 2 VC in max 0.0 seconds and 603 steps)
--> pkg_inventory.adb:115:63

 info: range check proved (CVC5: 2 VC in max 0.0 seconds and 780 steps)
--> pkg_inventory.adb:116:60

 info: overflow check proved (CVC5: 2 VC in max 0.0 seconds and 1 step)
--> pkg_inventory.adb:116:65

 info: index check proved (CVC5: 2 VC in max 0.0 seconds and 1 step)
--> pkg_inventory.adb:116:65

 info: overflow check proved (CVC5: 2 VC in max 0.0 seconds and 1 step)
--> pkg_inventory.adb:117:50

 info: index check proved (CVC5: 2 VC in max 0.0 seconds and 1 step)
--> pkg_inventory.adb:117:50

 info: overflow check proved (CVC5: 2 VC in max 0.0 seconds and 1 step)
--> pkg_inventory.adb:117:100

 info: index check proved (CVC5: 2 VC in max 0.0 seconds and 1 step)
--> pkg_inventory.adb:117:100

 info: range check proved (CVC5: 4 VC in max 0.1 seconds and 660 steps)
--> pkg_inventory.adb:118:69

 info: length check proved (CVC5: 3 VC in max 0.0 seconds and 1 step)
--> pkg_inventory.adb:118:69

 info: overflow check proved (CVC5: 2 VC in max 0.1 seconds and 654 steps)
--> pkg_inventory.adb:118:74

 info: overflow check proved (CVC5: 2 VC in max 0.1 seconds and 650 steps)
--> pkg_inventory.adb:118:81

 info: range check proved (CVC5: 3 VC in max 0.0 seconds and 1 step; Z3: 1 VC in max 0.0 seconds and 1 step)
--> pkg_inventory.adb:123:55

 info: overflow check proved (CVC5: 2 VC in max 0.0 seconds and 1 step)
--> pkg_inventory.adb:123:60

 info: overflow check proved (CVC5: 2 VC in max 0.0 seconds and 1 step)
--> pkg_inventory.adb:123:67

 info: range check proved (CVC5: 2 VC in max 0.1 seconds and 992 steps)
--> pkg_inventory.adb:124:30

 info: cannot unroll loop (too many loop iterations) [info-unrolling-inlining]
--> pkg_inventory.adb:124:33

 info: index check proved (CVC5: 1 VC in max 0.0 seconds and 1 step; Z3: 1 VC in max 0.0 seconds and 1 step)
--> pkg_inventory.adb:124:43

 info: overflow check proved (CVC5: 2 VC in max 0.0 seconds and 1 step)
--> pkg_inventory.adb:124:66

 info: overflow check proved (CVC5: 2 VC in max 0.1 seconds and 865 steps)
--> pkg_inventory.adb:124:70

 info: index check proved (CVC5: 2 VC in max 0.1 seconds and 869 steps)
--> pkg_inventory.adb:124:70

 info: range check proved (CVC5: 4 VC in max 0.0 seconds and 30 steps)
--> pkg_inventory.adb:125:38

 info: range check proved (CVC5: 2 VC in max 0.0 seconds and 1 step)
--> pkg_inventory.adb:125:54

 info: overflow check proved (CVC5: 2 VC in max 0.2 seconds and 944 steps)
--> pkg_inventory.adb:126:18

 info: overflow check proved (CVC5: 2 VC in max 0.2 seconds and 954 steps)
--> pkg_inventory.adb:126:22

 info: range check proved (CVC5: 2 VC in max 0.0 seconds and 1 step)
--> pkg_inventory.adb:126:31

 info: overflow check proved (CVC5: 2 VC in max 0.1 seconds and 383 steps)
--> pkg_inventory.adb:128:21

 info: implicit aspect Always_Terminates on "Valid" has been proved, subprogram will terminate
--> pkg_inventory.ads:22:13

 info: data dependencies proved
--> pkg_inventory.ads:22:53

 info: implicit aspect Always_Terminates on "Automatic_Path" has been proved, subprogram will terminate
--> pkg_inventory.ads:23:13

 info: data dependencies proved
--> pkg_inventory.ads:23:63

 info: implicit aspect Always_Terminates on "Fingerprint" has been proved, subprogram will terminate
--> pkg_inventory.ads:24:13

 info: data dependencies proved
--> pkg_inventory.ads:24:58

 info: initialization of "B" proved
--> pkg_inventory.ads:25:35

 info: initialization of "Used" proved
--> pkg_inventory.ads:25:50

 info: initialization of "Status" proved
--> pkg_inventory.ads:25:70

 info: data dependencies proved
--> pkg_inventory.ads:25:97

 info: initialization of "M" proved
--> pkg_inventory.ads:26:32

 info: initialization of "Status" proved
--> pkg_inventory.ads:26:50

 info: data dependencies proved
--> pkg_inventory.ads:26:77
 info: implicit aspect Always_Terminates on "Admissible" has been proved, subprogram will terminate
--> pkg_admission.ads:25:13

 info: data dependencies proved
--> pkg_admission.ads:25:56
 info: index check proved (CVC5: 2 VC in max 0.0 seconds and 1 step)
--> pkg_rpm_fields.adb:7:47

 info: initialization of "Start" proved
--> pkg_rpm_fields.adb:10:50

 info: initialization of "End_Pos" proved
--> pkg_rpm_fields.adb:10:57

 info: initialization of "N" proved
--> pkg_rpm_fields.adb:10:66

 info: index check proved (CVC5: 2 VC in max 0.0 seconds and 1 step)
--> pkg_rpm_fields.adb:13:37

 info: index check proved (CVC5: 2 VC in max 0.0 seconds and 1 step)
--> pkg_rpm_fields.adb:13:69

 info: index check proved (CVC5: 2 VC in max 0.0 seconds and 1 step)
--> pkg_rpm_fields.adb:15:27

 info: index check proved (CVC5: 2 VC in max 0.0 seconds and 1 step)
--> pkg_rpm_fields.adb:16:27

 info: overflow check proved (CVC5: 2 VC in max 0.1 seconds and 1 step)
--> pkg_rpm_fields.adb:16:41

 info: index check proved (CVC5: 2 VC in max 0.0 seconds and 1 step)
--> pkg_rpm_fields.adb:16:52

 info: index check proved (CVC5: 2 VC in max 0.0 seconds and 1 step)
--> pkg_rpm_fields.adb:17:24

 info: overflow check proved (CVC5: 2 VC in max 0.0 seconds and 1 step)
--> pkg_rpm_fields.adb:17:38

 info: index check proved (CVC5: 2 VC in max 0.0 seconds and 1 step)
--> pkg_rpm_fields.adb:17:61

 info: overflow check proved (CVC5: 2 VC in max 0.0 seconds and 1 step)
--> pkg_rpm_fields.adb:17:75

 info: index check proved (CVC5: 2 VC in max 0.0 seconds and 1 step)
--> pkg_rpm_fields.adb:17:86

 info: loop invariant initialization proved (CVC5: 4 VC in max 0.0 seconds and 1 step)
--> pkg_rpm_fields.adb:19:32

 info: loop invariant preservation proved (CVC5: 4 VC in max 0.1 seconds and 1 step)
--> pkg_rpm_fields.adb:19:32

 info: index check proved (CVC5: 2 VC in max 0.1 seconds and 1 step)
--> pkg_rpm_fields.adb:20:15

 info: overflow check proved (CVC5: 2 VC in max 0.1 seconds and 1 step)
--> pkg_rpm_fields.adb:22:20

 info: overflow check proved (CVC5: 2 VC in max 0.0 seconds and 1 step)
--> pkg_rpm_fields.adb:23:59

 info: range check proved (CVC5: 2 VC in max 0.0 seconds and 1 step)
--> pkg_rpm_fields.adb:23:59

 info: initialization of "S" proved
--> pkg_rpm_fields.adb:23:67

 info: range check proved (CVC5: 2 VC in max 0.0 seconds and 1 step)
--> pkg_rpm_fields.adb:23:67

 info: cannot unroll loop (too many loop iterations) [info-unrolling-inlining]
--> pkg_rpm_fields.adb:24:36

 info: overflow check proved (CVC5: 2 VC in max 0.0 seconds and 42 steps)
--> pkg_rpm_fields.adb:24:68

 info: index check proved (CVC5: 2 VC in max 0.1 seconds and 49 steps)
--> pkg_rpm_fields.adb:24:68

 info: overflow check proved (CVC5: 2 VC in max 0.0 seconds and 1 step)
--> pkg_rpm_fields.adb:28:17

 info: overflow check proved (CVC5: 2 VC in max 0.0 seconds and 1 step)
--> pkg_rpm_fields.adb:28:29

 info: range check proved (CVC5: 2 VC in max 0.0 seconds and 1 step)
--> pkg_rpm_fields.adb:28:29

 info: initialization of "P" proved
--> pkg_rpm_fields.adb:35:50

 info: initialization of "Width" proved
--> pkg_rpm_fields.adb:35:63

 info: index check proved (CVC5: 2 VC in max 0.0 seconds and 1 step)
--> pkg_rpm_fields.adb:38:37

 info: index check proved (CVC5: 2 VC in max 0.0 seconds and 1 step)
--> pkg_rpm_fields.adb:39:46

 info: index check proved (CVC5: 2 VC in max 0.0 seconds and 1 step)
--> pkg_rpm_fields.adb:40:27

 info: index check proved (CVC5: 2 VC in max 0.0 seconds and 1 step)
--> pkg_rpm_fields.adb:41:35

 info: range check proved (CVC5: 2 VC in max 0.1 seconds and 1 step)
--> pkg_rpm_fields.adb:41:37

 info: overflow check proved (CVC5: 2 VC in max 0.0 seconds and 1 step)
--> pkg_rpm_fields.adb:44:22

 info: index check proved (CVC5: 2 VC in max 0.0 seconds and 1 step)
--> pkg_rpm_fields.adb:44:33

 info: division check proved (CVC5: 1 VC in max 0.0 seconds and 1 step)
--> pkg_rpm_fields.adb:44:48

 info: index check proved (CVC5: 2 VC in max 0.0 seconds and 1 step)
--> pkg_rpm_fields.adb:45:32

 info: division check proved (CVC5: 1 VC in max 0.0 seconds and 1 step)
--> pkg_rpm_fields.adb:45:39

 info: index check proved (CVC5: 2 VC in max 0.0 seconds and 1 step)
--> pkg_rpm_fields.adb:46:20

 info: overflow check proved (CVC5: 2 VC in max 0.1 seconds and 12 steps)
--> pkg_rpm_fields.adb:46:34

 info: overflow check proved (CVC5: 2 VC in max 0.1 seconds and 116 steps)
--> pkg_rpm_fields.adb:46:43

 info: overflow check proved (CVC5: 2 VC in max 0.0 seconds and 98 steps)
--> pkg_rpm_fields.adb:46:49

 info: index check proved (CVC5: 2 VC in max 0.0 seconds and 1 step)
--> pkg_rpm_fields.adb:47:35

 info: range check proved (CVC5: 2 VC in max 0.0 seconds and 1 step)
--> pkg_rpm_fields.adb:47:37

 info: index check proved (CVC5: 2 VC in max 0.0 seconds and 1 step)
--> pkg_rpm_fields.adb:48:34

 info: precondition proved (CVC5: 3 VC in max 0.0 seconds and 1 step)
--> pkg_rpm_fields.adb:48:69

 info: range check proved (CVC5: 2 VC in max 0.0 seconds and 1 step)
--> pkg_rpm_fields.adb:48:76

 info: precondition proved (CVC5: 3 VC in max 0.0 seconds and 1 step)
--> pkg_rpm_fields.adb:49:40

 info: range check proved (CVC5: 2 VC in max 0.0 seconds and 1 step)
--> pkg_rpm_fields.adb:49:47

 info: precondition proved (CVC5: 3 VC in max 0.1 seconds and 1 step)
--> pkg_rpm_fields.adb:49:77

 info: range check proved (CVC5: 2 VC in max 0.0 seconds and 1 step)
--> pkg_rpm_fields.adb:49:84

 info: initialization of "Value" proved
--> pkg_rpm_fields.ads:5:19

 info: initialization of "Status" proved
--> pkg_rpm_fields.ads:5:46

 info: data dependencies proved
--> pkg_rpm_fields.ads:5:73

 info: initialization of "Value" proved
--> pkg_rpm_fields.ads:7:21

 info: initialization of "Status" proved
--> pkg_rpm_fields.ads:7:39

 info: data dependencies proved
--> pkg_rpm_fields.ads:7:66

 info: implicit aspect Always_Terminates on "Count" has been proved, subprogram will terminate
--> pkg_rpm_fields.ads:8:13

 info: data dependencies proved
--> pkg_rpm_fields.ads:8:73
 info: overflow check proved (CVC5: 2 VC in max 0.0 seconds and 1 step)
--> pkg_recovery_catalog.adb:11:21

 info: implicit aspect Always_Terminates on "Valid_Set" has been proved, subprogram will terminate
--> pkg_recovery_catalog.adb:12:13

 info: local subprogram "Valid_Set" only analyzed in the context of calls [info-unrolling-inlining]
--> pkg_recovery_catalog.adb:12:13
      + add a contract to analyze it separately from calling contexts

 info: index check proved (CVC5: 2 VC in max 0.0 seconds and 1 step), in call inlined at pkg_recovery_catalog.adb:25
--> pkg_recovery_catalog.adb:16:19

 info: index check proved (CVC5: 2 VC in max 0.0 seconds and 1 step), in call inlined at pkg_recovery_catalog.adb:37
--> pkg_recovery_catalog.adb:16:19

 info: index check proved (CVC5: 2 VC in max 0.0 seconds and 1 step), in call inlined at pkg_recovery_catalog.adb:25
--> pkg_recovery_catalog.adb:17:40

 info: index check proved (CVC5: 2 VC in max 0.0 seconds and 1 step), in call inlined at pkg_recovery_catalog.adb:37
--> pkg_recovery_catalog.adb:17:40

 info: index check proved (CVC5: 2 VC in max 0.0 seconds and 1 step), in call inlined at pkg_recovery_catalog.adb:25
--> pkg_recovery_catalog.adb:17:52

 info: index check proved (CVC5: 2 VC in max 0.0 seconds and 1 step), in call inlined at pkg_recovery_catalog.adb:37
--> pkg_recovery_catalog.adb:17:52

 info: analyzing call to "Valid_Set" in context
--> pkg_recovery_catalog.adb:25:14

 info: in inlined body at line 15
--> pkg_recovery_catalog.adb:25:14
      + cannot unroll loop (too many loop iterations) [info-unrolling-inlining]

 info: in inlined body at line 17
--> pkg_recovery_catalog.adb:25:14
      + cannot unroll loop (too many loop iterations) [info-unrolling-inlining]

 info: loop invariant initialization proved (CVC5: 2 VC in max 0.0 seconds and 1 step)
--> pkg_recovery_catalog.adb:27:32

 info: loop invariant preservation proved (CVC5: 2 VC in max 0.1 seconds and 1 step)
--> pkg_recovery_catalog.adb:27:32

 info: index check proved (CVC5: 2 VC in max 0.0 seconds and 1 step)
--> pkg_recovery_catalog.adb:28:32

 info: index check proved (CVC5: 2 VC in max 0.0 seconds and 1 step)
--> pkg_recovery_catalog.adb:28:55

 info: index check proved (CVC5: 2 VC in max 0.0 seconds and 1 step)
--> pkg_recovery_catalog.adb:29:47

 info: index check proved (CVC5: 2 VC in max 0.0 seconds and 1 step)
--> pkg_recovery_catalog.adb:29:67

 info: analyzing call to "Valid_Set" in context
--> pkg_recovery_catalog.adb:37:14

 info: in inlined body at line 15
--> pkg_recovery_catalog.adb:37:14
      + cannot unroll loop (too many loop iterations) [info-unrolling-inlining]

 info: in inlined body at line 17
--> pkg_recovery_catalog.adb:37:14
      + cannot unroll loop (too many loop iterations) [info-unrolling-inlining]

 info: index check proved (CVC5: 2 VC in max 0.0 seconds and 1 step)
--> pkg_recovery_catalog.adb:38:16

 info: index check proved (CVC5: 2 VC in max 0.0 seconds and 1 step)
--> pkg_recovery_catalog.adb:38:56

 info: index check proved (CVC5: 2 VC in max 0.0 seconds and 1 step)
--> pkg_recovery_catalog.adb:38:84

 info: index check proved (CVC5: 2 VC in max 0.0 seconds and 1 step)
--> pkg_recovery_catalog.adb:39:23

 info: index check proved (CVC5: 2 VC in max 0.0 seconds and 1 step)
--> pkg_recovery_catalog.adb:39:62

 info: index check proved (CVC5: 2 VC in max 0.0 seconds and 1 step)
--> pkg_recovery_catalog.adb:40:23

 info: overflow check proved (CVC5: 2 VC in max 0.0 seconds and 1 step)
--> pkg_recovery_catalog.adb:40:60

 info: index check proved (CVC5: 2 VC in max 0.0 seconds and 1 step)
--> pkg_recovery_catalog.adb:40:67

 info: loop invariant initialization proved (CVC5: 1 VC in max 0.0 seconds and 1 step)
--> pkg_recovery_catalog.adb:42:32

 info: loop invariant preservation proved (CVC5: 1 VC in max 0.1 seconds and 1 step)
--> pkg_recovery_catalog.adb:42:32

 info: index check proved (CVC5: 2 VC in max 0.0 seconds and 1 step)
--> pkg_recovery_catalog.adb:43:50

 info: index check proved (CVC5: 2 VC in max 0.0 seconds and 1 step)
--> pkg_recovery_catalog.adb:43:73

 info: overflow check proved (CVC5: 2 VC in max 0.0 seconds and 1 step)
--> pkg_recovery_catalog.adb:44:35

 info: implicit aspect Always_Terminates on "Admissible" has been proved, subprogram will terminate
--> pkg_recovery_catalog.ads:22:13

 info: data dependencies proved
--> pkg_recovery_catalog.ads:22:70

 info: initialization of "Selected" proved
--> pkg_recovery_catalog.ads:24:07

 info: initialization of "Status" proved
--> pkg_recovery_catalog.ads:24:31

 info: data dependencies proved
--> pkg_recovery_catalog.ads:24:58

 info: implicit aspect Always_Terminates on "May_Prune" has been proved, subprogram will terminate
--> pkg_recovery_catalog.ads:25:13

 info: data dependencies proved
--> pkg_recovery_catalog.ads:25:94
Success: all checks proved (3943 checks).
Summary logged in /home/nia/devbox/niaos/nia-os-consent/pkgcore/build/proof-obj/gnatprove/gnatprove.out
proof-guard: {"limits": {"address_mib_per_process": 1536, "minimum_available_mib": 2048, "nice_increment": 15, "sample_interval_seconds": 0.1, "sampled_session_rss_mib": 2048, "seconds": 3600}, "peak_session_rss_bytes": 925937664, "reason": null, "result": "pass", "returncode": 0, "seconds": 2273.985}
