Phase 1 of 3: generation of data representation information ...
Phase 2 of 3: generation of Global contracts ...
Phase 3 of 3: flow analysis and proof ...
 info: implicit aspect Always_Terminates on "Value" has been proved, subprogram will terminate
--> mc_health_golden.ads:4:13

 info: data dependencies proved
--> mc_health_golden.ads:4:55
 info: implicit aspect Always_Terminates on "Valid" has been proved, subprogram will terminate
--> mc_maintenance.ads:21:13

 info: data dependencies proved
--> mc_maintenance.ads:21:50

 info: implicit aspect Always_Terminates on "Valid" has been proved, subprogram will terminate
--> mc_maintenance.ads:22:13

 info: data dependencies proved
--> mc_maintenance.ads:22:52

 info: implicit aspect Always_Terminates on "Permits" has been proved, subprogram will terminate
--> mc_maintenance.ads:23:13

 info: data dependencies proved
--> mc_maintenance.ads:23:89

 info: implicit aspect Always_Terminates on "Blocks" has been proved, subprogram will terminate
--> mc_maintenance.ads:24:13

 info: data dependencies proved
--> mc_maintenance.ads:24:109
 info: length check proved (CVC5: 3 VC in max 0.0 seconds and 1 step)
--> mc_witness.adb:8:16

 info: precondition proved (CVC5: 3 VC in max 0.0 seconds and 1 step)
--> mc_witness.adb:11:15

 info: precondition proved (CVC5: 3 VC in max 0.0 seconds and 1 step)
--> mc_witness.adb:11:52

 info: precondition proved (CVC5: 3 VC in max 0.0 seconds and 1 step)
--> mc_witness.adb:12:15

 info: precondition proved (CVC5: 3 VC in max 0.0 seconds and 1 step)
--> mc_witness.adb:12:53

 info: range check proved (CVC5: 4 VC in max 0.0 seconds and 1 step)
--> mc_witness.adb:18:51

 info: index check proved (CVC5: 2 VC in max 0.0 seconds and 1 step)
--> mc_witness.adb:18:84

 info: unrolling loop [info-unrolling-inlining]
--> mc_witness.adb:19:23

 info: index check proved (CVC5: 14 VC in max 0.0 seconds and 1 step)
--> mc_witness.adb:19:33

 info: cannot unroll loop (too many loop iterations) [info-unrolling-inlining]
--> mc_witness.adb:20:25

 info: index check proved (CVC5: 2 VC in max 0.0 seconds and 1 step)
--> mc_witness.adb:20:35

 info: unrolling loop [info-unrolling-inlining]
--> mc_witness.adb:21:22

 info: precondition proved (CVC5: 12 VC in max 0.0 seconds and 30 steps)
--> mc_witness.adb:21:38

 info: range check proved (CVC5: 2 VC in max 0.0 seconds and 17 steps)
--> mc_witness.adb:22:24

 info: index check proved (CVC5: 2 VC in max 0.0 seconds and 1 step)
--> mc_witness.adb:22:26

 info: range check proved (CVC5: 4 VC in max 0.0 seconds and 31 steps)
--> mc_witness.adb:22:45

 info: range check proved (CVC5: 4 VC in max 0.0 seconds and 64 steps)
--> mc_witness.adb:22:67

 info: range check proved (CVC5: 4 VC in max 0.0 seconds and 93 steps)
--> mc_witness.adb:22:89

 info: range check proved (CVC5: 4 VC in max 0.0 seconds and 122 steps)
--> mc_witness.adb:23:25

 info: range check proved (CVC5: 4 VC in max 0.0 seconds and 152 steps)
--> mc_witness.adb:23:47

 info: range check proved (CVC5: 4 VC in max 0.0 seconds and 182 steps)
--> mc_witness.adb:23:66

 info: range check proved (CVC5: 4 VC in max 0.0 seconds and 213 steps)
--> mc_witness.adb:23:90

 info: precondition proved (CVC5: 3 VC in max 0.0 seconds and 244 steps)
--> mc_witness.adb:24:32

 info: range check proved (CVC5: 2 VC in max 0.0 seconds and 515 steps)
--> mc_witness.adb:24:32

 info: precondition proved (CVC5: 3 VC in max 0.0 seconds and 274 steps)
--> mc_witness.adb:24:71

 info: range check proved (CVC5: 2 VC in max 0.0 seconds and 581 steps)
--> mc_witness.adb:24:71

 info: precondition proved (CVC5: 3 VC in max 0.0 seconds and 305 steps)
--> mc_witness.adb:25:33

 info: range check proved (CVC5: 2 VC in max 0.0 seconds and 648 steps)
--> mc_witness.adb:25:33

 info: precondition proved (CVC5: 3 VC in max 0.0 seconds and 337 steps)
--> mc_witness.adb:25:74

 info: range check proved (CVC5: 2 VC in max 0.0 seconds and 715 steps)
--> mc_witness.adb:25:74

 info: overflow check proved (CVC5: 2 VC in max 0.0 seconds and 1 step)
--> mc_witness.adb:32:72

 info: implicit aspect Always_Terminates on "Encode" has been proved, subprogram will terminate
--> mc_witness.ads:13:13

 info: data dependencies proved
--> mc_witness.ads:13:53

 info: initialization of "S" proved
--> mc_witness.ads:14:32

 info: initialization of "Status" proved
--> mc_witness.ads:14:51

 info: data dependencies proved
--> mc_witness.ads:14:78

 info: implicit aspect Always_Terminates on "Matches" has been proved, subprogram will terminate
--> mc_witness.ads:15:13

 info: data dependencies proved
--> mc_witness.ads:15:94
 info: overflow check proved (CVC5: 2 VC in max 0.0 seconds and 1 step)
--> mc_backups.adb:9:48

 info: cannot unroll loop (too many loop iterations) [info-unrolling-inlining]
--> mc_backups.adb:13:25

 info: index check proved (CVC5: 2 VC in max 0.0 seconds and 1 step)
--> mc_backups.adb:14:16

 info: index check proved (CVC5: 2 VC in max 0.0 seconds and 1 step)
--> mc_backups.adb:14:53

 info: index check proved (CVC5: 2 VC in max 0.0 seconds and 1 step)
--> mc_backups.adb:15:23

 info: index check proved (CVC5: 2 VC in max 0.0 seconds and 1 step)
--> mc_backups.adb:15:61

 info: index check proved (CVC5: 2 VC in max 0.0 seconds and 1 step)
--> mc_backups.adb:16:23

 info: index check proved (CVC5: 2 VC in max 0.0 seconds and 1 step)
--> mc_backups.adb:16:59

 info: index check proved (CVC5: 2 VC in max 0.0 seconds and 1 step)
--> mc_backups.adb:16:81

 info: index check proved (CVC5: 2 VC in max 0.0 seconds and 1 step)
--> mc_backups.adb:18:16

 info: index check proved (CVC5: 2 VC in max 0.0 seconds and 1 step)
--> mc_backups.adb:18:31

 info: index check proved (CVC5: 2 VC in max 0.0 seconds and 1 step)
--> mc_backups.adb:19:24

 info: index check proved (CVC5: 2 VC in max 0.0 seconds and 1 step)
--> mc_backups.adb:19:44

 info: cannot unroll loop (too many loop iterations) [info-unrolling-inlining]
--> mc_backups.adb:20:26

 info: index check proved (CVC5: 2 VC in max 0.0 seconds and 1 step)
--> mc_backups.adb:20:37

 info: index check proved (CVC5: 2 VC in max 0.0 seconds and 1 step)
--> mc_backups.adb:20:54

 info: initialization of "Here" proved
--> mc_backups.adb:26:07

 info: initialization of "Parent" proved
--> mc_backups.adb:26:13

 medium: array index check might fail
--> mc_backups.adb:33:47
   33 |             if Depth = Capacity or else Members (Here) then Status := Corrupt; return; end if;
      |                                                  ^~~~
      + reason for check: value must be a valid index into the array
      + possible fix: loop at line 32 should mention Here in a loop invariant
   32 |          loop
      |          ^
      + provers reached time limit before completing the proof

 info: index check proved (CVC5: 2 VC in max 0.0 seconds and 1 step)
--> mc_backups.adb:34:19

 medium: overflow check might fail, cannot prove upper bound for Depth+1
--> mc_backups.adb:34:48
   34 |             Members (Here) := True; Depth := Depth+1; Path (Depth) := Here;
      |                                              ~~~~~^~
      + reason for check: result of addition must fit in a 32-bits machine integer
      + possible fix: loop at line 32 should mention Depth in a loop invariant
   32 |          loop
      |          ^
      + provers reached time limit before completing the proof

 medium: array index check might fail
--> mc_backups.adb:34:58
   34 |             Members (Here) := True; Depth := Depth+1; Path (Depth) := Here;
      |                                                             ^~~~~
      + reason for check: value must be a valid index into the array
      + possible fix: loop at line 32 should mention Depth in a loop invariant
   32 |          loop
      |          ^
      + provers reached time limit before completing the proof

 info: index check proved (CVC5: 2 VC in max 0.0 seconds and 1 step)
--> mc_backups.adb:35:23

 info: cannot unroll loop (too many loop iterations) [info-unrolling-inlining]
--> mc_backups.adb:37:28

 medium: array index check might fail
--> mc_backups.adb:38:19
   38 |                if C (I).Manifest = C (Here).Parent then Parent := I; exit; end if;
      |                      ^
      + reason for check: value must be a valid index into the array
      + provers reached time limit before completing the proof

 info: index check proved (CVC5: 2 VC in max 0.0 seconds and 1 step)
--> mc_backups.adb:38:36

 info: index check proved (CVC5: 2 VC in max 0.0 seconds and 1 step)
--> mc_backups.adb:40:35

 info: index check proved (CVC5: 1 VC in max 0.0 seconds and 1 step; Z3: 1 VC in max 0.0 seconds and 1 step)
--> mc_backups.adb:40:55

 info: index check proved (CVC5: 2 VC in max 0.0 seconds and 1 step)
--> mc_backups.adb:41:23

 info: index check proved (CVC5: 2 VC in max 0.0 seconds and 1 step)
--> mc_backups.adb:41:45

 info: index check proved (CVC5: 2 VC in max 0.0 seconds and 1 step)
--> mc_backups.adb:41:70

 info: index check proved (CVC5: 2 VC in max 0.0 seconds and 1 step)
--> mc_backups.adb:41:92

 info: index check proved (CVC5: 2 VC in max 0.0 seconds and 1 step)
--> mc_backups.adb:42:23

 info: index check proved (CVC5: 2 VC in max 0.0 seconds and 1 step)
--> mc_backups.adb:42:54

 info: index check proved (CVC5: 2 VC in max 0.0 seconds and 1 step)
--> mc_backups.adb:43:23

 info: index check proved (CVC5: 2 VC in max 0.0 seconds and 1 step)
--> mc_backups.adb:43:49

 info: cannot unroll loop (too many loop iterations) [info-unrolling-inlining]
--> mc_backups.adb:48:33

 medium: array index check might fail
--> mc_backups.adb:49:26
   49 |             B (9..40) := C (Path (I)).Manifest; B (41..72) := Commitment;
      |                             ^~~~~~~
      + reason for check: value must be a valid index into the array
      + possible fix: loop at line 32 should mention Path in a loop invariant
   32 |          loop
      |          ^
      + provers reached time limit before completing the proof

 info: index check proved (CVC5: 2 VC in max 0.0 seconds and 1 step)
--> mc_backups.adb:49:32

 info: precondition proved (CVC5: 1 VC in max 0.0 seconds and 51 steps)
--> mc_backups.adb:50:33

 info: initialization of "Distinct" proved
--> mc_backups.adb:55:38

 info: unrolling loop [info-unrolling-inlining]
--> mc_backups.adb:63:27

 info: cannot unroll loop (too many loop iterations) [info-unrolling-inlining]
--> mc_backups.adb:65:29

 info: overflow check proved (CVC5: 16 VC in max 0.0 seconds and 1379 steps)
--> mc_backups.adb:74:68

 info: overflow check proved (CVC5: 16 VC in max 0.0 seconds and 1322 steps)
--> mc_backups.adb:76:49

 info: cannot unroll loop (too many loop iterations) [info-unrolling-inlining]
--> mc_backups.adb:77:29

 info: overflow check proved (CVC5: 16 VC in max 0.0 seconds and 1355 steps)
--> mc_backups.adb:81:48

 info: initialization of "D" proved
--> mc_backups.adb:88:07

 medium: array index check might fail
--> mc_backups.adb:92:35
   92 |          if not Valid (P) or else C (Terminal).Through_Position < P.Required_Position
      |                                      ^~~~~~~~
      + reason for check: value must be a valid index into the array
      + possible fix: add precondition (Terminal in Index) to subprogram at mc_backups.ads:39
      --> mc_backups.ads:39:14
   39 |       procedure Restore_Set (P : Policy; C : Catalog; Count, Terminal : Natural;
      |                 ^
      + provers reached time limit before completing the proof

 info: index check proved (CVC5: 2 VC in max 0.0 seconds and 1 step)
--> mc_backups.adb:93:20

 info: index check proved (CVC5: 2 VC in max 0.0 seconds and 1 step)
--> mc_backups.adb:94:20

 info: index check proved (CVC5: 2 VC in max 0.0 seconds and 1 step)
--> mc_backups.adb:94:45

 info: index check proved (CVC5: 2 VC in max 0.0 seconds and 1 step)
--> mc_backups.adb:95:20

 info: overflow check proved (CVC5: 2 VC in max 0.0 seconds and 1 step)
--> mc_backups.adb:96:29

 info: index check proved (CVC5: 2 VC in max 0.0 seconds and 1 step)
--> mc_backups.adb:96:34

 info: cannot unroll loop (too many loop iterations) [info-unrolling-inlining]
--> mc_backups.adb:98:25

 medium: array index check might fail
--> mc_backups.adb:98:42
   98 |          for I in 1..Count loop if Members (I) and then not Usable (P,C (I)) then return; end if; end loop;
      |                                             ^
      + reason for check: value must be a valid index into the array
      + provers reached time limit before completing the proof

 info: index check proved (CVC5: 2 VC in max 0.0 seconds and 1 step)
--> mc_backups.adb:98:71

 info: initialization of "Candidate" proved
--> mc_backups.adb:103:07

 info: initialization of "S" proved
--> mc_backups.adb:103:30

 info: cannot unroll loop (too many loop iterations) [info-unrolling-inlining]
--> mc_backups.adb:107:25

 medium: array index check might fail
--> mc_backups.adb:110:23
  110 |               or else C (I).Through_Position > C (Terminal).Through_Position
      |                          ^
      + reason for check: value must be a valid index into the array
      + provers reached time limit before completing the proof

 medium: array index check might fail
--> mc_backups.adb:110:48
  110 |               or else C (I).Through_Position > C (Terminal).Through_Position
      |                                                   ^~~~~~~~
      + reason for check: value must be a valid index into the array
      + possible fix: loop at line 107 should mention Terminal in a loop invariant
  107 |          for I in 1..Count loop
      |                            ^
      + provers reached time limit before completing the proof

 info: index check proved (CVC5: 2 VC in max 0.0 seconds and 1 step)
--> mc_backups.adb:111:24

 info: index check proved (CVC5: 2 VC in max 0.0 seconds and 1 step)
--> mc_backups.adb:111:49

 info: index check proved (CVC5: 2 VC in max 0.0 seconds and 1 step)
--> mc_backups.adb:112:26

 info: index check proved (CVC5: 2 VC in max 0.0 seconds and 1 step)
--> mc_backups.adb:112:44

 info: implicit aspect Always_Terminates on "Valid" has been proved, subprogram will terminate
--> mc_backups.ads:34:13

 info: data dependencies proved
--> mc_backups.ads:34:52

 info: implicit aspect Always_Terminates on "Valid_Catalog" has been proved, subprogram will terminate
--> mc_backups.ads:35:13

 info: data dependencies proved
--> mc_backups.ads:35:78

 info: initialization of "Members" proved
--> mc_backups.ads:36:61

 info: initialization of "Commitment" proved
--> mc_backups.ads:37:07

 info: initialization of "Status" proved
--> mc_backups.ads:37:32

 info: data dependencies proved
--> mc_backups.ads:37:59

 info: implicit aspect Always_Terminates on "Usable" has been proved, subprogram will terminate
--> mc_backups.ads:38:13

 info: data dependencies proved
--> mc_backups.ads:38:65

 info: initialization of "Members" proved
--> mc_backups.ads:40:07

 info: initialization of "Status" proved
--> mc_backups.ads:40:32

 info: data dependencies proved
--> mc_backups.ads:40:59

 info: initialization of "Terminal" proved
--> mc_backups.ads:42:07

 info: initialization of "Members" proved
--> mc_backups.ads:42:31

 info: initialization of "Status" proved
--> mc_backups.ads:42:56

 info: data dependencies proved
--> mc_backups.ads:42:83
 info: length check proved (CVC5: 3 VC in max 0.0 seconds and 1 step)
--> mc_control_codec.adb:11:19

 info: precondition proved (CVC5: 3 VC in max 0.0 seconds and 1 step)
--> mc_control_codec.adb:12:15

 info: precondition proved (CVC5: 3 VC in max 0.0 seconds and 1 step)
--> mc_control_codec.adb:12:56

 info: precondition proved (CVC5: 1 VC in max 0.0 seconds and 597 steps)
--> mc_control_codec.adb:15:68

 info: range check proved (CVC5: 4 VC in max 0.0 seconds and 1 step)
--> mc_control_codec.adb:15:75

 info: length check proved (CVC5: 3 VC in max 0.0 seconds and 1 step)
--> mc_control_codec.adb:21:19

 info: precondition proved (CVC5: 3 VC in max 0.0 seconds and 1 step)
--> mc_control_codec.adb:22:15

 info: precondition proved (CVC5: 3 VC in max 0.0 seconds and 1 step)
--> mc_control_codec.adb:22:65

 info: precondition proved (CVC5: 3 VC in max 0.0 seconds and 1 step)
--> mc_control_codec.adb:26:15

 info: precondition proved (CVC5: 3 VC in max 0.0 seconds and 1 step)
--> mc_control_codec.adb:26:59

 info: precondition proved (CVC5: 1 VC in max 0.0 seconds and 1199 steps)
--> mc_control_codec.adb:27:32

 info: range check proved (CVC5: 4 VC in max 0.0 seconds and 1 step)
--> mc_control_codec.adb:27:39

 info: initialization of "O" proved
--> mc_control_codec.adb:30:45

 info: length check proved (CVC5: 3 VC in max 0.0 seconds and 1 step)
--> mc_control_codec.adb:32:19

 info: precondition proved (CVC5: 3 VC in max 0.0 seconds and 1 step)
--> mc_control_codec.adb:33:15

 info: unrolling loop [info-unrolling-inlining]
--> mc_control_codec.adb:35:27

 info: overflow check proved (CVC5: 16 VC in max 0.0 seconds and 152 steps)
--> mc_control_codec.adb:36:18

 info: overflow check proved (CVC5: 16 VC in max 0.0 seconds and 150 steps)
--> mc_control_codec.adb:36:25

 info: range check proved (CVC5: 32 VC in max 0.0 seconds and 158 steps)
--> mc_control_codec.adb:37:10

 info: index check proved (CVC5: 16 VC in max 0.0 seconds and 154 steps)
--> mc_control_codec.adb:37:13

 info: overflow check proved (CVC5: 16 VC in max 0.0 seconds and 156 steps)
--> mc_control_codec.adb:37:17

 info: overflow check proved (CVC5: 16 VC in max 0.0 seconds and 154 steps)
--> mc_control_codec.adb:37:17

 info: index check proved (CVC5: 16 VC in max 0.0 seconds and 154 steps)
--> mc_control_codec.adb:37:17

 info: length check proved (CVC5: 24 VC in max 0.0 seconds and 153 steps)
--> mc_control_codec.adb:37:22

 info: length check proved (CVC5: 24 VC in max 0.0 seconds and 150 steps)
--> mc_control_codec.adb:37:35

 info: range check proved (CVC5: 32 VC in max 0.0 seconds and 169 steps)
--> mc_control_codec.adb:37:48

 info: overflow check proved (CVC5: 16 VC in max 0.0 seconds and 167 steps)
--> mc_control_codec.adb:37:52

 info: overflow check proved (CVC5: 16 VC in max 0.0 seconds and 161 steps)
--> mc_control_codec.adb:37:52

 info: index check proved (CVC5: 16 VC in max 0.0 seconds and 161 steps)
--> mc_control_codec.adb:37:52

 info: overflow check proved (CVC5: 16 VC in max 0.0 seconds and 165 steps)
--> mc_control_codec.adb:37:58

 info: overflow check proved (CVC5: 16 VC in max 0.0 seconds and 161 steps)
--> mc_control_codec.adb:37:58

 info: index check proved (CVC5: 16 VC in max 0.0 seconds and 161 steps)
--> mc_control_codec.adb:37:58

 info: length check proved (CVC5: 24 VC in max 0.0 seconds and 161 steps)
--> mc_control_codec.adb:37:63

 info: length check proved (CVC5: 24 VC in max 0.0 seconds and 157 steps)
--> mc_control_codec.adb:37:76

 info: precondition proved (CVC5: 32 VC in max 0.0 seconds and 1860 steps)
--> mc_control_codec.adb:38:18

 info: overflow check proved (CVC5: 16 VC in max 0.0 seconds and 181 steps)
--> mc_control_codec.adb:38:29

 info: overflow check proved (CVC5: 16 VC in max 0.0 seconds and 203 steps)
--> mc_control_codec.adb:39:14

 info: index check proved (CVC5: 16 VC in max 0.0 seconds and 207 steps)
--> mc_control_codec.adb:39:14

 info: precondition proved (CVC5: 1 VC in max 0.0 seconds and 1943 steps)
--> mc_control_codec.adb:41:34

 info: range check proved (CVC5: 4 VC in max 0.0 seconds and 356 steps)
--> mc_control_codec.adb:41:41

 info: initialization of "T" proved
--> mc_control_codec.adb:44:07

 info: range check proved (CVC5: 4 VC in max 0.0 seconds and 1 step)
--> mc_control_codec.adb:48:10

 info: index check proved (CVC5: 2 VC in max 0.0 seconds and 1 step)
--> mc_control_codec.adb:48:36

 info: precondition proved (CVC5: 3 VC in max 0.0 seconds and 1 step)
--> mc_control_codec.adb:49:25

 info: precondition proved (CVC5: 3 VC in max 0.0 seconds and 1 step)
--> mc_control_codec.adb:50:25

 info: range check proved (CVC5: 4 VC in max 0.0 seconds and 1 step)
--> mc_control_codec.adb:51:18

 info: range check proved (CVC5: 4 VC in max 0.0 seconds and 1 step)
--> mc_control_codec.adb:51:43

 info: precondition proved (CVC5: 3 VC in max 0.0 seconds and 1 step)
--> mc_control_codec.adb:52:38

 info: range check proved (CVC5: 2 VC in max 0.0 seconds and 16 steps)
--> mc_control_codec.adb:52:38

 info: precondition proved (CVC5: 3 VC in max 0.0 seconds and 1 step)
--> mc_control_codec.adb:52:86

 info: range check proved (CVC5: 2 VC in max 0.0 seconds and 42 steps)
--> mc_control_codec.adb:52:86

 info: range check proved (CVC5: 2 VC in max 0.0 seconds and 60 steps)
--> mc_control_codec.adb:53:41

 info: index check proved (CVC5: 2 VC in max 0.0 seconds and 1 step)
--> mc_control_codec.adb:53:44

 info: range check proved (CVC5: 4 VC in max 0.0 seconds and 1 step)
--> mc_control_codec.adb:53:64

 info: range check proved (CVC5: 4 VC in max 0.0 seconds and 1 step)
--> mc_control_codec.adb:54:25

 info: range check proved (CVC5: 4 VC in max 0.0 seconds and 1 step)
--> mc_control_codec.adb:54:52

 info: range check proved (CVC5: 4 VC in max 0.0 seconds and 1 step)
--> mc_control_codec.adb:54:78

 info: range check proved (CVC5: 4 VC in max 0.0 seconds and 1 step)
--> mc_control_codec.adb:55:29

 info: initialization of "T" proved
--> mc_control_codec.adb:60:07

 info: range check proved (CVC5: 4 VC in max 0.0 seconds and 1 step)
--> mc_control_codec.adb:66:10

 info: index check proved (CVC5: 2 VC in max 0.0 seconds and 1 step)
--> mc_control_codec.adb:66:36

 info: index check proved (CVC5: 2 VC in max 0.0 seconds and 1 step)
--> mc_control_codec.adb:67:11

 info: cannot unroll loop (too many loop iterations) [info-unrolling-inlining]
--> mc_control_codec.adb:67:23

 info: precondition proved (CVC5: 3 VC in max 0.0 seconds and 46 steps)
--> mc_control_codec.adb:67:39

 info: index check proved (CVC5: 2 VC in max 0.0 seconds and 1 step)
--> mc_control_codec.adb:67:47

 info: range check proved (CVC5: 4 VC in max 0.0 seconds and 1 step)
--> mc_control_codec.adb:68:18

 info: range check proved (CVC5: 4 VC in max 0.0 seconds and 1 step)
--> mc_control_codec.adb:68:43

 info: precondition proved (CVC5: 3 VC in max 0.0 seconds and 1 step)
--> mc_control_codec.adb:69:47

 medium: range check might fail, cannot prove upper bound for MC_Codec.U64 (B,57)
--> mc_control_codec.adb:69:47
   69 |          T.Expected_Revision := Counter (MC_Codec.U64 (B,57)); T.New_Trust_Epoch := Counter (MC_Codec.U64 (B,65));
      |                                          ~~~~~~~~^~~~~~~~~~
      + reason for check: value must be convertible to the target type of the conversion
      + possible fix: add precondition (MC_Codec.U64 (B,57) <= Unsigned_64(Counter'Last)) to subprogram at mc_control_codec.ads:12
      --> mc_control_codec.ads:12:14
   12 |       procedure Decode (B : Bytes; P : out MC_Control.Proposal; Status : out Outcome)
      |                 ^
      + provers reached time limit before completing the proof

 info: precondition proved (CVC5: 3 VC in max 0.0 seconds and 1 step)
--> mc_control_codec.adb:69:99

 medium: range check might fail, cannot prove upper bound for MC_Codec.U64 (B,65)
--> mc_control_codec.adb:69:99
   69 |          T.Expected_Revision := Counter (MC_Codec.U64 (B,57)); T.New_Trust_Epoch := Counter (MC_Codec.U64 (B,65));
      |                                                                                              ~~~~~~~~^~~~~~~~~~
      + reason for check: value must be convertible to the target type of the conversion
      + possible fix: add precondition (MC_Codec.U64 (B,65) <= Unsigned_64(Counter'Last)) to subprogram at mc_control_codec.ads:12
      --> mc_control_codec.ads:12:14
   12 |       procedure Decode (B : Bytes; P : out MC_Control.Proposal; Status : out Outcome)
      |                 ^
      + provers reached time limit before completing the proof

 info: range check proved (CVC5: 2 VC in max 0.0 seconds and 94 steps)
--> mc_control_codec.adb:70:41

 info: index check proved (CVC5: 2 VC in max 0.0 seconds and 1 step)
--> mc_control_codec.adb:70:44

 info: range check proved (CVC5: 4 VC in max 0.0 seconds and 1 step)
--> mc_control_codec.adb:70:63

 info: range check proved (CVC5: 4 VC in max 0.0 seconds and 1 step)
--> mc_control_codec.adb:70:91

 info: range check proved (CVC5: 4 VC in max 0.0 seconds and 1 step)
--> mc_control_codec.adb:71:27

 info: range check proved (CVC5: 4 VC in max 0.0 seconds and 1 step)
--> mc_control_codec.adb:71:53

 info: range check proved (CVC5: 4 VC in max 0.0 seconds and 15 steps)
--> mc_control_codec.adb:71:89

 info: range check proved (CVC5: 4 VC in max 0.0 seconds and 34 steps)
--> mc_control_codec.adb:72:29

 info: precondition proved (CVC5: 3 VC in max 0.0 seconds and 52 steps)
--> mc_control_codec.adb:72:76

 medium: range check might fail, cannot prove upper bound for MC_Codec.U64 (B,241)
--> mc_control_codec.adb:72:76
   72 |          T.Authority_Digest := B (209..240); T.Not_Before := Counter (MC_Codec.U64 (B,241));
      |                                                                       ~~~~~~~~^~~~~~~~~~~
      + reason for check: value must be convertible to the target type of the conversion
      + possible fix: add precondition (MC_Codec.U64 (B,241) <= Unsigned_64(Counter'Last)) to subprogram at mc_control_codec.ads:12
      --> mc_control_codec.ads:12:14
   12 |       procedure Decode (B : Bytes; P : out MC_Control.Proposal; Status : out Outcome)
      |                 ^
      + provers reached time limit before completing the proof

 info: precondition proved (CVC5: 3 VC in max 0.0 seconds and 70 steps)
--> mc_control_codec.adb:73:37

 info: range check proved (CVC5: 1 VC in max 0.0 seconds and 87 steps; Z3: 1 VC in max 0.0 seconds and 52 steps)
--> mc_control_codec.adb:73:37

 info: initialization of "T" proved
--> mc_control_codec.adb:77:07

 info: initialization of "O" proved
--> mc_control_codec.adb:77:33

 info: range check proved (CVC5: 4 VC in max 0.0 seconds and 1 step)
--> mc_control_codec.adb:81:10

 info: index check proved (CVC5: 2 VC in max 0.0 seconds and 1 step)
--> mc_control_codec.adb:81:36

 info: index check proved (CVC5: 2 VC in max 0.0 seconds and 1 step)
--> mc_control_codec.adb:81:55

 info: index check proved (CVC5: 2 VC in max 0.0 seconds and 1 step)
--> mc_control_codec.adb:82:20

 info: precondition proved (CVC5: 3 VC in max 0.0 seconds and 1 step)
--> mc_control_codec.adb:82:52

 info: range check proved (CVC5: 4 VC in max 0.0 seconds and 1 step)
--> mc_control_codec.adb:84:18

 info: range check proved (CVC5: 4 VC in max 0.0 seconds and 1 step)
--> mc_control_codec.adb:84:43

 info: precondition proved (CVC5: 3 VC in max 0.0 seconds and 1 step)
--> mc_control_codec.adb:84:84

 info: range check proved (CVC5: 2 VC in max 0.0 seconds and 51 steps)
--> mc_control_codec.adb:84:84

 info: range check proved (CVC5: 2 VC in max 0.0 seconds and 67 steps)
--> mc_control_codec.adb:85:18

 info: index check proved (CVC5: 2 VC in max 0.0 seconds and 1 step)
--> mc_control_codec.adb:85:30

 info: range check proved (CVC5: 2 VC in max 0.0 seconds and 85 steps)
--> mc_control_codec.adb:85:59

 info: index check proved (CVC5: 2 VC in max 0.0 seconds and 1 step)
--> mc_control_codec.adb:85:71

 info: range check proved (CVC5: 2 VC in max 0.0 seconds and 105 steps)
--> mc_control_codec.adb:85:99

 info: index check proved (CVC5: 2 VC in max 0.0 seconds and 1 step)
--> mc_control_codec.adb:85:111

 info: unrolling loop [info-unrolling-inlining]
--> mc_control_codec.adb:86:27

 info: overflow check proved (CVC5: 16 VC in max 0.0 seconds and 289 steps)
--> mc_control_codec.adb:87:18

 info: overflow check proved (CVC5: 16 VC in max 0.0 seconds and 287 steps)
--> mc_control_codec.adb:87:25

 info: overflow check proved (CVC5: 16 VC in max 0.0 seconds and 292 steps)
--> mc_control_codec.adb:87:37

 info: index check proved (CVC5: 16 VC in max 0.0 seconds and 753 steps)
--> mc_control_codec.adb:87:37

 info: range check proved (CVC5: 31 VC in max 0.0 seconds and 777 steps; Z3: 1 VC in max 0.0 seconds and 1 step)
--> mc_control_codec.adb:88:35

 info: length check proved (CVC5: 23 VC in max 0.0 seconds and 292 steps; Z3: 1 VC in max 0.0 seconds and 1 step)
--> mc_control_codec.adb:88:35

 info: overflow check proved (CVC5: 16 VC in max 0.0 seconds and 296 steps)
--> mc_control_codec.adb:88:42

 info: range check proved (CVC5: 32 VC in max 0.0 seconds and 810 steps)
--> mc_control_codec.adb:88:72

 info: length check proved (CVC5: 24 VC in max 0.0 seconds and 298 steps)
--> mc_control_codec.adb:88:72

 info: overflow check proved (CVC5: 16 VC in max 0.0 seconds and 309 steps)
--> mc_control_codec.adb:88:76

 info: overflow check proved (CVC5: 16 VC in max 0.0 seconds and 306 steps)
--> mc_control_codec.adb:88:82

 info: precondition proved (CVC5: 24 VC in max 0.0 seconds and 842 steps)
--> mc_control_codec.adb:89:39

 info: range check proved (CVC5: 16 VC in max 0.0 seconds and 303 steps)
--> mc_control_codec.adb:89:39

 info: overflow check proved (CVC5: 16 VC in max 0.0 seconds and 320 steps)
--> mc_control_codec.adb:89:48

 info: range check proved (CVC5: 16 VC in max 0.0 seconds and 1267 steps)
--> mc_control_codec.adb:89:94

 info: overflow check proved (CVC5: 16 VC in max 0.0 seconds and 323 steps)
--> mc_control_codec.adb:89:98

 info: index check proved (CVC5: 16 VC in max 0.0 seconds and 324 steps)
--> mc_control_codec.adb:89:98

 info: implicit aspect Always_Terminates on "Encode" has been proved, subprogram will terminate
--> mc_control_codec.ads:7:13

 info: data dependencies proved
--> mc_control_codec.ads:7:67

 info: implicit aspect Always_Terminates on "Encode" has been proved, subprogram will terminate
--> mc_control_codec.ads:8:13

 info: data dependencies proved
--> mc_control_codec.ads:8:73

 info: implicit aspect Always_Terminates on "Encode" has been proved, subprogram will terminate
--> mc_control_codec.ads:9:13

 info: data dependencies proved
--> mc_control_codec.ads:9:75

 info: initialization of "S" proved
--> mc_control_codec.ads:10:33

 info: initialization of "Status" proved
--> mc_control_codec.ads:10:59

 info: data dependencies proved
--> mc_control_codec.ads:11:11

 info: initialization of "P" proved
--> mc_control_codec.ads:12:33

 info: initialization of "Status" proved
--> mc_control_codec.ads:12:62

 info: data dependencies proved
--> mc_control_codec.ads:13:11

 info: initialization of "A" proved
--> mc_control_codec.ads:14:33

 info: initialization of "Status" proved
--> mc_control_codec.ads:14:63

 info: data dependencies proved
--> mc_control_codec.ads:15:11
 info: cannot unroll loop (too many loop iterations) [info-unrolling-inlining]
--> mc_retry_budget.adb:12:21

 info: index check proved (CVC5: 2 VC in max 0.0 seconds and 1 step)
--> mc_retry_budget.adb:15:59

 info: cannot unroll loop (too many loop iterations) [info-unrolling-inlining]
--> mc_retry_budget.adb:24:56

 info: division check proved (CVC5: 1 VC in max 0.0 seconds and 1 step)
--> mc_retry_budget.adb:25:45

 info: overflow check proved (CVC5: 2 VC in max 0.0 seconds and 1 step)
--> mc_retry_budget.adb:28:31

 info: initialization of "Delay_Ms" proved
--> mc_retry_budget.adb:37:07

 info: cannot unroll loop (too many loop iterations) [info-unrolling-inlining]
--> mc_retry_budget.adb:45:29

 info: overflow check proved (CVC5: 2 VC in max 0.0 seconds and 1 step)
--> mc_retry_budget.adb:46:17

 medium: range check might fail, cannot prove upper bound for Kept + 1
--> mc_retry_budget.adb:47:26
   47 |                Kept := Kept + 1; Times(Kept) := S.Attempts(I);
      |                        ~~~~~^~~
      + reason for check: result of addition must fit in the target type of the assignment
      + possible fix: loop at line 45 should mention Kept in a loop invariant
   45 |          for I in 1 .. S.Count loop
      |                                ^
      + provers reached time limit before completing the proof

 info: index check proved (CVC5: 2 VC in max 0.0 seconds and 1 step)
--> mc_retry_budget.adb:47:37

 info: precondition proved (CVC5: 1 VC in max 0.0 seconds and 1 step)
--> mc_retry_budget.adb:51:19

 info: overflow check proved (CVC5: 2 VC in max 0.0 seconds and 1 step)
--> mc_retry_budget.adb:52:30

 info: range check proved (CVC5: 2 VC in max 0.0 seconds and 1 step)
--> mc_retry_budget.adb:53:20

 info: index check proved (CVC5: 2 VC in max 0.0 seconds and 1 step)
--> mc_retry_budget.adb:53:31

 info: range check proved (CVC5: 2 VC in max 0.0 seconds and 1 step)
--> mc_retry_budget.adb:55:38

 info: range check proved (CVC5: 2 VC in max 0.0 seconds and 1 step)
--> mc_retry_budget.adb:55:62

 info: overflow check proved (CVC5: 2 VC in max 0.0 seconds and 1 step)
--> mc_retry_budget.adb:56:27

 info: overflow check proved (CVC5: 2 VC in max 0.0 seconds and 1 step)
--> mc_retry_budget.adb:74:30

 info: cannot unroll loop (too many loop iterations) [info-unrolling-inlining]
--> mc_retry_budget.adb:76:29

 info: overflow check proved (CVC5: 2 VC in max 0.0 seconds and 1 step)
--> mc_retry_budget.adb:77:27

 info: implicit aspect Always_Terminates on "Valid" has been proved, subprogram will terminate
--> mc_retry_budget.ads:23:13

 info: data dependencies proved
--> mc_retry_budget.ads:23:52

 info: implicit aspect Always_Terminates on "Valid" has been proved, subprogram will terminate
--> mc_retry_budget.ads:24:13

 info: data dependencies proved
--> mc_retry_budget.ads:24:51

 info: implicit aspect Always_Terminates on "Backoff" has been proved, subprogram will terminate
--> mc_retry_budget.ads:25:13

 info: data dependencies proved
--> mc_retry_budget.ads:26:28

 info: postcondition proved (CVC5: 1 VC in max 0.0 seconds and 1 step)
--> mc_retry_budget.ads:27:16

 info: initialization of "Status" proved
--> mc_retry_budget.ads:29:22

 info: data dependencies proved
--> mc_retry_budget.ads:30:11

 medium: postcondition might fail, cannot prove Valid(S)
--> mc_retry_budget.ads:32:40
   32 |             and then (if Status = OK then Valid(S) and then S.Total = S'Old.Total + 1
      |                                           ^~~~~~~
      + possible fix: you should consider adding a postcondition to function "Valid" or turning it into an expression function
      + provers reached time limit before completing the proof

 info: initialization of "Status" proved
--> mc_retry_budget.ads:34:63

 info: data dependencies proved
--> mc_retry_budget.ads:35:11

 info: postcondition proved (CVC5: 3 VC in max 0.0 seconds and 1 step; Trivial: 1 VC in max 0.0 seconds and 2 steps)
--> mc_retry_budget.ads:36:16

 info: initialization of "Status" proved
--> mc_retry_budget.ads:39:22

 info: data dependencies proved
--> mc_retry_budget.ads:40:11

 info: postcondition proved (CVC5: 4 VC in max 0.0 seconds and 1 step; Trivial: 1 VC in max 0.0 seconds and 2 steps)
--> mc_retry_budget.ads:41:16
 info: range check proved (CVC5: 2 VC in max 0.0 seconds and 1 step)
--> mc_hex.adb:5:07

 info: range check proved (CVC5: 2 VC in max 0.0 seconds and 1 step)
--> mc_hex.adb:5:33

 info: overflow check proved (CVC5: 2 VC in max 0.0 seconds and 1 step)
--> mc_hex.adb:5:41

 info: length check proved (CVC5: 3 VC in max 0.0 seconds and 1 step)
--> mc_hex.adb:5:49

 info: cannot unroll loop (too many loop iterations) [info-unrolling-inlining]
--> mc_hex.adb:8:24

 medium: overflow check might fail, cannot prove upper bound for K + 1
--> mc_hex.adb:9:20
    9 |             Result (K + 1) := Table (Natural (Item) / 16 + 1);
      |                     ~~^~~
      + reason for check: result of addition must fit in a 32-bits machine integer
      + possible fix: loop at line 8 should mention K in a loop invariant
    8 |          for Item of Data loop
      |                           ^
      + provers reached time limit before completing the proof

 medium: array index check might fail
--> mc_hex.adb:9:20
    9 |             Result (K + 1) := Table (Natural (Item) / 16 + 1);
      |                     ~~^~~
      + reason for check: result of addition must be a valid index into the array
      + possible fix: loop at line 8 should mention K in a loop invariant
    8 |          for Item of Data loop
      |                           ^
      + provers reached time limit before completing the proof

 info: division check proved (CVC5: 1 VC in max 0.0 seconds and 1 step)
--> mc_hex.adb:9:50

 info: overflow check proved (CVC5: 2 VC in max 0.0 seconds and 1 step)
--> mc_hex.adb:10:20

 medium: array index check might fail
--> mc_hex.adb:10:20
   10 |             Result (K + 2) := Table (Natural (Item) mod 16 + 1);
      |                     ~~^~~
      + reason for check: result of addition must be a valid index into the array
      + possible fix: loop at line 8 should mention K in a loop invariant
    8 |          for Item of Data loop
      |                           ^
      + provers reached time limit before completing the proof

 info: division check proved (CVC5: 1 VC in max 0.0 seconds and 1 step)
--> mc_hex.adb:10:50

 info: overflow check proved (CVC5: 2 VC in max 0.0 seconds and 1 step)
--> mc_hex.adb:11:17

 info: implicit aspect Always_Terminates on "Nibble" has been proved, subprogram will terminate
--> mc_hex.adb:15:13

 info: local subprogram "Nibble" only analyzed in the context of calls [info-unrolling-inlining]
--> mc_hex.adb:15:13
      + add a contract to analyze it separately from calling contexts

 info: range check proved (CVC5: 2 VC in max 0.0 seconds and 1 step), in call inlined at mc_hex.adb:30
--> mc_hex.adb:17:54

 info: range check proved (CVC5: 2 VC in max 0.0 seconds and 1 step), in call inlined at mc_hex.adb:31
--> mc_hex.adb:17:54

 info: range check proved (CVC5: 2 VC in max 0.0 seconds and 1 step), in call inlined at mc_hex.adb:30
--> mc_hex.adb:18:73

 info: range check proved (CVC5: 2 VC in max 0.0 seconds and 1 step), in call inlined at mc_hex.adb:31
--> mc_hex.adb:18:73

 info: initialization of "A" proved
--> mc_hex.adb:22:07

 info: initialization of "B" proved
--> mc_hex.adb:22:09

 info: length check proved (CVC5: 3 VC in max 0.0 seconds and 1 step)
--> mc_hex.adb:25:12

 info: range check proved (CVC5: 2 VC in max 0.0 seconds and 1 step)
--> mc_hex.adb:26:14

 info: cannot unroll loop (too many loop iterations) [info-unrolling-inlining]
--> mc_hex.adb:29:27

 info: analyzing call to "Nibble" in context
--> mc_hex.adb:30:15

 medium: overflow check might fail, cannot prove upper bound for Text'First + K
--> mc_hex.adb:30:40
   30 |             A := Nibble (Text (Text'First + K));
      |                                ~~~~~~~~~~~^~~
      + reason for check: result of addition must fit in a 32-bits machine integer
      + possible fix: loop at line 29 should mention K in a loop invariant
   29 |          for J in Data'Range loop
      |                              ^
      + provers reached time limit before completing the proof

 medium: array index check might fail
--> mc_hex.adb:30:40
   30 |             A := Nibble (Text (Text'First + K));
      |                                ~~~~~~~~~~~^~~
      + reason for check: result of addition must be a valid index into the array
      + possible fix: loop at line 29 should mention K in a loop invariant
   29 |          for J in Data'Range loop
      |                              ^
      + provers reached time limit before completing the proof

 info: analyzing call to "Nibble" in context
--> mc_hex.adb:31:15

 info: overflow check proved (CVC5: 2 VC in max 0.0 seconds and 1 step)
--> mc_hex.adb:31:40

 medium: overflow check might fail, cannot prove upper bound for Text'First + K + 1
--> mc_hex.adb:31:44
   31 |             B := Nibble (Text (Text'First + K + 1));
      |                                ~~~~~~~~~~~~~~~^~~
      + reason for check: result of addition must fit in a 32-bits machine integer
      + possible fix: loop at line 29 should mention K in a loop invariant
   29 |          for J in Data'Range loop
      |                              ^
      + provers reached time limit before completing the proof

 medium: array index check might fail
--> mc_hex.adb:31:44
   31 |             B := Nibble (Text (Text'First + K + 1));
      |                                ~~~~~~~~~~~~~~~^~~
      + reason for check: result of addition must be a valid index into the array
      + possible fix: loop at line 29 should mention K in a loop invariant
   29 |          for J in Data'Range loop
      |                              ^
      + provers reached time limit before completing the proof

 info: length check proved (CVC5: 3 VC in max 0.0 seconds and 1 step)
--> mc_hex.adb:32:43

 info: overflow check proved (CVC5: 2 VC in max 0.0 seconds and 1 step)
--> mc_hex.adb:33:30

 info: overflow check proved (CVC5: 2 VC in max 0.0 seconds and 1 step)
--> mc_hex.adb:33:35

 info: range check proved (CVC5: 1 VC in max 0.0 seconds and 1 step)
--> mc_hex.adb:33:35

 info: overflow check proved (CVC5: 2 VC in max 0.0 seconds and 1 step)
--> mc_hex.adb:34:17

 info: implicit aspect Always_Terminates on "Encode" has been proved, subprogram will terminate
--> mc_hex.ads:4:13

 info: data dependencies proved
--> mc_hex.ads:5:11

 info: range check proved (CVC5: 2 VC in max 0.0 seconds and 1 step)
--> mc_hex.ads:5:38

 info: initialization of "Data" proved
--> mc_hex.ads:6:37

 info: initialization of "Status" proved
--> mc_hex.ads:6:55

 info: data dependencies proved
--> mc_hex.ads:7:11
 info: overflow check proved (CVC5: 2 VC in max 0.0 seconds and 1 step)
--> mc_authorization.adb:14:27

 info: implicit aspect Always_Terminates on "Within_Scope" has been proved, subprogram will terminate
--> mc_authorization.ads:12:13

 info: data dependencies proved
--> mc_authorization.ads:14:11
 info: implicit aspect Always_Terminates on "Valid" has been proved, subprogram will terminate
--> mc_system_baseline.ads:21:13

 info: data dependencies proved
--> mc_system_baseline.ads:21:54

 info: implicit aspect Always_Terminates on "Assess" has been proved, subprogram will terminate
--> mc_system_baseline.ads:22:13

 info: data dependencies proved
--> mc_system_baseline.ads:22:77
 info: overflow check proved (CVC5: 2 VC in max 0.0 seconds and 1 step)
--> mc_checkpoint.adb:18:53

 info: length check proved (CVC5: 3 VC in max 0.0 seconds and 1 step)
--> mc_checkpoint.adb:32:19

 info: precondition proved (CVC5: 3 VC in max 0.0 seconds and 1 step)
--> mc_checkpoint.adb:35:15

 info: precondition proved (CVC5: 3 VC in max 0.0 seconds and 1 step)
--> mc_checkpoint.adb:35:59

 info: precondition proved (CVC5: 3 VC in max 0.0 seconds and 1 step)
--> mc_checkpoint.adb:36:15

 info: precondition proved (CVC5: 3 VC in max 0.0 seconds and 1 step)
--> mc_checkpoint.adb:36:60

 info: precondition proved (CVC5: 3 VC in max 0.0 seconds and 1 step)
--> mc_checkpoint.adb:37:15

 info: precondition proved (CVC5: 3 VC in max 0.0 seconds and 1 step)
--> mc_checkpoint.adb:37:61

 info: precondition proved (CVC5: 3 VC in max 0.0 seconds and 1 step)
--> mc_checkpoint.adb:38:15

 info: precondition proved (CVC5: 1 VC in max 0.0 seconds and 2046 steps)
--> mc_checkpoint.adb:39:32

 info: range check proved (CVC5: 4 VC in max 0.0 seconds and 1 step)
--> mc_checkpoint.adb:39:39

 info: initialization of "T" proved
--> mc_checkpoint.adb:42:07

 info: range check proved (CVC5: 4 VC in max 0.0 seconds and 1 step)
--> mc_checkpoint.adb:46:10

 info: index check proved (CVC5: 2 VC in max 0.0 seconds and 1 step)
--> mc_checkpoint.adb:46:39

 info: unrolling loop [info-unrolling-inlining]
--> mc_checkpoint.adb:47:21

 info: precondition proved (CVC5: 21 VC in max 0.0 seconds and 1 step)
--> mc_checkpoint.adb:48:21

 info: range check proved (CVC5: 4 VC in max 0.0 seconds and 1 step)
--> mc_checkpoint.adb:50:20

 info: range check proved (CVC5: 4 VC in max 0.0 seconds and 1 step)
--> mc_checkpoint.adb:50:46

 info: range check proved (CVC5: 4 VC in max 0.0 seconds and 1 step)
--> mc_checkpoint.adb:50:72

 info: range check proved (CVC5: 4 VC in max 0.0 seconds and 1 step)
--> mc_checkpoint.adb:51:21

 info: range check proved (CVC5: 4 VC in max 0.0 seconds and 1 step)
--> mc_checkpoint.adb:51:47

 info: range check proved (CVC5: 4 VC in max 0.0 seconds and 1 step)
--> mc_checkpoint.adb:51:75

 info: range check proved (CVC5: 4 VC in max 0.0 seconds and 1 step)
--> mc_checkpoint.adb:52:26

 info: precondition proved (CVC5: 3 VC in max 0.0 seconds and 1 step)
--> mc_checkpoint.adb:52:73

 info: range check proved (CVC5: 2 VC in max 0.0 seconds and 327 steps)
--> mc_checkpoint.adb:52:73

 info: precondition proved (CVC5: 3 VC in max 0.0 seconds and 17 steps)
--> mc_checkpoint.adb:53:45

 info: range check proved (CVC5: 2 VC in max 0.0 seconds and 362 steps)
--> mc_checkpoint.adb:53:45

 info: precondition proved (CVC5: 3 VC in max 0.0 seconds and 35 steps)
--> mc_checkpoint.adb:53:94

 info: range check proved (CVC5: 2 VC in max 0.0 seconds and 397 steps)
--> mc_checkpoint.adb:53:94

 info: precondition proved (CVC5: 3 VC in max 0.0 seconds and 54 steps)
--> mc_checkpoint.adb:54:42

 info: range check proved (CVC5: 2 VC in max 0.0 seconds and 433 steps)
--> mc_checkpoint.adb:54:42

 info: precondition proved (CVC5: 3 VC in max 0.0 seconds and 74 steps)
--> mc_checkpoint.adb:54:92

 info: range check proved (CVC5: 2 VC in max 0.0 seconds and 470 steps)
--> mc_checkpoint.adb:54:92

 info: precondition proved (CVC5: 3 VC in max 0.0 seconds and 94 steps)
--> mc_checkpoint.adb:55:45

 info: range check proved (CVC5: 2 VC in max 0.0 seconds and 507 steps)
--> mc_checkpoint.adb:55:45

 info: precondition proved (CVC5: 3 VC in max 0.0 seconds and 115 steps)
--> mc_checkpoint.adb:55:95

 info: range check proved (CVC5: 2 VC in max 0.0 seconds and 545 steps)
--> mc_checkpoint.adb:55:95

 info: index check proved (CVC5: 2 VC in max 0.0 seconds and 1 step)
--> mc_checkpoint.adb:56:25

 info: implicit aspect Always_Terminates on "Valid" has been proved, subprogram will terminate
--> mc_checkpoint.ads:13:13

 info: data dependencies proved
--> mc_checkpoint.ads:13:56

 info: implicit aspect Always_Terminates on "Follows" has been proved, subprogram will terminate
--> mc_checkpoint.ads:14:13

 info: data dependencies proved
--> mc_checkpoint.ads:15:11

 info: implicit aspect Always_Terminates on "Encode" has been proved, subprogram will terminate
--> mc_checkpoint.ads:16:13

 info: data dependencies proved
--> mc_checkpoint.ads:16:55

 info: initialization of "D" proved
--> mc_checkpoint.ads:17:33

 info: initialization of "Status" proved
--> mc_checkpoint.ads:17:53

 info: data dependencies proved
--> mc_checkpoint.ads:17:80
 info: overflow check proved (CVC5: 2 VC in max 0.0 seconds and 1 step)
--> mc_accounting.adb:10:93

 info: implicit aspect Always_Terminates on "Valid" has been proved, subprogram will terminate
--> mc_accounting.ads:21:13

 info: data dependencies proved
--> mc_accounting.ads:21:51

 info: implicit aspect Always_Terminates on "Chain_Extends" has been proved, subprogram will terminate
--> mc_accounting.ads:22:13

 info: data dependencies proved
--> mc_accounting.ads:22:114

 info: implicit aspect Always_Terminates on "Required_Remote_Preservation" has been proved, subprogram will terminate
--> mc_accounting.ads:23:13

 info: data dependencies proved
--> mc_accounting.ads:23:74
 info: cannot unroll loop (too many loop iterations) [info-unrolling-inlining]
--> mc_stop_barrier.adb:16:27

 info: cannot unroll loop (too many loop iterations) [info-unrolling-inlining]
--> mc_stop_barrier.adb:22:26

 info: index check proved (CVC5: 2 VC in max 0.0 seconds and 1 step)
--> mc_stop_barrier.adb:23:51

 info: index check proved (CVC5: 2 VC in max 0.0 seconds and 1 step)
--> mc_stop_barrier.adb:24:58

 info: index check proved (CVC5: 2 VC in max 0.0 seconds and 1 step)
--> mc_stop_barrier.adb:25:62

 info: index check proved (CVC5: 2 VC in max 0.0 seconds and 1 step)
--> mc_stop_barrier.adb:26:63

 info: cannot unroll loop (too many loop iterations) [info-unrolling-inlining]
--> mc_stop_barrier.adb:31:30

 info: cannot unroll loop (too many loop iterations) [info-unrolling-inlining]
--> mc_stop_barrier.adb:42:27

 info: precondition proved (CVC5: 1 VC in max 0.0 seconds and 1 step)
--> mc_stop_barrier.adb:61:65

 info: cannot unroll loop (too many loop iterations) [info-unrolling-inlining]
--> mc_stop_barrier.adb:68:27

 info: overflow check proved (CVC5: 2 VC in max 0.0 seconds and 1 step)
--> mc_stop_barrier.adb:71:42

 info: overflow check proved (CVC5: 2 VC in max 0.0 seconds and 1 step)
--> mc_stop_barrier.adb:72:24

 info: cannot unroll loop (too many loop iterations) [info-unrolling-inlining]
--> mc_stop_barrier.adb:105:27

 info: index check proved (CVC5: 1 VC in max 0.0 seconds and 1 step; Z3: 1 VC in max 0.0 seconds and 1 step)
--> mc_stop_barrier.adb:108:48

 info: index check proved (CVC5: 2 VC in max 0.0 seconds and 1 step)
--> mc_stop_barrier.adb:109:46

 info: index check proved (CVC5: 2 VC in max 0.0 seconds and 1 step)
--> mc_stop_barrier.adb:110:50

 info: index check proved (CVC5: 1 VC in max 0.0 seconds and 1 step; Z3: 1 VC in max 0.0 seconds and 1 step)
--> mc_stop_barrier.adb:112:44

 info: index check proved (CVC5: 2 VC in max 0.0 seconds and 1 step)
--> mc_stop_barrier.adb:113:21

 info: index check proved (CVC5: 1 VC in max 0.0 seconds and 1 step; Z3: 1 VC in max 0.0 seconds and 1 step)
--> mc_stop_barrier.adb:115:44

 info: index check proved (CVC5: 2 VC in max 0.0 seconds and 1 step)
--> mc_stop_barrier.adb:116:21

 info: index check proved (CVC5: 2 VC in max 0.0 seconds and 1 step)
--> mc_stop_barrier.adb:127:27

 info: index check proved (CVC5: 1 VC in max 0.0 seconds and 1 step; Z3: 1 VC in max 0.0 seconds and 1 step)
--> mc_stop_barrier.adb:130:27

 info: index check proved (CVC5: 1 VC in max 0.0 seconds and 1 step; Z3: 1 VC in max 0.0 seconds and 1 step)
--> mc_stop_barrier.adb:131:46

 info: index check proved (CVC5: 1 VC in max 0.0 seconds and 1 step; Z3: 1 VC in max 0.0 seconds and 1 step)
--> mc_stop_barrier.adb:132:27

 info: index check proved (CVC5: 2 VC in max 0.0 seconds and 1 step)
--> mc_stop_barrier.adb:137:57

 info: index check proved (CVC5: 1 VC in max 0.0 seconds and 1 step; Z3: 1 VC in max 0.0 seconds and 1 step)
--> mc_stop_barrier.adb:138:31

 info: index check proved (CVC5: 2 VC in max 0.0 seconds and 1 step)
--> mc_stop_barrier.adb:139:29

 info: index check proved (CVC5: 2 VC in max 0.0 seconds and 1 step)
--> mc_stop_barrier.adb:140:29

 info: index check proved (CVC5: 2 VC in max 0.0 seconds and 1 step)
--> mc_stop_barrier.adb:142:24

 info: index check proved (CVC5: 2 VC in max 0.0 seconds and 1 step)
--> mc_stop_barrier.adb:144:18

 info: index check proved (CVC5: 2 VC in max 0.0 seconds and 1 step)
--> mc_stop_barrier.adb:144:65

 info: index check proved (CVC5: 1 VC in max 0.0 seconds and 1 step; Z3: 1 VC in max 0.0 seconds and 1 step)
--> mc_stop_barrier.adb:145:18

 info: precondition proved (CVC5: 1 VC in max 0.0 seconds and 444 steps)
--> mc_stop_barrier.adb:145:39

 info: index check proved (CVC5: 2 VC in max 0.0 seconds and 1 step)
--> mc_stop_barrier.adb:145:70

 info: index check proved (CVC5: 2 VC in max 0.0 seconds and 1 step)
--> mc_stop_barrier.adb:146:18

 info: index check proved (CVC5: 2 VC in max 0.0 seconds and 1 step)
--> mc_stop_barrier.adb:147:43

 info: overflow check proved (CVC5: 2 VC in max 0.0 seconds and 412 steps)
--> mc_stop_barrier.adb:148:32

 info: overflow check proved (CVC5: 2 VC in max 0.0 seconds and 1 step)
--> mc_stop_barrier.adb:154:72

 info: initialization of "O" proved
--> mc_stop_barrier.adb:157:42

 info: length check proved (CVC5: 3 VC in max 0.0 seconds and 1 step)
--> mc_stop_barrier.adb:159:19

 info: precondition proved (CVC5: 3 VC in max 0.0 seconds and 1 step)
--> mc_stop_barrier.adb:162:15

 info: precondition proved (CVC5: 3 VC in max 0.0 seconds and 1 step)
--> mc_stop_barrier.adb:162:54

 info: precondition proved (CVC5: 3 VC in max 0.0 seconds and 1 step)
--> mc_stop_barrier.adb:163:15

 info: cannot unroll loop (too many loop iterations) [info-unrolling-inlining]
--> mc_stop_barrier.adb:164:27

 info: overflow check proved (CVC5: 2 VC in max 0.0 seconds and 1 step)
--> mc_stop_barrier.adb:165:19

 info: overflow check proved (CVC5: 2 VC in max 0.0 seconds and 1 step)
--> mc_stop_barrier.adb:165:26

 info: range check proved (CVC5: 4 VC in max 0.0 seconds and 1 step)
--> mc_stop_barrier.adb:166:10

 info: index check proved (CVC5: 2 VC in max 0.0 seconds and 1 step)
--> mc_stop_barrier.adb:166:13

 info: overflow check proved (CVC5: 2 VC in max 0.0 seconds and 1 step)
--> mc_stop_barrier.adb:166:17

 info: index check proved (CVC5: 2 VC in max 0.0 seconds and 1 step)
--> mc_stop_barrier.adb:166:17

 info: length check proved (CVC5: 3 VC in max 0.0 seconds and 1 step)
--> mc_stop_barrier.adb:166:22

 info: length check proved (CVC5: 3 VC in max 0.0 seconds and 1 step)
--> mc_stop_barrier.adb:166:38

 info: range check proved (CVC5: 4 VC in max 0.0 seconds and 1 step)
--> mc_stop_barrier.adb:166:48

 info: overflow check proved (CVC5: 2 VC in max 0.0 seconds and 1 step)
--> mc_stop_barrier.adb:166:52

 info: index check proved (CVC5: 2 VC in max 0.0 seconds and 1 step)
--> mc_stop_barrier.adb:166:52

 info: overflow check proved (CVC5: 2 VC in max 0.0 seconds and 1 step)
--> mc_stop_barrier.adb:166:58

 info: index check proved (CVC5: 2 VC in max 0.0 seconds and 1 step)
--> mc_stop_barrier.adb:166:58

 info: length check proved (CVC5: 3 VC in max 0.0 seconds and 1 step)
--> mc_stop_barrier.adb:166:63

 info: length check proved (CVC5: 3 VC in max 0.0 seconds and 1 step)
--> mc_stop_barrier.adb:166:79

 info: range check proved (CVC5: 4 VC in max 0.0 seconds and 1 step)
--> mc_stop_barrier.adb:167:10

 info: overflow check proved (CVC5: 2 VC in max 0.0 seconds and 1 step)
--> mc_stop_barrier.adb:167:14

 info: index check proved (CVC5: 2 VC in max 0.0 seconds and 1 step)
--> mc_stop_barrier.adb:167:14

 info: overflow check proved (CVC5: 2 VC in max 0.0 seconds and 1 step)
--> mc_stop_barrier.adb:167:20

 info: index check proved (CVC5: 2 VC in max 0.0 seconds and 1 step)
--> mc_stop_barrier.adb:167:20

 info: length check proved (CVC5: 3 VC in max 0.0 seconds and 1 step)
--> mc_stop_barrier.adb:167:25

 info: length check proved (CVC5: 3 VC in max 0.0 seconds and 1 step)
--> mc_stop_barrier.adb:167:41

 info: range check proved (CVC5: 4 VC in max 0.0 seconds and 1 step)
--> mc_stop_barrier.adb:167:51

 info: overflow check proved (CVC5: 2 VC in max 0.0 seconds and 1 step)
--> mc_stop_barrier.adb:167:55

 info: index check proved (CVC5: 2 VC in max 0.0 seconds and 1 step)
--> mc_stop_barrier.adb:167:55

 info: overflow check proved (CVC5: 2 VC in max 0.0 seconds and 1 step)
--> mc_stop_barrier.adb:167:61

 info: index check proved (CVC5: 2 VC in max 0.0 seconds and 1 step)
--> mc_stop_barrier.adb:167:61

 info: length check proved (CVC5: 3 VC in max 0.0 seconds and 1 step)
--> mc_stop_barrier.adb:167:66

 info: length check proved (CVC5: 3 VC in max 0.0 seconds and 1 step)
--> mc_stop_barrier.adb:167:82

 info: range check proved (CVC5: 4 VC in max 0.0 seconds and 1 step)
--> mc_stop_barrier.adb:168:10

 info: overflow check proved (CVC5: 2 VC in max 0.0 seconds and 1 step)
--> mc_stop_barrier.adb:168:14

 info: index check proved (CVC5: 2 VC in max 0.0 seconds and 1 step)
--> mc_stop_barrier.adb:168:14

 info: overflow check proved (CVC5: 2 VC in max 0.0 seconds and 1 step)
--> mc_stop_barrier.adb:168:20

 info: index check proved (CVC5: 2 VC in max 0.0 seconds and 1 step)
--> mc_stop_barrier.adb:168:20

 info: length check proved (CVC5: 3 VC in max 0.0 seconds and 1 step)
--> mc_stop_barrier.adb:168:26

 info: length check proved (CVC5: 3 VC in max 0.0 seconds and 1 step)
--> mc_stop_barrier.adb:168:42

 info: precondition proved (CVC5: 3 VC in max 0.0 seconds and 97 steps)
--> mc_stop_barrier.adb:169:18

 info: overflow check proved (CVC5: 2 VC in max 0.0 seconds and 1 step)
--> mc_stop_barrier.adb:169:29

 info: precondition proved (CVC5: 1 VC in max 0.0 seconds and 1244 steps)
--> mc_stop_barrier.adb:171:36

 info: range check proved (CVC5: 4 VC in max 0.0 seconds and 1 step)
--> mc_stop_barrier.adb:171:43

 info: initialization of "O" proved
--> mc_stop_barrier.adb:174:41

 info: length check proved (CVC5: 3 VC in max 0.0 seconds and 1 step)
--> mc_stop_barrier.adb:176:19

 info: precondition proved (CVC5: 3 VC in max 0.0 seconds and 1 step)
--> mc_stop_barrier.adb:178:15

 info: precondition proved (CVC5: 3 VC in max 0.0 seconds and 1 step)
--> mc_stop_barrier.adb:178:56

 info: cannot unroll loop (too many loop iterations) [info-unrolling-inlining]
--> mc_stop_barrier.adb:180:27

 info: overflow check proved (CVC5: 2 VC in max 0.0 seconds and 1 step)
--> mc_stop_barrier.adb:181:19

 info: overflow check proved (CVC5: 2 VC in max 0.0 seconds and 1 step)
--> mc_stop_barrier.adb:181:26

 info: index check proved (CVC5: 2 VC in max 0.0 seconds and 1 step)
--> mc_stop_barrier.adb:181:35

 info: precondition proved (CVC5: 3 VC in max 0.0 seconds and 1 step)
--> mc_stop_barrier.adb:182:18

 info: overflow check proved (CVC5: 2 VC in max 0.0 seconds and 1 step)
--> mc_stop_barrier.adb:182:29

 info: precondition proved (CVC5: 3 VC in max 0.0 seconds and 1 step)
--> mc_stop_barrier.adb:183:18

 info: overflow check proved (CVC5: 2 VC in max 0.0 seconds and 1 step)
--> mc_stop_barrier.adb:183:29

 info: precondition proved (CVC5: 3 VC in max 0.0 seconds and 1 step)
--> mc_stop_barrier.adb:184:18

 info: overflow check proved (CVC5: 2 VC in max 0.0 seconds and 1 step)
--> mc_stop_barrier.adb:184:29

 info: precondition proved (CVC5: 3 VC in max 0.0 seconds and 35 steps)
--> mc_stop_barrier.adb:185:18

 info: overflow check proved (CVC5: 2 VC in max 0.0 seconds and 1 step)
--> mc_stop_barrier.adb:185:29

 info: range check proved (CVC5: 4 VC in max 0.0 seconds and 1 step)
--> mc_stop_barrier.adb:186:10

 info: overflow check proved (CVC5: 2 VC in max 0.0 seconds and 1 step)
--> mc_stop_barrier.adb:186:14

 info: index check proved (CVC5: 2 VC in max 0.0 seconds and 1 step)
--> mc_stop_barrier.adb:186:14

 info: overflow check proved (CVC5: 2 VC in max 0.0 seconds and 1 step)
--> mc_stop_barrier.adb:186:20

 info: index check proved (CVC5: 2 VC in max 0.0 seconds and 1 step)
--> mc_stop_barrier.adb:186:20

 info: length check proved (CVC5: 3 VC in max 0.0 seconds and 1 step)
--> mc_stop_barrier.adb:186:25

 info: length check proved (CVC5: 3 VC in max 0.0 seconds and 1 step)
--> mc_stop_barrier.adb:186:41

 info: range check proved (CVC5: 4 VC in max 0.0 seconds and 1 step)
--> mc_stop_barrier.adb:186:49

 info: overflow check proved (CVC5: 2 VC in max 0.0 seconds and 1 step)
--> mc_stop_barrier.adb:186:53

 info: index check proved (CVC5: 2 VC in max 0.0 seconds and 1 step)
--> mc_stop_barrier.adb:186:53

 info: overflow check proved (CVC5: 2 VC in max 0.0 seconds and 1 step)
--> mc_stop_barrier.adb:186:59

 info: index check proved (CVC5: 2 VC in max 0.0 seconds and 1 step)
--> mc_stop_barrier.adb:186:59

 info: length check proved (CVC5: 3 VC in max 0.0 seconds and 1 step)
--> mc_stop_barrier.adb:186:65

 info: length check proved (CVC5: 3 VC in max 0.0 seconds and 1 step)
--> mc_stop_barrier.adb:186:81

 info: precondition proved (CVC5: 3 VC in max 0.0 seconds and 161 steps)
--> mc_stop_barrier.adb:187:18

 info: overflow check proved (CVC5: 2 VC in max 0.0 seconds and 1 step)
--> mc_stop_barrier.adb:187:29

 info: precondition proved (CVC5: 3 VC in max 0.0 seconds and 201 steps)
--> mc_stop_barrier.adb:188:18

 info: overflow check proved (CVC5: 2 VC in max 0.0 seconds and 1 step)
--> mc_stop_barrier.adb:188:29

 info: precondition proved (CVC5: 1 VC in max 0.0 seconds and 2396 steps)
--> mc_stop_barrier.adb:190:36

 info: range check proved (CVC5: 4 VC in max 0.0 seconds and 16 steps)
--> mc_stop_barrier.adb:190:43

 info: length check proved (CVC5: 3 VC in max 0.0 seconds and 1 step)
--> mc_stop_barrier.adb:195:19

 info: precondition proved (CVC5: 3 VC in max 0.0 seconds and 1 step)
--> mc_stop_barrier.adb:198:15

 info: precondition proved (CVC5: 3 VC in max 0.0 seconds and 1 step)
--> mc_stop_barrier.adb:198:63

 info: precondition proved (CVC5: 3 VC in max 0.0 seconds and 1 step)
--> mc_stop_barrier.adb:199:15

 info: precondition proved (CVC5: 3 VC in max 0.0 seconds and 1 step)
--> mc_stop_barrier.adb:199:65

 info: precondition proved (CVC5: 3 VC in max 0.0 seconds and 1 step)
--> mc_stop_barrier.adb:200:15

 info: precondition proved (CVC5: 3 VC in max 0.0 seconds and 1 step)
--> mc_stop_barrier.adb:201:15

 info: precondition proved (CVC5: 3 VC in max 0.0 seconds and 1 step)
--> mc_stop_barrier.adb:201:64

 info: precondition proved (CVC5: 3 VC in max 0.0 seconds and 1 step)
--> mc_stop_barrier.adb:202:15

 info: precondition proved (CVC5: 3 VC in max 0.0 seconds and 19 steps)
--> mc_stop_barrier.adb:202:58

 info: precondition proved (CVC5: 3 VC in max 0.0 seconds and 51 steps)
--> mc_stop_barrier.adb:203:15

 info: precondition proved (CVC5: 1 VC in max 0.0 seconds and 2873 steps)
--> mc_stop_barrier.adb:207:32

 info: range check proved (CVC5: 4 VC in max 0.0 seconds and 1 step)
--> mc_stop_barrier.adb:207:39

 info: initialization of "T" proved
--> mc_stop_barrier.adb:210:07

 info: initialization of "O" proved
--> mc_stop_barrier.adb:210:19

 info: range check proved (CVC5: 4 VC in max 0.0 seconds and 1 step)
--> mc_stop_barrier.adb:214:10

 info: index check proved (CVC5: 2 VC in max 0.0 seconds and 1 step)
--> mc_stop_barrier.adb:214:36

 info: unrolling loop [info-unrolling-inlining]
--> mc_stop_barrier.adb:215:21

 info: precondition proved (CVC5: 9 VC in max 0.0 seconds and 1 step)
--> mc_stop_barrier.adb:215:37

 info: range check proved (CVC5: 4 VC in max 0.0 seconds and 1 step)
--> mc_stop_barrier.adb:216:23

 info: range check proved (CVC5: 3 VC in max 0.0 seconds and 1 step; Z3: 1 VC in max 0.0 seconds and 1 step)
--> mc_stop_barrier.adb:216:50

 info: range check proved (CVC5: 3 VC in max 0.0 seconds and 1 step; Z3: 1 VC in max 0.0 seconds and 1 step)
--> mc_stop_barrier.adb:216:81

 info: range check proved (CVC5: 4 VC in max 0.0 seconds and 1 step)
--> mc_stop_barrier.adb:217:21

 info: range check proved (CVC5: 4 VC in max 0.0 seconds and 1 step)
--> mc_stop_barrier.adb:217:50

 info: range check proved (CVC5: 4 VC in max 0.0 seconds and 1 step)
--> mc_stop_barrier.adb:217:78

 info: range check proved (CVC5: 4 VC in max 0.0 seconds and 1 step)
--> mc_stop_barrier.adb:218:24

 info: precondition proved (CVC5: 3 VC in max 0.0 seconds and 1 step)
--> mc_stop_barrier.adb:218:66

 info: range check proved (CVC5: 2 VC in max 0.0 seconds and 193 steps)
--> mc_stop_barrier.adb:218:66

 info: precondition proved (CVC5: 3 VC in max 0.0 seconds and 1 step)
--> mc_stop_barrier.adb:219:44

 info: range check proved (CVC5: 2 VC in max 0.0 seconds and 224 steps)
--> mc_stop_barrier.adb:219:44

 info: precondition proved (CVC5: 3 VC in max 0.0 seconds and 2 steps)
--> mc_stop_barrier.adb:219:93

 info: range check proved (CVC5: 2 VC in max 0.0 seconds and 256 steps)
--> mc_stop_barrier.adb:219:93

 info: range check proved (CVC5: 2 VC in max 0.0 seconds and 281 steps)
--> mc_stop_barrier.adb:220:18

 info: index check proved (CVC5: 2 VC in max 0.0 seconds and 1 step)
--> mc_stop_barrier.adb:220:30

 info: cannot unroll loop (too many loop iterations) [info-unrolling-inlining]
--> mc_stop_barrier.adb:221:27

 info: overflow check proved (CVC5: 2 VC in max 0.0 seconds and 281 steps)
--> mc_stop_barrier.adb:222:18

 info: overflow check proved (CVC5: 2 VC in max 0.0 seconds and 275 steps)
--> mc_stop_barrier.adb:222:24

 info: range check proved (CVC5: 4 VC in max 0.0 seconds and 298 steps)
--> mc_stop_barrier.adb:222:55

 info: length check proved (CVC5: 3 VC in max 0.0 seconds and 1 step)
--> mc_stop_barrier.adb:222:55

 info: overflow check proved (CVC5: 2 VC in max 0.0 seconds and 1 step)
--> mc_stop_barrier.adb:222:62

 info: range check proved (CVC5: 4 VC in max 0.0 seconds and 204 steps)
--> mc_stop_barrier.adb:223:39

 info: length check proved (CVC5: 3 VC in max 0.0 seconds and 1 step)
--> mc_stop_barrier.adb:223:39

 info: overflow check proved (CVC5: 2 VC in max 0.0 seconds and 1 step)
--> mc_stop_barrier.adb:223:43

 info: overflow check proved (CVC5: 2 VC in max 0.0 seconds and 1 step)
--> mc_stop_barrier.adb:223:49

 info: range check proved (CVC5: 4 VC in max 0.0 seconds and 225 steps)
--> mc_stop_barrier.adb:223:80

 info: length check proved (CVC5: 3 VC in max 0.0 seconds and 1 step)
--> mc_stop_barrier.adb:223:80

 info: overflow check proved (CVC5: 2 VC in max 0.0 seconds and 1 step)
--> mc_stop_barrier.adb:223:84

 info: overflow check proved (CVC5: 2 VC in max 0.0 seconds and 1 step)
--> mc_stop_barrier.adb:223:90

 info: range check proved (CVC5: 4 VC in max 0.0 seconds and 246 steps)
--> mc_stop_barrier.adb:224:36

 info: length check proved (CVC5: 3 VC in max 0.0 seconds and 1 step)
--> mc_stop_barrier.adb:224:36

 info: overflow check proved (CVC5: 2 VC in max 0.0 seconds and 1 step)
--> mc_stop_barrier.adb:224:40

 info: overflow check proved (CVC5: 2 VC in max 0.0 seconds and 1 step)
--> mc_stop_barrier.adb:224:46

 info: range check proved (CVC5: 4 VC in max 0.0 seconds and 269 steps)
--> mc_stop_barrier.adb:224:79

 info: length check proved (CVC5: 3 VC in max 0.0 seconds and 1 step)
--> mc_stop_barrier.adb:224:79

 info: overflow check proved (CVC5: 2 VC in max 0.0 seconds and 1 step)
--> mc_stop_barrier.adb:224:83

 info: overflow check proved (CVC5: 2 VC in max 0.0 seconds and 1 step)
--> mc_stop_barrier.adb:224:89

 info: precondition proved (CVC5: 3 VC in max 0.0 seconds and 289 steps)
--> mc_stop_barrier.adb:225:60

 info: overflow check proved (CVC5: 2 VC in max 0.0 seconds and 1 step)
--> mc_stop_barrier.adb:225:69

 info: initialization of "T" proved
--> mc_stop_barrier.adb:230:07

 info: initialization of "O" proved
--> mc_stop_barrier.adb:230:18

 info: range check proved (Z3: 4 VC in max 0.0 seconds and 1 step)
--> mc_stop_barrier.adb:234:10

 info: index check proved (Z3: 2 VC in max 0.0 seconds and 1 step)
--> mc_stop_barrier.adb:234:36

 info: index check proved (Z3: 2 VC in max 0.0 seconds and 1 step)
--> mc_stop_barrier.adb:234:56

 info: precondition proved (Z3: 3 VC in max 0.0 seconds and 1 step)
--> mc_stop_barrier.adb:235:25

 info: precondition proved (Z3: 3 VC in max 0.0 seconds and 1 step)
--> mc_stop_barrier.adb:236:25

 info: range check proved (Z3: 4 VC in max 0.0 seconds and 1 step)
--> mc_stop_barrier.adb:237:24

 info: range check proved (Z3: 4 VC in max 0.0 seconds and 1 step)
--> mc_stop_barrier.adb:237:51

 info: range check proved (Z3: 4 VC in max 0.0 seconds and 1 step)
--> mc_stop_barrier.adb:237:79

 info: range check proved (Z3: 4 VC in max 0.0 seconds and 1 step)
--> mc_stop_barrier.adb:238:26

 info: precondition proved (Z3: 3 VC in max 0.0 seconds and 1 step)
--> mc_stop_barrier.adb:238:69

 info: range check proved (Z3: 1 VC in max 0.0 seconds and 1 step; altergo: 1 VC in max 0.0 seconds and 205 steps)
--> mc_stop_barrier.adb:238:69

 info: precondition proved (Z3: 3 VC in max 0.0 seconds and 1 step)
--> mc_stop_barrier.adb:239:38

 info: range check proved (Z3: 2 VC in max 0.0 seconds and 1 step)
--> mc_stop_barrier.adb:239:38

 info: range check proved (Z3: 2 VC in max 0.0 seconds and 1 step)
--> mc_stop_barrier.adb:239:76

 info: index check proved (Z3: 2 VC in max 0.0 seconds and 1 step)
--> mc_stop_barrier.adb:239:79

 info: range check proved (Z3: 2 VC in max 0.0 seconds and 1 step)
--> mc_stop_barrier.adb:240:18

 info: index check proved (Z3: 2 VC in max 0.0 seconds and 1 step)
--> mc_stop_barrier.adb:240:30

 info: cannot unroll loop (too many loop iterations) [info-unrolling-inlining]
--> mc_stop_barrier.adb:241:27

 info: overflow check proved (Z3: 2 VC in max 0.0 seconds and 1 step)
--> mc_stop_barrier.adb:242:18

 info: overflow check proved (Z3: 2 VC in max 0.0 seconds and 1 step)
--> mc_stop_barrier.adb:242:24

 info: index check proved (Z3: 2 VC in max 0.0 seconds and 1 step)
--> mc_stop_barrier.adb:242:36

 info: unrolling loop [info-unrolling-inlining]
--> mc_stop_barrier.adb:243:24

 info: precondition proved (Z3: 12 VC in max 0.0 seconds and 1 step)
--> mc_stop_barrier.adb:243:40

 info: overflow check proved (Z3: 8 VC in max 0.0 seconds and 1 step)
--> mc_stop_barrier.adb:243:49

 info: precondition proved (Z3: 3 VC in max 0.0 seconds and 1 step)
--> mc_stop_barrier.adb:244:21

 info: overflow check proved (Z3: 2 VC in max 0.0 seconds and 1 step)
--> mc_stop_barrier.adb:244:30

 info: range check proved (Z3: 2 VC in max 0.0 seconds and 1 step)
--> mc_stop_barrier.adb:245:58

 info: index check proved (Z3: 2 VC in max 0.0 seconds and 1 step)
--> mc_stop_barrier.adb:245:61

 info: precondition proved (Z3: 3 VC in max 0.0 seconds and 1 step)
--> mc_stop_barrier.adb:246:58

 info: range check proved (CVC5: 2 VC in max 0.2 seconds and 617 steps)
--> mc_stop_barrier.adb:246:58

 info: overflow check proved (Z3: 2 VC in max 0.0 seconds and 1 step)
--> mc_stop_barrier.adb:246:67

 info: precondition proved (Z3: 3 VC in max 0.0 seconds and 1 step)
--> mc_stop_barrier.adb:247:59

 info: range check proved (Z3: 2 VC in max 0.1 seconds and 126 steps)
--> mc_stop_barrier.adb:247:59

 info: overflow check proved (Z3: 2 VC in max 0.0 seconds and 1 step)
--> mc_stop_barrier.adb:247:68

 info: precondition proved (Z3: 3 VC in max 0.0 seconds and 1 step)
--> mc_stop_barrier.adb:248:53

 info: range check proved (CVC5: 1 VC in max 0.1 seconds and 237 steps; Z3: 1 VC in max 0.2 seconds and 176 steps)
--> mc_stop_barrier.adb:248:53

 info: overflow check proved (Z3: 2 VC in max 0.0 seconds and 1 step)
--> mc_stop_barrier.adb:248:62

 info: precondition proved (Z3: 3 VC in max 0.0 seconds and 1 step)
--> mc_stop_barrier.adb:249:52

 info: range check proved (CVC5: 1 VC in max 0.2 seconds and 736 steps; Z3: 1 VC in max 0.1 seconds and 1 step)
--> mc_stop_barrier.adb:249:52

 info: overflow check proved (Z3: 2 VC in max 0.0 seconds and 1 step)
--> mc_stop_barrier.adb:249:61

 info: range check proved (Z3: 4 VC in max 0.0 seconds and 1 step)
--> mc_stop_barrier.adb:250:33

 info: length check proved (Z3: 3 VC in max 0.0 seconds and 1 step)
--> mc_stop_barrier.adb:250:33

 info: overflow check proved (Z3: 2 VC in max 0.0 seconds and 1 step)
--> mc_stop_barrier.adb:250:37

 info: overflow check proved (Z3: 2 VC in max 0.0 seconds and 1 step)
--> mc_stop_barrier.adb:250:43

 info: range check proved (Z3: 4 VC in max 0.0 seconds and 1 step)
--> mc_stop_barrier.adb:250:77

 info: length check proved (Z3: 3 VC in max 0.0 seconds and 1 step)
--> mc_stop_barrier.adb:250:77

 info: overflow check proved (Z3: 2 VC in max 0.0 seconds and 1 step)
--> mc_stop_barrier.adb:250:81

 info: overflow check proved (Z3: 2 VC in max 0.0 seconds and 1 step)
--> mc_stop_barrier.adb:250:87

 info: precondition proved (Z3: 3 VC in max 0.0 seconds and 1 step)
--> mc_stop_barrier.adb:251:54

 info: range check proved (CVC5: 1 VC in max 0.2 seconds and 854 steps; Z3: 1 VC in max 0.1 seconds and 1 step)
--> mc_stop_barrier.adb:251:54

 info: overflow check proved (Z3: 2 VC in max 0.0 seconds and 1 step)
--> mc_stop_barrier.adb:251:63

 info: precondition proved (Z3: 3 VC in max 0.0 seconds and 1 step)
--> mc_stop_barrier.adb:252:51

 info: overflow check proved (Z3: 2 VC in max 0.0 seconds and 1 step)
--> mc_stop_barrier.adb:252:60

 info: initialization of "T" proved
--> mc_stop_barrier.adb:257:07

 info: range check proved (Z3: 4 VC in max 0.0 seconds and 1 step)
--> mc_stop_barrier.adb:261:10

 info: index check proved (Z3: 2 VC in max 0.0 seconds and 1 step)
--> mc_stop_barrier.adb:261:36

 info: index check proved (Z3: 2 VC in max 0.0 seconds and 1 step)
--> mc_stop_barrier.adb:261:56

 info: index check proved (Z3: 2 VC in max 0.0 seconds and 1 step)
--> mc_stop_barrier.adb:262:20

 info: index check proved (Z3: 2 VC in max 0.0 seconds and 1 step)
--> mc_stop_barrier.adb:262:40

 info: index check proved (Z3: 2 VC in max 0.0 seconds and 1 step)
--> mc_stop_barrier.adb:262:60

 info: unrolling loop [info-unrolling-inlining]
--> mc_stop_barrier.adb:263:21

 info: precondition proved (Z3: 27 VC in max 0.0 seconds and 1 step)
--> mc_stop_barrier.adb:263:37

 info: range check proved (Z3: 4 VC in max 0.0 seconds and 1 step)
--> mc_stop_barrier.adb:264:24

 info: range check proved (Z3: 4 VC in max 0.0 seconds and 1 step)
--> mc_stop_barrier.adb:264:56

 info: range check proved (Z3: 4 VC in max 0.0 seconds and 1 step)
--> mc_stop_barrier.adb:264:84

 info: range check proved (Z3: 4 VC in max 0.0 seconds and 1 step)
--> mc_stop_barrier.adb:265:20

 info: range check proved (Z3: 4 VC in max 0.0 seconds and 1 step)
--> mc_stop_barrier.adb:265:51

 info: range check proved (Z3: 4 VC in max 0.0 seconds and 1 step)
--> mc_stop_barrier.adb:265:83

 info: range check proved (Z3: 4 VC in max 0.0 seconds and 1 step)
--> mc_stop_barrier.adb:266:26

 info: precondition proved (Z3: 3 VC in max 0.0 seconds and 1 step)
--> mc_stop_barrier.adb:266:77

 info: range check proved (Z3: 2 VC in max 0.0 seconds and 1 step)
--> mc_stop_barrier.adb:266:77

 info: precondition proved (Z3: 3 VC in max 0.0 seconds and 1 step)
--> mc_stop_barrier.adb:267:47

 info: range check proved (CVC5: 1 VC in max 0.0 seconds and 181 steps; Z3: 1 VC in max 0.0 seconds and 1 step)
--> mc_stop_barrier.adb:267:47

 info: precondition proved (Z3: 3 VC in max 0.0 seconds and 1 step)
--> mc_stop_barrier.adb:267:101

 info: range check proved (CVC5: 1 VC in max 0.0 seconds and 204 steps; altergo: 1 VC in max 0.1 seconds and 314 steps)
--> mc_stop_barrier.adb:267:101

 info: precondition proved (Z3: 3 VC in max 0.0 seconds and 1 step)
--> mc_stop_barrier.adb:268:35

 info: range check proved (CVC5: 1 VC in max 0.0 seconds and 229 steps; altergo: 1 VC in max 0.1 seconds and 332 steps)
--> mc_stop_barrier.adb:268:35

 info: precondition proved (Z3: 3 VC in max 0.0 seconds and 1 step)
--> mc_stop_barrier.adb:268:95

 info: range check proved (CVC5: 1 VC in max 0.0 seconds and 254 steps; altergo: 1 VC in max 0.1 seconds and 352 steps)
--> mc_stop_barrier.adb:268:95

 info: precondition proved (Z3: 3 VC in max 0.0 seconds and 1 step)
--> mc_stop_barrier.adb:269:45

 info: range check proved (CVC5: 2 VC in max 0.1 seconds and 767 steps)
--> mc_stop_barrier.adb:269:45

 info: precondition proved (Z3: 3 VC in max 0.0 seconds and 1 step)
--> mc_stop_barrier.adb:269:97

 info: range check proved (CVC5: 1 VC in max 0.0 seconds and 305 steps; altergo: 1 VC in max 0.1 seconds and 392 steps)
--> mc_stop_barrier.adb:269:97

 info: precondition proved (Z3: 3 VC in max 0.0 seconds and 1 step)
--> mc_stop_barrier.adb:270:39

 info: range check proved (CVC5: 2 VC in max 0.1 seconds and 852 steps)
--> mc_stop_barrier.adb:270:39

 info: precondition proved (Z3: 3 VC in max 0.0 seconds and 1 step)
--> mc_stop_barrier.adb:270:92

 info: range check proved (CVC5: 1 VC in max 0.1 seconds and 359 steps; altergo: 1 VC in max 0.1 seconds and 436 steps)
--> mc_stop_barrier.adb:270:92

 info: precondition proved (Z3: 3 VC in max 0.0 seconds and 1 step)
--> mc_stop_barrier.adb:271:36

 info: range check proved (Z3: 2 VC in max 0.0 seconds and 1 step)
--> mc_stop_barrier.adb:271:74

 info: index check proved (Z3: 2 VC in max 0.0 seconds and 1 step)
--> mc_stop_barrier.adb:271:77

 info: range check proved (Z3: 2 VC in max 0.0 seconds and 1 step)
--> mc_stop_barrier.adb:272:32

 info: index check proved (Z3: 2 VC in max 0.0 seconds and 1 step)
--> mc_stop_barrier.adb:272:35

 info: index check proved (Z3: 2 VC in max 0.0 seconds and 1 step)
--> mc_stop_barrier.adb:272:69

 info: index check proved (Z3: 2 VC in max 0.0 seconds and 1 step)
--> mc_stop_barrier.adb:273:28

 info: index check proved (Z3: 2 VC in max 0.0 seconds and 1 step)
--> mc_stop_barrier.adb:273:65

 info: implicit aspect Always_Terminates on "Valid" has been proved, subprogram will terminate
--> mc_stop_barrier.ads:54:13

 info: data dependencies proved
--> mc_stop_barrier.ads:54:52

 info: implicit aspect Always_Terminates on "Valid" has been proved, subprogram will terminate
--> mc_stop_barrier.ads:55:13

 info: data dependencies proved
--> mc_stop_barrier.ads:55:51

 info: implicit aspect Always_Terminates on "Fingerprint" has been proved, subprogram will terminate
--> mc_stop_barrier.ads:56:13

 info: data dependencies proved
--> mc_stop_barrier.ads:56:57

 info: implicit aspect Always_Terminates on "Ready" has been proved, subprogram will terminate
--> mc_stop_barrier.ads:57:13

 info: data dependencies proved
--> mc_stop_barrier.ads:57:78

 info: implicit aspect Always_Terminates on "Usable" has been proved, subprogram will terminate
--> mc_stop_barrier.ads:58:13

 info: data dependencies proved
--> mc_stop_barrier.ads:58:79

 info: initialization of "S" proved
--> mc_stop_barrier.ads:59:38

 info: initialization of "Status" proved
--> mc_stop_barrier.ads:59:53

 info: data dependencies proved
--> mc_stop_barrier.ads:59:80

 info: initialization of "Status" proved
--> mc_stop_barrier.ads:61:52

 info: data dependencies proved
--> mc_stop_barrier.ads:62:12

 medium: postcondition might fail, cannot prove Valid (S)
--> mc_stop_barrier.ads:63:39
   63 |            and then (if Status = OK then Valid (S) and then S.Revision = S'Old.Revision + 1);
      |                                          ^~~~~~~~
      + possible fix: you should consider adding a postcondition to function "Valid" or turning it into an expression function
      + provers reached time limit before completing the proof

 info: overflow check proved (CVC5: 2 VC in max 0.0 seconds and 271 steps)
--> mc_stop_barrier.ads:63:86

 info: initialization of "Status" proved
--> mc_stop_barrier.ads:64:65

 info: data dependencies proved
--> mc_stop_barrier.ads:65:12

 medium: postcondition might fail, cannot prove Ready (P,S,Now)
--> mc_stop_barrier.ads:66:67
   66 |            and then (if Status = OK then S.Current = Sealed and then Usable (P,S,Now));
      |                                                                      ^~~~~~~~~~~~~~~
      + in inlined expression function body at mc_stop_barrier.adb:80
      + provers reached time limit before completing the proof

 info: implicit aspect Always_Terminates on "Encode" has been proved, subprogram will terminate
--> mc_stop_barrier.ads:67:13

 info: data dependencies proved
--> mc_stop_barrier.ads:67:58

 info: implicit aspect Always_Terminates on "Encode" has been proved, subprogram will terminate
--> mc_stop_barrier.ads:68:13

 info: data dependencies proved
--> mc_stop_barrier.ads:68:56

 info: implicit aspect Always_Terminates on "Encode" has been proved, subprogram will terminate
--> mc_stop_barrier.ads:69:13

 info: data dependencies proved
--> mc_stop_barrier.ads:69:62

 info: initialization of "P" proved
--> mc_stop_barrier.ads:70:33

 info: initialization of "Status" proved
--> mc_stop_barrier.ads:70:49

 info: data dependencies proved
--> mc_stop_barrier.ads:70:76

 info: initialization of "S" proved
--> mc_stop_barrier.ads:71:33

 info: initialization of "Status" proved
--> mc_stop_barrier.ads:71:48

 info: data dependencies proved
--> mc_stop_barrier.ads:71:75

 info: initialization of "E" proved
--> mc_stop_barrier.ads:72:33

 info: initialization of "Status" proved
--> mc_stop_barrier.ads:72:51

 info: data dependencies proved
--> mc_stop_barrier.ads:72:78
 info: initialization of "D" proved
--> mc_numbers.adb:4:07

 info: index check proved (Z3: 2 VC in max 0.0 seconds and 1 step)
--> mc_numbers.adb:7:33

 info: cannot unroll loop (too many loop iterations) [info-unrolling-inlining]
--> mc_numbers.adb:8:18

 info: range check proved (Z3: 2 VC in max 0.0 seconds and 1 step)
--> mc_numbers.adb:9:71

 info: overflow check proved (Z3: 2 VC in max 0.0 seconds and 1 step)
--> mc_numbers.adb:10:28

 info: division check proved (Z3: 1 VC in max 0.0 seconds and 1 step)
--> mc_numbers.adb:10:31

 info: overflow check proved (Z3: 2 VC in max 0.0 seconds and 1 step)
--> mc_numbers.adb:10:60

 info: overflow check proved (Z3: 2 VC in max 0.0 seconds and 1 step)
--> mc_numbers.adb:10:63

 info: range check proved (Z3: 4 VC in max 0.0 seconds and 1 step)
--> mc_numbers.adb:15:17

 info: overflow check proved (Z3: 2 VC in max 0.0 seconds and 1 step)
--> mc_numbers.adb:15:26

 info: initialization of "N" proved
--> mc_numbers.ads:4:32

 info: initialization of "Status" proved
--> mc_numbers.ads:4:49

 info: data dependencies proved
--> mc_numbers.ads:4:76

 info: implicit aspect Always_Terminates on "Image" has been proved, subprogram will terminate
--> mc_numbers.ads:5:13

 info: data dependencies proved
--> mc_numbers.ads:5:51
 info: precondition proved (Z3: 4 VC in max 0.0 seconds and 1 step)
--> mc_protocol.adb:9:15

 info: precondition proved (Z3: 4 VC in max 0.0 seconds and 1 step)
--> mc_protocol.adb:10:15

 info: range check proved (Z3: 1 VC in max 0.0 seconds and 1 step)
--> mc_protocol.adb:11:52

 info: precondition proved (Z3: 4 VC in max 0.0 seconds and 1 step)
--> mc_protocol.adb:12:15

 info: precondition proved (Z3: 3 VC in max 0.0 seconds and 1 step)
--> mc_protocol.adb:13:15

 info: precondition proved (Z3: 3 VC in max 0.0 seconds and 1 step)
--> mc_protocol.adb:18:15

 info: precondition proved (Z3: 3 VC in max 0.0 seconds and 1 step)
--> mc_protocol.adb:19:15

 info: precondition proved (Z3: 3 VC in max 0.0 seconds and 1 step)
--> mc_protocol.adb:20:15

 info: precondition proved (Z3: 3 VC in max 0.0 seconds and 1 step)
--> mc_protocol.adb:21:15

 info: initialization of "B" proved
--> mc_protocol.adb:27:07

 info: length check proved (Z3: 3 VC in max 0.0 seconds and 1 step)
--> mc_protocol.adb:32:12

 info: range check proved (Z3: 4 VC in max 0.0 seconds and 1 step)
--> mc_protocol.adb:33:10

 info: precondition proved (Z3: 3 VC in max 0.0 seconds and 1 step)
--> mc_protocol.adb:34:45

 info: precondition proved (Z3: 3 VC in max 0.0 seconds and 1 step)
--> mc_protocol.adb:36:18

 info: precondition proved (Z3: 3 VC in max 0.0 seconds and 1 step)
--> mc_protocol.adb:36:55

 info: precondition proved (Z3: 3 VC in max 0.0 seconds and 1 step)
--> mc_protocol.adb:40:25

 info: unrolling loop [info-unrolling-inlining]
--> mc_protocol.adb:42:23

 info: precondition proved (Z3: 12 VC in max 0.0 seconds and 1 step)
--> mc_protocol.adb:43:21

 info: range check proved (Z3: 2 VC in max 0.0 seconds and 1 step)
--> mc_protocol.adb:45:55

 info: range check proved (Z3: 2 VC in max 0.0 seconds and 1 step)
--> mc_protocol.adb:46:28

 info: precondition proved (Z3: 3 VC in max 0.0 seconds and 1 step)
--> mc_protocol.adb:46:45

 info: range check proved (Z3: 2 VC in max 0.0 seconds and 1 step)
--> mc_protocol.adb:46:45

 info: range check proved (Z3: 4 VC in max 0.0 seconds and 1 step)
--> mc_protocol.adb:47:27

 info: range check proved (Z3: 4 VC in max 0.0 seconds and 1 step)
--> mc_protocol.adb:48:27

 info: range check proved (Z3: 4 VC in max 0.0 seconds and 1 step)
--> mc_protocol.adb:49:24

 info: range check proved (Z3: 4 VC in max 0.0 seconds and 1 step)
--> mc_protocol.adb:50:28

 info: precondition proved (Z3: 3 VC in max 0.0 seconds and 1 step)
--> mc_protocol.adb:51:50

 info: range check proved (Z3: 1 VC in max 0.0 seconds and 1 step; altergo: 1 VC in max 0.0 seconds and 238 steps)
--> mc_protocol.adb:51:50

 info: precondition proved (Z3: 3 VC in max 0.0 seconds and 1 step)
--> mc_protocol.adb:52:45

 info: range check proved (CVC5: 1 VC in max 0.0 seconds and 1 step; altergo: 1 VC in max 0.0 seconds and 255 steps)
--> mc_protocol.adb:52:45

 info: precondition proved (Z3: 3 VC in max 0.0 seconds and 1 step)
--> mc_protocol.adb:53:49

 info: range check proved (CVC5: 1 VC in max 0.0 seconds and 1 step; altergo: 1 VC in max 0.0 seconds and 273 steps)
--> mc_protocol.adb:53:49

 info: precondition proved (Z3: 3 VC in max 0.0 seconds and 1 step)
--> mc_protocol.adb:54:42

 info: range check proved (CVC5: 2 VC in max 0.1 seconds and 290 steps)
--> mc_protocol.adb:54:42

 info: range check proved (Z3: 4 VC in max 0.0 seconds and 1 step)
--> mc_protocol.adb:55:24

 info: range check proved (Z3: 4 VC in max 0.0 seconds and 1 step)
--> mc_protocol.adb:56:28

 info: implicit aspect Always_Terminates on "Encode" has been proved, subprogram will terminate
--> mc_protocol.ads:30:13

 info: data dependencies proved
--> mc_protocol.ads:30:62

 info: initialization of "Value" proved
--> mc_protocol.ads:31:36

 info: initialization of "Status" proved
--> mc_protocol.ads:31:56

 info: data dependencies proved
--> mc_protocol.ads:32:11

 info: postcondition proved (Trivial: 1 VC in max 0.0 seconds and 2 steps; Z3: 2 VC in max 0.0 seconds and 1 step)
--> mc_protocol.ads:33:16

 info: implicit aspect Always_Terminates on "Valid_Identity" has been proved, subprogram will terminate
--> mc_protocol.ads:35:13

 info: data dependencies proved
--> mc_protocol.ads:35:65
 info: implicit aspect Always_Terminates on "Ready" has been proved, subprogram will terminate
--> mc_platform_profile.ads:18:13

 info: data dependencies proved
--> mc_platform_profile.ads:18:70
 medium: range check might fail, cannot prove lower bound for Data'First
--> mc_properties.adb:5:29
    5 |          Start : Positive:=Data'First; Split : Natural:=0; Field_Status : Outcome;
      |                            ~~~~^~~~~~
      + reason for check: default component value must fit in the type
      + provers reached time limit before completing the proof

 info: initialization of "Field_Status" proved
--> mc_properties.adb:5:57

 info: cannot unroll loop (too many loop iterations) [info-unrolling-inlining]
--> mc_properties.adb:9:27

 info: range check proved (Z3: 2 VC in max 0.0 seconds and 1 step)
--> mc_properties.adb:10:53

 medium: overflow check might fail, cannot prove upper bound for Split+1
--> mc_properties.adb:12:59
   12 |                if Split=0 or else Split=Start or else I=Split+1 or else I-Start>4_159 or else D.Count=Maximum then return; end if;
      |                                                         ~~~~~^~
      + reason for check: result of addition must fit in a 32-bits machine integer
      + possible fix: loop at line 9 should mention Split in a loop invariant
    9 |          for I in Data'Range loop
      |                              ^
      + provers reached time limit before completing the proof

 info: overflow check proved (Z3: 2 VC in max 0.0 seconds and 1 step)
--> mc_properties.adb:12:71

 medium: range check might fail, cannot prove lower bound for Split-Start
--> mc_properties.adb:14:54
   14 |                   Key_Length : constant Natural := Split-Start;
      |                                                    ~~~~~^~~~~~
      + reason for check: default component value must fit in the type
      + possible fix: loop at line 9 should mention Split and Start in a loop invariant
    9 |          for I in Data'Range loop
      |                              ^
      + provers reached time limit before completing the proof

 info: overflow check proved (Z3: 2 VC in max 0.0 seconds and 1 step)
--> mc_properties.adb:15:52

 info: overflow check proved (Z3: 2 VC in max 0.0 seconds and 1 step)
--> mc_properties.adb:15:58

 medium: range check might fail, cannot prove lower bound for I-Split-1
--> mc_properties.adb:15:58
   15 |                   Value_Length : constant Natural := I-Split-1;
      |                                                      ~~~~~~~^~
      + reason for check: default component value must fit in the type
      + possible fix: loop at line 9 should mention Split in a loop invariant
    9 |          for I in Data'Range loop
      |                              ^
      + provers reached time limit before completing the proof

 info: initialization of "Key" proved
--> mc_properties.adb:16:16

 info: range check proved (Z3: 2 VC in max 0.0 seconds and 1 step)
--> mc_properties.adb:16:16

 info: initialization of "Value" proved
--> mc_properties.adb:16:45

 info: range check proved (Z3: 2 VC in max 0.0 seconds and 1 step)
--> mc_properties.adb:16:45

 info: cannot unroll loop (too many loop iterations) [info-unrolling-inlining]
--> mc_properties.adb:18:35

 info: overflow check proved (Z3: 2 VC in max 0.0 seconds and 1 step)
--> mc_properties.adb:18:72

 medium: array index check might fail
--> mc_properties.adb:18:74
   18 |                   for J in Key'Range loop Key(J):=Character'Val(Data(Start+J-1)); end loop;
      |                                                                      ~~~~~~~^~
      + reason for check: result of subtraction must be a valid index into the array
      + possible fix: loop at line 9 should mention Start in a loop invariant
    9 |          for I in Data'Range loop
      |                              ^
      + provers reached time limit before completing the proof

 info: cannot unroll loop (too many loop iterations) [info-unrolling-inlining]
--> mc_properties.adb:19:37

 info: overflow check proved (Z3: 2 VC in max 0.0 seconds and 1 step)
--> mc_properties.adb:19:76

 info: index check proved (Z3: 2 VC in max 0.0 seconds and 1 step)
--> mc_properties.adb:19:76

 info: cannot unroll loop (too many loop iterations) [info-unrolling-inlining]
--> mc_properties.adb:21:36

 info: range check proved (Z3: 2 VC in max 0.0 seconds and 1 step)
--> mc_properties.adb:22:32

 info: index check proved (Z3: 2 VC in max 0.0 seconds and 1 step)
--> mc_properties.adb:23:37

 info: index check proved (Z3: 2 VC in max 0.0 seconds and 1 step)
--> mc_properties.adb:24:37

 medium: overflow check might fail, cannot prove upper bound for I+1
--> mc_properties.adb:26:21
   26 |                Start:=I+1; Split:=0;
      |                       ~^~
      + reason for check: result of addition must fit in a 32-bits machine integer
      + provers reached time limit before completing the proof

 info: range check proved (Z3: 2 VC in max 0.0 seconds and 1 step)
--> mc_properties.adb:26:21

 medium: overflow check might fail, cannot prove upper bound for Data'Last+1
--> mc_properties.adb:30:34
   30 |          Status:=(if Start=Data'Last+1 and then D.Count>0 then OK else Invalid_Input);
      |                            ~~~~~~~~~^~
      + reason for check: result of addition must fit in a 32-bits machine integer
      + provers reached time limit before completing the proof

 info: cannot unroll loop (too many loop iterations) [info-unrolling-inlining]
--> mc_properties.adb:35:27

 medium: range check might fail, cannot prove lower bound for Keys'First
--> mc_properties.adb:40:29
   40 |          Start : Positive:=Keys'First; N : Natural:=0;
      |                            ~~~~^~~~~~
      + reason for check: default component value must fit in the type
      + provers reached time limit before completing the proof

 info: initialization of "Found" proved
--> mc_properties.adb:43:07

 medium: overflow check might fail, cannot prove upper bound for Keys'Last+1
--> mc_properties.adb:45:37
   45 |          for I in Keys'First..Keys'Last+1 loop
      |                               ~~~~~~~~~^~
      + reason for check: result of addition must fit in a 32-bits machine integer
      + provers reached time limit before completing the proof

 info: cannot unroll loop (too many loop iterations) [info-unrolling-inlining]
--> mc_properties.adb:45:40

 info: overflow check proved (Z3: 2 VC in max 0.0 seconds and 1 step)
--> mc_properties.adb:46:24

 info: index check proved (CVC5: 1 VC in max 0.0 seconds and 1 step; Z3: 1 VC in max 0.0 seconds and 1 step)
--> mc_properties.adb:46:40

 info: cannot unroll loop (too many loop iterations) [info-unrolling-inlining]
--> mc_properties.adb:49:33

 medium: range check might fail
--> mc_properties.adb:50:49
   50 |                   if MC_Text.Image(D.Items(J).Key)=Keys(Start..I-1) then
      |                                                    ^~~~~~~~~~~~~~~
      + reason for check: slice bounds must fit in the underlying array
      + possible fix: loop at line 45 should mention Start in a loop invariant
   45 |          for I in Keys'First..Keys'Last+1 loop
      |                                           ^
      + provers reached time limit before completing the proof

 info: overflow check proved (CVC5: 1 VC in max 0.0 seconds and 1 step; Z3: 1 VC in max 0.0 seconds and 1 step)
--> mc_properties.adb:50:62

 medium: overflow check might fail, cannot prove upper bound for N+1
--> mc_properties.adb:56:17
   56 |                N:=N+1; Start:=I+1;
      |                   ~^~
      + reason for check: result of addition must fit in a 32-bits machine integer
      + possible fix: loop at line 45 should mention N in a loop invariant
   45 |          for I in Keys'First..Keys'Last+1 loop
      |                                           ^
      + provers reached time limit before completing the proof

 medium: overflow check might fail, cannot prove upper bound for I+1
--> mc_properties.adb:56:29
   56 |                N:=N+1; Start:=I+1;
      |                               ~^~
      + reason for check: result of addition must fit in a 32-bits machine integer
      + provers reached time limit before completing the proof

 info: range check proved (CVC5: 1 VC in max 0.0 seconds and 1 step; Z3: 1 VC in max 0.0 seconds and 1 step)
--> mc_properties.adb:56:29

 info: initialization of "D" proved
--> mc_properties.ads:8:34

 info: initialization of "Status" proved
--> mc_properties.ads:8:52

 info: data dependencies proved
--> mc_properties.ads:8:79

 info: initialization of "V" proved
--> mc_properties.ads:9:46

 info: initialization of "Status" proved
--> mc_properties.ads:9:69

 info: data dependencies proved
--> mc_properties.ads:9:96

 info: implicit aspect Always_Terminates on "Has_Exactly" has been proved, subprogram will terminate
--> mc_properties.ads:10:13

 info: data dependencies proved
--> mc_properties.ads:10:74
 info: overflow check proved (Z3: 2 VC in max 0.0 seconds and 1 step)
--> mc_attestation.adb:21:21

 info: implicit aspect Always_Terminates on "Valid" has been proved, subprogram will terminate
--> mc_attestation.ads:20:13

 info: data dependencies proved
--> mc_attestation.ads:20:52

 info: implicit aspect Always_Terminates on "Valid" has been proved, subprogram will terminate
--> mc_attestation.ads:21:13

 info: data dependencies proved
--> mc_attestation.ads:21:54

 info: implicit aspect Always_Terminates on "Evaluate" has been proved, subprogram will terminate
--> mc_attestation.ads:22:13

 info: data dependencies proved
--> mc_attestation.ads:23:11
 info: unrolling loop [info-unrolling-inlining]
--> mc_control.adb:10:29

 info: cannot unroll loop (too many loop iterations) [info-unrolling-inlining]
--> mc_control.adb:14:30

 info: index check proved (Z3: 16 VC in max 0.0 seconds and 1 step)
--> mc_control.adb:15:48

 info: index check proved (Z3: 16 VC in max 0.0 seconds and 1 step)
--> mc_control.adb:16:54

 info: initialization of "Relaxing" proved
--> mc_control.adb:46:07

 info: overflow check proved (Z3: 2 VC in max 0.0 seconds and 1 step)
--> mc_control.adb:56:27

 info: unrolling loop [info-unrolling-inlining]
--> mc_control.adb:75:29

 info: overflow check proved (CVC5: 1 VC in max 0.1 seconds and 82 steps; Z3: 15 VC in max 0.1 seconds and 1 step)
--> mc_control.adb:78:28

 info: overflow check proved (Z3: 2 VC in max 0.1 seconds and 1 step)
--> mc_control.adb:93:45

 info: implicit aspect Always_Terminates on "Valid" has been proved, subprogram will terminate
--> mc_control.ads:43:13

 info: data dependencies proved
--> mc_control.ads:43:55

 info: implicit aspect Always_Terminates on "Valid" has been proved, subprogram will terminate
--> mc_control.ads:44:13

 info: data dependencies proved
--> mc_control.ads:44:51

 info: implicit aspect Always_Terminates on "Permits" has been proved, subprogram will terminate
--> mc_control.ads:45:13

 info: data dependencies proved
--> mc_control.ads:46:12

 info: initialization of "After" proved
--> mc_control.ads:51:07

 info: initialization of "Status" proved
--> mc_control.ads:51:26

 info: data dependencies proved
--> mc_control.ads:52:12

 medium: postcondition might fail, cannot prove Valid (After)
--> mc_control.ads:54:41
   54 |              and then (if Status = OK then Valid (After)
      |                                            ^~~~~~~~~~~~
      + provers reached time limit before completing the proof

 info: overflow check proved (Z3: 2 VC in max 0.1 seconds and 1 step)
--> mc_control.ads:55:60
 info: cannot unroll loop (too many loop iterations) [info-unrolling-inlining]
--> mc_recovery_cohort.adb:8:24

 info: overflow check proved (Z3: 2 VC in max 0.0 seconds and 1 step)
--> mc_recovery_cohort.adb:12:32

 info: cannot unroll loop (too many loop iterations) [info-unrolling-inlining]
--> mc_recovery_cohort.adb:12:36

 info: index check proved (Z3: 2 VC in max 0.0 seconds and 1 step)
--> mc_recovery_cohort.adb:13:37

 info: index check proved (Z3: 2 VC in max 0.0 seconds and 1 step)
--> mc_recovery_cohort.adb:13:79

 medium: overflow check might fail, cannot prove upper bound for Count + 1
--> mc_recovery_cohort.adb:15:25
   15 |             Count := Count + 1;
      |                      ~~~~~~^~~
      + reason for check: result of addition must fit in a 32-bits machine integer
      + possible fix: loop at line 8 should mention Count in a loop invariant
    8 |          for I in W'Range loop
      |                           ^
      + provers reached time limit before completing the proof

 info: range check proved (Z3: 2 VC in max 0.0 seconds and 1 step)
--> mc_recovery_cohort.adb:39:76

 info: overflow check proved (Z3: 2 VC in max 0.0 seconds and 1 step)
--> mc_recovery_cohort.adb:41:32

 info: overflow check proved (Z3: 2 VC in max 0.0 seconds and 1 step)
--> mc_recovery_cohort.adb:52:63

 info: overflow check proved (Z3: 2 VC in max 0.0 seconds and 1 step)
--> mc_recovery_cohort.adb:63:65

 info: overflow check proved (Z3: 2 VC in max 0.0 seconds and 1 step)
--> mc_recovery_cohort.adb:76:32

 info: implicit aspect Always_Terminates on "Quorum" has been proved, subprogram will terminate
--> mc_recovery_cohort.ads:17:13

 info: data dependencies proved
--> mc_recovery_cohort.ads:18:12

 info: implicit aspect Always_Terminates on "Usable" has been proved, subprogram will terminate
--> mc_recovery_cohort.ads:35:13

 info: data dependencies proved
--> mc_recovery_cohort.ads:35:67

 info: initialization of "R" proved
--> mc_recovery_cohort.ads:36:67

 info: data dependencies proved
--> mc_recovery_cohort.ads:37:12

 info: initialization of "R" proved
--> mc_recovery_cohort.ads:38:63

 info: data dependencies proved
--> mc_recovery_cohort.ads:39:12

 info: initialization of "R" proved
--> mc_recovery_cohort.ads:40:55

 info: data dependencies proved
--> mc_recovery_cohort.ads:41:12

 info: postcondition proved (Trivial: 1 VC in max 0.0 seconds and 2 steps; Z3: 1 VC in max 0.0 seconds and 1 step)
--> mc_recovery_cohort.ads:41:36

 info: initialization of "R" proved
--> mc_recovery_cohort.ads:44:07

 info: data dependencies proved
--> mc_recovery_cohort.ads:44:29

 info: postcondition proved (Trivial: 1 VC in max 0.0 seconds and 2 steps; Z3: 4 VC in max 0.0 seconds and 1 step)
--> mc_recovery_cohort.ads:45:15
 info: implicit aspect Always_Terminates on "Bit" has been proved, subprogram will terminate
--> mc_health_report.adb:13:16

 info: unrolling loop [info-unrolling-inlining]
--> mc_health_report.adb:15:24

 info: precondition proved (Z3: 3 VC in max 0.0 seconds and 1 step)
--> mc_health_report.adb:18:15

 info: precondition proved (Z3: 3 VC in max 0.0 seconds and 1 step)
--> mc_health_report.adb:18:61

 info: precondition proved (Z3: 3 VC in max 0.0 seconds and 1 step)
--> mc_health_report.adb:19:15

 info: precondition proved (Z3: 1 VC in max 0.0 seconds and 1 step)
--> mc_health_report.adb:23:29

 info: range check proved (Z3: 4 VC in max 0.0 seconds and 1 step)
--> mc_health_report.adb:23:35

 info: initialization of "F" proved
--> mc_health_report.adb:26:07

 info: length check proved (Z3: 3 VC in max 0.0 seconds and 1 step)
--> mc_health_report.adb:28:93

 info: unrolling loop [info-unrolling-inlining]
--> mc_health_report.adb:29:24

 info: range check proved (Z3: 4 VC in max 0.0 seconds and 1 step)
--> mc_health_report.adb:30:10

 info: precondition proved (Z3: 1 VC in max 0.0 seconds and 1 step)
--> mc_health_report.adb:30:32

 info: range check proved (Z3: 4 VC in max 0.0 seconds and 1 step)
--> mc_health_report.adb:30:38

 info: unrolling loop [info-unrolling-inlining]
--> mc_health_report.adb:32:25

 info: unrolling loop [info-unrolling-inlining]
--> mc_health_report.adb:33:21

 info: precondition proved (Z3: 9 VC in max 0.0 seconds and 1 step)
--> mc_health_report.adb:33:37

 info: range check proved (Z3: 4 VC in max 0.0 seconds and 1 step)
--> mc_health_report.adb:34:21

 info: range check proved (Z3: 4 VC in max 0.0 seconds and 1 step)
--> mc_health_report.adb:34:42

 info: range check proved (Z3: 4 VC in max 0.0 seconds and 1 step)
--> mc_health_report.adb:34:68

 info: range check proved (Z3: 4 VC in max 0.0 seconds and 1 step)
--> mc_health_report.adb:34:96

 info: range check proved (Z3: 4 VC in max 0.0 seconds and 1 step)
--> mc_health_report.adb:35:24

 info: range check proved (Z3: 4 VC in max 0.0 seconds and 1 step)
--> mc_health_report.adb:35:55

 info: range check proved (Z3: 4 VC in max 0.0 seconds and 1 step)
--> mc_health_report.adb:35:85

 info: precondition proved (Z3: 3 VC in max 0.0 seconds and 1 step)
--> mc_health_report.adb:36:41

 info: range check proved (CVC5: 1 VC in max 0.0 seconds and 33 steps; altergo: 1 VC in max 0.0 seconds and 199 steps)
--> mc_health_report.adb:36:41

 info: precondition proved (Z3: 3 VC in max 0.0 seconds and 1 step)
--> mc_health_report.adb:36:92

 info: range check proved (CVC5: 2 VC in max 0.1 seconds and 316 steps)
--> mc_health_report.adb:36:92

 info: precondition proved (Z3: 3 VC in max 0.0 seconds and 1 step)
--> mc_health_report.adb:37:43

 info: range check proved (CVC5: 1 VC in max 0.0 seconds and 107 steps; altergo: 1 VC in max 0.0 seconds and 235 steps)
--> mc_health_report.adb:37:43

 info: range check proved (Z3: 2 VC in max 0.0 seconds and 1 step)
--> mc_health_report.adb:37:81

 info: precondition proved (Z3: 1 VC in max 0.0 seconds and 1 step)
--> mc_health_report.adb:40:31

 info: implicit aspect Always_Terminates on "Valid" has been proved, subprogram will terminate
--> mc_health_report.ads:15:13

 info: data dependencies proved
--> mc_health_report.ads:15:51

 info: implicit aspect Always_Terminates on "Encode" has been proved, subprogram will terminate
--> mc_health_report.ads:16:13

 info: data dependencies proved
--> mc_health_report.ads:16:65

 info: initialization of "R" proved
--> mc_health_report.ads:17:32

 info: initialization of "Status" proved
--> mc_health_report.ads:17:48

 info: data dependencies proved
--> mc_health_report.ads:17:75
 info: index check proved (Z3: 2 VC in max 0.0 seconds and 1 step)
--> mc_codec.adb:6:22

 info: overflow check proved (Z3: 2 VC in max 0.0 seconds and 1 step)
--> mc_codec.adb:6:63

 info: index check proved (Z3: 2 VC in max 0.0 seconds and 1 step)
--> mc_codec.adb:6:63

 info: unrolling loop [info-unrolling-inlining]
--> mc_codec.adb:10:23

 info: overflow check proved (Z3: 8 VC in max 0.0 seconds and 1 step)
--> mc_codec.adb:11:67

 info: index check proved (Z3: 8 VC in max 0.0 seconds and 1 step)
--> mc_codec.adb:11:67

 info: unrolling loop [info-unrolling-inlining]
--> mc_codec.adb:18:23

 info: overflow check proved (Z3: 16 VC in max 0.0 seconds and 1 step)
--> mc_codec.adb:19:67

 info: index check proved (Z3: 16 VC in max 0.0 seconds and 1 step)
--> mc_codec.adb:19:67

 info: index check proved (Z3: 2 VC in max 0.0 seconds and 1 step)
--> mc_codec.adb:25:13

 info: division check proved (Z3: 1 VC in max 0.0 seconds and 1 step)
--> mc_codec.adb:25:37

 info: range check proved (Z3: 1 VC in max 0.0 seconds and 1 step)
--> mc_codec.adb:25:37

 info: overflow check proved (Z3: 2 VC in max 0.0 seconds and 1 step)
--> mc_codec.adb:26:21

 info: index check proved (Z3: 2 VC in max 0.0 seconds and 1 step)
--> mc_codec.adb:26:21

 info: division check proved (Z3: 1 VC in max 0.0 seconds and 1 step)
--> mc_codec.adb:26:41

 info: range check proved (Z3: 1 VC in max 0.0 seconds and 1 step)
--> mc_codec.adb:26:41

 info: unrolling loop [info-unrolling-inlining]
--> mc_codec.adb:30:23

 info: overflow check proved (Z3: 8 VC in max 0.0 seconds and 1 step)
--> mc_codec.adb:31:24

 info: index check proved (Z3: 8 VC in max 0.0 seconds and 1 step)
--> mc_codec.adb:31:24

 info: range check proved (Z3: 8 VC in max 0.0 seconds and 1 step)
--> mc_codec.adb:32:57

 info: unrolling loop [info-unrolling-inlining]
--> mc_codec.adb:37:23

 info: overflow check proved (Z3: 16 VC in max 0.0 seconds and 1 step)
--> mc_codec.adb:38:24

 info: index check proved (Z3: 16 VC in max 0.0 seconds and 1 step)
--> mc_codec.adb:38:24

 info: range check proved (Z3: 16 VC in max 0.0 seconds and 1 step)
--> mc_codec.adb:39:57

 info: implicit aspect Always_Terminates on "U16" has been proved, subprogram will terminate
--> mc_codec.ads:5:13

 info: overflow check proved (Z3: 2 VC in max 0.0 seconds and 1 step)
--> mc_codec.ads:6:59

 info: postcondition proved (Z3: 1 VC in max 0.0 seconds and 1 step)
--> mc_codec.ads:7:19

 info: data dependencies proved
--> mc_codec.ads:7:41

 info: implicit aspect Always_Terminates on "U32" has been proved, subprogram will terminate
--> mc_codec.ads:8:13

 info: overflow check proved (Z3: 2 VC in max 0.0 seconds and 1 step)
--> mc_codec.ads:9:59

 info: data dependencies proved
--> mc_codec.ads:10:11

 info: implicit aspect Always_Terminates on "U64" has been proved, subprogram will terminate
--> mc_codec.ads:11:13

 info: overflow check proved (Z3: 2 VC in max 0.0 seconds and 1 step)
--> mc_codec.ads:12:59

 info: data dependencies proved
--> mc_codec.ads:13:11

 info: overflow check proved (Z3: 2 VC in max 0.0 seconds and 1 step)
--> mc_codec.ads:16:32

 info: precondition proved (Z3: 3 VC in max 0.0 seconds and 1 step)
--> mc_codec.ads:17:19

 info: postcondition proved (altergo: 1 VC in max 0.1 seconds and 438 steps)
--> mc_codec.ads:17:19

 info: data dependencies proved
--> mc_codec.ads:17:48

 info: overflow check proved (Z3: 2 VC in max 0.0 seconds and 1 step)
--> mc_codec.ads:19:59

 info: precondition proved (Z3: 3 VC in max 0.0 seconds and 1 step)
--> mc_codec.ads:20:19

 medium: postcondition might fail
--> mc_codec.ads:20:19
   20 |              Post => U32 (Data, At_Byte) = Value, Global => null;
      |                      ^~~~~~~~~~~~~~~~~~~~~~~~~~~
      + possible fix: you should consider adding a postcondition to function "U32" or turning it into an expression function
      + provers reached time limit before completing the proof

 info: data dependencies proved
--> mc_codec.ads:20:48

 info: overflow check proved (Z3: 2 VC in max 0.0 seconds and 1 step)
--> mc_codec.ads:22:59

 info: precondition proved (Z3: 3 VC in max 0.0 seconds and 1 step)
--> mc_codec.ads:23:19

 medium: postcondition might fail
--> mc_codec.ads:23:19
   23 |              Post => U64 (Data, At_Byte) = Value, Global => null;
      |                      ^~~~~~~~~~~~~~~~~~~~~~~~~~~
      + possible fix: you should consider adding a postcondition to function "U64" or turning it into an expression function
      + provers reached time limit before completing the proof

 info: data dependencies proved
--> mc_codec.ads:23:48
 info: implicit aspect Always_Terminates on "Fits" has been proved, subprogram will terminate
--> mc_journal_budget.ads:4:13

 info: overflow check proved (CVC5: 1 VC in max 0.0 seconds and 1 step; Z3: 1 VC in max 0.0 seconds and 1 step)
--> mc_journal_budget.ads:5:47

 info: overflow check proved (Z3: 2 VC in max 0.0 seconds and 1 step)
--> mc_journal_budget.ads:6:31

 info: overflow check proved (CVC5: 1 VC in max 0.0 seconds and 1 step; Z3: 1 VC in max 0.0 seconds and 1 step)
--> mc_journal_budget.ads:6:38

 info: data dependencies proved
--> mc_journal_budget.ads:7:11
 info: implicit aspect Always_Terminates on "R" has been proved, subprogram will terminate
--> mc_sha256.adb:22:13

 info: data dependencies proved
--> mc_sha256.adb:24:49

 info: initialization of "A" proved
--> mc_sha256.adb:26:07

 info: initialization of "B" proved
--> mc_sha256.adb:26:09

 info: initialization of "D" proved
--> mc_sha256.adb:26:11

 info: initialization of "E" proved
--> mc_sha256.adb:26:13

 info: initialization of "F" proved
--> mc_sha256.adb:26:15

 info: initialization of "G" proved
--> mc_sha256.adb:26:17

 info: initialization of "H" proved
--> mc_sha256.adb:26:19

 info: initialization of "I" proved
--> mc_sha256.adb:26:21

 info: initialization of "S0" proved
--> mc_sha256.adb:27:07

 info: initialization of "S1" proved
--> mc_sha256.adb:27:10

 info: initialization of "T1" proved
--> mc_sha256.adb:27:13

 info: initialization of "T2" proved
--> mc_sha256.adb:27:16

 info: unrolling loop [info-unrolling-inlining]
--> mc_sha256.adb:29:24

 info: precondition proved (CVC5: 1 VC in max 0.0 seconds and 196 steps; Z3: 47 VC in max 0.0 seconds and 1 step)
--> mc_sha256.adb:30:27

 info: cannot unroll loop (too many loop iterations) [info-unrolling-inlining]
--> mc_sha256.adb:32:25

 info: cannot unroll loop (too many loop iterations) [info-unrolling-inlining]
--> mc_sha256.adb:41:24

 info: cannot unroll loop (too many loop iterations) [info-unrolling-inlining]
--> mc_sha256.adb:57:24

 info: range check proved (CVC5: 1 VC in max 0.1 seconds and 117 steps; Z3: 1 VC in max 0.0 seconds and 1 step)
--> mc_sha256.adb:64:30

 info: initialization of "Pad_Length" proved
--> mc_sha256.adb:71:07

 info: precondition proved (Z3: 3 VC in max 0.0 seconds and 1 step)
--> mc_sha256.adb:80:15

 info: range check proved (Z3: 2 VC in max 0.0 seconds and 1 step)
--> mc_sha256.adb:80:43

 info: precondition proved (Z3: 2 VC in max 0.0 seconds and 1 step)
--> mc_sha256.adb:81:07

 info: range check proved (CVC5: 1 VC in max 0.0 seconds and 1 step; Z3: 3 VC in max 0.0 seconds and 1 step)
--> mc_sha256.adb:81:21

 info: unrolling loop [info-unrolling-inlining]
--> mc_sha256.adb:82:23

 info: precondition proved (Z3: 24 VC in max 0.0 seconds and 1 step)
--> mc_sha256.adb:83:18

 info: precondition proved (Z3: 2 VC in max 0.0 seconds and 1 step)
--> mc_sha256.adb:90:07

 medium: precondition might fail
--> mc_sha256.adb:91:14
   91 |          return Finish (C);
      |                 ^~~~~~~~~
      + possible fix: call at line 90 should mention C (for argument C) in a postcondition
   90 |          Update (C, Data);
      |          ^
      + provers reached time limit before completing the proof

 info: implicit aspect Always_Terminates on "Initialize" has been proved, subprogram will terminate
--> mc_sha256.ads:6:13

 info: data dependencies proved
--> mc_sha256.ads:6:44

 info: implicit aspect Always_Terminates on "Length" has been proved, subprogram will terminate
--> mc_sha256.ads:7:13

 info: data dependencies proved
--> mc_sha256.ads:7:51

 info: data dependencies proved
--> mc_sha256.ads:9:11

 info: range check proved (Z3: 1 VC in max 0.0 seconds and 1 step)
--> mc_sha256.ads:11:77

 info: implicit aspect Always_Terminates on "Finish" has been proved, subprogram will terminate
--> mc_sha256.ads:12:13

 info: data dependencies proved
--> mc_sha256.ads:12:53

 info: implicit aspect Always_Terminates on "Hash" has been proved, subprogram will terminate
--> mc_sha256.ads:14:13

 info: data dependencies proved
--> mc_sha256.ads:14:52
 info: implicit aspect Always_Terminates on "Bit" has been proved, subprogram will terminate
--> mc_fault_report.adb:8:16

 info: length check proved (Z3: 3 VC in max 0.0 seconds and 1 step)
--> mc_fault_report.adb:10:21

 info: precondition proved (Z3: 3 VC in max 0.0 seconds and 1 step)
--> mc_fault_report.adb:14:15

 info: precondition proved (Z3: 3 VC in max 0.0 seconds and 1 step)
--> mc_fault_report.adb:15:15

 info: precondition proved (Z3: 3 VC in max 0.0 seconds and 1 step)
--> mc_fault_report.adb:16:15

 info: precondition proved (Z3: 3 VC in max 0.0 seconds and 1 step)
--> mc_fault_report.adb:17:15

 info: precondition proved (Z3: 1 VC in max 0.0 seconds and 1 step)
--> mc_fault_report.adb:24:34

 info: range check proved (Z3: 4 VC in max 0.0 seconds and 1 step)
--> mc_fault_report.adb:24:41

 info: initialization of "X" proved
--> mc_fault_report.adb:28:07

 info: length check proved (Z3: 3 VC in max 0.0 seconds and 1 step)
--> mc_fault_report.adb:32:81

 info: range check proved (Z3: 4 VC in max 0.0 seconds and 1 step)
--> mc_fault_report.adb:33:10

 info: range check proved (Z3: 4 VC in max 0.0 seconds and 1 step)
--> mc_fault_report.adb:33:38

 info: precondition proved (Z3: 1 VC in max 0.0 seconds and 1 step)
--> mc_fault_report.adb:33:65

 info: range check proved (Z3: 4 VC in max 0.0 seconds and 1 step)
--> mc_fault_report.adb:33:72

 info: cannot unroll loop (too many loop iterations) [info-unrolling-inlining]
--> mc_fault_report.adb:34:27

 info: unrolling loop [info-unrolling-inlining]
--> mc_fault_report.adb:40:27

 info: unrolling loop [info-unrolling-inlining]
--> mc_fault_report.adb:41:24

 info: precondition proved (Z3: 12 VC in max 0.0 seconds and 1 step)
--> mc_fault_report.adb:41:40

 info: range check proved (Z3: 4 VC in max 0.0 seconds and 1 step)
--> mc_fault_report.adb:42:23

 info: range check proved (Z3: 4 VC in max 0.0 seconds and 1 step)
--> mc_fault_report.adb:42:49

 info: range check proved (Z3: 4 VC in max 0.0 seconds and 1 step)
--> mc_fault_report.adb:42:80

 info: range check proved (Z3: 4 VC in max 0.0 seconds and 1 step)
--> mc_fault_report.adb:42:107

 info: range check proved (Z3: 4 VC in max 0.0 seconds and 1 step)
--> mc_fault_report.adb:43:19

 info: range check proved (Z3: 4 VC in max 0.0 seconds and 1 step)
--> mc_fault_report.adb:43:48

 info: precondition proved (Z3: 3 VC in max 0.0 seconds and 1 step)
--> mc_fault_report.adb:44:38

 info: range check proved (Z3: 2 VC in max 0.0 seconds and 1 step)
--> mc_fault_report.adb:44:38

 info: precondition proved (Z3: 3 VC in max 0.0 seconds and 1 step)
--> mc_fault_report.adb:44:87

 info: range check proved (CVC5: 1 VC in max 0.0 seconds and 48 steps; Z3: 1 VC in max 0.0 seconds and 1 step)
--> mc_fault_report.adb:44:87

 info: precondition proved (Z3: 3 VC in max 0.0 seconds and 1 step)
--> mc_fault_report.adb:45:40

 info: range check proved (CVC5: 1 VC in max 0.0 seconds and 81 steps; altergo: 1 VC in max 0.0 seconds and 497 steps)
--> mc_fault_report.adb:45:40

 info: precondition proved (Z3: 3 VC in max 0.0 seconds and 1 step)
--> mc_fault_report.adb:45:89

 info: range check proved (CVC5: 2 VC in max 0.1 seconds and 488 steps)
--> mc_fault_report.adb:45:89

 info: range check proved (Z3: 2 VC in max 0.0 seconds and 1 step)
--> mc_fault_report.adb:46:39

 info: range check proved (Z3: 2 VC in max 0.0 seconds and 1 step)
--> mc_fault_report.adb:46:84

 info: range check proved (Z3: 2 VC in max 0.0 seconds and 1 step)
--> mc_fault_report.adb:47:46

 info: range check proved (Z3: 2 VC in max 0.0 seconds and 1 step)
--> mc_fault_report.adb:47:101

 info: precondition proved (Z3: 1 VC in max 0.0 seconds and 1 step)
--> mc_fault_report.adb:49:42

 info: implicit aspect Always_Terminates on "Encode" has been proved, subprogram will terminate
--> mc_fault_report.ads:7:13

 info: data dependencies proved
--> mc_fault_report.ads:8:39

 info: initialization of "F" proved
--> mc_fault_report.ads:9:33

 info: initialization of "Status" proved
--> mc_fault_report.ads:9:58

 info: data dependencies proved
--> mc_fault_report.ads:10:11
 info: implicit aspect Always_Terminates on "Compatible" has been proved, subprogram will terminate
--> mc_compatibility.ads:12:13

 info: data dependencies proved
--> mc_compatibility.ads:13:11
 info: length check proved (Z3: 3 VC in max 0.0 seconds and 1 step)
--> mc_log_format.adb:10:16

 info: precondition proved (Z3: 3 VC in max 0.0 seconds and 1 step)
--> mc_log_format.adb:10:31

 info: precondition proved (Z3: 4 VC in max 0.0 seconds and 1 step)
--> mc_log_format.adb:10:69

 info: precondition proved (Z3: 3 VC in max 0.0 seconds and 1 step)
--> mc_log_format.adb:12:15

 info: precondition proved (Z3: 3 VC in max 0.0 seconds and 1 step)
--> mc_log_format.adb:12:51

 info: precondition proved (Z3: 3 VC in max 0.0 seconds and 1 step)
--> mc_log_format.adb:13:15

 info: precondition proved (Z3: 3 VC in max 0.0 seconds and 1 step)
--> mc_log_format.adb:13:51

 info: precondition proved (Z3: 1 VC in max 0.1 seconds and 1 step)
--> mc_log_format.adb:15:29

 info: range check proved (Z3: 4 VC in max 0.0 seconds and 1 step)
--> mc_log_format.adb:15:35

 info: range check proved (Z3: 4 VC in max 0.0 seconds and 1 step)
--> mc_log_format.adb:22:59

 info: range check proved (Z3: 4 VC in max 0.0 seconds and 1 step)
--> mc_log_format.adb:23:17

 info: precondition proved (Z3: 1 VC in max 0.0 seconds and 1 step)
--> mc_log_format.adb:23:39

 info: range check proved (Z3: 4 VC in max 0.0 seconds and 1 step)
--> mc_log_format.adb:23:45

 info: unrolling loop [info-unrolling-inlining]
--> mc_log_format.adb:24:23

 info: index check proved (Z3: 10 VC in max 0.0 seconds and 1 step)
--> mc_log_format.adb:24:33

 info: cannot unroll loop (too many loop iterations) [info-unrolling-inlining]
--> mc_log_format.adb:25:25

 info: index check proved (Z3: 2 VC in max 0.0 seconds and 1 step)
--> mc_log_format.adb:25:35

 info: index check proved (Z3: 2 VC in max 0.0 seconds and 1 step)
--> mc_log_format.adb:26:20

 info: unrolling loop [info-unrolling-inlining]
--> mc_log_format.adb:27:28

 info: precondition proved (Z3: 15 VC in max 0.0 seconds and 1 step)
--> mc_log_format.adb:28:21

 info: precondition proved (Z3: 3 VC in max 0.0 seconds and 1 step)
--> mc_log_format.adb:30:35

 info: range check proved (Z3: 2 VC in max 0.1 seconds and 1 step)
--> mc_log_format.adb:30:35

 info: precondition proved (Z3: 3 VC in max 0.0 seconds and 1 step)
--> mc_log_format.adb:30:63

 info: range check proved (Z3: 2 VC in max 0.0 seconds and 1 step)
--> mc_log_format.adb:30:63

 info: range check proved (Z3: 2 VC in max 0.0 seconds and 1 step)
--> mc_log_format.adb:31:29

 info: index check proved (Z3: 2 VC in max 0.0 seconds and 1 step)
--> mc_log_format.adb:31:31

 info: range check proved (Z3: 4 VC in max 0.0 seconds and 1 step)
--> mc_log_format.adb:31:48

 info: range check proved (Z3: 4 VC in max 0.0 seconds and 1 step)
--> mc_log_format.adb:31:75

 info: precondition proved (Z3: 3 VC in max 0.0 seconds and 1 step)
--> mc_log_format.adb:32:32

 info: range check proved (Z3: 1 VC in max 0.0 seconds and 1 step; altergo: 1 VC in max 0.0 seconds and 442 steps)
--> mc_log_format.adb:32:32

 info: precondition proved (Z3: 3 VC in max 0.0 seconds and 1 step)
--> mc_log_format.adb:32:70

 info: range check proved (Z3: 1 VC in max 0.0 seconds and 1 step; altergo: 1 VC in max 0.0 seconds and 459 steps)
--> mc_log_format.adb:32:70

 info: precondition proved (Z3: 3 VC in max 0.0 seconds and 1 step)
--> mc_log_format.adb:33:32

 info: range check proved (CVC5: 1 VC in max 0.1 seconds and 629 steps; Z3: 1 VC in max 0.0 seconds and 1 step)
--> mc_log_format.adb:33:32

 info: precondition proved (Z3: 3 VC in max 0.0 seconds and 1 step)
--> mc_log_format.adb:33:75

 info: range check proved (CVC5: 1 VC in max 0.0 seconds and 269 steps; altergo: 1 VC in max 0.0 seconds and 498 steps)
--> mc_log_format.adb:33:75

 info: range check proved (Z3: 4 VC in max 0.0 seconds and 1 step)
--> mc_log_format.adb:34:17

 info: range check proved (Z3: 4 VC in max 0.0 seconds and 1 step)
--> mc_log_format.adb:34:41

 info: implicit aspect Always_Terminates on "Encode" has been proved, subprogram will terminate
--> mc_log_format.ads:14:13

 info: data dependencies proved
--> mc_log_format.ads:14:53

 info: initialization of "E" proved
--> mc_log_format.ads:15:32

 info: initialization of "Status" proved
--> mc_log_format.ads:15:51

 info: data dependencies proved
--> mc_log_format.ads:15:78
 info: overflow check proved (Z3: 2 VC in max 0.0 seconds and 1 step)
--> mc_time_guard.adb:8:29

 info: overflow check proved (Z3: 2 VC in max 0.0 seconds and 1 step)
--> mc_time_guard.adb:9:20

 info: overflow check proved (CVC5: 1 VC in max 0.0 seconds and 1 step; Z3: 1 VC in max 0.0 seconds and 1 step)
--> mc_time_guard.adb:11:35

 info: overflow check proved (Z3: 2 VC in max 0.0 seconds and 1 step)
--> mc_time_guard.adb:11:72

 info: overflow check proved (Z3: 2 VC in max 0.0 seconds and 1 step)
--> mc_time_guard.adb:13:33

 info: implicit aspect Always_Terminates on "Fresh" has been proved, subprogram will terminate
--> mc_time_guard.ads:8:13

 info: data dependencies proved
--> mc_time_guard.ads:9:26

 info: implicit aspect Always_Terminates on "Add_Bounded" has been proved, subprogram will terminate
--> mc_time_guard.ads:10:13

 info: data dependencies proved
--> mc_time_guard.ads:11:11

 info: postcondition proved (Z3: 1 VC in max 0.0 seconds and 1 step)
--> mc_time_guard.ads:12:16

 info: implicit aspect Always_Terminates on "Elapsed" has been proved, subprogram will terminate
--> mc_time_guard.ads:13:13

 info: data dependencies proved
--> mc_time_guard.ads:14:11
 info: implicit aspect Always_Terminates on "Permitted" has been proved, subprogram will terminate
--> mc_breakglass.ads:15:13

 info: data dependencies proved
--> mc_breakglass.ads:16:11
 info: local subprogram "Commit" only analyzed in the context of calls [info-unrolling-inlining]
--> mc_commissioning.adb:5:17
      + add a contract to analyze it separately from calling contexts

 info: overflow check proved (Z3: 2 VC in max 0.0 seconds and 1 step), in call inlined at mc_commissioning.adb:9
--> mc_commissioning.adb:5:58

 info: overflow check proved (Z3: 2 VC in max 0.0 seconds and 1 step), in call inlined at mc_commissioning.adb:15
--> mc_commissioning.adb:5:58

 info: overflow check proved (Z3: 2 VC in max 0.0 seconds and 1 step), in call inlined at mc_commissioning.adb:19
--> mc_commissioning.adb:5:58

 info: overflow check proved (Z3: 2 VC in max 0.0 seconds and 1 step), in call inlined at mc_commissioning.adb:24
--> mc_commissioning.adb:5:58

 info: overflow check proved (Z3: 2 VC in max 0.0 seconds and 1 step), in call inlined at mc_commissioning.adb:27
--> mc_commissioning.adb:5:58

 info: overflow check proved (Z3: 2 VC in max 0.0 seconds and 1 step), in call inlined at mc_commissioning.adb:31
--> mc_commissioning.adb:5:58

 info: overflow check proved (Z3: 2 VC in max 0.0 seconds and 1 step), in call inlined at mc_commissioning.adb:34
--> mc_commissioning.adb:5:58

 info: overflow check proved (Z3: 2 VC in max 0.0 seconds and 1 step), in call inlined at mc_commissioning.adb:38
--> mc_commissioning.adb:5:58

 info: overflow check proved (Z3: 2 VC in max 0.0 seconds and 1 step), in call inlined at mc_commissioning.adb:41
--> mc_commissioning.adb:5:58

 info: overflow check proved (Z3: 2 VC in max 0.0 seconds and 1 step), in call inlined at mc_commissioning.adb:42
--> mc_commissioning.adb:5:58

 info: overflow check proved (Z3: 2 VC in max 0.0 seconds and 1 step), in call inlined at mc_commissioning.adb:45
--> mc_commissioning.adb:5:58

 info: analyzing call to "Commit" in context
--> mc_commissioning.adb:9:56

 info: analyzing call to "Commit" in context
--> mc_commissioning.adb:15:48

 info: analyzing call to "Commit" in context
--> mc_commissioning.adb:19:73

 info: analyzing call to "Commit" in context
--> mc_commissioning.adb:24:43

 info: analyzing call to "Commit" in context
--> mc_commissioning.adb:27:86

 info: analyzing call to "Commit" in context
--> mc_commissioning.adb:31:87

 info: analyzing call to "Commit" in context
--> mc_commissioning.adb:34:73

 info: analyzing call to "Commit" in context
--> mc_commissioning.adb:38:48

 info: analyzing call to "Commit" in context
--> mc_commissioning.adb:41:47

 info: analyzing call to "Commit" in context
--> mc_commissioning.adb:42:99

 info: analyzing call to "Commit" in context
--> mc_commissioning.adb:45:43

 info: initialization of "Status" proved
--> mc_commissioning.ads:29:65

 info: data dependencies proved
--> mc_commissioning.ads:30:11

 info: postcondition proved (CVC5: 1 VC in max 0.1 seconds and 491 steps; Trivial: 2 VC in max 0.0 seconds and 2 steps; Z3: 1 VC in max 0.1 seconds and 1175 steps)
--> mc_commissioning.ads:31:16
 info: loop invariant initialization proved (Z3: 1 VC in max 0.0 seconds and 1 step)
--> mc_release.adb:8:13

 info: loop invariant preservation proved (Z3: 1 VC in max 0.0 seconds and 1 step)
--> mc_release.adb:8:13

 info: implicit aspect Always_Terminates on "Qualified" has been proved, subprogram will terminate
--> mc_release.ads:16:13

 info: data dependencies proved
--> mc_release.ads:17:11

 info: postcondition proved (Z3: 2 VC in max 0.0 seconds and 1 step)
--> mc_release.ads:18:16
 info: overflow check proved (Z3: 2 VC in max 0.0 seconds and 1 step)
--> mc_request_replay.adb:9:63

 info: overflow check proved (Z3: 2 VC in max 0.0 seconds and 1 step)
--> mc_request_replay.adb:39:26

 info: initialization of "Status" proved
--> mc_request_replay.ads:19:23

 info: data dependencies proved
--> mc_request_replay.ads:20:11

 info: postcondition proved (Trivial: 1 VC in max 0.0 seconds and 2 steps; Z3: 1 VC in max 0.0 seconds and 1 step)
--> mc_request_replay.ads:21:16
 info: range check proved (Z3: 4 VC in max 0.0 seconds and 1 step)
--> mc_text.adb:4:50

 info: cannot unroll loop (too many loop iterations) [info-unrolling-inlining]
--> mc_text.adb:9:18

 info: range check proved (Z3: 2 VC in max 0.0 seconds and 1 step)
--> mc_text.adb:12:18

 info: range check proved (CVC5: 1 VC in max 0.0 seconds and 1 step; Z3: 3 VC in max 0.0 seconds and 1 step)
--> mc_text.adb:12:28

 info: index check proved (Z3: 2 VC in max 0.0 seconds and 1 step)
--> mc_text.adb:12:35

 info: index check proved (Z3: 2 VC in max 0.0 seconds and 1 step)
--> mc_text.adb:12:41

 info: length check proved (Z3: 3 VC in max 0.0 seconds and 1 step)
--> mc_text.adb:12:48

 info: length check proved (Z3: 3 VC in max 0.0 seconds and 1 step)
--> mc_text.adb:12:51

 info: index check proved (Z3: 2 VC in max 0.0 seconds and 1 step)
--> mc_text.adb:18:19

 info: index check proved (Z3: 2 VC in max 0.0 seconds and 1 step)
--> mc_text.adb:18:53

 info: index check proved (Z3: 2 VC in max 0.0 seconds and 1 step)
--> mc_text.adb:19:27

 info: cannot unroll loop (too many loop iterations) [info-unrolling-inlining]
--> mc_text.adb:20:18

 info: range check proved (Z3: 4 VC in max 0.0 seconds and 1 step)
--> mc_text.adb:32:09

 info: overflow check proved (Z3: 2 VC in max 0.0 seconds and 1 step)
--> mc_text.adb:32:31

 info: overflow check proved (Z3: 2 VC in max 0.0 seconds and 1 step)
--> mc_text.adb:33:24

 info: cannot unroll loop (too many loop iterations) [info-unrolling-inlining]
--> mc_text.adb:33:38

 info: index check proved (Z3: 2 VC in max 0.0 seconds and 1 step)
--> mc_text.adb:34:16

 info: range check proved (Z3: 2 VC in max 0.0 seconds and 1 step)
--> mc_text.adb:34:39

 info: index check proved (Z3: 2 VC in max 0.0 seconds and 1 step)
--> mc_text.adb:35:16

 info: index check proved (Z3: 2 VC in max 0.0 seconds and 1 step)
--> mc_text.adb:35:44

 info: index check proved (Z3: 2 VC in max 0.0 seconds and 1 step)
--> mc_text.adb:38:21

 info: index check proved (Z3: 2 VC in max 0.0 seconds and 1 step)
--> mc_text.adb:38:49

 info: index check proved (Z3: 2 VC in max 0.0 seconds and 1 step)
--> mc_text.adb:39:24

 info: index check proved (Z3: 2 VC in max 0.0 seconds and 1 step)
--> mc_text.adb:39:52

 info: index check proved (Z3: 2 VC in max 0.0 seconds and 1 step)
--> mc_text.adb:39:72

 info: overflow check proved (Z3: 2 VC in max 0.0 seconds and 1 step)
--> mc_text.adb:44:44

 info: cannot unroll loop (too many loop iterations) [info-unrolling-inlining]
--> mc_text.adb:46:32

 info: index check proved (Z3: 2 VC in max 0.0 seconds and 1 step)
--> mc_text.adb:47:21

 info: index check proved (Z3: 2 VC in max 0.0 seconds and 1 step)
--> mc_text.adb:47:49

 info: index check proved (Z3: 2 VC in max 0.0 seconds and 1 step)
--> mc_text.adb:48:24

 info: index check proved (Z3: 2 VC in max 0.0 seconds and 1 step)
--> mc_text.adb:48:52

 info: implicit aspect Always_Terminates on "Length" has been proved, subprogram will terminate
--> mc_text.ads:7:13

 info: data dependencies proved
--> mc_text.ads:7:52

 info: implicit aspect Always_Terminates on "Image" has been proved, subprogram will terminate
--> mc_text.ads:8:13

 info: data dependencies proved
--> mc_text.ads:8:50

 info: initialization of "V" proved
--> mc_text.ads:9:19

 info: initialization of "Status" proved
--> mc_text.ads:9:46

 info: data dependencies proved
--> mc_text.ads:10:11

 info: postcondition proved (Trivial: 1 VC in max 0.0 seconds and 2 steps; Z3: 1 VC in max 0.0 seconds and 1 step)
--> mc_text.ads:10:35

 info: implicit aspect Always_Terminates on "Equal" has been proved, subprogram will terminate
--> mc_text.ads:11:13

 info: data dependencies proved
--> mc_text.ads:11:54

 info: implicit aspect Always_Terminates on "Identifier" has been proved, subprogram will terminate
--> mc_text.ads:12:13

 info: data dependencies proved
--> mc_text.ads:12:57

 info: implicit aspect Always_Terminates on "HTTPS_URL" has been proved, subprogram will terminate
--> mc_text.ads:13:13

 info: data dependencies proved
--> mc_text.ads:13:56
 info: local subprogram "Done" only analyzed in the context of calls [info-unrolling-inlining]
--> mc_generation.adb:5:17
      + add a contract to analyze it separately from calling contexts

 info: overflow check proved (Z3: 2 VC in max 0.0 seconds and 1 step), in call inlined at mc_generation.adb:10
--> mc_generation.adb:5:53

 info: overflow check proved (Z3: 2 VC in max 0.0 seconds and 1 step), in call inlined at mc_generation.adb:12
--> mc_generation.adb:5:53

 info: overflow check proved (Z3: 2 VC in max 0.0 seconds and 1 step), in call inlined at mc_generation.adb:18
--> mc_generation.adb:5:53

 info: overflow check proved (Z3: 2 VC in max 0.0 seconds and 1 step), in call inlined at mc_generation.adb:20
--> mc_generation.adb:5:53

 info: overflow check proved (Z3: 2 VC in max 0.0 seconds and 1 step), in call inlined at mc_generation.adb:24
--> mc_generation.adb:5:53

 info: overflow check proved (Z3: 2 VC in max 0.0 seconds and 1 step), in call inlined at mc_generation.adb:27
--> mc_generation.adb:5:53

 info: overflow check proved (Z3: 2 VC in max 0.0 seconds and 1 step), in call inlined at mc_generation.adb:30
--> mc_generation.adb:5:53

 info: analyzing call to "Done" in context
--> mc_generation.adb:10:73

 info: analyzing call to "Done" in context
--> mc_generation.adb:12:109

 info: analyzing call to "Done" in context
--> mc_generation.adb:18:58

 info: analyzing call to "Done" in context
--> mc_generation.adb:20:125

 info: range check proved (Z3: 2 VC in max 0.0 seconds and 1 step)
--> mc_generation.adb:24:54

 info: overflow check proved (Z3: 2 VC in max 0.0 seconds and 1 step)
--> mc_generation.adb:24:96

 info: analyzing call to "Done" in context
--> mc_generation.adb:24:184

 info: analyzing call to "Done" in context
--> mc_generation.adb:27:60

 info: analyzing call to "Done" in context
--> mc_generation.adb:30:61

 info: initialization of "Status" proved
--> mc_generation.ads:19:58

 info: data dependencies proved
--> mc_generation.ads:20:11

 info: postcondition proved (Trivial: 2 VC in max 0.0 seconds and 2 steps; Z3: 2 VC in max 0.1 seconds and 1 step)
--> mc_generation.ads:21:16
 info: precondition proved (Z3: 4 VC in max 0.0 seconds and 1 step)
--> mc_requests.adb:9:15

 info: range check proved (Z3: 1 VC in max 0.0 seconds and 1 step)
--> mc_requests.adb:9:73

 info: precondition proved (Z3: 3 VC in max 0.0 seconds and 1 step)
--> mc_requests.adb:12:15

 info: precondition proved (Z3: 3 VC in max 0.0 seconds and 1 step)
--> mc_requests.adb:13:15

 info: initialization of "B" proved
--> mc_requests.adb:18:07

 info: length check proved (Z3: 3 VC in max 0.0 seconds and 1 step)
--> mc_requests.adb:22:12

 info: range check proved (Z3: 4 VC in max 0.0 seconds and 1 step)
--> mc_requests.adb:23:10

 info: precondition proved (Z3: 3 VC in max 0.0 seconds and 1 step)
--> mc_requests.adb:24:25

 info: range check proved (Z3: 4 VC in max 0.0 seconds and 1 step)
--> mc_requests.adb:25:54

 info: precondition proved (Z3: 3 VC in max 0.0 seconds and 1 step)
--> mc_requests.adb:26:25

 info: precondition proved (Z3: 3 VC in max 0.0 seconds and 1 step)
--> mc_requests.adb:27:25

 info: range check proved (Z3: 2 VC in max 0.0 seconds and 1 step)
--> mc_requests.adb:29:53

 info: range check proved (Z3: 4 VC in max 0.0 seconds and 1 step)
--> mc_requests.adb:30:27

 info: range check proved (Z3: 4 VC in max 0.0 seconds and 1 step)
--> mc_requests.adb:30:54

 info: range check proved (Z3: 4 VC in max 0.0 seconds and 1 step)
--> mc_requests.adb:31:28

 info: precondition proved (Z3: 3 VC in max 0.0 seconds and 1 step)
--> mc_requests.adb:32:46

 info: range check proved (Z3: 2 VC in max 0.0 seconds and 1 step)
--> mc_requests.adb:32:46

 info: precondition proved (Z3: 3 VC in max 0.0 seconds and 1 step)
--> mc_requests.adb:33:44

 info: range check proved (Z3: 2 VC in max 0.1 seconds and 1 step)
--> mc_requests.adb:33:44

 info: range check proved (Z3: 4 VC in max 0.0 seconds and 1 step)
--> mc_requests.adb:34:29

 info: range check proved (Z3: 4 VC in max 0.0 seconds and 1 step)
--> mc_requests.adb:34:61

 info: initialization of "Expected" proved
--> mc_requests.adb:43:07

 info: precondition proved (Z3: 1 VC in max 0.0 seconds and 1 step)
--> mc_requests.adb:57:41

 info: implicit aspect Always_Terminates on "Encode" has been proved, subprogram will terminate
--> mc_requests.ads:18:13

 info: data dependencies proved
--> mc_requests.ads:18:60

 info: initialization of "R" proved
--> mc_requests.ads:19:36

 info: initialization of "Status" proved
--> mc_requests.ads:19:53

 info: data dependencies proved
--> mc_requests.ads:19:80

 info: implicit aspect Always_Terminates on "Header_Binds" has been proved, subprogram will terminate
--> mc_requests.ads:20:13

 info: data dependencies proved
--> mc_requests.ads:20:84
 info: cannot unroll loop (too many loop iterations) [info-unrolling-inlining]
--> mc_paths.adb:10:22

 medium: range check might fail, cannot prove lower bound for Value'First
--> mc_paths.adb:21:32
   21 |          Start : Positive := Value'First;
      |                              ~~~~~^~~~~~
      + reason for check: default component value must fit in the type
      + provers reached time limit before completing the proof

 info: index check proved (Z3: 2 VC in max 0.0 seconds and 1 step)
--> mc_paths.adb:24:29

 info: index check proved (Z3: 2 VC in max 0.0 seconds and 1 step)
--> mc_paths.adb:24:63

 info: loop invariant initialization proved (Z3: 2 VC in max 0.0 seconds and 1 step)
--> mc_paths.adb:30:33

 info: loop invariant preservation proved (Z3: 2 VC in max 0.0 seconds and 1 step)
--> mc_paths.adb:30:33

 info: range check proved (Z3: 4 VC in max 0.0 seconds and 1 step)
--> mc_paths.adb:32:54

 info: overflow check proved (Z3: 2 VC in max 0.0 seconds and 1 step)
--> mc_paths.adb:32:72

 info: overflow check proved (Z3: 2 VC in max 0.0 seconds and 1 step)
--> mc_paths.adb:35:24

 info: range check proved (Z3: 2 VC in max 0.0 seconds and 1 step)
--> mc_paths.adb:35:24

 info: range check proved (Z3: 4 VC in max 0.0 seconds and 1 step)
--> mc_paths.adb:38:30

 info: implicit aspect Always_Terminates on "Safe_Component" has been proved, subprogram will terminate
--> mc_paths.ads:4:13

 info: data dependencies proved
--> mc_paths.ads:5:11

 info: implicit aspect Always_Terminates on "Safe_Relative" has been proved, subprogram will terminate
--> mc_paths.ads:6:13

 info: data dependencies proved
--> mc_paths.ads:7:11
 info: overflow check proved (Z3: 2 VC in max 0.0 seconds and 1 step)
--> mc_replay.adb:20:61

 info: implicit aspect Always_Terminates on "Check" has been proved, subprogram will terminate
--> mc_replay.ads:12:13

 info: data dependencies proved
--> mc_replay.ads:15:12

 info: initialization of "Result" proved
--> mc_replay.ads:18:55

 info: data dependencies proved
--> mc_replay.ads:19:11

 info: postcondition proved (Trivial: 1 VC in max 0.0 seconds and 2 steps; Z3: 1 VC in max 0.0 seconds and 1 step)
--> mc_replay.ads:20:16
 info: implicit aspect Always_Terminates on "Valid" has been proved, subprogram will terminate
--> mc_faults.ads:26:13

 info: data dependencies proved
--> mc_faults.ads:26:51

 info: implicit aspect Always_Terminates on "Worse" has been proved, subprogram will terminate
--> mc_faults.ads:27:13

 info: data dependencies proved
--> mc_faults.ads:27:65

 info: implicit aspect Always_Terminates on "Isolation_Required" has been proved, subprogram will terminate
--> mc_faults.ads:28:13

 info: data dependencies proved
--> mc_faults.ads:28:64

 info: implicit aspect Always_Terminates on "Automatic_Disposition" has been proved, subprogram will terminate
--> mc_faults.ads:29:13

 info: data dependencies proved
--> mc_faults.ads:29:71
 info: range check proved (Z3: 2 VC in max 0.0 seconds and 1 step)
--> mc_base64.adb:5:07

 info: overflow check proved (Z3: 2 VC in max 0.0 seconds and 1 step)
--> mc_base64.adb:5:22

 info: range check proved (Z3: 2 VC in max 0.0 seconds and 1 step)
--> mc_base64.adb:5:29

 info: overflow check proved (Z3: 2 VC in max 0.0 seconds and 1 step)
--> mc_base64.adb:5:36

 info: division check proved (Z3: 1 VC in max 0.0 seconds and 1 step)
--> mc_base64.adb:5:39

 info: length check proved (Z3: 3 VC in max 0.0 seconds and 1 step)
--> mc_base64.adb:5:47

 info: initialization of "A" proved
--> mc_base64.adb:5:95

 info: initialization of "B" proved
--> mc_base64.adb:5:97

 info: initialization of "C" proved
--> mc_base64.adb:5:99

 info: range check proved (Z3: 4 VC in max 0.0 seconds and 1 step)
--> mc_base64.adb:7:19

 info: loop variant proved (Z3: 1 VC in max 0.0 seconds and 1 step)
--> mc_base64.adb:8:30

 info: overflow check proved (Z3: 2 VC in max 0.0 seconds and 1 step)
--> mc_base64.adb:9:36

 info: index check proved (Z3: 2 VC in max 0.0 seconds and 1 step)
--> mc_base64.adb:9:36

 info: overflow check proved (Z3: 2 VC in max 0.0 seconds and 1 step)
--> mc_base64.adb:10:14

 info: range check proved (Z3: 2 VC in max 0.0 seconds and 1 step)
--> mc_base64.adb:10:21

 info: overflow check proved (Z3: 2 VC in max 0.0 seconds and 1 step)
--> mc_base64.adb:10:60

 info: overflow check proved (Z3: 2 VC in max 0.0 seconds and 1 step)
--> mc_base64.adb:10:62

 info: index check proved (Z3: 2 VC in max 0.0 seconds and 1 step)
--> mc_base64.adb:10:62

 info: overflow check proved (Z3: 2 VC in max 0.0 seconds and 1 step)
--> mc_base64.adb:11:14

 info: range check proved (Z3: 2 VC in max 0.0 seconds and 1 step)
--> mc_base64.adb:11:21

 info: overflow check proved (Z3: 2 VC in max 0.0 seconds and 1 step)
--> mc_base64.adb:11:60

 info: overflow check proved (Z3: 2 VC in max 0.0 seconds and 1 step)
--> mc_base64.adb:11:62

 info: index check proved (Z3: 2 VC in max 0.0 seconds and 1 step)
--> mc_base64.adb:11:62

 medium: array index check might fail
--> mc_base64.adb:12:12
   12 |             R(P):=Alphabet(A/4+1); R(P+1):=Alphabet((A mod 4)*16+B/16+1);
      |               ^
      + reason for check: value must be a valid index into the array
      + possible fix: loop at line 7 should mention P in a loop invariant
    7 |          while I<Data'Length loop
      |                              ^
      + provers reached time limit before completing the proof

 info: division check proved (Z3: 1 VC in max 0.0 seconds and 1 step)
--> mc_base64.adb:12:26

 info: index check proved (Z3: 2 VC in max 0.0 seconds and 1 step)
--> mc_base64.adb:12:28

 info: overflow check proved (Z3: 2 VC in max 0.0 seconds and 1 step)
--> mc_base64.adb:12:36

 medium: array index check might fail
--> mc_base64.adb:12:36
   12 |             R(P):=Alphabet(A/4+1); R(P+1):=Alphabet((A mod 4)*16+B/16+1);
      |                                      ~^~
      + reason for check: result of addition must be a valid index into the array
      + possible fix: loop at line 7 should mention P in a loop invariant
    7 |          while I<Data'Length loop
      |                              ^
      + provers reached time limit before completing the proof

 info: division check proved (Z3: 1 VC in max 0.0 seconds and 1 step)
--> mc_base64.adb:12:53

 info: division check proved (Z3: 1 VC in max 0.0 seconds and 1 step)
--> mc_base64.adb:12:64

 info: index check proved (Z3: 2 VC in max 0.0 seconds and 1 step)
--> mc_base64.adb:12:67

 info: overflow check proved (Z3: 2 VC in max 0.0 seconds and 1 step)
--> mc_base64.adb:13:13

 medium: array index check might fail
--> mc_base64.adb:13:13
   13 |             R(P+2):=(if I+1<Data'Length then Alphabet((B mod 16)*4+C/64+1) else '=');
      |               ~^~
      + reason for check: result of addition must be a valid index into the array
      + possible fix: loop at line 7 should mention P in a loop invariant
    7 |          while I<Data'Length loop
      |                              ^
      + provers reached time limit before completing the proof

 info: overflow check proved (Z3: 2 VC in max 0.0 seconds and 1 step)
--> mc_base64.adb:13:23

 info: range check proved (Z3: 2 VC in max 0.0 seconds and 1 step)
--> mc_base64.adb:13:30

 info: division check proved (Z3: 1 VC in max 0.0 seconds and 1 step)
--> mc_base64.adb:13:55

 info: division check proved (Z3: 1 VC in max 0.0 seconds and 1 step)
--> mc_base64.adb:13:66

 info: index check proved (Z3: 2 VC in max 0.0 seconds and 1 step)
--> mc_base64.adb:13:69

 info: overflow check proved (Z3: 2 VC in max 0.0 seconds and 1 step)
--> mc_base64.adb:14:13

 medium: array index check might fail
--> mc_base64.adb:14:13
   14 |             R(P+3):=(if I+2<Data'Length then Alphabet(C mod 64+1) else '=');
      |               ~^~
      + reason for check: result of addition must be a valid index into the array
      + possible fix: loop at line 7 should mention P in a loop invariant
    7 |          while I<Data'Length loop
      |                              ^
      + provers reached time limit before completing the proof

 info: overflow check proved (Z3: 2 VC in max 0.0 seconds and 1 step)
--> mc_base64.adb:14:23

 info: range check proved (Z3: 2 VC in max 0.0 seconds and 1 step)
--> mc_base64.adb:14:30

 info: division check proved (Z3: 1 VC in max 0.0 seconds and 1 step)
--> mc_base64.adb:14:54

 info: overflow check proved (Z3: 2 VC in max 0.0 seconds and 1 step)
--> mc_base64.adb:15:14

 info: overflow check proved (Z3: 2 VC in max 0.0 seconds and 1 step)
--> mc_base64.adb:15:22

 info: initialization of "Pads" proved
--> mc_base64.adb:19:68

 info: implicit aspect Always_Terminates on "Value" has been proved, subprogram will terminate
--> mc_base64.adb:20:16

 info: local subprogram "Value" only analyzed in the context of calls [info-unrolling-inlining]
--> mc_base64.adb:20:16
      + add a contract to analyze it separately from calling contexts

 info: local subprogram "Emit" only analyzed in the context of calls [info-unrolling-inlining]
--> mc_base64.adb:22:17
      + add a contract to analyze it separately from calling contexts

 info: overflow check proved (Z3: 2 VC in max 0.0 seconds and 1 step), in call inlined at mc_base64.adb:38
--> mc_base64.adb:22:54

 info: overflow check proved (Z3: 2 VC in max 0.0 seconds and 1 step), in call inlined at mc_base64.adb:39
--> mc_base64.adb:22:54

 info: overflow check proved (Z3: 2 VC in max 0.0 seconds and 1 step), in call inlined at mc_base64.adb:40
--> mc_base64.adb:22:54

 medium: overflow check might fail, cannot prove upper bound for Data'First+Used, in call inlined at mc_base64.adb:38
--> mc_base64.adb:22:73
   22 |          procedure Emit(N : Natural) is begin Used:=Used+1; Data(Data'First+Used-1):=Byte(N); end;
      |                                                                  ~~~~~~~~~~^~
      + reason for check: result of addition must fit in a 32-bits machine integer
      + provers reached time limit before completing the proof

 medium: overflow check might fail, cannot prove upper bound for Data'First+Used, in call inlined at mc_base64.adb:39
--> mc_base64.adb:22:73
   22 |          procedure Emit(N : Natural) is begin Used:=Used+1; Data(Data'First+Used-1):=Byte(N); end;
      |                                                                  ~~~~~~~~~~^~
      + reason for check: result of addition must fit in a 32-bits machine integer
      + provers reached time limit before completing the proof

 medium: overflow check might fail, cannot prove upper bound for Data'First+Used, in call inlined at mc_base64.adb:40
--> mc_base64.adb:22:73
   22 |          procedure Emit(N : Natural) is begin Used:=Used+1; Data(Data'First+Used-1):=Byte(N); end;
      |                                                                  ~~~~~~~~~~^~
      + reason for check: result of addition must fit in a 32-bits machine integer
      + provers reached time limit before completing the proof

 info: overflow check proved (Z3: 2 VC in max 0.0 seconds and 1 step), in call inlined at mc_base64.adb:38
--> mc_base64.adb:22:78

 info: index check proved (Z3: 2 VC in max 0.0 seconds and 1 step), in call inlined at mc_base64.adb:38
--> mc_base64.adb:22:78

 info: overflow check proved (Z3: 2 VC in max 0.0 seconds and 1 step), in call inlined at mc_base64.adb:39
--> mc_base64.adb:22:78

 info: index check proved (Z3: 2 VC in max 0.0 seconds and 1 step), in call inlined at mc_base64.adb:39
--> mc_base64.adb:22:78

 info: overflow check proved (Z3: 2 VC in max 0.0 seconds and 1 step), in call inlined at mc_base64.adb:40
--> mc_base64.adb:22:78

 info: index check proved (Z3: 2 VC in max 0.0 seconds and 1 step), in call inlined at mc_base64.adb:40
--> mc_base64.adb:22:78

 info: range check proved (Z3: 1 VC in max 0.0 seconds and 1 step), in call inlined at mc_base64.adb:38
--> mc_base64.adb:22:88

 info: range check proved (Z3: 1 VC in max 0.0 seconds and 1 step), in call inlined at mc_base64.adb:39
--> mc_base64.adb:22:88

 info: range check proved (Z3: 1 VC in max 0.0 seconds and 1 step), in call inlined at mc_base64.adb:40
--> mc_base64.adb:22:88

 info: length check proved (Z3: 3 VC in max 0.0 seconds and 1 step)
--> mc_base64.adb:24:20

 info: division check proved (Z3: 1 VC in max 0.0 seconds and 1 step)
--> mc_base64.adb:25:22

 info: range check proved (Z3: 4 VC in max 0.0 seconds and 1 step)
--> mc_base64.adb:26:21

 info: unrolling loop [info-unrolling-inlining]
--> mc_base64.adb:28:24

 info: overflow check proved (Z3: 8 VC in max 0.0 seconds and 1 step)
--> mc_base64.adb:29:31

 medium: overflow check might fail, cannot prove upper bound for Text'First+Pos+I
--> mc_base64.adb:29:35
   29 |                if Text(Text'First+Pos+I)='=' then V(I):=0; Pads:=Pads+1;
      |                        ~~~~~~~~~~~~~~^~
      + reason for check: result of addition must fit in a 32-bits machine integer
      + possible fix: loop at line 26 should mention I in a loop invariant
   26 |          while Pos<Text'Length loop
      |                                ^
      + provers reached time limit before completing the proof

 medium: array index check might fail
--> mc_base64.adb:29:35
   29 |                if Text(Text'First+Pos+I)='=' then V(I):=0; Pads:=Pads+1;
      |                        ~~~~~~~~~~~~~~^~
      + reason for check: result of addition must be a valid index into the array
      + possible fix: loop at line 26 should mention I in a loop invariant
   26 |          while Pos<Text'Length loop
      |                                ^
      + provers reached time limit before completing the proof

 info: overflow check proved (Z3: 8 VC in max 0.0 seconds and 1 step)
--> mc_base64.adb:29:67

 info: analyzing call to "Value" in context
--> mc_base64.adb:32:22

 info: in inlined body at line 21
--> mc_base64.adb:32:22
      + cannot unroll loop (too many loop iterations) [info-unrolling-inlining]

 info: overflow check proved (Z3: 8 VC in max 0.0 seconds and 1 step)
--> mc_base64.adb:32:43

 info: overflow check proved (Z3: 8 VC in max 0.0 seconds and 1 step)
--> mc_base64.adb:32:47

 info: index check proved (Z3: 8 VC in max 0.0 seconds and 1 step)
--> mc_base64.adb:32:47

 info: overflow check proved (Z3: 2 VC in max 0.0 seconds and 1 step)
--> mc_base64.adb:35:48

 info: range check proved (Z3: 2 VC in max 0.0 seconds and 1 step)
--> mc_base64.adb:35:56

 medium: overflow check might fail, cannot prove upper bound for Used+3
--> mc_base64.adb:35:77
   35 |             if Pads>2 or else (Pads>0 and then Pos+4/=Text'Length) or else Used+3-Pads>Data'Length then return; end if;
      |                                                                            ~~~~^~
      + reason for check: result of addition must fit in a 32-bits machine integer
      + possible fix: loop at line 26 should mention Used in a loop invariant
   26 |          while Pos<Text'Length loop
      |                                ^
      + provers reached time limit before completing the proof

 info: overflow check proved (Z3: 2 VC in max 0.0 seconds and 1 step)
--> mc_base64.adb:35:79

 info: range check proved (Z3: 2 VC in max 0.0 seconds and 1 step)
--> mc_base64.adb:35:89

 info: division check proved (Z3: 1 VC in max 0.0 seconds and 1 step)
--> mc_base64.adb:36:34

 info: division check proved (Z3: 1 VC in max 0.0 seconds and 1 step)
--> mc_base64.adb:37:34

 info: analyzing call to "Emit" in context
--> mc_base64.adb:38:10

 info: overflow check proved (Z3: 2 VC in max 0.0 seconds and 1 step)
--> mc_base64.adb:38:19

 info: overflow check proved (Z3: 2 VC in max 0.0 seconds and 1 step)
--> mc_base64.adb:38:21

 info: division check proved (Z3: 1 VC in max 0.0 seconds and 1 step)
--> mc_base64.adb:38:26

 info: analyzing call to "Emit" in context
--> mc_base64.adb:39:25

 info: division check proved (Z3: 1 VC in max 0.0 seconds and 1 step)
--> mc_base64.adb:39:36

 info: division check proved (Z3: 1 VC in max 0.0 seconds and 1 step)
--> mc_base64.adb:39:51

 info: analyzing call to "Emit" in context
--> mc_base64.adb:40:25

 info: division check proved (Z3: 1 VC in max 0.0 seconds and 1 step)
--> mc_base64.adb:40:36

 info: overflow check proved (Z3: 2 VC in max 0.0 seconds and 1 step)
--> mc_base64.adb:40:45

 info: overflow check proved (Z3: 2 VC in max 0.0 seconds and 1 step)
--> mc_base64.adb:41:18

 info: implicit aspect Always_Terminates on "Encode" has been proved, subprogram will terminate
--> mc_base64.ads:4:13

 info: data dependencies proved
--> mc_base64.ads:4:53

 info: initialization of "Data" proved
--> mc_base64.ads:5:36

 info: initialization of "Used" proved
--> mc_base64.ads:5:54

 info: initialization of "Status" proved
--> mc_base64.ads:5:74

 info: data dependencies proved
--> mc_base64.ads:5:101
 info: implicit aspect Always_Terminates on "Base_OK" has been proved, subprogram will terminate
--> mc_diagnostic_bundle.adb:3:13

 info: implicit aspect Always_Terminates on "Sufficient_For_Kernel_Incident" has been proved, subprogram will terminate
--> mc_diagnostic_bundle.ads:16:13

 info: data dependencies proved
--> mc_diagnostic_bundle.ads:16:92

 info: implicit aspect Always_Terminates on "Sufficient_For_Change_Incident" has been proved, subprogram will terminate
--> mc_diagnostic_bundle.ads:17:13

 info: data dependencies proved
--> mc_diagnostic_bundle.ads:17:92
 info: unrolling loop [info-unrolling-inlining]
--> mc_qualification.adb:12:29

 info: cannot unroll loop (too many loop iterations) [info-unrolling-inlining]
--> mc_qualification.adb:15:28

 info: index check proved (CVC5: 4 VC in max 0.1 seconds and 567 steps; Z3: 28 VC in max 0.0 seconds and 1 step)
--> mc_qualification.adb:16:41

 info: precondition proved (Z3: 3 VC in max 0.0 seconds and 1 step)
--> mc_qualification.adb:29:44

 info: precondition proved (Z3: 3 VC in max 0.0 seconds and 1 step)
--> mc_qualification.adb:30:15

 info: precondition proved (Z3: 3 VC in max 0.0 seconds and 1 step)
--> mc_qualification.adb:30:56

 info: precondition proved (Z3: 1 VC in max 0.0 seconds and 1 step)
--> mc_qualification.adb:31:32

 info: range check proved (Z3: 4 VC in max 0.0 seconds and 1 step)
--> mc_qualification.adb:31:39

 info: initialization of "F" proved
--> mc_qualification.adb:34:07

 info: initialization of "T" proved
--> mc_qualification.adb:34:18

 info: length check proved (Z3: 3 VC in max 0.0 seconds and 1 step)
--> mc_qualification.adb:36:98

 info: range check proved (Z3: 4 VC in max 0.0 seconds and 1 step)
--> mc_qualification.adb:37:10

 info: unrolling loop [info-unrolling-inlining]
--> mc_qualification.adb:41:23

 info: precondition proved (Z3: 9 VC in max 0.0 seconds and 1 step)
--> mc_qualification.adb:41:39

 info: range check proved (Z3: 2 VC in max 0.0 seconds and 1 step)
--> mc_qualification.adb:42:47

 info: range check proved (Z3: 2 VC in max 0.0 seconds and 1 step)
--> mc_qualification.adb:42:98

 info: range check proved (Z3: 4 VC in max 0.0 seconds and 1 step)
--> mc_qualification.adb:43:19

 info: range check proved (Z3: 4 VC in max 0.0 seconds and 1 step)
--> mc_qualification.adb:43:47

 info: range check proved (Z3: 4 VC in max 0.0 seconds and 1 step)
--> mc_qualification.adb:43:75

 info: range check proved (Z3: 4 VC in max 0.0 seconds and 1 step)
--> mc_qualification.adb:44:21

 info: range check proved (Z3: 4 VC in max 0.0 seconds and 1 step)
--> mc_qualification.adb:44:49

 info: range check proved (Z3: 4 VC in max 0.0 seconds and 1 step)
--> mc_qualification.adb:44:75

 info: range check proved (Z3: 4 VC in max 0.0 seconds and 1 step)
--> mc_qualification.adb:45:22

 info: precondition proved (Z3: 3 VC in max 0.0 seconds and 1 step)
--> mc_qualification.adb:45:69

 info: range check proved (Z3: 2 VC in max 0.0 seconds and 1 step)
--> mc_qualification.adb:45:69

 info: precondition proved (Z3: 3 VC in max 0.0 seconds and 1 step)
--> mc_qualification.adb:46:37

 info: range check proved (CVC5: 2 VC in max 0.0 seconds and 101 steps)
--> mc_qualification.adb:46:37

 info: precondition proved (Z3: 3 VC in max 0.0 seconds and 1 step)
--> mc_qualification.adb:46:86

 info: range check proved (CVC5: 1 VC in max 0.0 seconds and 1 step; altergo: 1 VC in max 0.0 seconds and 254 steps)
--> mc_qualification.adb:46:86

 info: initialization of "A" proved
--> mc_qualification.adb:52:07

 info: initialization of "Who" proved
--> mc_qualification.adb:53:07

 info: cannot unroll loop (too many loop iterations) [info-unrolling-inlining]
--> mc_qualification.adb:57:41

 info: unrolling loop [info-unrolling-inlining]
--> mc_qualification.adb:59:32

 info: overflow check proved (Z3: 2 VC in max 0.0 seconds and 1 step)
--> mc_qualification.adb:67:33

 info: index check proved (Z3: 2 VC in max 0.0 seconds and 1 step)
--> mc_qualification.adb:71:58

 info: index check proved (Z3: 2 VC in max 0.1 seconds and 1 step)
--> mc_qualification.adb:73:59

 info: index check proved (Z3: 2 VC in max 0.1 seconds and 1 step)
--> mc_qualification.adb:75:60

 medium: array index check might fail
--> mc_qualification.adb:82:41
   82 |             A.Independent_Roles := P.Keys (Build).Principal /= P.Keys (Review).Principal
      |                                            ^~~~~
      + reason for check: value must be a valid index into the array
      + possible fix: loop at line 57 should mention Build in a loop invariant
   57 |          for I in MC_Release.Evidence_Item loop
      |                                            ^
      + provers reached time limit before completing the proof

 medium: array index check might fail
--> mc_qualification.adb:82:69
   82 |             A.Independent_Roles := P.Keys (Build).Principal /= P.Keys (Review).Principal
      |                                                                        ^~~~~~
      + reason for check: value must be a valid index into the array
      + possible fix: loop at line 57 should mention Review in a loop invariant
   57 |          for I in MC_Release.Evidence_Item loop
      |                                            ^
      + provers reached time limit before completing the proof

 info: index check proved (Z3: 2 VC in max 0.0 seconds and 1 step)
--> mc_qualification.adb:83:29

 medium: array index check might fail
--> mc_qualification.adb:83:57
   83 |               and then P.Keys (Build).Principal /= P.Keys (Approve).Principal
      |                                                            ^~~~~~~
      + reason for check: value must be a valid index into the array
      + possible fix: loop at line 57 should mention Approve in a loop invariant
   57 |          for I in MC_Release.Evidence_Item loop
      |                                            ^
      + provers reached time limit before completing the proof

 info: index check proved (Z3: 2 VC in max 0.0 seconds and 1 step)
--> mc_qualification.adb:84:29

 info: index check proved (Z3: 2 VC in max 0.0 seconds and 1 step)
--> mc_qualification.adb:84:58

 info: index check proved (Z3: 2 VC in max 0.0 seconds and 1 step)
--> mc_qualification.adb:85:29

 info: index check proved (Z3: 2 VC in max 0.0 seconds and 1 step)
--> mc_qualification.adb:85:54

 info: index check proved (Z3: 2 VC in max 0.0 seconds and 1 step)
--> mc_qualification.adb:86:29

 info: index check proved (Z3: 2 VC in max 0.0 seconds and 1 step)
--> mc_qualification.adb:86:54

 info: index check proved (Z3: 2 VC in max 0.0 seconds and 1 step)
--> mc_qualification.adb:87:29

 info: index check proved (Z3: 2 VC in max 0.0 seconds and 1 step)
--> mc_qualification.adb:87:55

 info: implicit aspect Always_Terminates on "Valid" has been proved, subprogram will terminate
--> mc_qualification.ads:32:13

 info: data dependencies proved
--> mc_qualification.ads:32:52

 info: implicit aspect Always_Terminates on "Encode" has been proved, subprogram will terminate
--> mc_qualification.ads:33:13

 info: data dependencies proved
--> mc_qualification.ads:33:50

 info: initialization of "C" proved
--> mc_qualification.ads:34:33

 info: initialization of "Status" proved
--> mc_qualification.ads:34:48

 info: data dependencies proved
--> mc_qualification.ads:34:75

 info: implicit aspect Always_Terminates on "Evaluate" has been proved, subprogram will terminate
--> mc_qualification.ads:35:13

 info: data dependencies proved
--> mc_qualification.ads:36:45
 info: overflow check proved (Z3: 2 VC in max 0.0 seconds and 1 step)
--> mc_incidents.adb:29:44

 info: range check proved (Z3: 2 VC in max 0.0 seconds and 1 step)
--> mc_incidents.adb:58:44

 info: range check proved (Z3: 2 VC in max 0.0 seconds and 1 step)
--> mc_incidents.adb:60:44

 info: overflow check proved (Z3: 2 VC in max 0.1 seconds and 67 steps)
--> mc_incidents.adb:73:32

 info: implicit aspect Always_Terminates on "Valid" has been proved, subprogram will terminate
--> mc_incidents.ads:32:13

 info: data dependencies proved
--> mc_incidents.ads:32:51

 info: initialization of "Status" proved
--> mc_incidents.ads:34:50

 info: data dependencies proved
--> mc_incidents.ads:35:11

 info: postcondition proved (Trivial: 2 VC in max 0.0 seconds and 2 steps; Z3: 2 VC in max 0.0 seconds and 1 step)
--> mc_incidents.ads:36:16

 info: overflow check proved (Z3: 2 VC in max 0.0 seconds and 1 step)
--> mc_incidents.ads:37:68
 info: initialization of "I" proved
--> mc_json.adb:6:07

 info: initialization of "B" proved
--> mc_json.adb:6:20

 info: length check proved (Z3: 3 VC in max 0.0 seconds and 1 step)
--> mc_json.adb:8:21

 info: index check proved (Z3: 2 VC in max 0.0 seconds and 1 step)
--> mc_json.adb:9:48

 info: index check proved (Z3: 2 VC in max 0.0 seconds and 1 step)
--> mc_json.adb:9:90

 info: index check proved (Z3: 2 VC in max 0.0 seconds and 1 step)
--> mc_json.adb:10:25

 info: index check proved (Z3: 2 VC in max 0.0 seconds and 1 step)
--> mc_json.adb:10:59

 info: index check proved (Z3: 2 VC in max 0.0 seconds and 1 step)
--> mc_json.adb:10:76

 info: index check proved (Z3: 2 VC in max 0.0 seconds and 1 step)
--> mc_json.adb:11:18

 info: overflow check proved (Z3: 2 VC in max 0.0 seconds and 1 step)
--> mc_json.adb:11:26

 info: index check proved (Z3: 4 VC in max 0.0 seconds and 1 step)
--> mc_json.adb:12:23

 info: loop variant proved (Z3: 1 VC in max 0.0 seconds and 1 step)
--> mc_json.adb:13:30

 medium: array index check might fail
--> mc_json.adb:14:18
   14 |             B:=Data(I); I:=I+1;
      |                     ^
      + reason for check: value must be a valid index into the array
      + provers reached time limit before completing the proof

 info: overflow check proved (Z3: 2 VC in max 0.0 seconds and 1 step)
--> mc_json.adb:14:26

 info: index check proved (Z3: 2 VC in max 0.0 seconds and 1 step)
--> mc_json.adb:16:27

 info: index check proved (Z3: 2 VC in max 0.0 seconds and 1 step)
--> mc_json.adb:17:23

 info: index check proved (Z3: 2 VC in max 0.0 seconds and 1 step)
--> mc_json.adb:18:39

 info: overflow check proved (Z3: 2 VC in max 0.0 seconds and 1 step)
--> mc_json.adb:21:27

 info: range check proved (Z3: 2 VC in max 0.0 seconds and 1 step)
--> mc_json.adb:23:23

 medium: overflow check might fail, cannot prove upper bound for Used+1
--> mc_json.adb:24:20
   24 |             Used:=Used+1; Value(Value'First+Used-1):=B;
      |                   ~~~~^~
      + reason for check: result of addition must fit in a 32-bits machine integer
      + possible fix: loop at line 12 should mention Used in a loop invariant
   12 |          while I<D.Nodes(N).Last loop
      |                                  ^
      + provers reached time limit before completing the proof

 medium: overflow check might fail, cannot prove upper bound for Value'First+Used
--> mc_json.adb:24:41
   24 |             Used:=Used+1; Value(Value'First+Used-1):=B;
      |                                 ~~~~~~~~~~~^~~~~
      + reason for check: result of addition must fit in a 32-bits machine integer
      + possible fix: loop at line 12 should mention Used in a loop invariant
   12 |          while I<D.Nodes(N).Last loop
      |                                  ^
      + provers reached time limit before completing the proof

 info: overflow check proved (Z3: 2 VC in max 0.0 seconds and 1 step)
--> mc_json.adb:24:46

 medium: array index check might fail
--> mc_json.adb:24:46
   24 |             Used:=Used+1; Value(Value'First+Used-1):=B;
      |                                 ~~~~~~~~~~~~~~~~^~
      + reason for check: result of subtraction must be a valid index into the array
      + possible fix: loop at line 12 should mention Used in a loop invariant
   12 |          while I<D.Nodes(N).Last loop
      |                                  ^
      + provers reached time limit before completing the proof

 info: initialization of "I" proved
--> mc_json.adb:28:07

 info: initialization of "B" proved
--> mc_json.adb:28:45

 info: initialization of "Used" proved
--> mc_json.adb:28:64

 info: initialization of "S" proved
--> mc_json.adb:28:80

 info: initialization of "Equal" proved
--> mc_json.adb:28:93

 info: index check proved (Z3: 2 VC in max 0.0 seconds and 1 step)
--> mc_json.adb:30:70

 info: index check proved (Z3: 2 VC in max 0.0 seconds and 1 step)
--> mc_json.adb:31:18

 info: index check proved (Z3: 4 VC in max 0.0 seconds and 1 step)
--> mc_json.adb:33:24

 info: loop variant proved (Z3: 1 VC in max 0.0 seconds and 1 step)
--> mc_json.adb:34:30

 info: range check proved (Z3: 2 VC in max 0.0 seconds and 1 step)
--> mc_json.adb:35:30

 info: range check proved (Z3: 2 VC in max 0.0 seconds and 1 step)
--> mc_json.adb:36:25

 info: cannot unroll loop (too many loop iterations) [info-unrolling-inlining]
--> mc_json.adb:37:43

 info: overflow check proved (Z3: 2 VC in max 0.0 seconds and 1 step)
--> mc_json.adb:37:54

 info: overflow check proved (CVC5: 1 VC in max 0.0 seconds and 1 step; Z3: 1 VC in max 0.0 seconds and 1 step)
--> mc_json.adb:37:64

 medium: array index check might fail
--> mc_json.adb:37:64
   37 |             if Equal then for J in Key'Range loop if B(J-Key'First+1)/=Byte(Character'Pos(Key(J))) then Equal:=False; end if; end loop; end if;
      |                                                        ~~~~~~~~~~~^~
      + reason for check: result of addition must be a valid index into the array
      + provers reached time limit before completing the proof

 medium: range check might fail, cannot prove upper bound for I+1
--> mc_json.adb:38:32
   38 |             if Equal then return I+1; end if;
      |                                  ~^~
      + reason for check: returned value must fit in the result type of the function
      + provers reached time limit before completing the proof

 info: index check proved (Z3: 2 VC in max 0.0 seconds and 1 step)
--> mc_json.adb:39:42

 info: index check proved (Z3: 2 VC in max 0.0 seconds and 1 step)
--> mc_json.adb:40:30

 info: initialization of "I" proved
--> mc_json.adb:44:07

 info: index check proved (Z3: 2 VC in max 0.0 seconds and 1 step)
--> mc_json.adb:46:68

 info: index check proved (Z3: 2 VC in max 0.0 seconds and 1 step)
--> mc_json.adb:47:18

 info: index check proved (CVC5: 2 VC in max 0.0 seconds and 1 step; Z3: 2 VC in max 0.0 seconds and 1 step)
--> mc_json.adb:49:24

 info: loop variant proved (Z3: 1 VC in max 0.0 seconds and 1 step)
--> mc_json.adb:50:30

 info: range check proved (Z3: 2 VC in max 0.0 seconds and 1 step)
--> mc_json.adb:51:36

 medium: array index check might fail
--> mc_json.adb:51:58
   51 |             if P=Position then return I; end if; if D.Nodes(I).End_Index<I then return 0; end if;
      |                                                             ^
      + reason for check: value must be a valid index into the array
      + provers reached time limit before completing the proof

 info: index check proved (Z3: 2 VC in max 0.0 seconds and 1 step)
--> mc_json.adb:52:29

 medium: overflow check might fail, cannot prove upper bound for P+1
--> mc_json.adb:52:50
   52 |             I:=Natural(D.Nodes(I).End_Index)+1; P:=P+1;
      |                                                    ~^~
      + reason for check: result of addition must fit in a 32-bits machine integer
      + possible fix: loop at line 49 should mention P in a loop invariant
   49 |          while I<=D.Nodes(Array_Index).End_Index loop
      |                                                  ^
      + provers reached time limit before completing the proof

 medium: range check might fail, cannot prove lower bound for Data'First
--> mc_json.adb:56:26
   56 |          Pos : Natural:=Data'First; Bad : Boolean:=False;
      |                         ~~~~^~~~~~
      + reason for check: default component value must fit in the type
      + provers reached time limit before completing the proof

 info: local subprogram "Space" only analyzed in the context of calls [info-unrolling-inlining]
--> mc_json.adb:57:17
      + add a contract to analyze it separately from calling contexts

 medium: array index check might fail, in call inlined at mc_json.adb:128
--> mc_json.adb:57:67
   57 |          procedure Space is begin while Pos<=Data'Last and then Data(Pos) in 9|10|13|32 loop Pos:=Pos+1; end loop; end;
      |                                                                      ^
      + reason for check: value must be a valid index into the array
      + possible fix: call at line 128 should mention Pos in a postcondition
  128 |          Value_Read(0,0,N); Space;
      |          ^
      + provers reached time limit before completing the proof

 medium: array index check might fail, in call inlined at mc_json.adb:83
--> mc_json.adb:57:67
   57 |          procedure Space is begin while Pos<=Data'Last and then Data(Pos) in 9|10|13|32 loop Pos:=Pos+1; end loop; end;
      |                                                                      ^
      + reason for check: value must be a valid index into the array
      + possible fix: subprogram at line 78 should mention Pos in a precondition
   78 |          procedure Value_Read(Parent : Index; Depth : Natural; N : out Index);
      |          ^
      + provers reached time limit before completing the proof

 medium: array index check might fail, in call inlined at mc_json.adb:89
--> mc_json.adb:57:67
   57 |          procedure Space is begin while Pos<=Data'Last and then Data(Pos) in 9|10|13|32 loop Pos:=Pos+1; end loop; end;
      |                                                                      ^
      + reason for check: value must be a valid index into the array
      + possible fix: subprogram at line 78 should mention Pos in a precondition
   78 |          procedure Value_Read(Parent : Index; Depth : Natural; N : out Index);
      |          ^
      + provers reached time limit before completing the proof

 medium: array index check might fail, in call inlined at mc_json.adb:101
--> mc_json.adb:57:67
   57 |          procedure Space is begin while Pos<=Data'Last and then Data(Pos) in 9|10|13|32 loop Pos:=Pos+1; end loop; end;
      |                                                                      ^
      + reason for check: value must be a valid index into the array
      + possible fix: loop at line 91 should mention Pos in a loop invariant
   91 |                loop
      |                ^
      + provers reached time limit before completing the proof

 medium: array index check might fail, in call inlined at mc_json.adb:104
--> mc_json.adb:57:67
   57 |          procedure Space is begin while Pos<=Data'Last and then Data(Pos) in 9|10|13|32 loop Pos:=Pos+1; end loop; end;
      |                                                                      ^
      + reason for check: value must be a valid index into the array
      + possible fix: call at line 103 should mention Pos in a postcondition
  103 |                   Value_Read(N,Depth+1,Value_Node); if Bad or else Value_Node=0 then Bad:=True; return; end if;
      |                   ^
      + provers reached time limit before completing the proof

 medium: array index check might fail, in call inlined at mc_json.adb:107
--> mc_json.adb:57:67
   57 |          procedure Space is begin while Pos<=Data'Last and then Data(Pos) in 9|10|13|32 loop Pos:=Pos+1; end loop; end;
      |                                                                      ^
      + reason for check: value must be a valid index into the array
      + possible fix: call at line 103 should mention Pos in a postcondition
  103 |                   Value_Read(N,Depth+1,Value_Node); if Bad or else Value_Node=0 then Bad:=True; return; end if;
      |                   ^
      + provers reached time limit before completing the proof

 medium: overflow check might fail, cannot prove upper bound for Pos+1, in call inlined at mc_json.adb:128
--> mc_json.adb:57:99
   57 |          procedure Space is begin while Pos<=Data'Last and then Data(Pos) in 9|10|13|32 loop Pos:=Pos+1; end loop; end;
      |                                                                                                   ~~~^~
      + reason for check: result of addition must fit in a 32-bits machine integer
      + provers reached time limit before completing the proof

 medium: overflow check might fail, cannot prove upper bound for Pos+1, in call inlined at mc_json.adb:83
--> mc_json.adb:57:99
   57 |          procedure Space is begin while Pos<=Data'Last and then Data(Pos) in 9|10|13|32 loop Pos:=Pos+1; end loop; end;
      |                                                                                                   ~~~^~
      + reason for check: result of addition must fit in a 32-bits machine integer
      + provers reached time limit before completing the proof

 medium: overflow check might fail, cannot prove upper bound for Pos+1, in call inlined at mc_json.adb:89
--> mc_json.adb:57:99
   57 |          procedure Space is begin while Pos<=Data'Last and then Data(Pos) in 9|10|13|32 loop Pos:=Pos+1; end loop; end;
      |                                                                                                   ~~~^~
      + reason for check: result of addition must fit in a 32-bits machine integer
      + provers reached time limit before completing the proof

 medium: overflow check might fail, cannot prove upper bound for Pos+1, in call inlined at mc_json.adb:101
--> mc_json.adb:57:99
   57 |          procedure Space is begin while Pos<=Data'Last and then Data(Pos) in 9|10|13|32 loop Pos:=Pos+1; end loop; end;
      |                                                                                                   ~~~^~
      + reason for check: result of addition must fit in a 32-bits machine integer
      + provers reached time limit before completing the proof

 medium: overflow check might fail, cannot prove upper bound for Pos+1, in call inlined at mc_json.adb:104
--> mc_json.adb:57:99
   57 |          procedure Space is begin while Pos<=Data'Last and then Data(Pos) in 9|10|13|32 loop Pos:=Pos+1; end loop; end;
      |                                                                                                   ~~~^~
      + reason for check: result of addition must fit in a 32-bits machine integer
      + provers reached time limit before completing the proof

 medium: overflow check might fail, cannot prove upper bound for Pos+1, in call inlined at mc_json.adb:107
--> mc_json.adb:57:99
   57 |          procedure Space is begin while Pos<=Data'Last and then Data(Pos) in 9|10|13|32 loop Pos:=Pos+1; end loop; end;
      |                                                                                                   ~~~^~
      + reason for check: result of addition must fit in a 32-bits machine integer
      + provers reached time limit before completing the proof

 info: local subprogram "Add" only analyzed in the context of calls [info-unrolling-inlining]
--> mc_json.adb:58:17
      + add a contract to analyze it separately from calling contexts

 info: initialization of "N" proved
--> mc_json.adb:58:47

 info: range check proved (Z3: 2 VC in max 0.0 seconds and 1 step), in call inlined at mc_json.adb:66, in call inlined at mc_json.adb:85
--> mc_json.adb:61:26

 info: range check proved (Z3: 2 VC in max 0.0 seconds and 1 step), in call inlined at mc_json.adb:88
--> mc_json.adb:61:26

 info: range check proved (Z3: 2 VC in max 0.0 seconds and 1 step), in call inlined at mc_json.adb:66, in call inlined at mc_json.adb:93
--> mc_json.adb:61:26

 info: range check proved (Z3: 2 VC in max 0.0 seconds and 1 step), in call inlined at mc_json.adb:110
--> mc_json.adb:61:26

 info: range check proved (Z3: 2 VC in max 0.0 seconds and 1 step), in call inlined at mc_json.adb:118
--> mc_json.adb:61:26

 info: index check proved (Z3: 2 VC in max 0.0 seconds and 1 step), in call inlined at mc_json.adb:66, in call inlined at mc_json.adb:85
--> mc_json.adb:61:50

 info: index check proved (Z3: 2 VC in max 0.0 seconds and 1 step), in call inlined at mc_json.adb:88
--> mc_json.adb:61:50

 info: index check proved (Z3: 2 VC in max 0.0 seconds and 1 step), in call inlined at mc_json.adb:66, in call inlined at mc_json.adb:93
--> mc_json.adb:61:50

 info: index check proved (Z3: 2 VC in max 0.0 seconds and 1 step), in call inlined at mc_json.adb:110
--> mc_json.adb:61:50

 info: index check proved (Z3: 2 VC in max 0.0 seconds and 1 step), in call inlined at mc_json.adb:118
--> mc_json.adb:61:50

 info: local subprogram "String_Node_Read" only analyzed in the context of calls [info-unrolling-inlining]
--> mc_json.adb:63:17
      + add a contract to analyze it separately from calling contexts

 info: initialization of "N" proved
--> mc_json.adb:63:50

 info: analyzing call to "Add" in context
--> mc_json.adb:66:10

 info: index check proved (Z3: 2 VC in max 0.0 seconds and 1 step), in call inlined at mc_json.adb:85
--> mc_json.adb:67:40

 medium: array index check might fail, in call inlined at mc_json.adb:93
--> mc_json.adb:67:40
   67 |             if Pos>Data'Last or else Data(Pos)/=34 then Bad:=True; return; end if; Pos:=Pos+1;
      |                                           ^
      + reason for check: value must be a valid index into the array
      + possible fix: loop at line 91 should mention Pos in a loop invariant
   91 |                loop
      |                ^
      + provers reached time limit before completing the proof

 medium: overflow check might fail, cannot prove upper bound for Pos+1, in call inlined at mc_json.adb:85
--> mc_json.adb:67:89
   67 |             if Pos>Data'Last or else Data(Pos)/=34 then Bad:=True; return; end if; Pos:=Pos+1;
      |                                                                                         ~~~^~
      + reason for check: result of addition must fit in a 32-bits machine integer
      + possible fix: subprogram at line 78 should mention Pos in a precondition
   78 |          procedure Value_Read(Parent : Index; Depth : Natural; N : out Index);
      |          ^
      + provers reached time limit before completing the proof

 medium: overflow check might fail, cannot prove upper bound for Pos+1, in call inlined at mc_json.adb:93
--> mc_json.adb:67:89
   67 |             if Pos>Data'Last or else Data(Pos)/=34 then Bad:=True; return; end if; Pos:=Pos+1;
      |                                                                                         ~~~^~
      + reason for check: result of addition must fit in a 32-bits machine integer
      + possible fix: loop at line 91 should mention Pos in a loop invariant
   91 |                loop
      |                ^
      + provers reached time limit before completing the proof

 medium: array index check might fail, in call inlined at mc_json.adb:85
--> mc_json.adb:70:24
   70 |                   if Data(Pos) not in 34|92|47|98|102|110|114|116 then Bad:=True; return; end if;
      |                           ^
      + reason for check: value must be a valid index into the array
      + provers reached time limit before completing the proof

 medium: array index check might fail, in call inlined at mc_json.adb:93
--> mc_json.adb:70:24
   70 |                   if Data(Pos) not in 34|92|47|98|102|110|114|116 then Bad:=True; return; end if;
      |                           ^
      + reason for check: value must be a valid index into the array
      + provers reached time limit before completing the proof

 medium: array index check might fail, in call inlined at mc_json.adb:85
--> mc_json.adb:72:24
   72 |                elsif Data(Pos)=92 then Escaped:=True;
      |                           ^
      + reason for check: value must be a valid index into the array
      + provers reached time limit before completing the proof

 medium: array index check might fail, in call inlined at mc_json.adb:93
--> mc_json.adb:72:24
   72 |                elsif Data(Pos)=92 then Escaped:=True;
      |                           ^
      + reason for check: value must be a valid index into the array
      + provers reached time limit before completing the proof

 info: index check proved (Z3: 2 VC in max 0.0 seconds and 1 step), in call inlined at mc_json.adb:85
--> mc_json.adb:73:24

 info: index check proved (Z3: 2 VC in max 0.0 seconds and 1 step), in call inlined at mc_json.adb:93
--> mc_json.adb:73:24

 info: index check proved (Z3: 2 VC in max 0.0 seconds and 1 step), in call inlined at mc_json.adb:85
--> mc_json.adb:73:45

 info: index check proved (Z3: 2 VC in max 0.0 seconds and 1 step), in call inlined at mc_json.adb:93
--> mc_json.adb:73:45

 medium: overflow check might fail, cannot prove upper bound for Pos+1, in call inlined at mc_json.adb:85
--> mc_json.adb:73:67
   73 |                elsif Data(Pos)=34 then D.Nodes(N).Last:=Pos; Pos:=Pos+1; return;
      |                                                                   ~~~^~
      + reason for check: result of addition must fit in a 32-bits machine integer
      + provers reached time limit before completing the proof

 medium: overflow check might fail, cannot prove upper bound for Pos+1, in call inlined at mc_json.adb:93
--> mc_json.adb:73:67
   73 |                elsif Data(Pos)=34 then D.Nodes(N).Last:=Pos; Pos:=Pos+1; return;
      |                                                                   ~~~^~
      + reason for check: result of addition must fit in a 32-bits machine integer
      + provers reached time limit before completing the proof

 info: index check proved (Z3: 2 VC in max 0.0 seconds and 1 step), in call inlined at mc_json.adb:85
--> mc_json.adb:74:24

 info: index check proved (Z3: 2 VC in max 0.0 seconds and 1 step), in call inlined at mc_json.adb:93
--> mc_json.adb:74:24

 info: index check proved (Z3: 2 VC in max 0.0 seconds and 1 step), in call inlined at mc_json.adb:85
--> mc_json.adb:74:45

 info: index check proved (Z3: 2 VC in max 0.0 seconds and 1 step), in call inlined at mc_json.adb:93
--> mc_json.adb:74:45

 medium: overflow check might fail, cannot prove upper bound for Pos+1, in call inlined at mc_json.adb:85
--> mc_json.adb:75:21
   75 |                Pos:=Pos+1;
      |                     ~~~^~
      + reason for check: result of addition must fit in a 32-bits machine integer
      + provers reached time limit before completing the proof

 medium: overflow check might fail, cannot prove upper bound for Pos+1, in call inlined at mc_json.adb:93
--> mc_json.adb:75:21
   75 |                Pos:=Pos+1;
      |                     ~~~^~
      + reason for check: result of addition must fit in a 32-bits machine integer
      + provers reached time limit before completing the proof

 info: initialization of "N" proved
--> mc_json.adb:78:61

 info: no contextual analysis of "Value_Read" (object renaming)
--> mc_json.adb:79:07

 info: initialization of "K" proved
--> mc_json.adb:80:10

 info: initialization of "Value_Node" proved
--> mc_json.adb:80:12

 info: initialization of "Earlier" proved
--> mc_json.adb:80:32

 info: initialization of "Object_Form" proved
--> mc_json.adb:80:76

 info: initialization of "Close_Byte" proved
--> mc_json.adb:80:99

 info: initialization of "Key" proved
--> mc_json.adb:81:10

 info: initialization of "Other" proved
--> mc_json.adb:81:14

 info: initialization of "KN" proved
--> mc_json.adb:81:37

 info: initialization of "ON" proved
--> mc_json.adb:81:40

 info: initialization of "S" proved
--> mc_json.adb:81:54

 info: analyzing call to "Space" in context
--> mc_json.adb:83:16

 info: index check proved (Z3: 2 VC in max 0.0 seconds and 1 step)
--> mc_json.adb:85:18

 info: analyzing call to "String_Node_Read" in context
--> mc_json.adb:85:31

 info: index check proved (Z3: 2 VC in max 0.0 seconds and 1 step)
--> mc_json.adb:86:21

 info: index check proved (Z3: 2 VC in max 0.0 seconds and 1 step)
--> mc_json.adb:87:31

 info: analyzing call to "Add" in context
--> mc_json.adb:88:13

 medium: overflow check might fail, cannot prove upper bound for Pos+1
--> mc_json.adb:89:21
   89 |                Pos:=Pos+1; Space;
      |                     ~~~^~
      + reason for check: result of addition must fit in a 32-bits machine integer
      + possible fix: subprogram at line 78 should mention Pos in a precondition
   78 |          procedure Value_Read(Parent : Index; Depth : Natural; N : out Index);
      |          ^
      + provers reached time limit before completing the proof

 info: analyzing call to "Space" in context
--> mc_json.adb:89:25

 info: index check proved (Z3: 2 VC in max 0.0 seconds and 1 step)
--> mc_json.adb:90:45

 info: index check proved (Z3: 2 VC in max 0.0 seconds and 1 step)
--> mc_json.adb:90:74

 medium: overflow check might fail, cannot prove upper bound for Pos+1
--> mc_json.adb:90:96
   90 |                if Pos<=Data'Last and then Data(Pos)=Close_Byte then D.Nodes(N).Last:=Pos; Pos:=Pos+1; return; end if;
      |                                                                                                ~~~^~
      + reason for check: result of addition must fit in a 32-bits machine integer
      + possible fix: subprogram at line 78 should mention Pos in a precondition
   78 |          procedure Value_Read(Parent : Index; Depth : Natural; N : out Index);
      |          ^
      + provers reached time limit before completing the proof

 info: analyzing call to "String_Node_Read" in context
--> mc_json.adb:93:19

 info: range check proved (Z3: 2 VC in max 0.0 seconds and 1 step)
--> mc_json.adb:97:42

 info: range check proved (CVC5: 1 VC in max 0.0 seconds and 1 step; Z3: 3 VC in max 0.0 seconds and 1 step)
--> mc_json.adb:98:55

 medium: range check might fail
--> mc_json.adb:98:66
   98 |                         if S/=OK or else (KN=ON and then Key(1..KN)=Other(1..ON)) then Bad:=True; return; end if;
      |                                                                     ^~~~~~~~~~~
      + reason for check: slice bounds must fit in the underlying array
      + possible fix: call at line 97 should mention Used (for argument ON) and Value (for argument Other) in a postcondition
   97 |                         String_Bytes(Data,D,Earlier,Other,ON,S);
      |                         ^
      + provers reached time limit before completing the proof

 info: index check proved (Z3: 2 VC in max 0.0 seconds and 1 step)
--> mc_json.adb:99:54

 info: analyzing call to "Space" in context
--> mc_json.adb:101:19

 info: index check proved (Z3: 2 VC in max 0.0 seconds and 1 step)
--> mc_json.adb:101:56

 medium: overflow check might fail, cannot prove upper bound for Pos+1
--> mc_json.adb:101:105
  101 |                      Space; if Pos>Data'Last or else Data(Pos)/=58 then Bad:=True; return; end if; Pos:=Pos+1;
      |                                                                                                         ~~~^~
      + reason for check: result of addition must fit in a 32-bits machine integer
      + possible fix: loop at line 91 should mention Pos in a loop invariant
   91 |                loop
      |                ^
      + provers reached time limit before completing the proof

 info: analyzing call to "Value_Read" in context
--> mc_json.adb:103:16

 info: no contextual analysis of call to recursive subprogram
--> mc_json.adb:103:16

 info: overflow check proved (Z3: 2 VC in max 0.0 seconds and 1 step)
--> mc_json.adb:103:34

 info: analyzing call to "Space" in context
--> mc_json.adb:104:16

 info: index check proved (Z3: 2 VC in max 0.0 seconds and 1 step)
--> mc_json.adb:105:24

 info: index check proved (Z3: 2 VC in max 0.0 seconds and 1 step)
--> mc_json.adb:105:53

 info: index check proved (Z3: 2 VC in max 0.0 seconds and 1 step)
--> mc_json.adb:105:75

 medium: overflow check might fail, cannot prove upper bound for Pos+1
--> mc_json.adb:105:106
  105 |                   if Data(Pos)=Close_Byte then D.Nodes(N).Last:=Pos; D.Nodes(N).End_Index:=D.Count; Pos:=Pos+1; return;
      |                                                                                                          ~~~^~
      + reason for check: result of addition must fit in a 32-bits machine integer
      + possible fix: call at line 103 should mention Pos in a postcondition
  103 |                   Value_Read(N,Depth+1,Value_Node); if Bad or else Value_Node=0 then Bad:=True; return; end if;
      |                   ^
      + provers reached time limit before completing the proof

 info: index check proved (Z3: 2 VC in max 0.0 seconds and 1 step)
--> mc_json.adb:106:27

 medium: overflow check might fail, cannot prove upper bound for Pos+1
--> mc_json.adb:107:29
  107 |                   else Pos:=Pos+1; Space; end if;
      |                             ~~~^~
      + reason for check: result of addition must fit in a 32-bits machine integer
      + possible fix: call at line 103 should mention Pos in a postcondition
  103 |                   Value_Read(N,Depth+1,Value_Node); if Bad or else Value_Node=0 then Bad:=True; return; end if;
      |                   ^
      + provers reached time limit before completing the proof

 info: analyzing call to "Space" in context
--> mc_json.adb:107:33

 info: index check proved (Z3: 2 VC in max 0.0 seconds and 1 step)
--> mc_json.adb:109:21

 info: analyzing call to "Add" in context
--> mc_json.adb:110:13

 medium: array index check might fail
--> mc_json.adb:111:48
  111 |                while Pos<=Data'Last and then Data(Pos) in 48..57 loop Pos:=Pos+1; end loop;
      |                                                   ^~~
      + reason for check: value must be a valid index into the array
      + possible fix: subprogram at line 78 should mention Pos in a precondition
   78 |          procedure Value_Read(Parent : Index; Depth : Natural; N : out Index);
      |          ^
      + provers reached time limit before completing the proof

 medium: overflow check might fail, cannot prove upper bound for Pos+1
--> mc_json.adb:111:76
  111 |                while Pos<=Data'Last and then Data(Pos) in 48..57 loop Pos:=Pos+1; end loop;
      |                                                                            ~~~^~
      + reason for check: result of addition must fit in a 32-bits machine integer
      + provers reached time limit before completing the proof

 info: index check proved (Z3: 2 VC in max 0.0 seconds and 1 step)
--> mc_json.adb:112:21

 info: range check proved (Z3: 2 VC in max 0.0 seconds and 1 step)
--> mc_json.adb:112:33

 info: overflow check proved (Z3: 2 VC in max 0.0 seconds and 1 step)
--> mc_json.adb:113:19

 info: index check proved (Z3: 2 VC in max 0.0 seconds and 1 step)
--> mc_json.adb:113:28

 info: overflow check proved (Z3: 2 VC in max 0.0 seconds and 1 step)
--> mc_json.adb:113:52

 info: index check proved (Z3: 2 VC in max 0.0 seconds and 1 step)
--> mc_json.adb:113:61

 info: index check proved (Z3: 2 VC in max 0.0 seconds and 1 step)
--> mc_json.adb:113:94

 info: index check proved (Z3: 2 VC in max 0.0 seconds and 1 step)
--> mc_json.adb:113:96

 info: index check proved (Z3: 2 VC in max 0.0 seconds and 1 step)
--> mc_json.adb:115:57

 info: index check proved (Z3: 2 VC in max 0.0 seconds and 1 step)
--> mc_json.adb:115:89

 info: index check proved (Z3: 2 VC in max 0.0 seconds and 1 step)
--> mc_json.adb:116:46

 info: index check proved (Z3: 2 VC in max 0.0 seconds and 1 step)
--> mc_json.adb:116:81

 info: analyzing call to "Add" in context
--> mc_json.adb:118:16

 info: range check proved (Z3: 2 VC in max 0.0 seconds and 1 step)
--> mc_json.adb:119:26

 info: overflow check proved (Z3: 2 VC in max 0.0 seconds and 1 step)
--> mc_json.adb:119:43

 info: overflow check proved (Z3: 2 VC in max 0.0 seconds and 1 step)
--> mc_json.adb:119:47

 info: index check proved (Z3: 2 VC in max 0.0 seconds and 1 step)
--> mc_json.adb:120:20

 info: cannot unroll loop (too many loop iterations) [info-unrolling-inlining]
--> mc_json.adb:120:33

 medium: array index check might fail
--> mc_json.adb:120:46
  120 |                   for C of Literal loop if Data(Pos)/=Byte(Character'Pos(C)) then Bad:=True; return; end if; Pos:=Pos+1; end loop;
      |                                                 ^~~
      + reason for check: value must be a valid index into the array
      + possible fix: loop at line 120 should mention Pos in a loop invariant
  120 |                   for C of Literal loop if Data(Pos)/=Byte(Character'Pos(C)) then Bad:=True; return; end if; Pos:=Pos+1; end loop;
      |                                    ^
      + provers reached time limit before completing the proof

 info: index check proved (Z3: 2 VC in max 0.0 seconds and 1 step)
--> mc_json.adb:120:71

 medium: overflow check might fail, cannot prove upper bound for Pos+1
--> mc_json.adb:120:115
  120 |                   for C of Literal loop if Data(Pos)/=Byte(Character'Pos(C)) then Bad:=True; return; end if; Pos:=Pos+1; end loop;
      |                                                                                                                   ~~~^~
      + reason for check: result of addition must fit in a 32-bits machine integer
      + possible fix: loop at line 120 should mention Pos in a loop invariant
  120 |                   for C of Literal loop if Data(Pos)/=Byte(Character'Pos(C)) then Bad:=True; return; end if; Pos:=Pos+1; end loop;
      |                                    ^
      + provers reached time limit before completing the proof

 info: index check proved (Z3: 2 VC in max 0.0 seconds and 1 step)
--> mc_json.adb:121:24

 info: range check proved (Z3: 2 VC in max 0.0 seconds and 1 step)
--> mc_json.adb:121:36

 info: initialization of "N" proved
--> mc_json.adb:125:07

 info: analyzing call to "Space" in context
--> mc_json.adb:128:26

 medium: overflow check might fail, cannot prove upper bound for Data'Last+1
--> mc_json.adb:129:40
  129 |          if not Bad and then Pos=Data'Last+1 and then N=1 then Status:=OK; end if;
      |                                  ~~~~~~~~~^~
      + reason for check: result of addition must fit in a 32-bits machine integer
      + provers reached time limit before completing the proof

 info: initialization of "Used" proved
--> mc_json.adb:132:40

 info: index check proved (Z3: 2 VC in max 0.0 seconds and 1 step)
--> mc_json.adb:136:18

 info: index check proved (Z3: 2 VC in max 0.0 seconds and 1 step)
--> mc_json.adb:137:21

 info: index check proved (Z3: 2 VC in max 0.0 seconds and 1 step)
--> mc_json.adb:138:24

 info: overflow check proved (Z3: 2 VC in max 0.0 seconds and 1 step)
--> mc_json.adb:138:31

 info: index check proved (Z3: 2 VC in max 0.0 seconds and 1 step)
--> mc_json.adb:138:40

 medium: overflow check might fail, cannot prove upper bound for D.Nodes(N).Last-D.Nodes(N).First+1
--> mc_json.adb:138:48
  138 |             Used:=D.Nodes(N).Last-D.Nodes(N).First+1; if Used>20 then return; end if;
      |                   ~~~~~~~~~~~~~~~~~~~~~~~~~~~~~~~~^~
      + reason for check: result of addition must fit in a 32-bits machine integer
      + possible fix: add precondition (D.Nodes(N).Last-D.Nodes(N).First <= Integer'Last - 1) to subprogram at mc_json.ads:14
      --> mc_json.ads:14:14
   14 |       procedure Natural_Number(Data : Bytes; D : Document; N : Index; Value : out Counter; Status : out Outcome) with Global=>null;
      |                 ^
      + provers reached time limit before completing the proof

 medium: range check might fail, cannot prove lower bound for D.Nodes(N).Last-D.Nodes(N).First+1
--> mc_json.adb:138:48
  138 |             Used:=D.Nodes(N).Last-D.Nodes(N).First+1; if Used>20 then return; end if;
      |                   ~~~~~~~~~~~~~~~~~~~~~~~~~~~~~~~~^~
      + reason for check: result of addition must fit in the target type of the assignment
      + possible fix: add precondition (D.Nodes(N).Last-D.Nodes(N).First <= Natural'Last - 1) to subprogram at mc_json.ads:14
      --> mc_json.ads:14:14
   14 |       procedure Natural_Number(Data : Bytes; D : Document; N : Index; Value : out Counter; Status : out Outcome) with Global=>null;
      |                 ^
      + provers reached time limit before completing the proof

 info: range check proved (Z3: 4 VC in max 0.0 seconds and 1 step)
--> mc_json.adb:139:10

 info: index check proved (Z3: 2 VC in max 0.0 seconds and 1 step)
--> mc_json.adb:139:12

 info: index check proved (Z3: 2 VC in max 0.0 seconds and 1 step)
--> mc_json.adb:139:15

 info: length check proved (Z3: 3 VC in max 0.0 seconds and 1 step)
--> mc_json.adb:139:20

 medium: range check might fail
--> mc_json.adb:139:22
  139 |             B(1..Used):=Data(D.Nodes(N).First..D.Nodes(N).Last);
      |                         ^~~~~~~~~~~~~~~~~~~~~~~~~~~~~~~~~~~~~~
      + reason for check: slice bounds must fit in the underlying array
      + possible fix: subprogram at mc_json.ads:14 should mention D and Data and N in a precondition
      --> mc_json.ads:14:04
   14 |       procedure Natural_Number(Data : Bytes; D : Document; N : Index; Value : out Counter; Status : out Outcome) with Global=>null;
      |       ^
      + provers reached time limit before completing the proof

 info: length check proved (Z3: 3 VC in max 0.0 seconds and 1 step)
--> mc_json.adb:139:22

 info: index check proved (Z3: 2 VC in max 0.0 seconds and 1 step)
--> mc_json.adb:139:35

 info: index check proved (Z3: 2 VC in max 0.0 seconds and 1 step)
--> mc_json.adb:139:53

 info: initialization of "S" proved
--> mc_json.adb:141:50

 info: range check proved (Z3: 2 VC in max 0.0 seconds and 1 step)
--> mc_json.adb:141:50

 info: cannot unroll loop (too many loop iterations) [info-unrolling-inlining]
--> mc_json.adb:142:27

 medium: array index check might fail
--> mc_json.adb:142:54
  142 |             for I in S'Range loop S(I):=Character'Val(B(I)); end loop; MC_Numbers.Parse(S,Value,Status);
      |                                                         ^
      + reason for check: value must be a valid index into the array
      + provers reached time limit before completing the proof

 info: initialization of "D" proved
--> mc_json.ads:10:34

 info: initialization of "Status" proved
--> mc_json.ads:10:52

 info: data dependencies proved
--> mc_json.ads:10:79

 info: implicit aspect Always_Terminates on "Member" has been proved, subprogram will terminate
--> mc_json.ads:11:13

 info: data dependencies proved
--> mc_json.ads:11:102

 info: implicit aspect Always_Terminates on "Element" has been proved, subprogram will terminate
--> mc_json.ads:12:13

 info: data dependencies proved
--> mc_json.ads:12:95

 info: aspect Always_Terminates on "String_Bytes" has been proved, subprogram will terminate
--> mc_json.ads:13:14

 info: initialization of "Value" proved
--> mc_json.ads:13:66

 info: initialization of "Used" proved
--> mc_json.ads:13:85

 info: initialization of "Status" proved
--> mc_json.ads:13:105

 info: data dependencies proved
--> mc_json.ads:13:132

 info: initialization of "Value" proved
--> mc_json.ads:14:68

 info: initialization of "Status" proved
--> mc_json.ads:14:89

 info: data dependencies proved
--> mc_json.ads:14:116
 info: precondition proved (Z3: 1 VC in max 0.0 seconds and 1 step)
--> mc_golden.adb:10:52

 info: implicit aspect Always_Terminates on "Header" has been proved, subprogram will terminate
--> mc_golden.ads:5:13

 info: data dependencies proved
--> mc_golden.ads:5:51
 info: cannot unroll loop (too many loop iterations) [info-unrolling-inlining]
--> mc_types.adb:7:25

 info: range check proved (Z3: 2 VC in max 0.0 seconds and 1 step)
--> mc_types.adb:19:25

 info: cannot unroll loop (too many loop iterations) [info-unrolling-inlining]
--> mc_types.adb:19:37

 info: overflow check proved (Z3: 2 VC in max 0.0 seconds and 1 step)
--> mc_types.adb:21:30

 info: index check proved (Z3: 2 VC in max 0.0 seconds and 1 step)
--> mc_types.adb:21:30

 info: overflow check proved (Z3: 2 VC in max 0.0 seconds and 1 step)
--> mc_types.adb:21:58

 info: index check proved (Z3: 2 VC in max 0.0 seconds and 1 step)
--> mc_types.adb:21:58

 info: implicit aspect Always_Terminates on "Is_Zero" has been proved, subprogram will terminate
--> mc_types.ads:19:13

 info: data dependencies proved
--> mc_types.ads:20:11

 info: implicit aspect Always_Terminates on "Same_Bytes" has been proved, subprogram will terminate
--> mc_types.ads:21:13

 info: data dependencies proved
--> mc_types.ads:22:11
 info: length check proved (Z3: 3 VC in max 0.0 seconds and 1 step)
--> mc_config_receipt.adb:24:16

 info: precondition proved (Z3: 3 VC in max 0.0 seconds and 1 step)
--> mc_config_receipt.adb:29:15

 info: precondition proved (Z3: 3 VC in max 0.0 seconds and 1 step)
--> mc_config_receipt.adb:29:64

 info: precondition proved (Z3: 3 VC in max 0.0 seconds and 1 step)
--> mc_config_receipt.adb:30:15

 info: precondition proved (Z3: 3 VC in max 0.0 seconds and 1 step)
--> mc_config_receipt.adb:30:62

 info: precondition proved (Z3: 3 VC in max 0.0 seconds and 1 step)
--> mc_config_receipt.adb:31:15

 info: precondition proved (Z3: 3 VC in max 0.0 seconds and 1 step)
--> mc_config_receipt.adb:31:56

 info: range check proved (Z3: 1 VC in max 0.1 seconds and 1 step)
--> mc_config_receipt.adb:32:46

 info: initialization of "W" proved
--> mc_config_receipt.adb:39:07

 info: initialization of "Canonical" proved
--> mc_config_receipt.adb:39:09

 info: initialization of "T" proved
--> mc_config_receipt.adb:39:26

 info: initialization of "N" proved
--> mc_config_receipt.adb:39:38

 info: initialization of "Local" proved
--> mc_config_receipt.adb:39:47

 info: implicit aspect Always_Terminates on "Count" has been proved, subprogram will terminate
--> mc_config_receipt.adb:40:16

 medium: precondition might fail, cannot prove At_Byte in Data'Range
--> mc_config_receipt.adb:40:71
   40 |          function Count(P : Positive) return Counter is (Counter(MC_Codec.U64(W,P)));
      |                                                                  ~~~~~~~~^~~~~~~~
      + possible fix: subprogram at line 40 should mention P in a precondition
   40 |          function Count(P : Positive) return Counter is (Counter(MC_Codec.U64(W,P)));
      |          ^
      + provers reached time limit before completing the proof

 medium: range check might fail, cannot prove upper bound for MC_Codec.U64(W,P)
--> mc_config_receipt.adb:40:71
   40 |          function Count(P : Positive) return Counter is (Counter(MC_Codec.U64(W,P)));
      |                                                                  ~~~~~~~~^~~~~~~~
      + reason for check: value must be convertible to the target type of the conversion
      + possible fix: subprogram at line 40 should mention P and W in a precondition
   40 |          function Count(P : Positive) return Counter is (Counter(MC_Codec.U64(W,P)));
      |          ^
      + provers reached time limit before completing the proof

 info: length check proved (Z3: 3 VC in max 0.0 seconds and 1 step)
--> mc_config_receipt.adb:42:90

 info: range check proved (Z3: 4 VC in max 0.0 seconds and 1 step)
--> mc_config_receipt.adb:43:10

 info: cannot unroll loop (too many loop iterations) [info-unrolling-inlining]
--> mc_config_receipt.adb:44:25

 info: unrolling loop [info-unrolling-inlining]
--> mc_config_receipt.adb:45:21

 info: precondition proved (Z3: 18 VC in max 0.0 seconds and 1 step)
--> mc_config_receipt.adb:45:37

 info: range check proved (Z3: 4 VC in max 0.0 seconds and 1 step)
--> mc_config_receipt.adb:46:23

 info: range check proved (Z3: 4 VC in max 0.0 seconds and 1 step)
--> mc_config_receipt.adb:46:55

 info: range check proved (Z3: 4 VC in max 0.0 seconds and 1 step)
--> mc_config_receipt.adb:46:81

 info: range check proved (Z3: 4 VC in max 0.0 seconds and 1 step)
--> mc_config_receipt.adb:47:23

 info: range check proved (Z3: 4 VC in max 0.0 seconds and 1 step)
--> mc_config_receipt.adb:47:55

 info: range check proved (Z3: 4 VC in max 0.0 seconds and 1 step)
--> mc_config_receipt.adb:47:94

 info: range check proved (Z3: 4 VC in max 0.0 seconds and 1 step)
--> mc_config_receipt.adb:48:35

 info: range check proved (Z3: 4 VC in max 0.0 seconds and 1 step)
--> mc_config_receipt.adb:48:70

 info: range check proved (Z3: 4 VC in max 0.0 seconds and 1 step)
--> mc_config_receipt.adb:48:107

 info: range check proved (Z3: 4 VC in max 0.0 seconds and 1 step)
--> mc_config_receipt.adb:49:30

 info: range check proved (Z3: 4 VC in max 0.0 seconds and 1 step)
--> mc_config_receipt.adb:49:67

 info: range check proved (Z3: 4 VC in max 0.0 seconds and 1 step)
--> mc_config_receipt.adb:49:97

 info: range check proved (Z3: 4 VC in max 0.0 seconds and 1 step)
--> mc_config_receipt.adb:50:27

 info: range check proved (Z3: 4 VC in max 0.0 seconds and 1 step)
--> mc_config_receipt.adb:50:57

 info: range check proved (Z3: 2 VC in max 0.0 seconds and 1 step)
--> mc_config_receipt.adb:53:49

 info: overflow check proved (Z3: 2 VC in max 0.0 seconds and 1 step)
--> mc_config_receipt.adb:66:41

 info: overflow check proved (Z3: 2 VC in max 0.0 seconds and 1 step)
--> mc_config_receipt.adb:67:13

 info: implicit aspect Always_Terminates on "Valid" has been proved, subprogram will terminate
--> mc_config_receipt.ads:19:13

 info: data dependencies proved
--> mc_config_receipt.ads:19:52

 info: initialization of "B" proved
--> mc_config_receipt.ads:20:33

 info: initialization of "Status" proved
--> mc_config_receipt.ads:20:46

 info: data dependencies proved
--> mc_config_receipt.ads:20:73

 info: initialization of "R" proved
--> mc_config_receipt.ads:21:31

 info: initialization of "Status" proved
--> mc_config_receipt.ads:21:47

 info: data dependencies proved
--> mc_config_receipt.ads:21:74

 info: initialization of "Status" proved
--> mc_config_receipt.ads:23:07

 info: data dependencies proved
--> mc_config_receipt.ads:23:34
 info: range check proved (Z3: 4 VC in max 0.0 seconds and 1 step)
--> mc_dirents.adb:4:48

 medium: range check might fail, cannot prove lower bound for Data'First
--> mc_dirents.adb:6:39
    6 |          W : Listing:=L;P : Natural:=Data'First;Len,Ending : Natural;N : Name;
      |                                      ~~~~^~~~~~
      + reason for check: default component value must fit in the type
      + provers reached time limit before completing the proof

 info: initialization of "Len" proved
--> mc_dirents.adb:6:46

 info: initialization of "Ending" proved
--> mc_dirents.adb:6:50

 info: initialization of "N" proved
--> mc_dirents.adb:6:67

 info: overflow check proved (Z3: 2 VC in max 0.0 seconds and 1 step)
--> mc_dirents.adb:10:22

 info: overflow check proved (Z3: 2 VC in max 0.0 seconds and 1 step)
--> mc_dirents.adb:11:29

 medium: array index check might fail
--> mc_dirents.adb:11:29
   11 |             Len:=Natural(Data(P+16))+Natural(Data(P+17))*256;
      |                               ~^~~
      + reason for check: result of addition must be a valid index into the array
      + provers reached time limit before completing the proof

 info: overflow check proved (Z3: 2 VC in max 0.0 seconds and 1 step)
--> mc_dirents.adb:11:49

 medium: array index check might fail
--> mc_dirents.adb:11:49
   11 |             Len:=Natural(Data(P+16))+Natural(Data(P+17))*256;
      |                                                   ~^~~
      + reason for check: result of addition must be a valid index into the array
      + provers reached time limit before completing the proof

 info: overflow check proved (Z3: 2 VC in max 0.0 seconds and 1 step)
--> mc_dirents.adb:12:41

 medium: overflow check might fail, cannot prove upper bound for Data'Last-P+1
--> mc_dirents.adb:12:43
   12 |             if Len<20 or else Len>Data'Last-P+1 then return;end if;
      |                                   ~~~~~~~~~~~^~
      + reason for check: result of addition must fit in a 32-bits machine integer
      + provers reached time limit before completing the proof

 info: overflow check proved (Z3: 2 VC in max 0.0 seconds and 1 step)
--> mc_dirents.adb:13:19

 medium: overflow check might fail, cannot prove upper bound for P+Len
--> mc_dirents.adb:14:24
   14 |             while Ending<P+Len and then Data(Ending)/=0 loop Ending:=Ending+1;end loop;
      |                          ~^~~~
      + reason for check: result of addition must fit in a 32-bits machine integer
      + possible fix: loop at line 9 should mention Len in a loop invariant
    9 |          while P<=Data'Last loop
      |                             ^
      + provers reached time limit before completing the proof

 medium: array index check might fail
--> mc_dirents.adb:14:43
   14 |             while Ending<P+Len and then Data(Ending)/=0 loop Ending:=Ending+1;end loop;
      |                                              ^~~~~~
      + reason for check: value must be a valid index into the array
      + possible fix: loop at line 9 should mention Ending in a loop invariant
    9 |          while P<=Data'Last loop
      |                             ^
      + provers reached time limit before completing the proof

 info: overflow check proved (Z3: 2 VC in max 0.0 seconds and 1 step)
--> mc_dirents.adb:14:73

 info: overflow check proved (Z3: 2 VC in max 0.0 seconds and 1 step)
--> mc_dirents.adb:15:21

 info: overflow check proved (Z3: 2 VC in max 0.0 seconds and 1 step)
--> mc_dirents.adb:15:42

 info: overflow check proved (Z3: 2 VC in max 0.0 seconds and 1 step)
--> mc_dirents.adb:15:63

 medium: range check might fail, cannot prove lower bound for Ending-(P+19)
--> mc_dirents.adb:16:42
   16 |             N:=(others=><>);N.Length:=Ending-(P+19);
      |                                       ~~~~~~^~~~~~~
      + reason for check: result of subtraction must fit in the target type of the assignment
      + provers reached time limit before completing the proof

 info: overflow check proved (Z3: 2 VC in max 0.0 seconds and 1 step)
--> mc_dirents.adb:16:45

 info: cannot unroll loop (too many loop iterations) [info-unrolling-inlining]
--> mc_dirents.adb:17:31

 info: overflow check proved (Z3: 2 VC in max 0.0 seconds and 1 step)
--> mc_dirents.adb:18:22

 info: overflow check proved (Z3: 2 VC in max 0.0 seconds and 1 step)
--> mc_dirents.adb:18:25

 info: index check proved (Z3: 2 VC in max 0.0 seconds and 1 step)
--> mc_dirents.adb:18:25

 info: overflow check proved (Z3: 2 VC in max 0.0 seconds and 1 step)
--> mc_dirents.adb:19:44

 info: overflow check proved (Z3: 2 VC in max 0.0 seconds and 1 step)
--> mc_dirents.adb:19:47

 info: index check proved (Z3: 2 VC in max 0.0 seconds and 1 step)
--> mc_dirents.adb:19:47

 info: cannot unroll loop (too many loop iterations) [info-unrolling-inlining]
--> mc_dirents.adb:22:33

 info: range check proved (Z3: 2 VC in max 0.0 seconds and 1 step)
--> mc_dirents.adb:24:29

 info: index check proved (Z3: 2 VC in max 0.0 seconds and 1 step)
--> mc_dirents.adb:24:41

 info: overflow check proved (Z3: 2 VC in max 0.0 seconds and 1 step)
--> mc_dirents.adb:26:14

 info: initialization of "N" proved
--> mc_dirents.adb:30:42

 info: initialization of "J" proved
--> mc_dirents.adb:30:51

 info: cannot unroll loop (too many loop iterations) [info-unrolling-inlining]
--> mc_dirents.adb:32:27

 info: index check proved (CVC5: 1 VC in max 0.0 seconds and 1 step; Z3: 3 VC in max 0.0 seconds and 1 step)
--> mc_dirents.adb:34:53

 medium: array index check might fail
--> mc_dirents.adb:34:71
   34 |             while J>1 and then Image(N)<Image(L.Names(J-1)) loop L.Names(J):=L.Names(J-1);J:=J-1;end loop;
      |                                                                          ^
      + reason for check: value must be a valid index into the array
      + provers reached time limit before completing the proof

 medium: array index check might fail
--> mc_dirents.adb:34:84
   34 |             while J>1 and then Image(N)<Image(L.Names(J-1)) loop L.Names(J):=L.Names(J-1);J:=J-1;end loop;
      |                                                                                      ~^~
      + reason for check: result of subtraction must be a valid index into the array
      + provers reached time limit before completing the proof

 info: range check proved (Z3: 2 VC in max 0.0 seconds and 1 step)
--> mc_dirents.adb:34:92

 info: index check proved (Z3: 2 VC in max 0.0 seconds and 1 step)
--> mc_dirents.adb:35:18

 info: implicit aspect Always_Terminates on "Image" has been proved, subprogram will terminate
--> mc_dirents.ads:8:13

 info: data dependencies proved
--> mc_dirents.ads:8:48

 info: initialization of "Status" proved
--> mc_dirents.ads:9:67

 info: data dependencies proved
--> mc_dirents.ads:9:94

 info: data dependencies proved
--> mc_dirents.ads:10:44
Summary logged in /home/nia/devbox/niaos/nia-os-consent/assurance/build/proof-obj/gnatprove/gnatprove.out
gnatprove: unproved check messages considered as errors
