./ci/check-contract.sh
runtime/mc_admin.adb: OK
runtime/mc_admin.ads: OK
runtime/mc_atomic.adb: OK
runtime/mc_atomic.ads: OK
runtime/mc_authentic.adb: OK
runtime/mc_authentic.ads: OK
runtime/mc_checkpoint_store.adb: OK
runtime/mc_checkpoint_store.ads: OK
runtime/mc_cli.adb: OK
runtime/mc_cli.ads: OK
runtime/mc_clock.adb: OK
runtime/mc_clock.ads: OK
runtime/mc_command.adb: OK
runtime/mc_command.ads: OK
runtime/mc_config_auth.adb: OK
runtime/mc_config_auth.ads: OK
runtime/mc_control_io.adb: OK
runtime/mc_control_io.ads: OK
runtime/mc_durable.adb: OK
runtime/mc_durable.ads: OK
runtime/mc_fault_auth.adb: OK
runtime/mc_fault_auth.ads: OK
runtime/mc_file_io.adb: OK
runtime/mc_file_io.ads: OK
runtime/mc_fs.adb: OK
runtime/mc_fs.ads: OK
runtime/mc_gate.adb: OK
runtime/mc_gate.ads: OK
runtime/mc_https.adb: OK
runtime/mc_https.ads: OK
runtime/mc_ingress.adb: OK
runtime/mc_ingress.ads: OK
runtime/mc_kernel_read.adb: OK
runtime/mc_kernel_read.ads: OK
runtime/mc_keys.adb: OK
runtime/mc_keys.ads: OK
runtime/mc_layout.adb: OK
runtime/mc_layout.ads: OK
runtime/mc_log.adb: OK
runtime/mc_log.ads: OK
runtime/mc_posix.ads: OK
runtime/mc_qualification_auth.adb: OK
runtime/mc_qualification_auth.ads: OK
runtime/mc_receiver_ledger.adb: OK
runtime/mc_receiver_ledger.ads: OK
runtime/mc_request_files.adb: OK
runtime/mc_request_files.ads: OK
runtime/mc_runtime.adb: OK
runtime/mc_runtime.ads: OK
runtime/mc_signatures.adb: OK
runtime/mc_signatures.ads: OK
runtime/mc_site_policy.adb: OK
runtime/mc_site_policy.ads: OK
runtime/mc_stop_barrier_auth.adb: OK
runtime/mc_stop_barrier_auth.ads: OK
runtime/mc_store.adb: OK
runtime/mc_store.ads: OK
runtime/mc_tools.adb: OK
runtime/mc_tools.ads: OK
runtime/mc_xml.adb: OK
runtime/mc_xml.ads: OK
src/mc_accounting.adb: OK
src/mc_accounting.ads: OK
src/mc_attestation.adb: OK
src/mc_attestation.ads: OK
src/mc_authorization.adb: OK
src/mc_authorization.ads: OK
src/mc_backups.adb: OK
src/mc_backups.ads: OK
src/mc_base64.adb: OK
src/mc_base64.ads: OK
src/mc_breakglass.adb: OK
src/mc_breakglass.ads: OK
src/mc_checkpoint.adb: OK
src/mc_checkpoint.ads: OK
src/mc_codec.adb: OK
src/mc_codec.ads: OK
src/mc_commissioning.adb: OK
src/mc_commissioning.ads: OK
src/mc_compatibility.adb: OK
src/mc_compatibility.ads: OK
src/mc_config_receipt.adb: OK
src/mc_config_receipt.ads: OK
src/mc_contract_profile.ads: OK
src/mc_control.adb: OK
src/mc_control.ads: OK
src/mc_control_codec.adb: OK
src/mc_control_codec.ads: OK
src/mc_diagnostic_bundle.adb: OK
src/mc_diagnostic_bundle.ads: OK
src/mc_dirents.adb: OK
src/mc_dirents.ads: OK
src/mc_fault_report.adb: OK
src/mc_fault_report.ads: OK
src/mc_faults.adb: OK
src/mc_faults.ads: OK
src/mc_generation.adb: OK
src/mc_generation.ads: OK
src/mc_golden.adb: OK
src/mc_golden.ads: OK
src/mc_health_golden.adb: OK
src/mc_health_golden.ads: OK
src/mc_health_report.adb: OK
src/mc_health_report.ads: OK
src/mc_hex.adb: OK
src/mc_hex.ads: OK
src/mc_incidents.adb: OK
src/mc_incidents.ads: OK
src/mc_journal_budget.ads: OK
src/mc_json.adb: OK
src/mc_json.ads: OK
src/mc_log_format.adb: OK
src/mc_log_format.ads: OK
src/mc_maintenance.adb: OK
src/mc_maintenance.ads: OK
src/mc_numbers.adb: OK
src/mc_numbers.ads: OK
src/mc_paths.adb: OK
src/mc_paths.ads: OK
src/mc_platform_profile.adb: OK
src/mc_platform_profile.ads: OK
src/mc_properties.adb: OK
src/mc_properties.ads: OK
src/mc_protocol.adb: OK
src/mc_protocol.ads: OK
src/mc_qualification.adb: OK
src/mc_qualification.ads: OK
src/mc_recovery_cohort.adb: OK
src/mc_recovery_cohort.ads: OK
src/mc_release.adb: OK
src/mc_release.ads: OK
src/mc_replay.adb: OK
src/mc_replay.ads: OK
src/mc_request_replay.adb: OK
src/mc_request_replay.ads: OK
src/mc_requests.adb: OK
src/mc_requests.ads: OK
src/mc_retry_budget.adb: OK
src/mc_retry_budget.ads: OK
src/mc_sha256.adb: OK
src/mc_sha256.ads: OK
src/mc_stop_barrier.adb: OK
src/mc_stop_barrier.ads: OK
src/mc_system_baseline.adb: OK
src/mc_system_baseline.ads: OK
src/mc_text.adb: OK
src/mc_text.ads: OK
src/mc_time_guard.adb: OK
src/mc_time_guard.ads: OK
src/mc_types.adb: OK
src/mc_types.ads: OK
src/mc_witness.adb: OK
src/mc_witness.ads: OK
mkdir -p build/proof-obj
python3 ci/proof-guard.py -- "/home/nia/devbox/niaos/.work/toolchains/gnatprove-x86_64-linux-16.1.0-1/bin/gnatprove" -P proof.gpr -U --mode=all --level=4 --checks-as-errors=on --warnings=error --proof-warnings=on --report=statistics
proof-guard: {"command": ["/home/nia/devbox/niaos/.work/toolchains/gnatprove-x86_64-linux-16.1.0-1/bin/gnatprove", "-j1", "-P", "proof.gpr", "-U", "--mode=all", "--level=4", "--checks-as-errors=on", "--warnings=error", "--proof-warnings=on", "--report=statistics"], "address_mib_per_process": 1536, "sampled_session_rss_mib": 2048, "minimum_available_mib": 2048, "seconds": 3600}
Phase 1 of 3: generation of data representation information ...
Phase 2 of 3: generation of Global contracts ...
Phase 3 of 3: flow analysis and proof ...
 info: overflow check proved (CVC5: 2 VC in max 0.0 seconds and 1 step)
--> mc_backups.adb:9:48

 info: cannot unroll loop (too many loop iterations) [info-unrolling-inlining]
--> mc_backups.adb:13:25

 info: index check proved (CVC5: 2 VC in max 0.0 seconds and 1 step)
--> mc_backups.adb:14:16

 info: index check proved (CVC5: 2 VC in max 0.0 seconds and 1 step)
--> mc_backups.adb:14:53

 info: index check proved (CVC5: 2 VC in max 0.0 seconds and 1 step)
--> mc_backups.adb:15:23

 info: index check proved (CVC5: 2 VC in max 0.0 seconds and 1 step)
--> mc_backups.adb:15:61

 info: index check proved (CVC5: 2 VC in max 0.0 seconds and 1 step)
--> mc_backups.adb:16:23

 info: index check proved (CVC5: 2 VC in max 0.0 seconds and 1 step)
--> mc_backups.adb:16:59

 info: index check proved (CVC5: 2 VC in max 0.0 seconds and 1 step)
--> mc_backups.adb:16:81

 info: index check proved (CVC5: 2 VC in max 0.0 seconds and 1 step)
--> mc_backups.adb:18:16

 info: index check proved (CVC5: 2 VC in max 0.0 seconds and 1 step)
--> mc_backups.adb:18:31

 info: index check proved (CVC5: 2 VC in max 0.0 seconds and 1 step)
--> mc_backups.adb:19:24

 info: index check proved (CVC5: 2 VC in max 0.0 seconds and 1 step)
--> mc_backups.adb:19:44

 info: cannot unroll loop (too many loop iterations) [info-unrolling-inlining]
--> mc_backups.adb:20:26

 info: index check proved (CVC5: 2 VC in max 0.0 seconds and 1 step)
--> mc_backups.adb:20:37

 info: index check proved (CVC5: 2 VC in max 0.0 seconds and 1 step)
--> mc_backups.adb:20:54

 info: initialization of "Here" proved
--> mc_backups.adb:26:07

 info: initialization of "Parent" proved
--> mc_backups.adb:26:21

 info: range check proved (CVC5: 2 VC in max 0.0 seconds and 1 step)
--> mc_backups.adb:32:15

 info: range check proved (CVC5: 2 VC in max 0.0 seconds and 1 step)
--> mc_backups.adb:35:48

 info: index check proved (CVC5: 2 VC in max 0.0 seconds and 1 step)
--> mc_backups.adb:35:58

 info: cannot unroll loop (too many loop iterations) [info-unrolling-inlining]
--> mc_backups.adb:38:28

 info: index check proved (CVC5: 2 VC in max 0.0 seconds and 1 step)
--> mc_backups.adb:39:19

 info: range check proved (CVC5: 2 VC in max 0.0 seconds and 1 step)
--> mc_backups.adb:39:64

 info: index check proved (CVC5: 2 VC in max 0.0 seconds and 1 step)
--> mc_backups.adb:41:35

 info: index check proved (CVC5: 2 VC in max 0.0 seconds and 1 step)
--> mc_backups.adb:42:23

 info: index check proved (CVC5: 2 VC in max 0.0 seconds and 1 step)
--> mc_backups.adb:42:70

 info: index check proved (CVC5: 2 VC in max 0.0 seconds and 1 step)
--> mc_backups.adb:43:23

 info: index check proved (CVC5: 2 VC in max 0.0 seconds and 1 step)
--> mc_backups.adb:44:23

 info: range check proved (CVC5: 2 VC in max 0.0 seconds and 1 step)
--> mc_backups.adb:46:18

 info: cannot unroll loop (too many loop iterations) [info-unrolling-inlining]
--> mc_backups.adb:49:33

 info: precondition proved (CVC5: 1 VC in max 0.0 seconds and 58 steps)
--> mc_backups.adb:51:33

 info: initialization of "Distinct" proved
--> mc_backups.adb:56:38

 info: unrolling loop [info-unrolling-inlining]
--> mc_backups.adb:64:27

 info: cannot unroll loop (too many loop iterations) [info-unrolling-inlining]
--> mc_backups.adb:66:29

 info: overflow check proved (CVC5: 16 VC in max 0.0 seconds and 1379 steps)
--> mc_backups.adb:75:68

 info: overflow check proved (CVC5: 16 VC in max 0.0 seconds and 1322 steps)
--> mc_backups.adb:77:49

 info: cannot unroll loop (too many loop iterations) [info-unrolling-inlining]
--> mc_backups.adb:78:29

 info: overflow check proved (CVC5: 16 VC in max 0.0 seconds and 1355 steps)
--> mc_backups.adb:82:48

 info: initialization of "D" proved
--> mc_backups.adb:89:07

 info: index check proved (CVC5: 2 VC in max 0.0 seconds and 1 step)
--> mc_backups.adb:93:35

 info: index check proved (CVC5: 2 VC in max 0.0 seconds and 1 step)
--> mc_backups.adb:94:20

 info: index check proved (CVC5: 2 VC in max 0.0 seconds and 1 step)
--> mc_backups.adb:95:20

 info: index check proved (CVC5: 2 VC in max 0.0 seconds and 1 step)
--> mc_backups.adb:95:45

 info: index check proved (CVC5: 2 VC in max 0.0 seconds and 1 step)
--> mc_backups.adb:96:20

 info: overflow check proved (CVC5: 2 VC in max 0.0 seconds and 1 step)
--> mc_backups.adb:97:29

 info: index check proved (CVC5: 2 VC in max 0.0 seconds and 1 step)
--> mc_backups.adb:97:34

 info: cannot unroll loop (too many loop iterations) [info-unrolling-inlining]
--> mc_backups.adb:99:25

 info: index check proved (CVC5: 2 VC in max 0.0 seconds and 1 step)
--> mc_backups.adb:99:42

 info: index check proved (CVC5: 2 VC in max 0.0 seconds and 1 step)
--> mc_backups.adb:99:71

 info: initialization of "Candidate" proved
--> mc_backups.adb:104:07

 info: initialization of "S" proved
--> mc_backups.adb:104:30

 info: loop invariant initialization proved (CVC5: 2 VC in max 0.0 seconds and 1 step)
--> mc_backups.adb:109:32

 info: loop invariant preservation proved (CVC5: 2 VC in max 0.0 seconds and 1 step)
--> mc_backups.adb:109:32

 info: index check proved (CVC5: 2 VC in max 0.0 seconds and 1 step)
--> mc_backups.adb:112:23

 info: index check proved (CVC5: 2 VC in max 0.0 seconds and 1 step)
--> mc_backups.adb:112:48

 info: index check proved (CVC5: 2 VC in max 0.0 seconds and 1 step)
--> mc_backups.adb:113:24

 info: index check proved (CVC5: 2 VC in max 0.0 seconds and 1 step)
--> mc_backups.adb:113:49

 info: index check proved (CVC5: 2 VC in max 0.0 seconds and 1 step)
--> mc_backups.adb:114:26

 info: index check proved (CVC5: 2 VC in max 0.0 seconds and 1 step)
--> mc_backups.adb:114:44

 info: implicit aspect Always_Terminates on "Valid" has been proved, subprogram will terminate
--> mc_backups.ads:34:13

 info: data dependencies proved
--> mc_backups.ads:34:52

 info: implicit aspect Always_Terminates on "Valid_Catalog" has been proved, subprogram will terminate
--> mc_backups.ads:35:13

 info: data dependencies proved
--> mc_backups.ads:36:11

 info: postcondition proved (CVC5: 2 VC in max 0.0 seconds and 1 step; Trivial: 1 VC in max 0.0 seconds and 2 steps)
--> mc_backups.ads:36:35

 info: initialization of "Members" proved
--> mc_backups.ads:37:61

 info: initialization of "Commitment" proved
--> mc_backups.ads:38:07

 info: initialization of "Status" proved
--> mc_backups.ads:38:32

 info: data dependencies proved
--> mc_backups.ads:38:59

 info: postcondition proved (CVC5: 4 VC in max 0.0 seconds and 20 steps; Trivial: 1 VC in max 0.0 seconds and 2 steps)
--> mc_backups.ads:39:17

 info: implicit aspect Always_Terminates on "Usable" has been proved, subprogram will terminate
--> mc_backups.ads:40:13

 info: data dependencies proved
--> mc_backups.ads:40:65

 info: initialization of "Members" proved
--> mc_backups.ads:42:07

 info: initialization of "Status" proved
--> mc_backups.ads:42:32

 info: data dependencies proved
--> mc_backups.ads:42:59

 info: initialization of "Terminal" proved
--> mc_backups.ads:44:07

 info: initialization of "Members" proved
--> mc_backups.ads:44:31

 info: initialization of "Status" proved
--> mc_backups.ads:44:56

 info: data dependencies proved
--> mc_backups.ads:44:83
 info: implicit aspect Always_Terminates on "Value" has been proved, subprogram will terminate
--> mc_health_golden.ads:4:13

 info: data dependencies proved
--> mc_health_golden.ads:4:55
 info: implicit aspect Always_Terminates on "Valid" has been proved, subprogram will terminate
--> mc_maintenance.ads:21:13

 info: data dependencies proved
--> mc_maintenance.ads:21:50

 info: implicit aspect Always_Terminates on "Valid" has been proved, subprogram will terminate
--> mc_maintenance.ads:22:13

 info: data dependencies proved
--> mc_maintenance.ads:22:52

 info: implicit aspect Always_Terminates on "Permits" has been proved, subprogram will terminate
--> mc_maintenance.ads:23:13

 info: data dependencies proved
--> mc_maintenance.ads:23:89

 info: implicit aspect Always_Terminates on "Blocks" has been proved, subprogram will terminate
--> mc_maintenance.ads:24:13

 info: data dependencies proved
--> mc_maintenance.ads:24:109
 info: length check proved (CVC5: 3 VC in max 0.0 seconds and 1 step)
--> mc_witness.adb:8:16

 info: precondition proved (CVC5: 3 VC in max 0.0 seconds and 1 step)
--> mc_witness.adb:11:15

 info: precondition proved (CVC5: 3 VC in max 0.0 seconds and 1 step)
--> mc_witness.adb:11:52

 info: precondition proved (CVC5: 3 VC in max 0.0 seconds and 1 step)
--> mc_witness.adb:12:15

 info: precondition proved (CVC5: 3 VC in max 0.0 seconds and 1 step)
--> mc_witness.adb:12:53

 info: range check proved (CVC5: 4 VC in max 0.0 seconds and 1 step)
--> mc_witness.adb:18:51

 info: index check proved (CVC5: 2 VC in max 0.0 seconds and 1 step)
--> mc_witness.adb:18:84

 info: unrolling loop [info-unrolling-inlining]
--> mc_witness.adb:19:23

 info: index check proved (CVC5: 14 VC in max 0.0 seconds and 1 step)
--> mc_witness.adb:19:33

 info: cannot unroll loop (too many loop iterations) [info-unrolling-inlining]
--> mc_witness.adb:20:25

 info: index check proved (CVC5: 2 VC in max 0.0 seconds and 1 step)
--> mc_witness.adb:20:35

 info: unrolling loop [info-unrolling-inlining]
--> mc_witness.adb:21:22

 info: precondition proved (CVC5: 12 VC in max 0.0 seconds and 30 steps)
--> mc_witness.adb:21:38

 info: range check proved (CVC5: 2 VC in max 0.0 seconds and 17 steps)
--> mc_witness.adb:22:24

 info: index check proved (CVC5: 2 VC in max 0.0 seconds and 1 step)
--> mc_witness.adb:22:26

 info: range check proved (CVC5: 4 VC in max 0.0 seconds and 31 steps)
--> mc_witness.adb:22:45

 info: range check proved (CVC5: 4 VC in max 0.0 seconds and 64 steps)
--> mc_witness.adb:22:67

 info: range check proved (CVC5: 4 VC in max 0.0 seconds and 93 steps)
--> mc_witness.adb:22:89

 info: range check proved (CVC5: 4 VC in max 0.0 seconds and 122 steps)
--> mc_witness.adb:23:25

 info: range check proved (CVC5: 4 VC in max 0.0 seconds and 152 steps)
--> mc_witness.adb:23:47

 info: range check proved (CVC5: 4 VC in max 0.0 seconds and 182 steps)
--> mc_witness.adb:23:66

 info: range check proved (CVC5: 4 VC in max 0.0 seconds and 213 steps)
--> mc_witness.adb:23:90

 info: precondition proved (CVC5: 3 VC in max 0.0 seconds and 244 steps)
--> mc_witness.adb:24:32

 info: range check proved (CVC5: 2 VC in max 0.0 seconds and 515 steps)
--> mc_witness.adb:24:32

 info: precondition proved (CVC5: 3 VC in max 0.0 seconds and 274 steps)
--> mc_witness.adb:24:71

 info: range check proved (CVC5: 2 VC in max 0.0 seconds and 581 steps)
--> mc_witness.adb:24:71

 info: precondition proved (CVC5: 3 VC in max 0.0 seconds and 305 steps)
--> mc_witness.adb:25:33

 info: range check proved (CVC5: 2 VC in max 0.0 seconds and 648 steps)
--> mc_witness.adb:25:33

 info: precondition proved (CVC5: 3 VC in max 0.0 seconds and 337 steps)
--> mc_witness.adb:25:74

 info: range check proved (CVC5: 2 VC in max 0.0 seconds and 715 steps)
--> mc_witness.adb:25:74

 info: overflow check proved (CVC5: 2 VC in max 0.0 seconds and 1 step)
--> mc_witness.adb:32:72

 info: implicit aspect Always_Terminates on "Encode" has been proved, subprogram will terminate
--> mc_witness.ads:13:13

 info: data dependencies proved
--> mc_witness.ads:13:53

 info: initialization of "S" proved
--> mc_witness.ads:14:32

 info: initialization of "Status" proved
--> mc_witness.ads:14:51

 info: data dependencies proved
--> mc_witness.ads:14:78

 info: implicit aspect Always_Terminates on "Matches" has been proved, subprogram will terminate
--> mc_witness.ads:15:13

 info: data dependencies proved
--> mc_witness.ads:15:94
 info: length check proved (CVC5: 3 VC in max 0.0 seconds and 1 step)
--> mc_control_codec.adb:11:19

 info: precondition proved (CVC5: 3 VC in max 0.0 seconds and 1 step)
--> mc_control_codec.adb:12:15

 info: precondition proved (CVC5: 3 VC in max 0.0 seconds and 1 step)
--> mc_control_codec.adb:12:56

 info: precondition proved (CVC5: 1 VC in max 0.0 seconds and 597 steps)
--> mc_control_codec.adb:15:68

 info: range check proved (CVC5: 4 VC in max 0.0 seconds and 1 step)
--> mc_control_codec.adb:15:75

 info: length check proved (CVC5: 3 VC in max 0.0 seconds and 1 step)
--> mc_control_codec.adb:21:19

 info: precondition proved (CVC5: 3 VC in max 0.0 seconds and 1 step)
--> mc_control_codec.adb:22:15

 info: precondition proved (CVC5: 3 VC in max 0.0 seconds and 1 step)
--> mc_control_codec.adb:22:65

 info: precondition proved (CVC5: 3 VC in max 0.0 seconds and 1 step)
--> mc_control_codec.adb:26:15

 info: precondition proved (CVC5: 3 VC in max 0.0 seconds and 1 step)
--> mc_control_codec.adb:26:59

 info: precondition proved (CVC5: 1 VC in max 0.0 seconds and 1199 steps)
--> mc_control_codec.adb:27:32

 info: range check proved (CVC5: 4 VC in max 0.0 seconds and 1 step)
--> mc_control_codec.adb:27:39

 info: initialization of "O" proved
--> mc_control_codec.adb:30:45

 info: length check proved (CVC5: 3 VC in max 0.0 seconds and 1 step)
--> mc_control_codec.adb:32:19

 info: precondition proved (CVC5: 3 VC in max 0.0 seconds and 1 step)
--> mc_control_codec.adb:33:15

 info: unrolling loop [info-unrolling-inlining]
--> mc_control_codec.adb:35:27

 info: overflow check proved (CVC5: 16 VC in max 0.0 seconds and 152 steps)
--> mc_control_codec.adb:36:18

 info: overflow check proved (CVC5: 16 VC in max 0.0 seconds and 150 steps)
--> mc_control_codec.adb:36:25

 info: range check proved (CVC5: 32 VC in max 0.0 seconds and 158 steps)
--> mc_control_codec.adb:37:10

 info: index check proved (CVC5: 16 VC in max 0.0 seconds and 154 steps)
--> mc_control_codec.adb:37:13

 info: overflow check proved (CVC5: 16 VC in max 0.0 seconds and 156 steps)
--> mc_control_codec.adb:37:17

 info: overflow check proved (CVC5: 16 VC in max 0.0 seconds and 154 steps)
--> mc_control_codec.adb:37:17

 info: index check proved (CVC5: 16 VC in max 0.0 seconds and 154 steps)
--> mc_control_codec.adb:37:17

 info: length check proved (CVC5: 24 VC in max 0.0 seconds and 153 steps)
--> mc_control_codec.adb:37:22

 info: length check proved (CVC5: 24 VC in max 0.0 seconds and 150 steps)
--> mc_control_codec.adb:37:35

 info: range check proved (CVC5: 32 VC in max 0.0 seconds and 169 steps)
--> mc_control_codec.adb:37:48

 info: overflow check proved (CVC5: 16 VC in max 0.0 seconds and 167 steps)
--> mc_control_codec.adb:37:52

 info: overflow check proved (CVC5: 16 VC in max 0.0 seconds and 161 steps)
--> mc_control_codec.adb:37:52

 info: index check proved (CVC5: 16 VC in max 0.0 seconds and 161 steps)
--> mc_control_codec.adb:37:52

 info: overflow check proved (CVC5: 16 VC in max 0.0 seconds and 165 steps)
--> mc_control_codec.adb:37:58

 info: overflow check proved (CVC5: 16 VC in max 0.0 seconds and 161 steps)
--> mc_control_codec.adb:37:58

 info: index check proved (CVC5: 16 VC in max 0.0 seconds and 161 steps)
--> mc_control_codec.adb:37:58

 info: length check proved (CVC5: 24 VC in max 0.0 seconds and 161 steps)
--> mc_control_codec.adb:37:63

 info: length check proved (CVC5: 24 VC in max 0.0 seconds and 157 steps)
--> mc_control_codec.adb:37:76

 info: precondition proved (CVC5: 32 VC in max 0.0 seconds and 1860 steps)
--> mc_control_codec.adb:38:18

 info: overflow check proved (CVC5: 16 VC in max 0.0 seconds and 181 steps)
--> mc_control_codec.adb:38:29

 info: overflow check proved (CVC5: 16 VC in max 0.0 seconds and 203 steps)
--> mc_control_codec.adb:39:14

 info: index check proved (CVC5: 16 VC in max 0.0 seconds and 207 steps)
--> mc_control_codec.adb:39:14

 info: precondition proved (CVC5: 1 VC in max 0.0 seconds and 1943 steps)
--> mc_control_codec.adb:41:34

 info: range check proved (CVC5: 4 VC in max 0.0 seconds and 356 steps)
--> mc_control_codec.adb:41:41

 info: initialization of "T" proved
--> mc_control_codec.adb:44:07

 info: range check proved (CVC5: 4 VC in max 0.0 seconds and 1 step)
--> mc_control_codec.adb:48:10

 info: index check proved (CVC5: 2 VC in max 0.0 seconds and 1 step)
--> mc_control_codec.adb:48:36

 info: precondition proved (CVC5: 3 VC in max 0.0 seconds and 1 step)
--> mc_control_codec.adb:49:25

 info: precondition proved (CVC5: 3 VC in max 0.0 seconds and 1 step)
--> mc_control_codec.adb:50:25

 info: range check proved (CVC5: 4 VC in max 0.0 seconds and 1 step)
--> mc_control_codec.adb:51:18

 info: range check proved (CVC5: 4 VC in max 0.0 seconds and 1 step)
--> mc_control_codec.adb:51:43

 info: precondition proved (CVC5: 3 VC in max 0.0 seconds and 1 step)
--> mc_control_codec.adb:52:38

 info: range check proved (CVC5: 2 VC in max 0.0 seconds and 16 steps)
--> mc_control_codec.adb:52:38

 info: precondition proved (CVC5: 3 VC in max 0.0 seconds and 1 step)
--> mc_control_codec.adb:52:86

 info: range check proved (CVC5: 2 VC in max 0.0 seconds and 42 steps)
--> mc_control_codec.adb:52:86

 info: range check proved (CVC5: 2 VC in max 0.0 seconds and 60 steps)
--> mc_control_codec.adb:53:41

 info: index check proved (CVC5: 2 VC in max 0.0 seconds and 1 step)
--> mc_control_codec.adb:53:44

 info: range check proved (CVC5: 4 VC in max 0.0 seconds and 1 step)
--> mc_control_codec.adb:53:64

 info: range check proved (CVC5: 4 VC in max 0.0 seconds and 1 step)
--> mc_control_codec.adb:54:25

 info: range check proved (CVC5: 4 VC in max 0.0 seconds and 1 step)
--> mc_control_codec.adb:54:52

 info: range check proved (CVC5: 4 VC in max 0.0 seconds and 1 step)
--> mc_control_codec.adb:54:78

 info: range check proved (CVC5: 4 VC in max 0.0 seconds and 1 step)
--> mc_control_codec.adb:55:29

 info: initialization of "T" proved
--> mc_control_codec.adb:60:07

 info: range check proved (CVC5: 4 VC in max 0.0 seconds and 1 step)
--> mc_control_codec.adb:66:10

 info: index check proved (CVC5: 2 VC in max 0.0 seconds and 1 step)
--> mc_control_codec.adb:66:36

 info: precondition proved (CVC5: 6 VC in max 0.0 seconds and 105 steps)
--> mc_control_codec.adb:68:21

 info: index check proved (CVC5: 4 VC in max 0.0 seconds and 1 step)
--> mc_control_codec.adb:68:35

 info: loop invariant initialization proved (CVC5: 1 VC in max 0.0 seconds and 55 steps)
--> mc_control_codec.adb:70:13

 info: loop invariant preservation proved (CVC5: 1 VC in max 0.0 seconds and 333 steps)
--> mc_control_codec.adb:70:13

 info: precondition proved (CVC5: 6 VC in max 0.0 seconds and 168 steps)
--> mc_control_codec.adb:70:55

 info: index check proved (CVC5: 4 VC in max 0.0 seconds and 1 step)
--> mc_control_codec.adb:70:69

 info: range check proved (CVC5: 4 VC in max 0.0 seconds and 1 step)
--> mc_control_codec.adb:72:18

 info: range check proved (CVC5: 4 VC in max 0.0 seconds and 1 step)
--> mc_control_codec.adb:72:43

 info: precondition proved (CVC5: 3 VC in max 0.0 seconds and 1 step)
--> mc_control_codec.adb:73:47

 info: range check proved (CVC5: 2 VC in max 0.0 seconds and 137 steps)
--> mc_control_codec.adb:73:47

 info: precondition proved (CVC5: 3 VC in max 0.0 seconds and 1 step)
--> mc_control_codec.adb:73:99

 info: range check proved (CVC5: 1 VC in max 0.0 seconds and 1 step; Z3: 1 VC in max 0.0 seconds and 1 step)
--> mc_control_codec.adb:73:99

 info: range check proved (CVC5: 2 VC in max 0.0 seconds and 104 steps)
--> mc_control_codec.adb:74:41

 info: index check proved (CVC5: 2 VC in max 0.0 seconds and 1 step)
--> mc_control_codec.adb:74:44

 info: range check proved (CVC5: 4 VC in max 0.0 seconds and 1 step)
--> mc_control_codec.adb:74:63

 info: range check proved (CVC5: 4 VC in max 0.0 seconds and 1 step)
--> mc_control_codec.adb:74:91

 info: range check proved (CVC5: 4 VC in max 0.0 seconds and 1 step)
--> mc_control_codec.adb:75:27

 info: range check proved (CVC5: 4 VC in max 0.0 seconds and 7 steps)
--> mc_control_codec.adb:75:53

 info: range check proved (CVC5: 4 VC in max 0.0 seconds and 25 steps)
--> mc_control_codec.adb:75:89

 info: range check proved (CVC5: 4 VC in max 0.0 seconds and 43 steps)
--> mc_control_codec.adb:76:29

 info: precondition proved (CVC5: 3 VC in max 0.0 seconds and 62 steps)
--> mc_control_codec.adb:76:76

 info: range check proved (CVC5: 1 VC in max 0.0 seconds and 78 steps; Z3: 1 VC in max 0.0 seconds and 1 step)
--> mc_control_codec.adb:76:76

 info: precondition proved (CVC5: 3 VC in max 0.0 seconds and 80 steps)
--> mc_control_codec.adb:77:37

 info: range check proved (CVC5: 1 VC in max 0.0 seconds and 97 steps; Z3: 1 VC in max 0.0 seconds and 24 steps)
--> mc_control_codec.adb:77:37

 info: initialization of "T" proved
--> mc_control_codec.adb:81:07

 info: initialization of "O" proved
--> mc_control_codec.adb:81:33

 info: range check proved (CVC5: 4 VC in max 0.0 seconds and 1 step)
--> mc_control_codec.adb:85:10

 info: index check proved (CVC5: 2 VC in max 0.0 seconds and 1 step)
--> mc_control_codec.adb:85:36

 info: index check proved (CVC5: 2 VC in max 0.0 seconds and 1 step)
--> mc_control_codec.adb:85:55

 info: index check proved (CVC5: 2 VC in max 0.0 seconds and 1 step)
--> mc_control_codec.adb:86:20

 info: precondition proved (CVC5: 3 VC in max 0.0 seconds and 1 step)
--> mc_control_codec.adb:86:52

 info: range check proved (CVC5: 4 VC in max 0.0 seconds and 1 step)
--> mc_control_codec.adb:88:18

 info: range check proved (CVC5: 4 VC in max 0.0 seconds and 1 step)
--> mc_control_codec.adb:88:43

 info: precondition proved (CVC5: 3 VC in max 0.0 seconds and 1 step)
--> mc_control_codec.adb:88:84

 info: range check proved (CVC5: 2 VC in max 0.0 seconds and 51 steps)
--> mc_control_codec.adb:88:84

 info: range check proved (CVC5: 2 VC in max 0.0 seconds and 67 steps)
--> mc_control_codec.adb:89:18

 info: index check proved (CVC5: 2 VC in max 0.0 seconds and 1 step)
--> mc_control_codec.adb:89:30

 info: range check proved (CVC5: 2 VC in max 0.0 seconds and 85 steps)
--> mc_control_codec.adb:89:59

 info: index check proved (CVC5: 2 VC in max 0.0 seconds and 1 step)
--> mc_control_codec.adb:89:71

 info: range check proved (CVC5: 2 VC in max 0.0 seconds and 105 steps)
--> mc_control_codec.adb:89:99

 info: index check proved (CVC5: 2 VC in max 0.0 seconds and 1 step)
--> mc_control_codec.adb:89:111

 info: loop invariant initialization proved (CVC5: 1 VC in max 0.0 seconds and 1 step)
--> mc_control_codec.adb:91:32

 info: loop invariant preservation proved (CVC5: 1 VC in max 0.0 seconds and 1 step)
--> mc_control_codec.adb:91:32

 info: index check proved (CVC5: 4 VC in max 0.0 seconds and 1 step)
--> mc_control_codec.adb:91:50

 info: overflow check proved (CVC5: 2 VC in max 0.0 seconds and 111 steps)
--> mc_control_codec.adb:92:18

 info: overflow check proved (CVC5: 2 VC in max 0.0 seconds and 106 steps)
--> mc_control_codec.adb:92:25

 info: overflow check proved (CVC5: 2 VC in max 0.0 seconds and 116 steps)
--> mc_control_codec.adb:92:37

 info: index check proved (CVC5: 2 VC in max 0.0 seconds and 127 steps)
--> mc_control_codec.adb:92:37

 info: range check proved (CVC5: 4 VC in max 0.0 seconds and 36 steps)
--> mc_control_codec.adb:93:35

 info: length check proved (CVC5: 3 VC in max 0.0 seconds and 1 step)
--> mc_control_codec.adb:93:35

 info: overflow check proved (CVC5: 2 VC in max 0.0 seconds and 1 step)
--> mc_control_codec.adb:93:42

 info: range check proved (CVC5: 4 VC in max 0.0 seconds and 59 steps)
--> mc_control_codec.adb:93:72

 info: length check proved (CVC5: 3 VC in max 0.0 seconds and 1 step)
--> mc_control_codec.adb:93:72

 info: overflow check proved (CVC5: 2 VC in max 0.0 seconds and 1 step)
--> mc_control_codec.adb:93:76

 info: overflow check proved (CVC5: 2 VC in max 0.0 seconds and 1 step)
--> mc_control_codec.adb:93:82

 info: precondition proved (CVC5: 3 VC in max 0.0 seconds and 75 steps)
--> mc_control_codec.adb:94:39

 info: range check proved (CVC5: 2 VC in max 0.0 seconds and 1 step)
--> mc_control_codec.adb:94:39

 info: overflow check proved (CVC5: 2 VC in max 0.0 seconds and 1 step)
--> mc_control_codec.adb:94:48

 info: range check proved (CVC5: 2 VC in max 0.0 seconds and 329 steps)
--> mc_control_codec.adb:94:94

 info: overflow check proved (CVC5: 2 VC in max 0.0 seconds and 1 step)
--> mc_control_codec.adb:94:98

 info: index check proved (CVC5: 2 VC in max 0.0 seconds and 1 step)
--> mc_control_codec.adb:94:98

 info: implicit aspect Always_Terminates on "Encode" has been proved, subprogram will terminate
--> mc_control_codec.ads:7:13

 info: data dependencies proved
--> mc_control_codec.ads:7:67

 info: implicit aspect Always_Terminates on "Encode" has been proved, subprogram will terminate
--> mc_control_codec.ads:8:13

 info: data dependencies proved
--> mc_control_codec.ads:8:73

 info: implicit aspect Always_Terminates on "Encode" has been proved, subprogram will terminate
--> mc_control_codec.ads:9:13

 info: data dependencies proved
--> mc_control_codec.ads:9:75

 info: initialization of "S" proved
--> mc_control_codec.ads:10:33

 info: initialization of "Status" proved
--> mc_control_codec.ads:10:59

 info: data dependencies proved
--> mc_control_codec.ads:11:11

 info: initialization of "P" proved
--> mc_control_codec.ads:12:33

 info: initialization of "Status" proved
--> mc_control_codec.ads:12:62

 info: data dependencies proved
--> mc_control_codec.ads:13:11

 info: initialization of "A" proved
--> mc_control_codec.ads:14:33

 info: initialization of "Status" proved
--> mc_control_codec.ads:14:63

 info: data dependencies proved
--> mc_control_codec.ads:15:11
 info: index check proved (CVC5: 2 VC in max 0.0 seconds and 1 step)
--> mc_retry_budget.adb:12:60

 info: cannot unroll loop (too many loop iterations) [info-unrolling-inlining]
--> mc_retry_budget.adb:18:56

 info: division check proved (CVC5: 1 VC in max 0.0 seconds and 1 step)
--> mc_retry_budget.adb:19:45

 info: overflow check proved (CVC5: 2 VC in max 0.0 seconds and 1 step)
--> mc_retry_budget.adb:22:31

 info: initialization of "Delay_Ms" proved
--> mc_retry_budget.adb:31:07

 info: overflow check proved (CVC5: 4 VC in max 0.0 seconds and 1 step)
--> mc_retry_budget.adb:40:17

 info: range check proved (CVC5: 4 VC in max 0.0 seconds and 1 step)
--> mc_retry_budget.adb:41:26

 info: index check proved (CVC5: 4 VC in max 0.0 seconds and 1 step)
--> mc_retry_budget.adb:41:37

 info: loop invariant initialization proved (CVC5: 1 VC in max 0.0 seconds and 1 step)
--> mc_retry_budget.adb:43:32

 info: loop invariant preservation proved (CVC5: 1 VC in max 0.0 seconds and 1 step)
--> mc_retry_budget.adb:43:32

 info: loop invariant initialization proved (CVC5: 1 VC in max 0.0 seconds and 1 step)
--> mc_retry_budget.adb:44:32

 info: loop invariant preservation proved (CVC5: 1 VC in max 0.0 seconds and 42 steps)
--> mc_retry_budget.adb:44:32

 info: index check proved (CVC5: 4 VC in max 0.0 seconds and 1 step)
--> mc_retry_budget.adb:44:64

 info: index check proved (CVC5: 4 VC in max 0.0 seconds and 1 step)
--> mc_retry_budget.adb:44:79

 info: loop invariant initialization proved (CVC5: 1 VC in max 0.0 seconds and 1 step)
--> mc_retry_budget.adb:45:32

 info: loop invariant preservation proved (CVC5: 1 VC in max 0.0 seconds and 20 steps)
--> mc_retry_budget.adb:45:32

 info: index check proved (CVC5: 4 VC in max 0.0 seconds and 1 step)
--> mc_retry_budget.adb:45:64

 info: loop invariant initialization proved (CVC5: 1 VC in max 0.0 seconds and 1 step)
--> mc_retry_budget.adb:46:32

 info: loop invariant preservation proved (CVC5: 1 VC in max 0.0 seconds and 75 steps)
--> mc_retry_budget.adb:46:32

 info: index check proved (CVC5: 4 VC in max 0.0 seconds and 1 step)
--> mc_retry_budget.adb:46:64

 info: index check proved (CVC5: 4 VC in max 0.0 seconds and 1 step)
--> mc_retry_budget.adb:46:75

 info: loop invariant initialization proved (CVC5: 1 VC in max 0.0 seconds and 1 step)
--> mc_retry_budget.adb:47:32

 info: loop invariant preservation proved (CVC5: 1 VC in max 0.0 seconds and 47 steps)
--> mc_retry_budget.adb:47:32

 info: index check proved (CVC5: 4 VC in max 0.0 seconds and 1 step)
--> mc_retry_budget.adb:47:73

 info: precondition proved (CVC5: 1 VC in max 0.0 seconds and 1 step)
--> mc_retry_budget.adb:50:19

 info: overflow check proved (CVC5: 2 VC in max 0.0 seconds and 1 step)
--> mc_retry_budget.adb:51:30

 info: range check proved (CVC5: 2 VC in max 0.0 seconds and 1 step)
--> mc_retry_budget.adb:52:20

 info: index check proved (CVC5: 2 VC in max 0.0 seconds and 1 step)
--> mc_retry_budget.adb:52:31

 info: range check proved (CVC5: 2 VC in max 0.0 seconds and 30 steps)
--> mc_retry_budget.adb:54:38

 info: range check proved (CVC5: 2 VC in max 0.0 seconds and 58 steps)
--> mc_retry_budget.adb:54:62

 info: overflow check proved (CVC5: 2 VC in max 0.0 seconds and 1 step)
--> mc_retry_budget.adb:55:27

 info: overflow check proved (CVC5: 2 VC in max 0.0 seconds and 1 step)
--> mc_retry_budget.adb:73:30

 info: loop invariant initialization proved (CVC5: 1 VC in max 0.0 seconds and 1 step)
--> mc_retry_budget.adb:77:32

 info: loop invariant preservation proved (CVC5: 1 VC in max 0.0 seconds and 1 step)
--> mc_retry_budget.adb:77:32

 info: index check proved (CVC5: 4 VC in max 0.0 seconds and 1 step)
--> mc_retry_budget.adb:77:64

 info: overflow check proved (CVC5: 2 VC in max 0.0 seconds and 1 step)
--> mc_retry_budget.adb:79:27

 info: implicit aspect Always_Terminates on "Valid" has been proved, subprogram will terminate
--> mc_retry_budget.ads:23:13

 info: data dependencies proved
--> mc_retry_budget.ads:23:52

 info: implicit aspect Always_Terminates on "Valid" has been proved, subprogram will terminate
--> mc_retry_budget.ads:24:13

 info: data dependencies proved
--> mc_retry_budget.ads:24:51

 info: implicit aspect Always_Terminates on "Backoff" has been proved, subprogram will terminate
--> mc_retry_budget.ads:25:13

 info: data dependencies proved
--> mc_retry_budget.ads:26:28

 info: postcondition proved (CVC5: 1 VC in max 0.0 seconds and 1 step)
--> mc_retry_budget.ads:27:16

 info: initialization of "Status" proved
--> mc_retry_budget.ads:29:22

 info: data dependencies proved
--> mc_retry_budget.ads:30:11

 info: postcondition proved (CVC5: 7 VC in max 0.0 seconds and 439 steps; Trivial: 3 VC in max 0.0 seconds and 2 steps)
--> mc_retry_budget.ads:31:16

 info: initialization of "Status" proved
--> mc_retry_budget.ads:36:63

 info: data dependencies proved
--> mc_retry_budget.ads:37:11

 info: postcondition proved (CVC5: 8 VC in max 0.0 seconds and 1 step; Trivial: 2 VC in max 0.0 seconds and 2 steps)
--> mc_retry_budget.ads:38:16

 info: initialization of "Status" proved
--> mc_retry_budget.ads:44:22

 info: data dependencies proved
--> mc_retry_budget.ads:45:11

 info: postcondition proved (CVC5: 7 VC in max 0.0 seconds and 70 steps; Trivial: 2 VC in max 0.0 seconds and 2 steps)
--> mc_retry_budget.ads:46:16
 info: range check proved (CVC5: 2 VC in max 0.0 seconds and 1 step)
--> mc_hex.adb:5:07

 info: range check proved (CVC5: 2 VC in max 0.0 seconds and 1 step)
--> mc_hex.adb:5:33

 info: overflow check proved (CVC5: 2 VC in max 0.0 seconds and 1 step)
--> mc_hex.adb:5:41

 info: length check proved (CVC5: 3 VC in max 0.0 seconds and 1 step)
--> mc_hex.adb:5:49

 info: loop invariant initialization proved (CVC5: 1 VC in max 0.0 seconds and 1 step)
--> mc_hex.adb:9:33

 info: loop invariant preservation proved (CVC5: 1 VC in max 0.0 seconds and 1 step)
--> mc_hex.adb:9:33

 info: overflow check proved (CVC5: 4 VC in max 0.0 seconds and 1 step)
--> mc_hex.adb:9:39

 info: overflow check proved (CVC5: 4 VC in max 0.0 seconds and 1 step)
--> mc_hex.adb:9:44

 info: overflow check proved (CVC5: 2 VC in max 0.0 seconds and 1 step)
--> mc_hex.adb:10:20

 info: index check proved (CVC5: 2 VC in max 0.0 seconds and 1 step)
--> mc_hex.adb:10:20

 info: division check proved (CVC5: 1 VC in max 0.0 seconds and 1 step)
--> mc_hex.adb:10:54

 info: overflow check proved (CVC5: 2 VC in max 0.0 seconds and 1 step)
--> mc_hex.adb:11:20

 info: index check proved (CVC5: 2 VC in max 0.0 seconds and 1 step)
--> mc_hex.adb:11:20

 info: division check proved (CVC5: 1 VC in max 0.0 seconds and 1 step)
--> mc_hex.adb:11:54

 info: overflow check proved (CVC5: 2 VC in max 0.0 seconds and 1 step)
--> mc_hex.adb:12:17

 info: implicit aspect Always_Terminates on "Nibble" has been proved, subprogram will terminate
--> mc_hex.adb:16:13

 info: local subprogram "Nibble" only analyzed in the context of calls [info-unrolling-inlining]
--> mc_hex.adb:16:13
      + add a contract to analyze it separately from calling contexts

 info: range check proved (CVC5: 2 VC in max 0.0 seconds and 1 step), in call inlined at mc_hex.adb:32
--> mc_hex.adb:18:54

 info: range check proved (CVC5: 2 VC in max 0.0 seconds and 1 step), in call inlined at mc_hex.adb:33
--> mc_hex.adb:18:54

 info: range check proved (CVC5: 2 VC in max 0.0 seconds and 1 step), in call inlined at mc_hex.adb:32
--> mc_hex.adb:19:73

 info: range check proved (CVC5: 2 VC in max 0.0 seconds and 1 step), in call inlined at mc_hex.adb:33
--> mc_hex.adb:19:73

 info: initialization of "A" proved
--> mc_hex.adb:23:07

 info: initialization of "B" proved
--> mc_hex.adb:23:09

 info: length check proved (CVC5: 3 VC in max 0.0 seconds and 1 step)
--> mc_hex.adb:26:12

 info: range check proved (CVC5: 2 VC in max 0.0 seconds and 1 step)
--> mc_hex.adb:27:14

 info: loop invariant initialization proved (CVC5: 1 VC in max 0.0 seconds and 1 step)
--> mc_hex.adb:31:33

 info: loop invariant preservation proved (CVC5: 1 VC in max 0.0 seconds and 1 step)
--> mc_hex.adb:31:33

 info: overflow check proved (CVC5: 4 VC in max 0.0 seconds and 1 step)
--> mc_hex.adb:31:39

 info: overflow check proved (CVC5: 4 VC in max 0.0 seconds and 1 step)
--> mc_hex.adb:31:44

 info: analyzing call to "Nibble" in context
--> mc_hex.adb:32:15

 info: overflow check proved (CVC5: 2 VC in max 0.0 seconds and 1 step)
--> mc_hex.adb:32:40

 info: index check proved (CVC5: 2 VC in max 0.0 seconds and 1 step)
--> mc_hex.adb:32:40

 info: analyzing call to "Nibble" in context
--> mc_hex.adb:33:15

 info: overflow check proved (CVC5: 2 VC in max 0.0 seconds and 1 step)
--> mc_hex.adb:33:40

 info: overflow check proved (CVC5: 2 VC in max 0.0 seconds and 1 step)
--> mc_hex.adb:33:44

 info: index check proved (CVC5: 2 VC in max 0.0 seconds and 1 step)
--> mc_hex.adb:33:44

 info: length check proved (CVC5: 3 VC in max 0.0 seconds and 1 step)
--> mc_hex.adb:34:43

 info: overflow check proved (CVC5: 2 VC in max 0.0 seconds and 1 step)
--> mc_hex.adb:35:30

 info: overflow check proved (CVC5: 2 VC in max 0.0 seconds and 1 step)
--> mc_hex.adb:35:35

 info: range check proved (CVC5: 1 VC in max 0.0 seconds and 1 step)
--> mc_hex.adb:35:35

 info: overflow check proved (CVC5: 2 VC in max 0.0 seconds and 1 step)
--> mc_hex.adb:36:17

 info: implicit aspect Always_Terminates on "Encode" has been proved, subprogram will terminate
--> mc_hex.ads:4:13

 info: data dependencies proved
--> mc_hex.ads:5:11

 info: range check proved (CVC5: 2 VC in max 0.0 seconds and 1 step)
--> mc_hex.ads:5:38

 info: postcondition proved (CVC5: 2 VC in max 0.0 seconds and 1 step)
--> mc_hex.ads:6:16

 info: initialization of "Data" proved
--> mc_hex.ads:7:37

 info: initialization of "Status" proved
--> mc_hex.ads:7:55

 info: data dependencies proved
--> mc_hex.ads:8:11
 info: overflow check proved (CVC5: 2 VC in max 0.0 seconds and 1 step)
--> mc_authorization.adb:14:27

 info: implicit aspect Always_Terminates on "Within_Scope" has been proved, subprogram will terminate
--> mc_authorization.ads:12:13

 info: data dependencies proved
--> mc_authorization.ads:14:11
 info: implicit aspect Always_Terminates on "Valid" has been proved, subprogram will terminate
--> mc_system_baseline.ads:21:13

 info: data dependencies proved
--> mc_system_baseline.ads:21:54

 info: implicit aspect Always_Terminates on "Assess" has been proved, subprogram will terminate
--> mc_system_baseline.ads:22:13

 info: data dependencies proved
--> mc_system_baseline.ads:22:77
 info: overflow check proved (CVC5: 2 VC in max 0.0 seconds and 1 step)
--> mc_checkpoint.adb:18:53

 info: length check proved (CVC5: 3 VC in max 0.0 seconds and 1 step)
--> mc_checkpoint.adb:32:19

 info: precondition proved (CVC5: 3 VC in max 0.0 seconds and 1 step)
--> mc_checkpoint.adb:35:15

 info: precondition proved (CVC5: 3 VC in max 0.0 seconds and 1 step)
--> mc_checkpoint.adb:35:59

 info: precondition proved (CVC5: 3 VC in max 0.0 seconds and 1 step)
--> mc_checkpoint.adb:36:15

 info: precondition proved (CVC5: 3 VC in max 0.0 seconds and 1 step)
--> mc_checkpoint.adb:36:60

 info: precondition proved (CVC5: 3 VC in max 0.0 seconds and 1 step)
--> mc_checkpoint.adb:37:15

 info: precondition proved (CVC5: 3 VC in max 0.0 seconds and 1 step)
--> mc_checkpoint.adb:37:61

 info: precondition proved (CVC5: 3 VC in max 0.0 seconds and 1 step)
--> mc_checkpoint.adb:38:15

 info: precondition proved (CVC5: 1 VC in max 0.0 seconds and 2046 steps)
--> mc_checkpoint.adb:39:32

 info: range check proved (CVC5: 4 VC in max 0.0 seconds and 1 step)
--> mc_checkpoint.adb:39:39

 info: initialization of "T" proved
--> mc_checkpoint.adb:42:07

 info: range check proved (CVC5: 4 VC in max 0.0 seconds and 1 step)
--> mc_checkpoint.adb:46:10

 info: index check proved (CVC5: 2 VC in max 0.0 seconds and 1 step)
--> mc_checkpoint.adb:46:39

 info: unrolling loop [info-unrolling-inlining]
--> mc_checkpoint.adb:47:21

 info: precondition proved (CVC5: 21 VC in max 0.0 seconds and 1 step)
--> mc_checkpoint.adb:48:21

 info: range check proved (CVC5: 4 VC in max 0.0 seconds and 1 step)
--> mc_checkpoint.adb:50:20

 info: range check proved (CVC5: 4 VC in max 0.0 seconds and 1 step)
--> mc_checkpoint.adb:50:46

 info: range check proved (CVC5: 4 VC in max 0.0 seconds and 1 step)
--> mc_checkpoint.adb:50:72

 info: range check proved (CVC5: 4 VC in max 0.0 seconds and 1 step)
--> mc_checkpoint.adb:51:21

 info: range check proved (CVC5: 4 VC in max 0.0 seconds and 1 step)
--> mc_checkpoint.adb:51:47

 info: range check proved (CVC5: 4 VC in max 0.0 seconds and 1 step)
--> mc_checkpoint.adb:51:75

 info: range check proved (CVC5: 4 VC in max 0.0 seconds and 1 step)
--> mc_checkpoint.adb:52:26

 info: precondition proved (CVC5: 3 VC in max 0.0 seconds and 1 step)
--> mc_checkpoint.adb:52:73

 info: range check proved (CVC5: 2 VC in max 0.0 seconds and 327 steps)
--> mc_checkpoint.adb:52:73

 info: precondition proved (CVC5: 3 VC in max 0.0 seconds and 17 steps)
--> mc_checkpoint.adb:53:45

 info: range check proved (CVC5: 2 VC in max 0.0 seconds and 362 steps)
--> mc_checkpoint.adb:53:45

 info: precondition proved (CVC5: 3 VC in max 0.0 seconds and 35 steps)
--> mc_checkpoint.adb:53:94

 info: range check proved (CVC5: 2 VC in max 0.0 seconds and 397 steps)
--> mc_checkpoint.adb:53:94

 info: precondition proved (CVC5: 3 VC in max 0.0 seconds and 54 steps)
--> mc_checkpoint.adb:54:42

 info: range check proved (CVC5: 2 VC in max 0.0 seconds and 433 steps)
--> mc_checkpoint.adb:54:42

 info: precondition proved (CVC5: 3 VC in max 0.0 seconds and 74 steps)
--> mc_checkpoint.adb:54:92

 info: range check proved (CVC5: 2 VC in max 0.0 seconds and 470 steps)
--> mc_checkpoint.adb:54:92

 info: precondition proved (CVC5: 3 VC in max 0.0 seconds and 94 steps)
--> mc_checkpoint.adb:55:45

 info: range check proved (CVC5: 2 VC in max 0.0 seconds and 507 steps)
--> mc_checkpoint.adb:55:45

 info: precondition proved (CVC5: 3 VC in max 0.0 seconds and 115 steps)
--> mc_checkpoint.adb:55:95

 info: range check proved (CVC5: 2 VC in max 0.0 seconds and 545 steps)
--> mc_checkpoint.adb:55:95

 info: index check proved (CVC5: 2 VC in max 0.0 seconds and 1 step)
--> mc_checkpoint.adb:56:25

 info: implicit aspect Always_Terminates on "Valid" has been proved, subprogram will terminate
--> mc_checkpoint.ads:13:13

 info: data dependencies proved
--> mc_checkpoint.ads:13:56

 info: implicit aspect Always_Terminates on "Follows" has been proved, subprogram will terminate
--> mc_checkpoint.ads:14:13

 info: data dependencies proved
--> mc_checkpoint.ads:15:11

 info: implicit aspect Always_Terminates on "Encode" has been proved, subprogram will terminate
--> mc_checkpoint.ads:16:13

 info: data dependencies proved
--> mc_checkpoint.ads:16:55

 info: initialization of "D" proved
--> mc_checkpoint.ads:17:33

 info: initialization of "Status" proved
--> mc_checkpoint.ads:17:53

 info: data dependencies proved
--> mc_checkpoint.ads:17:80
 info: overflow check proved (CVC5: 2 VC in max 0.0 seconds and 1 step)
--> mc_accounting.adb:10:93

 info: implicit aspect Always_Terminates on "Valid" has been proved, subprogram will terminate
--> mc_accounting.ads:21:13

 info: data dependencies proved
--> mc_accounting.ads:21:51

 info: implicit aspect Always_Terminates on "Chain_Extends" has been proved, subprogram will terminate
--> mc_accounting.ads:22:13

 info: data dependencies proved
--> mc_accounting.ads:22:114

 info: implicit aspect Always_Terminates on "Required_Remote_Preservation" has been proved, subprogram will terminate
--> mc_accounting.ads:23:13

 info: data dependencies proved
--> mc_accounting.ads:23:74
 info: cannot unroll loop (too many loop iterations) [info-unrolling-inlining]
--> mc_stop_barrier.adb:16:27

 info: cannot unroll loop (too many loop iterations) [info-unrolling-inlining]
--> mc_stop_barrier.adb:22:26

 info: index check proved (CVC5: 2 VC in max 0.0 seconds and 1 step)
--> mc_stop_barrier.adb:23:51

 info: index check proved (CVC5: 2 VC in max 0.0 seconds and 1 step)
--> mc_stop_barrier.adb:24:58

 info: index check proved (CVC5: 2 VC in max 0.0 seconds and 1 step)
--> mc_stop_barrier.adb:25:62

 info: index check proved (CVC5: 2 VC in max 0.0 seconds and 1 step)
--> mc_stop_barrier.adb:26:63

 info: cannot unroll loop (too many loop iterations) [info-unrolling-inlining]
--> mc_stop_barrier.adb:31:30

 info: implicit aspect Always_Terminates on "Valid_Receipt" has been proved, subprogram will terminate
--> mc_stop_barrier.adb:37:13

 info: index check proved (CVC5: 2 VC in max 0.0 seconds and 1 step)
--> mc_stop_barrier.adb:51:70

 info: precondition proved (CVC5: 1 VC in max 0.0 seconds and 1 step)
--> mc_stop_barrier.adb:52:65

 info: index check proved (CVC5: 2 VC in max 0.0 seconds and 1 step)
--> mc_stop_barrier.adb:59:19

 info: index check proved (CVC5: 2 VC in max 0.0 seconds and 1 step)
--> mc_stop_barrier.adb:60:28

 info: index check proved (CVC5: 2 VC in max 0.0 seconds and 1 step)
--> mc_stop_barrier.adb:60:64

 info: index check proved (CVC5: 2 VC in max 0.0 seconds and 1 step)
--> mc_stop_barrier.adb:61:28

 info: overflow check proved (CVC5: 2 VC in max 0.0 seconds and 1 step)
--> mc_stop_barrier.adb:61:38

 info: index check proved (CVC5: 2 VC in max 0.0 seconds and 1 step)
--> mc_stop_barrier.adb:61:49

 info: overflow check proved (CVC5: 2 VC in max 0.0 seconds and 1 step)
--> mc_stop_barrier.adb:62:21

 info: index check proved (CVC5: 2 VC in max 0.0 seconds and 1 step)
--> mc_stop_barrier.adb:62:32

 info: index check proved (CVC5: 2 VC in max 0.0 seconds and 1 step)
--> mc_stop_barrier.adb:63:29

 info: index check proved (CVC5: 2 VC in max 0.0 seconds and 1 step)
--> mc_stop_barrier.adb:64:22

 info: index check proved (CVC5: 2 VC in max 0.0 seconds and 1 step)
--> mc_stop_barrier.adb:64:55

 info: index check proved (CVC5: 2 VC in max 0.0 seconds and 1 step)
--> mc_stop_barrier.adb:65:24

 info: initialization of "R" proved
--> mc_stop_barrier.adb:81:23

 info: loop invariant initialization proved (CVC5: 1 VC in max 0.0 seconds and 80 steps)
--> mc_stop_barrier.adb:96:32

 info: loop invariant preservation proved (CVC5: 1 VC in max 0.0 seconds and 153 steps)
--> mc_stop_barrier.adb:96:32

 info: index check proved (CVC5: 2 VC in max 0.0 seconds and 91 steps)
--> mc_stop_barrier.adb:98:48

 info: index check proved (CVC5: 2 VC in max 0.0 seconds and 1 step)
--> mc_stop_barrier.adb:99:46

 info: index check proved (CVC5: 2 VC in max 0.0 seconds and 1 step)
--> mc_stop_barrier.adb:100:50

 info: index check proved (CVC5: 2 VC in max 0.0 seconds and 1 step)
--> mc_stop_barrier.adb:101:20

 info: assertion proved (CVC5: 1 VC in max 0.0 seconds and 372 steps)
--> mc_stop_barrier.adb:102:21

 info: index check proved (CVC5: 2 VC in max 0.0 seconds and 1 step)
--> mc_stop_barrier.adb:104:44

 info: index check proved (CVC5: 2 VC in max 0.0 seconds and 1 step)
--> mc_stop_barrier.adb:107:44

 info: index check proved (CVC5: 2 VC in max 0.0 seconds and 1 step)
--> mc_stop_barrier.adb:122:27

 info: index check proved (CVC5: 2 VC in max 0.0 seconds and 1 step)
--> mc_stop_barrier.adb:123:46

 info: index check proved (CVC5: 2 VC in max 0.0 seconds and 1 step)
--> mc_stop_barrier.adb:129:57

 info: index check proved (CVC5: 2 VC in max 0.0 seconds and 1 step)
--> mc_stop_barrier.adb:130:31

 info: precondition proved (CVC5: 1 VC in max 0.0 seconds and 695 steps)
--> mc_stop_barrier.adb:137:27

 info: overflow check proved (CVC5: 2 VC in max 0.0 seconds and 665 steps)
--> mc_stop_barrier.adb:142:32

 info: assertion proved (CVC5: 1 VC in max 0.0 seconds and 1221 steps)
--> mc_stop_barrier.adb:143:21

 info: index check proved (CVC5: 2 VC in max 0.0 seconds and 137 steps)
--> mc_stop_barrier.adb:144:17

 info: assertion proved (CVC5: 1 VC in max 0.0 seconds and 661 steps)
--> mc_stop_barrier.adb:145:21

 info: assertion proved (CVC5: 1 VC in max 0.0 seconds and 860 steps; Trivial: 1 VC in max 0.0 seconds and 2 steps)
--> mc_stop_barrier.adb:146:21

 info: index check proved (CVC5: 2 VC in max 0.0 seconds and 55 steps)
--> mc_stop_barrier.adb:146:74

 info: index check proved (CVC5: 2 VC in max 0.0 seconds and 679 steps)
--> mc_stop_barrier.adb:146:87

 info: overflow check proved (CVC5: 2 VC in max 0.0 seconds and 1 step)
--> mc_stop_barrier.adb:153:72

 info: initialization of "O" proved
--> mc_stop_barrier.adb:156:42

 info: length check proved (CVC5: 3 VC in max 0.0 seconds and 1 step)
--> mc_stop_barrier.adb:158:19

 info: precondition proved (CVC5: 3 VC in max 0.0 seconds and 1 step)
--> mc_stop_barrier.adb:161:15

 info: precondition proved (CVC5: 3 VC in max 0.0 seconds and 1 step)
--> mc_stop_barrier.adb:161:54

 info: precondition proved (CVC5: 3 VC in max 0.0 seconds and 1 step)
--> mc_stop_barrier.adb:162:15

 info: cannot unroll loop (too many loop iterations) [info-unrolling-inlining]
--> mc_stop_barrier.adb:163:27

 info: overflow check proved (CVC5: 2 VC in max 0.0 seconds and 1 step)
--> mc_stop_barrier.adb:164:19

 info: overflow check proved (CVC5: 2 VC in max 0.0 seconds and 1 step)
--> mc_stop_barrier.adb:164:26

 info: range check proved (CVC5: 4 VC in max 0.0 seconds and 1 step)
--> mc_stop_barrier.adb:165:10

 info: index check proved (CVC5: 2 VC in max 0.0 seconds and 1 step)
--> mc_stop_barrier.adb:165:13

 info: overflow check proved (CVC5: 2 VC in max 0.0 seconds and 1 step)
--> mc_stop_barrier.adb:165:17

 info: index check proved (CVC5: 2 VC in max 0.0 seconds and 1 step)
--> mc_stop_barrier.adb:165:17

 info: length check proved (CVC5: 3 VC in max 0.0 seconds and 1 step)
--> mc_stop_barrier.adb:165:22

 info: length check proved (CVC5: 3 VC in max 0.0 seconds and 1 step)
--> mc_stop_barrier.adb:165:38

 info: range check proved (CVC5: 4 VC in max 0.0 seconds and 1 step)
--> mc_stop_barrier.adb:165:48

 info: overflow check proved (CVC5: 2 VC in max 0.0 seconds and 1 step)
--> mc_stop_barrier.adb:165:52

 info: index check proved (CVC5: 2 VC in max 0.0 seconds and 1 step)
--> mc_stop_barrier.adb:165:52

 info: overflow check proved (CVC5: 2 VC in max 0.0 seconds and 1 step)
--> mc_stop_barrier.adb:165:58

 info: index check proved (CVC5: 2 VC in max 0.0 seconds and 1 step)
--> mc_stop_barrier.adb:165:58

 info: length check proved (CVC5: 3 VC in max 0.0 seconds and 1 step)
--> mc_stop_barrier.adb:165:63

 info: length check proved (CVC5: 3 VC in max 0.0 seconds and 1 step)
--> mc_stop_barrier.adb:165:79

 info: range check proved (CVC5: 4 VC in max 0.0 seconds and 1 step)
--> mc_stop_barrier.adb:166:10

 info: overflow check proved (CVC5: 2 VC in max 0.0 seconds and 1 step)
--> mc_stop_barrier.adb:166:14

 info: index check proved (CVC5: 2 VC in max 0.0 seconds and 1 step)
--> mc_stop_barrier.adb:166:14

 info: overflow check proved (CVC5: 2 VC in max 0.0 seconds and 1 step)
--> mc_stop_barrier.adb:166:20

 info: index check proved (CVC5: 2 VC in max 0.0 seconds and 1 step)
--> mc_stop_barrier.adb:166:20

 info: length check proved (CVC5: 3 VC in max 0.0 seconds and 1 step)
--> mc_stop_barrier.adb:166:25

 info: length check proved (CVC5: 3 VC in max 0.0 seconds and 1 step)
--> mc_stop_barrier.adb:166:41

 info: range check proved (CVC5: 4 VC in max 0.0 seconds and 1 step)
--> mc_stop_barrier.adb:166:51

 info: overflow check proved (CVC5: 2 VC in max 0.0 seconds and 1 step)
--> mc_stop_barrier.adb:166:55

 info: index check proved (CVC5: 2 VC in max 0.0 seconds and 1 step)
--> mc_stop_barrier.adb:166:55

 info: overflow check proved (CVC5: 2 VC in max 0.0 seconds and 1 step)
--> mc_stop_barrier.adb:166:61

 info: index check proved (CVC5: 2 VC in max 0.0 seconds and 1 step)
--> mc_stop_barrier.adb:166:61

 info: length check proved (CVC5: 3 VC in max 0.0 seconds and 1 step)
--> mc_stop_barrier.adb:166:66

 info: length check proved (CVC5: 3 VC in max 0.0 seconds and 1 step)
--> mc_stop_barrier.adb:166:82

 info: range check proved (CVC5: 4 VC in max 0.0 seconds and 1 step)
--> mc_stop_barrier.adb:167:10

 info: overflow check proved (CVC5: 2 VC in max 0.0 seconds and 1 step)
--> mc_stop_barrier.adb:167:14

 info: index check proved (CVC5: 2 VC in max 0.0 seconds and 1 step)
--> mc_stop_barrier.adb:167:14

 info: overflow check proved (CVC5: 2 VC in max 0.0 seconds and 1 step)
--> mc_stop_barrier.adb:167:20

 info: index check proved (CVC5: 2 VC in max 0.0 seconds and 1 step)
--> mc_stop_barrier.adb:167:20

 info: length check proved (CVC5: 3 VC in max 0.0 seconds and 1 step)
--> mc_stop_barrier.adb:167:26

 info: length check proved (CVC5: 3 VC in max 0.0 seconds and 1 step)
--> mc_stop_barrier.adb:167:42

 info: precondition proved (CVC5: 3 VC in max 0.0 seconds and 97 steps)
--> mc_stop_barrier.adb:168:18

 info: overflow check proved (CVC5: 2 VC in max 0.0 seconds and 1 step)
--> mc_stop_barrier.adb:168:29

 info: precondition proved (CVC5: 1 VC in max 0.0 seconds and 1244 steps)
--> mc_stop_barrier.adb:170:36

 info: range check proved (CVC5: 4 VC in max 0.0 seconds and 1 step)
--> mc_stop_barrier.adb:170:43

 info: initialization of "O" proved
--> mc_stop_barrier.adb:173:41

 info: length check proved (CVC5: 3 VC in max 0.0 seconds and 1 step)
--> mc_stop_barrier.adb:175:19

 info: precondition proved (CVC5: 3 VC in max 0.0 seconds and 1 step)
--> mc_stop_barrier.adb:177:15

 info: precondition proved (CVC5: 3 VC in max 0.0 seconds and 1 step)
--> mc_stop_barrier.adb:177:56

 info: cannot unroll loop (too many loop iterations) [info-unrolling-inlining]
--> mc_stop_barrier.adb:179:27

 info: overflow check proved (CVC5: 2 VC in max 0.0 seconds and 1 step)
--> mc_stop_barrier.adb:180:19

 info: overflow check proved (CVC5: 2 VC in max 0.0 seconds and 1 step)
--> mc_stop_barrier.adb:180:26

 info: index check proved (CVC5: 2 VC in max 0.0 seconds and 1 step)
--> mc_stop_barrier.adb:180:35

 info: precondition proved (CVC5: 3 VC in max 0.0 seconds and 1 step)
--> mc_stop_barrier.adb:181:18

 info: overflow check proved (CVC5: 2 VC in max 0.0 seconds and 1 step)
--> mc_stop_barrier.adb:181:29

 info: precondition proved (CVC5: 3 VC in max 0.0 seconds and 1 step)
--> mc_stop_barrier.adb:182:18

 info: overflow check proved (CVC5: 2 VC in max 0.0 seconds and 1 step)
--> mc_stop_barrier.adb:182:29

 info: precondition proved (CVC5: 3 VC in max 0.0 seconds and 1 step)
--> mc_stop_barrier.adb:183:18

 info: overflow check proved (CVC5: 2 VC in max 0.0 seconds and 1 step)
--> mc_stop_barrier.adb:183:29

 info: precondition proved (CVC5: 3 VC in max 0.0 seconds and 35 steps)
--> mc_stop_barrier.adb:184:18

 info: overflow check proved (CVC5: 2 VC in max 0.0 seconds and 1 step)
--> mc_stop_barrier.adb:184:29

 info: range check proved (CVC5: 4 VC in max 0.0 seconds and 1 step)
--> mc_stop_barrier.adb:185:10

 info: overflow check proved (CVC5: 2 VC in max 0.0 seconds and 1 step)
--> mc_stop_barrier.adb:185:14

 info: index check proved (CVC5: 2 VC in max 0.0 seconds and 1 step)
--> mc_stop_barrier.adb:185:14

 info: overflow check proved (CVC5: 2 VC in max 0.0 seconds and 1 step)
--> mc_stop_barrier.adb:185:20

 info: index check proved (CVC5: 2 VC in max 0.0 seconds and 1 step)
--> mc_stop_barrier.adb:185:20

 info: length check proved (CVC5: 3 VC in max 0.0 seconds and 1 step)
--> mc_stop_barrier.adb:185:25

 info: length check proved (CVC5: 3 VC in max 0.0 seconds and 1 step)
--> mc_stop_barrier.adb:185:41

 info: range check proved (CVC5: 4 VC in max 0.0 seconds and 1 step)
--> mc_stop_barrier.adb:185:49

 info: overflow check proved (CVC5: 2 VC in max 0.0 seconds and 1 step)
--> mc_stop_barrier.adb:185:53

 info: index check proved (CVC5: 2 VC in max 0.0 seconds and 1 step)
--> mc_stop_barrier.adb:185:53

 info: overflow check proved (CVC5: 2 VC in max 0.0 seconds and 1 step)
--> mc_stop_barrier.adb:185:59

 info: index check proved (CVC5: 2 VC in max 0.0 seconds and 1 step)
--> mc_stop_barrier.adb:185:59

 info: length check proved (CVC5: 3 VC in max 0.0 seconds and 1 step)
--> mc_stop_barrier.adb:185:65

 info: length check proved (CVC5: 3 VC in max 0.0 seconds and 1 step)
--> mc_stop_barrier.adb:185:81

 info: precondition proved (CVC5: 3 VC in max 0.0 seconds and 161 steps)
--> mc_stop_barrier.adb:186:18

 info: overflow check proved (CVC5: 2 VC in max 0.0 seconds and 1 step)
--> mc_stop_barrier.adb:186:29

 info: precondition proved (CVC5: 3 VC in max 0.0 seconds and 201 steps)
--> mc_stop_barrier.adb:187:18

 info: overflow check proved (CVC5: 2 VC in max 0.0 seconds and 1 step)
--> mc_stop_barrier.adb:187:29

 info: precondition proved (CVC5: 1 VC in max 0.0 seconds and 2396 steps)
--> mc_stop_barrier.adb:189:36

 info: range check proved (CVC5: 4 VC in max 0.0 seconds and 16 steps)
--> mc_stop_barrier.adb:189:43

 info: length check proved (CVC5: 3 VC in max 0.0 seconds and 1 step)
--> mc_stop_barrier.adb:194:19

 info: precondition proved (CVC5: 3 VC in max 0.0 seconds and 1 step)
--> mc_stop_barrier.adb:197:15

 info: precondition proved (CVC5: 3 VC in max 0.0 seconds and 1 step)
--> mc_stop_barrier.adb:197:63

 info: precondition proved (CVC5: 3 VC in max 0.0 seconds and 1 step)
--> mc_stop_barrier.adb:198:15

 info: precondition proved (CVC5: 3 VC in max 0.0 seconds and 1 step)
--> mc_stop_barrier.adb:198:65

 info: precondition proved (CVC5: 3 VC in max 0.0 seconds and 1 step)
--> mc_stop_barrier.adb:199:15

 info: precondition proved (CVC5: 3 VC in max 0.0 seconds and 1 step)
--> mc_stop_barrier.adb:200:15

 info: precondition proved (CVC5: 3 VC in max 0.0 seconds and 1 step)
--> mc_stop_barrier.adb:200:64

 info: precondition proved (CVC5: 3 VC in max 0.0 seconds and 1 step)
--> mc_stop_barrier.adb:201:15

 info: precondition proved (CVC5: 3 VC in max 0.0 seconds and 19 steps)
--> mc_stop_barrier.adb:201:58

 info: precondition proved (CVC5: 3 VC in max 0.0 seconds and 51 steps)
--> mc_stop_barrier.adb:202:15

 info: precondition proved (CVC5: 1 VC in max 0.0 seconds and 2873 steps)
--> mc_stop_barrier.adb:206:32

 info: range check proved (CVC5: 4 VC in max 0.0 seconds and 1 step)
--> mc_stop_barrier.adb:206:39

 info: initialization of "T" proved
--> mc_stop_barrier.adb:209:07

 info: initialization of "O" proved
--> mc_stop_barrier.adb:209:19

 info: range check proved (CVC5: 4 VC in max 0.0 seconds and 1 step)
--> mc_stop_barrier.adb:213:10

 info: index check proved (CVC5: 2 VC in max 0.0 seconds and 1 step)
--> mc_stop_barrier.adb:213:36

 info: unrolling loop [info-unrolling-inlining]
--> mc_stop_barrier.adb:214:21

 info: precondition proved (CVC5: 9 VC in max 0.0 seconds and 1 step)
--> mc_stop_barrier.adb:214:37

 info: range check proved (CVC5: 4 VC in max 0.0 seconds and 1 step)
--> mc_stop_barrier.adb:215:23

 info: range check proved (CVC5: 4 VC in max 0.0 seconds and 1 step)
--> mc_stop_barrier.adb:215:50

 info: range check proved (CVC5: 4 VC in max 0.0 seconds and 1 step)
--> mc_stop_barrier.adb:215:81

 info: range check proved (CVC5: 4 VC in max 0.0 seconds and 1 step)
--> mc_stop_barrier.adb:216:21

 info: range check proved (CVC5: 4 VC in max 0.0 seconds and 1 step)
--> mc_stop_barrier.adb:216:50

 info: range check proved (CVC5: 4 VC in max 0.0 seconds and 1 step)
--> mc_stop_barrier.adb:216:78

 info: range check proved (CVC5: 4 VC in max 0.0 seconds and 1 step)
--> mc_stop_barrier.adb:217:24

 info: precondition proved (CVC5: 3 VC in max 0.0 seconds and 1 step)
--> mc_stop_barrier.adb:217:66

 info: range check proved (CVC5: 2 VC in max 0.0 seconds and 193 steps)
--> mc_stop_barrier.adb:217:66

 info: precondition proved (CVC5: 3 VC in max 0.0 seconds and 1 step)
--> mc_stop_barrier.adb:218:44

 info: range check proved (CVC5: 2 VC in max 0.0 seconds and 224 steps)
--> mc_stop_barrier.adb:218:44

 info: precondition proved (CVC5: 3 VC in max 0.0 seconds and 2 steps)
--> mc_stop_barrier.adb:218:93

 info: range check proved (CVC5: 2 VC in max 0.0 seconds and 256 steps)
--> mc_stop_barrier.adb:218:93

 info: range check proved (CVC5: 2 VC in max 0.0 seconds and 281 steps)
--> mc_stop_barrier.adb:219:18

 info: index check proved (CVC5: 2 VC in max 0.0 seconds and 1 step)
--> mc_stop_barrier.adb:219:30

 info: cannot unroll loop (too many loop iterations) [info-unrolling-inlining]
--> mc_stop_barrier.adb:220:27

 info: overflow check proved (CVC5: 2 VC in max 0.0 seconds and 281 steps)
--> mc_stop_barrier.adb:221:18

 info: overflow check proved (CVC5: 2 VC in max 0.0 seconds and 275 steps)
--> mc_stop_barrier.adb:221:24

 info: range check proved (CVC5: 4 VC in max 0.0 seconds and 298 steps)
--> mc_stop_barrier.adb:221:55

 info: length check proved (CVC5: 3 VC in max 0.0 seconds and 1 step)
--> mc_stop_barrier.adb:221:55

 info: overflow check proved (CVC5: 2 VC in max 0.0 seconds and 1 step)
--> mc_stop_barrier.adb:221:62

 info: range check proved (CVC5: 4 VC in max 0.0 seconds and 204 steps)
--> mc_stop_barrier.adb:222:39

 info: length check proved (CVC5: 3 VC in max 0.0 seconds and 1 step)
--> mc_stop_barrier.adb:222:39

 info: overflow check proved (CVC5: 2 VC in max 0.0 seconds and 1 step)
--> mc_stop_barrier.adb:222:43

 info: overflow check proved (CVC5: 2 VC in max 0.0 seconds and 1 step)
--> mc_stop_barrier.adb:222:49

 info: range check proved (CVC5: 4 VC in max 0.0 seconds and 225 steps)
--> mc_stop_barrier.adb:222:80

 info: length check proved (CVC5: 3 VC in max 0.0 seconds and 1 step)
--> mc_stop_barrier.adb:222:80

 info: overflow check proved (CVC5: 2 VC in max 0.0 seconds and 1 step)
--> mc_stop_barrier.adb:222:84

 info: overflow check proved (CVC5: 2 VC in max 0.0 seconds and 1 step)
--> mc_stop_barrier.adb:222:90

 info: range check proved (CVC5: 4 VC in max 0.0 seconds and 246 steps)
--> mc_stop_barrier.adb:223:36

 info: length check proved (CVC5: 3 VC in max 0.0 seconds and 1 step)
--> mc_stop_barrier.adb:223:36

 info: overflow check proved (CVC5: 2 VC in max 0.0 seconds and 1 step)
--> mc_stop_barrier.adb:223:40

 info: overflow check proved (CVC5: 2 VC in max 0.0 seconds and 1 step)
--> mc_stop_barrier.adb:223:46

 info: range check proved (CVC5: 4 VC in max 0.0 seconds and 269 steps)
--> mc_stop_barrier.adb:223:79

 info: length check proved (CVC5: 3 VC in max 0.0 seconds and 1 step)
--> mc_stop_barrier.adb:223:79

 info: overflow check proved (CVC5: 2 VC in max 0.0 seconds and 1 step)
--> mc_stop_barrier.adb:223:83

 info: overflow check proved (CVC5: 2 VC in max 0.0 seconds and 1 step)
--> mc_stop_barrier.adb:223:89

 info: precondition proved (CVC5: 3 VC in max 0.0 seconds and 289 steps)
--> mc_stop_barrier.adb:224:60

 info: overflow check proved (CVC5: 2 VC in max 0.0 seconds and 1 step)
--> mc_stop_barrier.adb:224:69

 info: initialization of "T" proved
--> mc_stop_barrier.adb:229:07

 info: initialization of "O" proved
--> mc_stop_barrier.adb:229:18

 info: range check proved (CVC5: 4 VC in max 0.0 seconds and 1 step)
--> mc_stop_barrier.adb:233:10

 info: index check proved (CVC5: 2 VC in max 0.0 seconds and 1 step)
--> mc_stop_barrier.adb:233:36

 info: index check proved (CVC5: 2 VC in max 0.0 seconds and 1 step)
--> mc_stop_barrier.adb:233:56

 info: precondition proved (CVC5: 3 VC in max 0.0 seconds and 1 step)
--> mc_stop_barrier.adb:234:25

 info: precondition proved (CVC5: 3 VC in max 0.0 seconds and 1 step)
--> mc_stop_barrier.adb:235:25

 info: range check proved (CVC5: 4 VC in max 0.0 seconds and 1 step)
--> mc_stop_barrier.adb:236:24

 info: range check proved (CVC5: 4 VC in max 0.0 seconds and 1 step)
--> mc_stop_barrier.adb:236:51

 info: range check proved (CVC5: 4 VC in max 0.0 seconds and 1 step)
--> mc_stop_barrier.adb:236:79

 info: range check proved (CVC5: 4 VC in max 0.0 seconds and 1 step)
--> mc_stop_barrier.adb:237:26

 info: precondition proved (CVC5: 3 VC in max 0.0 seconds and 1 step)
--> mc_stop_barrier.adb:237:69

 info: range check proved (CVC5: 2 VC in max 0.0 seconds and 107 steps)
--> mc_stop_barrier.adb:237:69

 info: precondition proved (CVC5: 3 VC in max 0.0 seconds and 1 step)
--> mc_stop_barrier.adb:238:38

 info: range check proved (CVC5: 2 VC in max 0.0 seconds and 135 steps)
--> mc_stop_barrier.adb:238:38

 info: range check proved (CVC5: 2 VC in max 0.0 seconds and 154 steps)
--> mc_stop_barrier.adb:238:76

 info: index check proved (CVC5: 2 VC in max 0.0 seconds and 1 step)
--> mc_stop_barrier.adb:238:79

 info: range check proved (CVC5: 2 VC in max 0.0 seconds and 175 steps)
--> mc_stop_barrier.adb:239:18

 info: index check proved (CVC5: 2 VC in max 0.0 seconds and 1 step)
--> mc_stop_barrier.adb:239:30

 info: cannot unroll loop (too many loop iterations) [info-unrolling-inlining]
--> mc_stop_barrier.adb:240:27

 info: overflow check proved (CVC5: 2 VC in max 0.0 seconds and 162 steps)
--> mc_stop_barrier.adb:241:18

 info: overflow check proved (CVC5: 2 VC in max 0.0 seconds and 157 steps)
--> mc_stop_barrier.adb:241:24

 info: index check proved (CVC5: 2 VC in max 0.0 seconds and 176 steps)
--> mc_stop_barrier.adb:241:36

 info: unrolling loop [info-unrolling-inlining]
--> mc_stop_barrier.adb:242:24

 info: precondition proved (CVC5: 12 VC in max 0.0 seconds and 121 steps)
--> mc_stop_barrier.adb:242:40

 info: overflow check proved (CVC5: 8 VC in max 0.0 seconds and 1 step)
--> mc_stop_barrier.adb:242:49

 info: precondition proved (CVC5: 3 VC in max 0.0 seconds and 134 steps)
--> mc_stop_barrier.adb:243:21

 info: overflow check proved (CVC5: 2 VC in max 0.0 seconds and 1 step)
--> mc_stop_barrier.adb:243:30

 info: range check proved (CVC5: 2 VC in max 0.0 seconds and 574 steps)
--> mc_stop_barrier.adb:244:58

 info: index check proved (CVC5: 2 VC in max 0.0 seconds and 1 step)
--> mc_stop_barrier.adb:244:61

 info: precondition proved (CVC5: 3 VC in max 0.0 seconds and 169 steps)
--> mc_stop_barrier.adb:245:58

 info: range check proved (CVC5: 2 VC in max 0.0 seconds and 617 steps)
--> mc_stop_barrier.adb:245:58

 info: overflow check proved (CVC5: 2 VC in max 0.0 seconds and 1 step)
--> mc_stop_barrier.adb:245:67

 info: precondition proved (CVC5: 3 VC in max 0.0 seconds and 189 steps)
--> mc_stop_barrier.adb:246:59

 info: range check proved (CVC5: 2 VC in max 0.0 seconds and 656 steps)
--> mc_stop_barrier.adb:246:59

 info: overflow check proved (CVC5: 2 VC in max 0.0 seconds and 1 step)
--> mc_stop_barrier.adb:246:68

 info: precondition proved (CVC5: 3 VC in max 0.0 seconds and 211 steps)
--> mc_stop_barrier.adb:247:53

 info: range check proved (CVC5: 2 VC in max 0.0 seconds and 696 steps)
--> mc_stop_barrier.adb:247:53

 info: overflow check proved (CVC5: 2 VC in max 0.0 seconds and 1 step)
--> mc_stop_barrier.adb:247:62

 info: precondition proved (CVC5: 3 VC in max 0.0 seconds and 232 steps)
--> mc_stop_barrier.adb:248:52

 info: range check proved (CVC5: 2 VC in max 0.0 seconds and 736 steps)
--> mc_stop_barrier.adb:248:52

 info: overflow check proved (CVC5: 2 VC in max 0.0 seconds and 1 step)
--> mc_stop_barrier.adb:248:61

 info: range check proved (CVC5: 4 VC in max 0.0 seconds and 265 steps)
--> mc_stop_barrier.adb:249:33

 info: length check proved (CVC5: 3 VC in max 0.0 seconds and 1 step)
--> mc_stop_barrier.adb:249:33

 info: overflow check proved (CVC5: 2 VC in max 0.0 seconds and 1 step)
--> mc_stop_barrier.adb:249:37

 info: overflow check proved (CVC5: 2 VC in max 0.0 seconds and 1 step)
--> mc_stop_barrier.adb:249:43

 info: range check proved (CVC5: 4 VC in max 0.0 seconds and 303 steps)
--> mc_stop_barrier.adb:249:77

 info: length check proved (CVC5: 3 VC in max 0.0 seconds and 1 step)
--> mc_stop_barrier.adb:249:77

 info: overflow check proved (CVC5: 2 VC in max 0.0 seconds and 1 step)
--> mc_stop_barrier.adb:249:81

 info: overflow check proved (CVC5: 2 VC in max 0.0 seconds and 1 step)
--> mc_stop_barrier.adb:249:87

 info: precondition proved (CVC5: 3 VC in max 0.0 seconds and 332 steps)
--> mc_stop_barrier.adb:250:54

 info: range check proved (CVC5: 2 VC in max 0.0 seconds and 854 steps)
--> mc_stop_barrier.adb:250:54

 info: overflow check proved (CVC5: 2 VC in max 0.0 seconds and 1 step)
--> mc_stop_barrier.adb:250:63

 info: precondition proved (CVC5: 3 VC in max 0.0 seconds and 360 steps)
--> mc_stop_barrier.adb:251:51

 info: overflow check proved (CVC5: 2 VC in max 0.0 seconds and 42 steps)
--> mc_stop_barrier.adb:251:60

 info: initialization of "T" proved
--> mc_stop_barrier.adb:256:07

 info: range check proved (CVC5: 4 VC in max 0.0 seconds and 1 step)
--> mc_stop_barrier.adb:260:10

 info: index check proved (CVC5: 2 VC in max 0.0 seconds and 1 step)
--> mc_stop_barrier.adb:260:36

 info: index check proved (CVC5: 2 VC in max 0.0 seconds and 1 step)
--> mc_stop_barrier.adb:260:56

 info: index check proved (CVC5: 2 VC in max 0.0 seconds and 1 step)
--> mc_stop_barrier.adb:261:20

 info: index check proved (CVC5: 2 VC in max 0.0 seconds and 1 step)
--> mc_stop_barrier.adb:261:40

 info: index check proved (CVC5: 2 VC in max 0.0 seconds and 1 step)
--> mc_stop_barrier.adb:261:60

 info: unrolling loop [info-unrolling-inlining]
--> mc_stop_barrier.adb:262:21

 info: precondition proved (CVC5: 27 VC in max 0.0 seconds and 1 step)
--> mc_stop_barrier.adb:262:37

 info: range check proved (CVC5: 4 VC in max 0.0 seconds and 1 step)
--> mc_stop_barrier.adb:263:24

 info: range check proved (CVC5: 4 VC in max 0.0 seconds and 5 steps)
--> mc_stop_barrier.adb:263:56

 info: range check proved (CVC5: 4 VC in max 0.0 seconds and 27 steps)
--> mc_stop_barrier.adb:263:84

 info: range check proved (CVC5: 4 VC in max 0.0 seconds and 50 steps)
--> mc_stop_barrier.adb:264:20

 info: range check proved (CVC5: 4 VC in max 0.0 seconds and 73 steps)
--> mc_stop_barrier.adb:264:51

 info: range check proved (CVC5: 4 VC in max 0.0 seconds and 97 steps)
--> mc_stop_barrier.adb:264:83

 info: range check proved (CVC5: 4 VC in max 0.0 seconds and 121 steps)
--> mc_stop_barrier.adb:265:26

 info: precondition proved (CVC5: 3 VC in max 0.0 seconds and 146 steps)
--> mc_stop_barrier.adb:265:77

 info: range check proved (CVC5: 2 VC in max 0.0 seconds and 567 steps)
--> mc_stop_barrier.adb:265:77

 info: precondition proved (CVC5: 3 VC in max 0.0 seconds and 168 steps)
--> mc_stop_barrier.adb:266:47

 info: range check proved (CVC5: 2 VC in max 0.0 seconds and 606 steps)
--> mc_stop_barrier.adb:266:47

 info: precondition proved (CVC5: 3 VC in max 0.0 seconds and 190 steps)
--> mc_stop_barrier.adb:266:101

 info: range check proved (CVC5: 2 VC in max 0.0 seconds and 646 steps)
--> mc_stop_barrier.adb:266:101

 info: precondition proved (CVC5: 3 VC in max 0.0 seconds and 214 steps)
--> mc_stop_barrier.adb:267:35

 info: range check proved (CVC5: 2 VC in max 0.0 seconds and 686 steps)
--> mc_stop_barrier.adb:267:35

 info: precondition proved (CVC5: 3 VC in max 0.0 seconds and 237 steps)
--> mc_stop_barrier.adb:267:95

 info: range check proved (CVC5: 2 VC in max 0.0 seconds and 726 steps)
--> mc_stop_barrier.adb:267:95

 info: precondition proved (CVC5: 3 VC in max 0.0 seconds and 261 steps)
--> mc_stop_barrier.adb:268:45

 info: range check proved (CVC5: 2 VC in max 0.0 seconds and 767 steps)
--> mc_stop_barrier.adb:268:45

 info: precondition proved (CVC5: 3 VC in max 0.0 seconds and 286 steps)
--> mc_stop_barrier.adb:268:97

 info: range check proved (CVC5: 2 VC in max 0.0 seconds and 809 steps)
--> mc_stop_barrier.adb:268:97

 info: precondition proved (CVC5: 3 VC in max 0.0 seconds and 311 steps)
--> mc_stop_barrier.adb:269:39

 info: range check proved (CVC5: 2 VC in max 0.0 seconds and 852 steps)
--> mc_stop_barrier.adb:269:39

 info: precondition proved (CVC5: 3 VC in max 0.0 seconds and 337 steps)
--> mc_stop_barrier.adb:269:92

 info: range check proved (CVC5: 2 VC in max 0.0 seconds and 895 steps)
--> mc_stop_barrier.adb:269:92

 info: precondition proved (CVC5: 3 VC in max 0.0 seconds and 364 steps)
--> mc_stop_barrier.adb:270:36

 info: range check proved (CVC5: 2 VC in max 0.0 seconds and 964 steps)
--> mc_stop_barrier.adb:270:74

 info: index check proved (CVC5: 2 VC in max 0.0 seconds and 165 steps)
--> mc_stop_barrier.adb:270:77

 info: range check proved (CVC5: 2 VC in max 0.0 seconds and 1008 steps)
--> mc_stop_barrier.adb:271:32

 info: index check proved (CVC5: 2 VC in max 0.0 seconds and 200 steps)
--> mc_stop_barrier.adb:271:35

 info: index check proved (CVC5: 2 VC in max 0.0 seconds and 236 steps)
--> mc_stop_barrier.adb:271:69

 info: index check proved (CVC5: 2 VC in max 0.0 seconds and 254 steps)
--> mc_stop_barrier.adb:272:28

 info: index check proved (CVC5: 2 VC in max 0.0 seconds and 273 steps)
--> mc_stop_barrier.adb:272:65

 info: implicit aspect Always_Terminates on "Valid" has been proved, subprogram will terminate
--> mc_stop_barrier.ads:54:13

 info: data dependencies proved
--> mc_stop_barrier.ads:54:52

 info: implicit aspect Always_Terminates on "Valid" has been proved, subprogram will terminate
--> mc_stop_barrier.ads:55:13

 info: data dependencies proved
--> mc_stop_barrier.ads:55:51

 info: implicit aspect Always_Terminates on "Fingerprint" has been proved, subprogram will terminate
--> mc_stop_barrier.ads:56:13

 info: data dependencies proved
--> mc_stop_barrier.ads:56:57

 info: implicit aspect Always_Terminates on "Ready" has been proved, subprogram will terminate
--> mc_stop_barrier.ads:57:13

 info: data dependencies proved
--> mc_stop_barrier.ads:57:78

 info: implicit aspect Always_Terminates on "Usable" has been proved, subprogram will terminate
--> mc_stop_barrier.ads:58:13

 info: data dependencies proved
--> mc_stop_barrier.ads:58:79

 info: initialization of "S" proved
--> mc_stop_barrier.ads:59:38

 info: initialization of "Status" proved
--> mc_stop_barrier.ads:59:53

 info: data dependencies proved
--> mc_stop_barrier.ads:59:80

 info: initialization of "Status" proved
--> mc_stop_barrier.ads:61:52

 info: data dependencies proved
--> mc_stop_barrier.ads:62:12

 info: postcondition proved (CVC5: 8 VC in max 0.0 seconds and 2321 steps; Trivial: 2 VC in max 0.0 seconds and 2 steps)
--> mc_stop_barrier.ads:62:36

 info: overflow check proved (CVC5: 2 VC in max 0.0 seconds and 420 steps)
--> mc_stop_barrier.ads:63:86

 info: initialization of "Status" proved
--> mc_stop_barrier.ads:64:65

 info: data dependencies proved
--> mc_stop_barrier.ads:65:12

 info: postcondition proved (CVC5: 4 VC in max 0.0 seconds and 916 steps; Trivial: 2 VC in max 0.0 seconds and 2 steps)
--> mc_stop_barrier.ads:65:36

 info: implicit aspect Always_Terminates on "Encode" has been proved, subprogram will terminate
--> mc_stop_barrier.ads:67:13

 info: data dependencies proved
--> mc_stop_barrier.ads:67:58

 info: implicit aspect Always_Terminates on "Encode" has been proved, subprogram will terminate
--> mc_stop_barrier.ads:68:13

 info: data dependencies proved
--> mc_stop_barrier.ads:68:56

 info: implicit aspect Always_Terminates on "Encode" has been proved, subprogram will terminate
--> mc_stop_barrier.ads:69:13

 info: data dependencies proved
--> mc_stop_barrier.ads:69:62

 info: initialization of "P" proved
--> mc_stop_barrier.ads:70:33

 info: initialization of "Status" proved
--> mc_stop_barrier.ads:70:49

 info: data dependencies proved
--> mc_stop_barrier.ads:70:76

 info: initialization of "S" proved
--> mc_stop_barrier.ads:71:33

 info: initialization of "Status" proved
--> mc_stop_barrier.ads:71:48

 info: data dependencies proved
--> mc_stop_barrier.ads:71:75

 info: initialization of "E" proved
--> mc_stop_barrier.ads:72:33

 info: initialization of "Status" proved
--> mc_stop_barrier.ads:72:51

 info: data dependencies proved
--> mc_stop_barrier.ads:72:78
 info: initialization of "D" proved
--> mc_numbers.adb:4:07

 info: index check proved (CVC5: 2 VC in max 0.0 seconds and 1 step)
--> mc_numbers.adb:7:33

 info: cannot unroll loop (too many loop iterations) [info-unrolling-inlining]
--> mc_numbers.adb:8:18

 info: range check proved (CVC5: 2 VC in max 0.0 seconds and 1 step)
--> mc_numbers.adb:9:71

 info: overflow check proved (CVC5: 2 VC in max 0.0 seconds and 1 step)
--> mc_numbers.adb:10:28

 info: division check proved (CVC5: 1 VC in max 0.0 seconds and 1 step)
--> mc_numbers.adb:10:31

 info: overflow check proved (CVC5: 2 VC in max 0.0 seconds and 1 step)
--> mc_numbers.adb:10:60

 info: overflow check proved (CVC5: 2 VC in max 0.0 seconds and 1 step)
--> mc_numbers.adb:10:63

 info: unrolling loop [info-unrolling-inlining]
--> mc_numbers.adb:18:32

 info: division check proved (CVC5: 19 VC in max 0.0 seconds and 1 step)
--> mc_numbers.adb:19:43

 info: division check proved (CVC5: 19 VC in max 0.0 seconds and 1 step)
--> mc_numbers.adb:20:30

 info: assertion proved (CVC5: 1 VC in max 0.0 seconds and 1598 steps)
--> mc_numbers.adb:23:21

 info: range check proved (CVC5: 2 VC in max 0.0 seconds and 1410 steps)
--> mc_numbers.adb:26:38

 info: range check proved (CVC5: 2 VC in max 0.0 seconds and 916 steps)
--> mc_numbers.adb:27:10

 info: range check proved (CVC5: 4 VC in max 0.0 seconds and 1401 steps)
--> mc_numbers.adb:27:45

 info: length check proved (CVC5: 3 VC in max 0.0 seconds and 978 steps)
--> mc_numbers.adb:27:45

 info: initialization of "N" proved
--> mc_numbers.ads:4:32

 info: initialization of "Status" proved
--> mc_numbers.ads:4:49

 info: data dependencies proved
--> mc_numbers.ads:4:76

 info: implicit aspect Always_Terminates on "Image" has been proved, subprogram will terminate
--> mc_numbers.ads:5:13

 info: data dependencies proved
--> mc_numbers.ads:5:51

 info: postcondition proved (CVC5: 2 VC in max 0.0 seconds and 1503 steps)
--> mc_numbers.ads:6:14
 info: precondition proved (CVC5: 4 VC in max 0.0 seconds and 1 step)
--> mc_protocol.adb:9:15

 info: precondition proved (CVC5: 4 VC in max 0.0 seconds and 1 step)
--> mc_protocol.adb:10:15

 info: range check proved (CVC5: 1 VC in max 0.0 seconds and 1 step)
--> mc_protocol.adb:11:52

 info: precondition proved (CVC5: 4 VC in max 0.0 seconds and 1 step)
--> mc_protocol.adb:12:15

 info: precondition proved (CVC5: 3 VC in max 0.0 seconds and 1 step)
--> mc_protocol.adb:13:15

 info: precondition proved (CVC5: 3 VC in max 0.0 seconds and 1 step)
--> mc_protocol.adb:18:15

 info: precondition proved (CVC5: 3 VC in max 0.0 seconds and 1 step)
--> mc_protocol.adb:19:15

 info: precondition proved (CVC5: 3 VC in max 0.0 seconds and 1 step)
--> mc_protocol.adb:20:15

 info: precondition proved (CVC5: 3 VC in max 0.0 seconds and 1 step)
--> mc_protocol.adb:21:15

 info: initialization of "B" proved
--> mc_protocol.adb:27:07

 info: length check proved (CVC5: 3 VC in max 0.0 seconds and 1 step)
--> mc_protocol.adb:32:12

 info: range check proved (CVC5: 4 VC in max 0.0 seconds and 1 step)
--> mc_protocol.adb:33:10

 info: precondition proved (CVC5: 3 VC in max 0.0 seconds and 1 step)
--> mc_protocol.adb:34:45

 info: precondition proved (CVC5: 3 VC in max 0.0 seconds and 1 step)
--> mc_protocol.adb:36:18

 info: precondition proved (CVC5: 3 VC in max 0.0 seconds and 1 step)
--> mc_protocol.adb:36:55

 info: precondition proved (CVC5: 3 VC in max 0.0 seconds and 1 step)
--> mc_protocol.adb:40:25

 info: unrolling loop [info-unrolling-inlining]
--> mc_protocol.adb:42:23

 info: precondition proved (CVC5: 12 VC in max 0.0 seconds and 1 step)
--> mc_protocol.adb:43:21

 info: range check proved (CVC5: 2 VC in max 0.0 seconds and 88 steps)
--> mc_protocol.adb:45:55

 info: range check proved (CVC5: 2 VC in max 0.0 seconds and 132 steps)
--> mc_protocol.adb:46:28

 info: precondition proved (CVC5: 3 VC in max 0.0 seconds and 1 step)
--> mc_protocol.adb:46:45

 info: range check proved (CVC5: 2 VC in max 0.0 seconds and 116 steps)
--> mc_protocol.adb:46:45

 info: range check proved (CVC5: 4 VC in max 0.0 seconds and 1 step)
--> mc_protocol.adb:47:27

 info: range check proved (CVC5: 4 VC in max 0.0 seconds and 1 step)
--> mc_protocol.adb:48:27

 info: range check proved (CVC5: 4 VC in max 0.0 seconds and 1 step)
--> mc_protocol.adb:49:24

 info: range check proved (CVC5: 4 VC in max 0.0 seconds and 1 step)
--> mc_protocol.adb:50:28

 info: precondition proved (CVC5: 3 VC in max 0.0 seconds and 1 step)
--> mc_protocol.adb:51:50

 info: range check proved (CVC5: 2 VC in max 0.0 seconds and 179 steps)
--> mc_protocol.adb:51:50

 info: precondition proved (CVC5: 3 VC in max 0.0 seconds and 1 step)
--> mc_protocol.adb:52:45

 info: range check proved (CVC5: 2 VC in max 0.0 seconds and 216 steps)
--> mc_protocol.adb:52:45

 info: precondition proved (CVC5: 3 VC in max 0.0 seconds and 1 step)
--> mc_protocol.adb:53:49

 info: range check proved (CVC5: 2 VC in max 0.0 seconds and 253 steps)
--> mc_protocol.adb:53:49

 info: precondition proved (CVC5: 3 VC in max 0.0 seconds and 1 step)
--> mc_protocol.adb:54:42

 info: range check proved (CVC5: 2 VC in max 0.0 seconds and 290 steps)
--> mc_protocol.adb:54:42

 info: range check proved (CVC5: 4 VC in max 0.0 seconds and 1 step)
--> mc_protocol.adb:55:24

 info: range check proved (CVC5: 4 VC in max 0.0 seconds and 1 step)
--> mc_protocol.adb:56:28

 info: implicit aspect Always_Terminates on "Encode" has been proved, subprogram will terminate
--> mc_protocol.ads:30:13

 info: data dependencies proved
--> mc_protocol.ads:30:62

 info: initialization of "Value" proved
--> mc_protocol.ads:31:36

 info: initialization of "Status" proved
--> mc_protocol.ads:31:56

 info: data dependencies proved
--> mc_protocol.ads:32:11

 info: postcondition proved (CVC5: 2 VC in max 0.0 seconds and 121 steps; Trivial: 1 VC in max 0.0 seconds and 2 steps)
--> mc_protocol.ads:33:16

 info: implicit aspect Always_Terminates on "Valid_Identity" has been proved, subprogram will terminate
--> mc_protocol.ads:35:13

 info: data dependencies proved
--> mc_protocol.ads:35:65
 info: implicit aspect Always_Terminates on "Ready" has been proved, subprogram will terminate
--> mc_platform_profile.ads:18:13

 info: data dependencies proved
--> mc_platform_profile.ads:18:70
 info: initialization of "Field_Status" proved
--> mc_properties.adb:5:56

 info: loop invariant initialization proved (CVC5: 2 VC in max 0.0 seconds and 1 step)
--> mc_properties.adb:10:33

 info: loop invariant preservation proved (CVC5: 2 VC in max 0.0 seconds and 272 steps)
--> mc_properties.adb:10:33

 info: loop invariant initialization proved (CVC5: 1 VC in max 0.0 seconds and 1 step)
--> mc_properties.adb:11:33

 info: loop invariant preservation proved (CVC5: 1 VC in max 0.0 seconds and 286 steps)
--> mc_properties.adb:11:33

 info: overflow check proved (CVC5: 4 VC in max 0.0 seconds and 210 steps)
--> mc_properties.adb:11:71

 info: range check proved (CVC5: 2 VC in max 0.0 seconds and 1 step)
--> mc_properties.adb:12:53

 info: overflow check proved (CVC5: 2 VC in max 0.0 seconds and 1 step)
--> mc_properties.adb:14:59

 info: overflow check proved (CVC5: 2 VC in max 0.0 seconds and 1 step)
--> mc_properties.adb:14:71

 info: overflow check proved (CVC5: 2 VC in max 0.0 seconds and 1 step)
--> mc_properties.adb:16:54

 info: range check proved (CVC5: 2 VC in max 0.0 seconds and 1 step)
--> mc_properties.adb:16:54

 info: overflow check proved (CVC5: 2 VC in max 0.0 seconds and 1 step)
--> mc_properties.adb:17:52

 info: overflow check proved (CVC5: 2 VC in max 0.0 seconds and 1 step)
--> mc_properties.adb:17:58

 info: range check proved (CVC5: 2 VC in max 0.0 seconds and 1 step)
--> mc_properties.adb:17:58

 info: initialization of "Key" proved
--> mc_properties.adb:18:16

 info: range check proved (CVC5: 2 VC in max 0.0 seconds and 1 step)
--> mc_properties.adb:18:16

 info: initialization of "Value" proved
--> mc_properties.adb:18:45

 info: range check proved (CVC5: 2 VC in max 0.0 seconds and 1 step)
--> mc_properties.adb:18:45

 info: cannot unroll loop (too many loop iterations) [info-unrolling-inlining]
--> mc_properties.adb:20:35

 info: overflow check proved (CVC5: 2 VC in max 0.0 seconds and 26 steps)
--> mc_properties.adb:20:72

 info: overflow check proved (CVC5: 2 VC in max 0.0 seconds and 1 step)
--> mc_properties.adb:20:74

 info: index check proved (CVC5: 2 VC in max 0.0 seconds and 40 steps)
--> mc_properties.adb:20:74

 info: cannot unroll loop (too many loop iterations) [info-unrolling-inlining]
--> mc_properties.adb:21:37

 info: overflow check proved (CVC5: 2 VC in max 0.0 seconds and 147 steps)
--> mc_properties.adb:21:76

 info: index check proved (CVC5: 2 VC in max 0.0 seconds and 154 steps)
--> mc_properties.adb:21:76

 info: cannot unroll loop (too many loop iterations) [info-unrolling-inlining]
--> mc_properties.adb:23:36

 info: range check proved (CVC5: 2 VC in max 0.0 seconds and 187 steps)
--> mc_properties.adb:24:32

 info: index check proved (CVC5: 2 VC in max 0.0 seconds and 208 steps)
--> mc_properties.adb:25:37

 info: index check proved (CVC5: 2 VC in max 0.0 seconds and 1 step)
--> mc_properties.adb:26:37

 info: overflow check proved (CVC5: 2 VC in max 0.0 seconds and 274 steps)
--> mc_properties.adb:28:21

 info: overflow check proved (CVC5: 2 VC in max 0.0 seconds and 193 steps)
--> mc_properties.adb:32:34

 info: cannot unroll loop (too many loop iterations) [info-unrolling-inlining]
--> mc_properties.adb:37:27

 info: initialization of "Found" proved
--> mc_properties.adb:45:07

 info: overflow check proved (CVC5: 2 VC in max 0.0 seconds and 1 step)
--> mc_properties.adb:48:37

 info: loop invariant preservation proved (CVC5: 2 VC in max 0.0 seconds and 1 step)
--> mc_properties.adb:49:33

 info: loop invariant initialization proved (CVC5: 2 VC in max 0.0 seconds and 1 step)
--> mc_properties.adb:49:33

 info: loop invariant initialization proved (CVC5: 1 VC in max 0.0 seconds and 1 step)
--> mc_properties.adb:50:33

 info: loop invariant preservation proved (CVC5: 1 VC in max 0.0 seconds and 1 step)
--> mc_properties.adb:50:33

 info: overflow check proved (CVC5: 2 VC in max 0.0 seconds and 1 step)
--> mc_properties.adb:51:24

 info: index check proved (CVC5: 2 VC in max 0.0 seconds and 1 step)
--> mc_properties.adb:51:40

 info: cannot unroll loop (too many loop iterations) [info-unrolling-inlining]
--> mc_properties.adb:54:33

 info: range check proved (CVC5: 4 VC in max 0.0 seconds and 1 step)
--> mc_properties.adb:55:49

 info: overflow check proved (CVC5: 2 VC in max 0.0 seconds and 1 step)
--> mc_properties.adb:55:62

 info: overflow check proved (CVC5: 2 VC in max 0.0 seconds and 1 step)
--> mc_properties.adb:61:17

 info: overflow check proved (CVC5: 2 VC in max 0.0 seconds and 1 step)
--> mc_properties.adb:61:29

 info: initialization of "D" proved
--> mc_properties.ads:8:34

 info: initialization of "Status" proved
--> mc_properties.ads:8:52

 info: data dependencies proved
--> mc_properties.ads:8:79

 info: initialization of "V" proved
--> mc_properties.ads:9:46

 info: initialization of "Status" proved
--> mc_properties.ads:9:69

 info: data dependencies proved
--> mc_properties.ads:9:96

 info: implicit aspect Always_Terminates on "Has_Exactly" has been proved, subprogram will terminate
--> mc_properties.ads:10:13

 info: data dependencies proved
--> mc_properties.ads:10:74
 info: overflow check proved (CVC5: 2 VC in max 0.0 seconds and 1 step)
--> mc_attestation.adb:21:21

 info: implicit aspect Always_Terminates on "Valid" has been proved, subprogram will terminate
--> mc_attestation.ads:20:13

 info: data dependencies proved
--> mc_attestation.ads:20:52

 info: implicit aspect Always_Terminates on "Valid" has been proved, subprogram will terminate
--> mc_attestation.ads:21:13

 info: data dependencies proved
--> mc_attestation.ads:21:54

 info: implicit aspect Always_Terminates on "Evaluate" has been proved, subprogram will terminate
--> mc_attestation.ads:22:13

 info: data dependencies proved
--> mc_attestation.ads:23:11
 info: unrolling loop [info-unrolling-inlining]
--> mc_control.adb:10:29

 info: cannot unroll loop (too many loop iterations) [info-unrolling-inlining]
--> mc_control.adb:14:30

 info: index check proved (CVC5: 16 VC in max 0.0 seconds and 371 steps)
--> mc_control.adb:15:48

 info: index check proved (CVC5: 16 VC in max 0.0 seconds and 1 step)
--> mc_control.adb:16:54

 info: initialization of "Relaxing" proved
--> mc_control.adb:46:07

 info: overflow check proved (CVC5: 2 VC in max 0.0 seconds and 1 step)
--> mc_control.adb:56:27

 info: unrolling loop [info-unrolling-inlining]
--> mc_control.adb:75:29

 info: overflow check proved (CVC5: 16 VC in max 0.0 seconds and 5591 steps)
--> mc_control.adb:78:28

 info: overflow check proved (CVC5: 2 VC in max 0.0 seconds and 2654 steps)
--> mc_control.adb:93:45

 info: implicit aspect Always_Terminates on "Valid" has been proved, subprogram will terminate
--> mc_control.ads:43:13

 info: data dependencies proved
--> mc_control.ads:43:55

 info: postcondition proved (CVC5: 6 VC in max 0.0 seconds and 1401 steps; Trivial: 1 VC in max 0.0 seconds and 2 steps)
--> mc_control.ads:44:14

 info: implicit aspect Always_Terminates on "Valid" has been proved, subprogram will terminate
--> mc_control.ads:47:13

 info: data dependencies proved
--> mc_control.ads:47:51

 info: implicit aspect Always_Terminates on "Permits" has been proved, subprogram will terminate
--> mc_control.ads:48:13

 info: data dependencies proved
--> mc_control.ads:49:12

 info: initialization of "After" proved
--> mc_control.ads:54:07

 info: initialization of "Status" proved
--> mc_control.ads:54:26

 info: data dependencies proved
--> mc_control.ads:55:12

 info: postcondition proved (CVC5: 4 VC in max 0.0 seconds and 3796 steps; Trivial: 2 VC in max 0.0 seconds and 2 steps)
--> mc_control.ads:56:17

 info: overflow check proved (CVC5: 2 VC in max 0.0 seconds and 705 steps)
--> mc_control.ads:58:60
 info: loop invariant initialization proved (CVC5: 1 VC in max 0.0 seconds and 1 step)
--> mc_recovery_cohort.adb:9:32

 info: loop invariant preservation proved (CVC5: 1 VC in max 0.0 seconds and 1 step)
--> mc_recovery_cohort.adb:9:32

 info: overflow check proved (CVC5: 4 VC in max 0.0 seconds and 1 step)
--> mc_recovery_cohort.adb:9:39

 info: overflow check proved (CVC5: 2 VC in max 0.0 seconds and 1 step)
--> mc_recovery_cohort.adb:13:32

 info: cannot unroll loop (too many loop iterations) [info-unrolling-inlining]
--> mc_recovery_cohort.adb:13:36

 info: index check proved (CVC5: 2 VC in max 0.0 seconds and 1 step)
--> mc_recovery_cohort.adb:14:37

 info: index check proved (CVC5: 2 VC in max 0.0 seconds and 1 step)
--> mc_recovery_cohort.adb:14:79

 info: overflow check proved (CVC5: 2 VC in max 0.0 seconds and 1 step)
--> mc_recovery_cohort.adb:16:25

 info: range check proved (CVC5: 2 VC in max 0.0 seconds and 1 step)
--> mc_recovery_cohort.adb:40:76

 info: overflow check proved (CVC5: 2 VC in max 0.0 seconds and 1 step)
--> mc_recovery_cohort.adb:42:32

 info: overflow check proved (CVC5: 2 VC in max 0.0 seconds and 1 step)
--> mc_recovery_cohort.adb:53:63

 info: overflow check proved (CVC5: 2 VC in max 0.0 seconds and 1 step)
--> mc_recovery_cohort.adb:64:65

 info: overflow check proved (CVC5: 2 VC in max 0.0 seconds and 1 step)
--> mc_recovery_cohort.adb:77:32

 info: implicit aspect Always_Terminates on "Quorum" has been proved, subprogram will terminate
--> mc_recovery_cohort.ads:17:13

 info: data dependencies proved
--> mc_recovery_cohort.ads:18:12

 info: implicit aspect Always_Terminates on "Usable" has been proved, subprogram will terminate
--> mc_recovery_cohort.ads:35:13

 info: data dependencies proved
--> mc_recovery_cohort.ads:35:67

 info: initialization of "R" proved
--> mc_recovery_cohort.ads:36:67

 info: data dependencies proved
--> mc_recovery_cohort.ads:37:12

 info: initialization of "R" proved
--> mc_recovery_cohort.ads:38:63

 info: data dependencies proved
--> mc_recovery_cohort.ads:39:12

 info: initialization of "R" proved
--> mc_recovery_cohort.ads:40:55

 info: data dependencies proved
--> mc_recovery_cohort.ads:41:12

 info: postcondition proved (CVC5: 1 VC in max 0.0 seconds and 1 step; Trivial: 1 VC in max 0.0 seconds and 2 steps)
--> mc_recovery_cohort.ads:41:36

 info: initialization of "R" proved
--> mc_recovery_cohort.ads:44:07

 info: data dependencies proved
--> mc_recovery_cohort.ads:44:29

 info: postcondition proved (CVC5: 4 VC in max 0.0 seconds and 1 step; Trivial: 1 VC in max 0.0 seconds and 2 steps)
--> mc_recovery_cohort.ads:45:15
 info: implicit aspect Always_Terminates on "Bit" has been proved, subprogram will terminate
--> mc_health_report.adb:13:16

 info: unrolling loop [info-unrolling-inlining]
--> mc_health_report.adb:15:24

 info: precondition proved (CVC5: 3 VC in max 0.0 seconds and 1 step)
--> mc_health_report.adb:18:15

 info: precondition proved (CVC5: 3 VC in max 0.0 seconds and 1 step)
--> mc_health_report.adb:18:61

 info: precondition proved (CVC5: 3 VC in max 0.0 seconds and 1 step)
--> mc_health_report.adb:19:15

 info: precondition proved (CVC5: 1 VC in max 0.0 seconds and 1286 steps)
--> mc_health_report.adb:23:29

 info: range check proved (CVC5: 4 VC in max 0.0 seconds and 1 step)
--> mc_health_report.adb:23:35

 info: initialization of "F" proved
--> mc_health_report.adb:26:07

 info: length check proved (CVC5: 3 VC in max 0.0 seconds and 1 step)
--> mc_health_report.adb:28:93

 info: unrolling loop [info-unrolling-inlining]
--> mc_health_report.adb:29:24

 info: range check proved (CVC5: 4 VC in max 0.0 seconds and 1 step)
--> mc_health_report.adb:30:10

 info: precondition proved (CVC5: 1 VC in max 0.0 seconds and 18 steps)
--> mc_health_report.adb:30:32

 info: range check proved (CVC5: 4 VC in max 0.0 seconds and 1 step)
--> mc_health_report.adb:30:38

 info: unrolling loop [info-unrolling-inlining]
--> mc_health_report.adb:32:25

 info: unrolling loop [info-unrolling-inlining]
--> mc_health_report.adb:33:21

 info: precondition proved (CVC5: 9 VC in max 0.0 seconds and 1 step)
--> mc_health_report.adb:33:37

 info: range check proved (CVC5: 4 VC in max 0.0 seconds and 1 step)
--> mc_health_report.adb:34:21

 info: range check proved (CVC5: 4 VC in max 0.0 seconds and 1 step)
--> mc_health_report.adb:34:42

 info: range check proved (CVC5: 4 VC in max 0.0 seconds and 1 step)
--> mc_health_report.adb:34:68

 info: range check proved (CVC5: 4 VC in max 0.0 seconds and 1 step)
--> mc_health_report.adb:34:96

 info: range check proved (CVC5: 4 VC in max 0.0 seconds and 1 step)
--> mc_health_report.adb:35:24

 info: range check proved (CVC5: 4 VC in max 0.0 seconds and 1 step)
--> mc_health_report.adb:35:55

 info: range check proved (CVC5: 4 VC in max 0.0 seconds and 1 step)
--> mc_health_report.adb:35:85

 info: precondition proved (CVC5: 3 VC in max 0.0 seconds and 1 step)
--> mc_health_report.adb:36:41

 info: range check proved (CVC5: 2 VC in max 0.0 seconds and 264 steps)
--> mc_health_report.adb:36:41

 info: precondition proved (CVC5: 3 VC in max 0.0 seconds and 1 step)
--> mc_health_report.adb:36:92

 info: range check proved (CVC5: 2 VC in max 0.0 seconds and 316 steps)
--> mc_health_report.adb:36:92

 info: precondition proved (CVC5: 3 VC in max 0.0 seconds and 1 step)
--> mc_health_report.adb:37:43

 info: range check proved (CVC5: 2 VC in max 0.0 seconds and 369 steps)
--> mc_health_report.adb:37:43

 info: range check proved (CVC5: 2 VC in max 0.0 seconds and 409 steps)
--> mc_health_report.adb:37:81

 info: precondition proved (CVC5: 1 VC in max 0.0 seconds and 603 steps)
--> mc_health_report.adb:40:31

 info: implicit aspect Always_Terminates on "Valid" has been proved, subprogram will terminate
--> mc_health_report.ads:15:13

 info: data dependencies proved
--> mc_health_report.ads:15:51

 info: implicit aspect Always_Terminates on "Encode" has been proved, subprogram will terminate
--> mc_health_report.ads:16:13

 info: data dependencies proved
--> mc_health_report.ads:16:65

 info: initialization of "R" proved
--> mc_health_report.ads:17:32

 info: initialization of "Status" proved
--> mc_health_report.ads:17:48

 info: data dependencies proved
--> mc_health_report.ads:17:75
 info: index check proved (CVC5: 2 VC in max 0.0 seconds and 1 step)
--> mc_codec.adb:6:22

 info: overflow check proved (CVC5: 2 VC in max 0.0 seconds and 1 step)
--> mc_codec.adb:6:63

 info: index check proved (CVC5: 2 VC in max 0.0 seconds and 1 step)
--> mc_codec.adb:6:63

 info: index check proved (CVC5: 2 VC in max 0.0 seconds and 1 step)
--> mc_codec.adb:8:42

 info: overflow check proved (CVC5: 2 VC in max 0.0 seconds and 1 step)
--> mc_codec.adb:9:53

 info: index check proved (CVC5: 2 VC in max 0.0 seconds and 1 step)
--> mc_codec.adb:9:53

 info: overflow check proved (CVC5: 2 VC in max 0.0 seconds and 1 step)
--> mc_codec.adb:10:53

 info: index check proved (CVC5: 2 VC in max 0.0 seconds and 1 step)
--> mc_codec.adb:10:53

 info: overflow check proved (CVC5: 2 VC in max 0.0 seconds and 1 step)
--> mc_codec.adb:11:30

 info: index check proved (CVC5: 2 VC in max 0.0 seconds and 1 step)
--> mc_codec.adb:11:30

 info: index check proved (CVC5: 2 VC in max 0.0 seconds and 1 step)
--> mc_codec.adb:13:42

 info: overflow check proved (CVC5: 2 VC in max 0.0 seconds and 1 step)
--> mc_codec.adb:14:53

 info: index check proved (CVC5: 2 VC in max 0.0 seconds and 1 step)
--> mc_codec.adb:14:53

 info: overflow check proved (CVC5: 2 VC in max 0.0 seconds and 1 step)
--> mc_codec.adb:15:53

 info: index check proved (CVC5: 2 VC in max 0.0 seconds and 1 step)
--> mc_codec.adb:15:53

 info: overflow check proved (CVC5: 2 VC in max 0.0 seconds and 1 step)
--> mc_codec.adb:16:53

 info: index check proved (CVC5: 2 VC in max 0.0 seconds and 1 step)
--> mc_codec.adb:16:53

 info: overflow check proved (CVC5: 2 VC in max 0.0 seconds and 1 step)
--> mc_codec.adb:17:53

 info: index check proved (CVC5: 2 VC in max 0.0 seconds and 1 step)
--> mc_codec.adb:17:53

 info: overflow check proved (CVC5: 2 VC in max 0.0 seconds and 1 step)
--> mc_codec.adb:18:53

 info: index check proved (CVC5: 2 VC in max 0.0 seconds and 1 step)
--> mc_codec.adb:18:53

 info: overflow check proved (CVC5: 2 VC in max 0.0 seconds and 1 step)
--> mc_codec.adb:19:53

 info: index check proved (CVC5: 2 VC in max 0.0 seconds and 1 step)
--> mc_codec.adb:19:53

 info: overflow check proved (CVC5: 2 VC in max 0.0 seconds and 1 step)
--> mc_codec.adb:20:30

 info: index check proved (CVC5: 2 VC in max 0.0 seconds and 1 step)
--> mc_codec.adb:20:30

 info: index check proved (CVC5: 2 VC in max 0.0 seconds and 1 step)
--> mc_codec.adb:23:13

 info: division check proved (CVC5: 1 VC in max 0.0 seconds and 1 step)
--> mc_codec.adb:23:37

 info: range check proved (CVC5: 1 VC in max 0.0 seconds and 1 step)
--> mc_codec.adb:23:37

 info: overflow check proved (CVC5: 2 VC in max 0.0 seconds and 1 step)
--> mc_codec.adb:24:21

 info: index check proved (CVC5: 2 VC in max 0.0 seconds and 1 step)
--> mc_codec.adb:24:21

 info: division check proved (CVC5: 1 VC in max 0.0 seconds and 1 step)
--> mc_codec.adb:24:41

 info: range check proved (CVC5: 1 VC in max 0.0 seconds and 1 step)
--> mc_codec.adb:24:41

 info: unrolling loop [info-unrolling-inlining]
--> mc_codec.adb:28:23

 info: overflow check proved (CVC5: 8 VC in max 0.0 seconds and 1 step)
--> mc_codec.adb:29:24

 info: index check proved (CVC5: 8 VC in max 0.0 seconds and 1 step)
--> mc_codec.adb:29:24

 info: range check proved (CVC5: 8 VC in max 0.0 seconds and 1 step)
--> mc_codec.adb:30:57

 info: unrolling loop [info-unrolling-inlining]
--> mc_codec.adb:35:23

 info: overflow check proved (CVC5: 16 VC in max 0.0 seconds and 1 step)
--> mc_codec.adb:36:24

 info: index check proved (CVC5: 16 VC in max 0.0 seconds and 1 step)
--> mc_codec.adb:36:24

 info: range check proved (CVC5: 16 VC in max 0.0 seconds and 1 step)
--> mc_codec.adb:37:57

 info: implicit aspect Always_Terminates on "U16" has been proved, subprogram will terminate
--> mc_codec.ads:5:13

 info: overflow check proved (CVC5: 2 VC in max 0.0 seconds and 1 step)
--> mc_codec.ads:6:59

 info: postcondition proved (CVC5: 1 VC in max 0.0 seconds and 1 step)
--> mc_codec.ads:7:19

 info: data dependencies proved
--> mc_codec.ads:7:41

 info: implicit aspect Always_Terminates on "U32" has been proved, subprogram will terminate
--> mc_codec.ads:8:13

 info: overflow check proved (CVC5: 2 VC in max 0.0 seconds and 1 step)
--> mc_codec.ads:9:59

 info: data dependencies proved
--> mc_codec.ads:10:11

 info: implicit aspect Always_Terminates on "U64" has been proved, subprogram will terminate
--> mc_codec.ads:11:13

 info: overflow check proved (CVC5: 2 VC in max 0.0 seconds and 1 step)
--> mc_codec.ads:12:59

 info: data dependencies proved
--> mc_codec.ads:13:11

 info: overflow check proved (CVC5: 2 VC in max 0.0 seconds and 1 step)
--> mc_codec.ads:16:32

 info: precondition proved (CVC5: 3 VC in max 0.0 seconds and 1 step)
--> mc_codec.ads:17:19

 info: postcondition proved (Z3: 1 VC in max 0.0 seconds and 501855 steps)
--> mc_codec.ads:17:19

 info: data dependencies proved
--> mc_codec.ads:17:48

 info: overflow check proved (CVC5: 2 VC in max 0.0 seconds and 1 step)
--> mc_codec.ads:19:59

 info: precondition proved (CVC5: 3 VC in max 0.0 seconds and 1 step)
--> mc_codec.ads:20:19

 info: postcondition proved (CVC5: 1 VC in max 0.0 seconds and 1 step)
--> mc_codec.ads:20:19

 info: data dependencies proved
--> mc_codec.ads:20:48

 info: overflow check proved (CVC5: 2 VC in max 0.0 seconds and 1 step)
--> mc_codec.ads:22:59

 info: precondition proved (CVC5: 3 VC in max 0.0 seconds and 1 step)
--> mc_codec.ads:23:19

 info: postcondition proved (CVC5: 1 VC in max 0.0 seconds and 317 steps)
--> mc_codec.ads:23:19

 info: data dependencies proved
--> mc_codec.ads:23:48
 info: implicit aspect Always_Terminates on "Fits" has been proved, subprogram will terminate
--> mc_journal_budget.ads:4:13

 info: overflow check proved (CVC5: 2 VC in max 0.0 seconds and 1 step)
--> mc_journal_budget.ads:5:47

 info: overflow check proved (CVC5: 2 VC in max 0.0 seconds and 1 step)
--> mc_journal_budget.ads:6:31

 info: overflow check proved (CVC5: 2 VC in max 0.0 seconds and 1 step)
--> mc_journal_budget.ads:6:38

 info: data dependencies proved
--> mc_journal_budget.ads:7:11
 info: implicit aspect Always_Terminates on "R" has been proved, subprogram will terminate
--> mc_sha256.adb:22:13

 info: data dependencies proved
--> mc_sha256.adb:24:49

 info: postcondition proved (CVC5: 3 VC in max 0.0 seconds and 504 steps)
--> mc_sha256.adb:25:14

 info: initialization of "A" proved
--> mc_sha256.adb:29:07

 info: initialization of "B" proved
--> mc_sha256.adb:29:09

 info: initialization of "D" proved
--> mc_sha256.adb:29:11

 info: initialization of "E" proved
--> mc_sha256.adb:29:13

 info: initialization of "F" proved
--> mc_sha256.adb:29:15

 info: initialization of "G" proved
--> mc_sha256.adb:29:17

 info: initialization of "H" proved
--> mc_sha256.adb:29:19

 info: initialization of "I" proved
--> mc_sha256.adb:29:21

 info: initialization of "S0" proved
--> mc_sha256.adb:30:07

 info: initialization of "S1" proved
--> mc_sha256.adb:30:10

 info: initialization of "T1" proved
--> mc_sha256.adb:30:13

 info: initialization of "T2" proved
--> mc_sha256.adb:30:16

 info: unrolling loop [info-unrolling-inlining]
--> mc_sha256.adb:32:24

 info: precondition proved (CVC5: 48 VC in max 0.0 seconds and 234 steps)
--> mc_sha256.adb:33:27

 info: cannot unroll loop (too many loop iterations) [info-unrolling-inlining]
--> mc_sha256.adb:35:25

 info: cannot unroll loop (too many loop iterations) [info-unrolling-inlining]
--> mc_sha256.adb:44:24

 info: range check proved (CVC5: 4 VC in max 0.0 seconds and 561 steps)
--> mc_sha256.adb:67:30

 info: loop invariant preservation proved (altergo: 1 VC in max 0.0 seconds and 1052 steps)
--> mc_sha256.adb:69:32

 info: loop invariant initialization proved (CVC5: 1 VC in max 0.0 seconds and 1 step)
--> mc_sha256.adb:69:32

 info: overflow check proved (CVC5: 4 VC in max 0.0 seconds and 1 step)
--> mc_sha256.adb:69:65

 info: overflow check proved (CVC5: 4 VC in max 0.0 seconds and 1 step)
--> mc_sha256.adb:69:76

 info: range check proved (CVC5: 2 VC in max 0.0 seconds and 1 step)
--> mc_sha256.adb:69:76

 info: initialization of "Pad_Length" proved
--> mc_sha256.adb:75:07

 info: precondition proved (CVC5: 3 VC in max 0.0 seconds and 1 step)
--> mc_sha256.adb:84:15

 info: range check proved (CVC5: 2 VC in max 0.0 seconds and 1 step)
--> mc_sha256.adb:84:43

 info: precondition proved (CVC5: 2 VC in max 0.0 seconds and 2508 steps)
--> mc_sha256.adb:85:07

 info: range check proved (CVC5: 4 VC in max 0.0 seconds and 1 step)
--> mc_sha256.adb:85:21

 info: unrolling loop [info-unrolling-inlining]
--> mc_sha256.adb:86:23

 info: precondition proved (CVC5: 24 VC in max 0.0 seconds and 1 step)
--> mc_sha256.adb:87:18

 info: precondition proved (CVC5: 2 VC in max 0.0 seconds and 1 step)
--> mc_sha256.adb:94:07

 info: precondition proved (CVC5: 1 VC in max 0.0 seconds and 1548 steps)
--> mc_sha256.adb:95:14

 info: implicit aspect Always_Terminates on "Length" has been proved, subprogram will terminate
--> mc_sha256.ads:6:13

 info: data dependencies proved
--> mc_sha256.ads:6:51

 info: implicit aspect Always_Terminates on "Initialize" has been proved, subprogram will terminate
--> mc_sha256.ads:7:13

 info: data dependencies proved
--> mc_sha256.ads:7:44

 info: postcondition proved (CVC5: 1 VC in max 0.0 seconds and 1 step)
--> mc_sha256.ads:8:14

 info: data dependencies proved
--> mc_sha256.ads:10:11

 info: range check proved (CVC5: 1 VC in max 0.0 seconds and 1 step)
--> mc_sha256.ads:12:77

 info: postcondition proved (CVC5: 1 VC in max 0.0 seconds and 1 step)
--> mc_sha256.ads:13:19

 info: range check proved (CVC5: 1 VC in max 0.0 seconds and 1 step)
--> mc_sha256.ads:13:52

 info: implicit aspect Always_Terminates on "Finish" has been proved, subprogram will terminate
--> mc_sha256.ads:14:13

 info: data dependencies proved
--> mc_sha256.ads:14:53

 info: implicit aspect Always_Terminates on "Hash" has been proved, subprogram will terminate
--> mc_sha256.ads:16:13

 info: data dependencies proved
--> mc_sha256.ads:16:52
 info: implicit aspect Always_Terminates on "Bit" has been proved, subprogram will terminate
--> mc_fault_report.adb:8:16

 info: length check proved (CVC5: 3 VC in max 0.0 seconds and 1 step)
--> mc_fault_report.adb:10:21

 info: precondition proved (CVC5: 3 VC in max 0.0 seconds and 1 step)
--> mc_fault_report.adb:14:15

 info: precondition proved (CVC5: 3 VC in max 0.0 seconds and 1 step)
--> mc_fault_report.adb:15:15

 info: precondition proved (CVC5: 3 VC in max 0.0 seconds and 1 step)
--> mc_fault_report.adb:16:15

 info: precondition proved (CVC5: 3 VC in max 0.0 seconds and 1 step)
--> mc_fault_report.adb:17:15

 info: precondition proved (CVC5: 1 VC in max 0.0 seconds and 1380 steps)
--> mc_fault_report.adb:24:34

 info: range check proved (CVC5: 4 VC in max 0.0 seconds and 1 step)
--> mc_fault_report.adb:24:41

 info: initialization of "X" proved
--> mc_fault_report.adb:28:07

 info: length check proved (CVC5: 3 VC in max 0.0 seconds and 1 step)
--> mc_fault_report.adb:32:81

 info: range check proved (CVC5: 4 VC in max 0.0 seconds and 1 step)
--> mc_fault_report.adb:33:10

 info: range check proved (CVC5: 4 VC in max 0.0 seconds and 1 step)
--> mc_fault_report.adb:33:38

 info: precondition proved (CVC5: 1 VC in max 0.0 seconds and 1 step)
--> mc_fault_report.adb:33:65

 info: range check proved (CVC5: 4 VC in max 0.0 seconds and 1 step)
--> mc_fault_report.adb:33:72

 info: cannot unroll loop (too many loop iterations) [info-unrolling-inlining]
--> mc_fault_report.adb:34:27

 info: unrolling loop [info-unrolling-inlining]
--> mc_fault_report.adb:40:27

 info: unrolling loop [info-unrolling-inlining]
--> mc_fault_report.adb:41:24

 info: precondition proved (CVC5: 12 VC in max 0.0 seconds and 1 step)
--> mc_fault_report.adb:41:40

 info: range check proved (CVC5: 4 VC in max 0.0 seconds and 1 step)
--> mc_fault_report.adb:42:23

 info: range check proved (CVC5: 4 VC in max 0.0 seconds and 1 step)
--> mc_fault_report.adb:42:49

 info: range check proved (CVC5: 4 VC in max 0.0 seconds and 1 step)
--> mc_fault_report.adb:42:80

 info: range check proved (CVC5: 4 VC in max 0.0 seconds and 1 step)
--> mc_fault_report.adb:42:107

 info: range check proved (CVC5: 4 VC in max 0.0 seconds and 1 step)
--> mc_fault_report.adb:43:19

 info: range check proved (CVC5: 4 VC in max 0.0 seconds and 1 step)
--> mc_fault_report.adb:43:48

 info: precondition proved (CVC5: 3 VC in max 0.0 seconds and 1 step)
--> mc_fault_report.adb:44:38

 info: range check proved (CVC5: 2 VC in max 0.0 seconds and 287 steps)
--> mc_fault_report.adb:44:38

 info: precondition proved (CVC5: 3 VC in max 0.0 seconds and 1 step)
--> mc_fault_report.adb:44:87

 info: range check proved (CVC5: 2 VC in max 0.0 seconds and 354 steps)
--> mc_fault_report.adb:44:87

 info: precondition proved (CVC5: 3 VC in max 0.0 seconds and 1 step)
--> mc_fault_report.adb:45:40

 info: range check proved (CVC5: 2 VC in max 0.0 seconds and 420 steps)
--> mc_fault_report.adb:45:40

 info: precondition proved (CVC5: 3 VC in max 0.0 seconds and 1 step)
--> mc_fault_report.adb:45:89

 info: range check proved (CVC5: 2 VC in max 0.0 seconds and 488 steps)
--> mc_fault_report.adb:45:89

 info: range check proved (CVC5: 2 VC in max 0.0 seconds and 519 steps)
--> mc_fault_report.adb:46:39

 info: range check proved (CVC5: 2 VC in max 0.0 seconds and 552 steps)
--> mc_fault_report.adb:46:84

 info: range check proved (CVC5: 2 VC in max 0.0 seconds and 586 steps)
--> mc_fault_report.adb:47:46

 info: range check proved (CVC5: 2 VC in max 0.0 seconds and 621 steps)
--> mc_fault_report.adb:47:101

 info: precondition proved (CVC5: 1 VC in max 0.0 seconds and 1 step)
--> mc_fault_report.adb:49:42

 info: implicit aspect Always_Terminates on "Encode" has been proved, subprogram will terminate
--> mc_fault_report.ads:7:13

 info: data dependencies proved
--> mc_fault_report.ads:8:39

 info: initialization of "F" proved
--> mc_fault_report.ads:9:33

 info: initialization of "Status" proved
--> mc_fault_report.ads:9:58

 info: data dependencies proved
--> mc_fault_report.ads:10:11
 info: implicit aspect Always_Terminates on "Compatible" has been proved, subprogram will terminate
--> mc_compatibility.ads:12:13

 info: data dependencies proved
--> mc_compatibility.ads:13:11
 info: length check proved (CVC5: 3 VC in max 0.0 seconds and 1 step)
--> mc_log_format.adb:10:16

 info: precondition proved (CVC5: 3 VC in max 0.0 seconds and 1 step)
--> mc_log_format.adb:10:31

 info: precondition proved (CVC5: 4 VC in max 0.0 seconds and 132 steps)
--> mc_log_format.adb:10:69

 info: precondition proved (CVC5: 3 VC in max 0.0 seconds and 1 step)
--> mc_log_format.adb:12:15

 info: precondition proved (CVC5: 3 VC in max 0.0 seconds and 1 step)
--> mc_log_format.adb:12:51

 info: precondition proved (CVC5: 3 VC in max 0.0 seconds and 1 step)
--> mc_log_format.adb:13:15

 info: precondition proved (CVC5: 3 VC in max 0.0 seconds and 1 step)
--> mc_log_format.adb:13:51

 info: precondition proved (CVC5: 1 VC in max 0.0 seconds and 1472 steps)
--> mc_log_format.adb:15:29

 info: range check proved (CVC5: 4 VC in max 0.0 seconds and 1 step)
--> mc_log_format.adb:15:35

 info: range check proved (CVC5: 4 VC in max 0.0 seconds and 1 step)
--> mc_log_format.adb:22:59

 info: range check proved (CVC5: 4 VC in max 0.0 seconds and 1 step)
--> mc_log_format.adb:23:17

 info: precondition proved (CVC5: 1 VC in max 0.0 seconds and 1 step)
--> mc_log_format.adb:23:39

 info: range check proved (CVC5: 4 VC in max 0.0 seconds and 1 step)
--> mc_log_format.adb:23:45

 info: unrolling loop [info-unrolling-inlining]
--> mc_log_format.adb:24:23

 info: index check proved (CVC5: 10 VC in max 0.0 seconds and 1 step)
--> mc_log_format.adb:24:33

 info: cannot unroll loop (too many loop iterations) [info-unrolling-inlining]
--> mc_log_format.adb:25:25

 info: index check proved (CVC5: 2 VC in max 0.0 seconds and 1 step)
--> mc_log_format.adb:25:35

 info: index check proved (CVC5: 2 VC in max 0.0 seconds and 1 step)
--> mc_log_format.adb:26:20

 info: unrolling loop [info-unrolling-inlining]
--> mc_log_format.adb:27:28

 info: precondition proved (CVC5: 15 VC in max 0.0 seconds and 47 steps)
--> mc_log_format.adb:28:21

 info: precondition proved (CVC5: 3 VC in max 0.0 seconds and 58 steps)
--> mc_log_format.adb:30:35

 info: range check proved (CVC5: 2 VC in max 0.0 seconds and 308 steps)
--> mc_log_format.adb:30:35

 info: precondition proved (CVC5: 3 VC in max 0.0 seconds and 86 steps)
--> mc_log_format.adb:30:63

 info: range check proved (CVC5: 2 VC in max 0.0 seconds and 1 step)
--> mc_log_format.adb:30:63

 info: range check proved (CVC5: 2 VC in max 0.0 seconds and 83 steps)
--> mc_log_format.adb:31:29

 info: index check proved (CVC5: 2 VC in max 0.0 seconds and 1 step)
--> mc_log_format.adb:31:31

 info: range check proved (CVC5: 4 VC in max 0.0 seconds and 147 steps)
--> mc_log_format.adb:31:48

 info: range check proved (CVC5: 4 VC in max 0.0 seconds and 183 steps)
--> mc_log_format.adb:31:75

 info: precondition proved (CVC5: 3 VC in max 0.0 seconds and 213 steps)
--> mc_log_format.adb:32:32

 info: range check proved (CVC5: 2 VC in max 0.0 seconds and 498 steps)
--> mc_log_format.adb:32:32

 info: precondition proved (CVC5: 3 VC in max 0.0 seconds and 245 steps)
--> mc_log_format.adb:32:70

 info: range check proved (CVC5: 2 VC in max 0.0 seconds and 563 steps)
--> mc_log_format.adb:32:70

 info: precondition proved (CVC5: 3 VC in max 0.0 seconds and 277 steps)
--> mc_log_format.adb:33:32

 info: range check proved (CVC5: 2 VC in max 0.0 seconds and 629 steps)
--> mc_log_format.adb:33:32

 info: precondition proved (CVC5: 3 VC in max 0.0 seconds and 310 steps)
--> mc_log_format.adb:33:75

 info: range check proved (CVC5: 2 VC in max 0.0 seconds and 696 steps)
--> mc_log_format.adb:33:75

 info: range check proved (CVC5: 4 VC in max 0.0 seconds and 344 steps)
--> mc_log_format.adb:34:17

 info: range check proved (CVC5: 4 VC in max 0.0 seconds and 379 steps)
--> mc_log_format.adb:34:41

 info: implicit aspect Always_Terminates on "Encode" has been proved, subprogram will terminate
--> mc_log_format.ads:14:13

 info: data dependencies proved
--> mc_log_format.ads:14:53

 info: initialization of "E" proved
--> mc_log_format.ads:15:32

 info: initialization of "Status" proved
--> mc_log_format.ads:15:51

 info: data dependencies proved
--> mc_log_format.ads:15:78
 info: overflow check proved (CVC5: 2 VC in max 0.0 seconds and 1 step)
--> mc_time_guard.adb:8:29

 info: overflow check proved (CVC5: 2 VC in max 0.0 seconds and 1 step)
--> mc_time_guard.adb:9:20

 info: overflow check proved (CVC5: 2 VC in max 0.0 seconds and 1 step)
--> mc_time_guard.adb:11:35

 info: overflow check proved (CVC5: 2 VC in max 0.0 seconds and 1 step)
--> mc_time_guard.adb:11:72

 info: overflow check proved (CVC5: 2 VC in max 0.0 seconds and 1 step)
--> mc_time_guard.adb:13:33

 info: implicit aspect Always_Terminates on "Fresh" has been proved, subprogram will terminate
--> mc_time_guard.ads:8:13

 info: data dependencies proved
--> mc_time_guard.ads:9:26

 info: postcondition proved (CVC5: 8 VC in max 0.0 seconds and 1 step; Trivial: 1 VC in max 0.0 seconds and 2 steps)
--> mc_time_guard.ads:10:16

 info: overflow check proved (CVC5: 2 VC in max 0.0 seconds and 1 step)
--> mc_time_guard.ads:14:32

 info: overflow check proved (CVC5: 2 VC in max 0.0 seconds and 1 step)
--> mc_time_guard.ads:15:23

 info: implicit aspect Always_Terminates on "Add_Bounded" has been proved, subprogram will terminate
--> mc_time_guard.ads:16:13

 info: data dependencies proved
--> mc_time_guard.ads:17:11

 info: postcondition proved (CVC5: 1 VC in max 0.0 seconds and 1 step)
--> mc_time_guard.ads:18:16

 info: implicit aspect Always_Terminates on "Elapsed" has been proved, subprogram will terminate
--> mc_time_guard.ads:19:13

 info: data dependencies proved
--> mc_time_guard.ads:20:11
 info: implicit aspect Always_Terminates on "Permitted" has been proved, subprogram will terminate
--> mc_breakglass.ads:15:13

 info: data dependencies proved
--> mc_breakglass.ads:16:11
 info: local subprogram "Commit" only analyzed in the context of calls [info-unrolling-inlining]
--> mc_commissioning.adb:5:17
      + add a contract to analyze it separately from calling contexts

 info: overflow check proved (CVC5: 2 VC in max 0.0 seconds and 1 step), in call inlined at mc_commissioning.adb:9
--> mc_commissioning.adb:5:58

 info: overflow check proved (CVC5: 2 VC in max 0.0 seconds and 1 step), in call inlined at mc_commissioning.adb:15
--> mc_commissioning.adb:5:58

 info: overflow check proved (CVC5: 2 VC in max 0.0 seconds and 1 step), in call inlined at mc_commissioning.adb:19
--> mc_commissioning.adb:5:58

 info: overflow check proved (CVC5: 2 VC in max 0.0 seconds and 1 step), in call inlined at mc_commissioning.adb:24
--> mc_commissioning.adb:5:58

 info: overflow check proved (CVC5: 2 VC in max 0.0 seconds and 1 step), in call inlined at mc_commissioning.adb:27
--> mc_commissioning.adb:5:58

 info: overflow check proved (CVC5: 2 VC in max 0.0 seconds and 1 step), in call inlined at mc_commissioning.adb:31
--> mc_commissioning.adb:5:58

 info: overflow check proved (CVC5: 2 VC in max 0.0 seconds and 1 step), in call inlined at mc_commissioning.adb:34
--> mc_commissioning.adb:5:58

 info: overflow check proved (CVC5: 2 VC in max 0.0 seconds and 1 step), in call inlined at mc_commissioning.adb:38
--> mc_commissioning.adb:5:58

 info: overflow check proved (CVC5: 2 VC in max 0.0 seconds and 1 step), in call inlined at mc_commissioning.adb:41
--> mc_commissioning.adb:5:58

 info: overflow check proved (CVC5: 2 VC in max 0.0 seconds and 1 step), in call inlined at mc_commissioning.adb:42
--> mc_commissioning.adb:5:58

 info: overflow check proved (CVC5: 2 VC in max 0.0 seconds and 1 step), in call inlined at mc_commissioning.adb:45
--> mc_commissioning.adb:5:58

 info: analyzing call to "Commit" in context
--> mc_commissioning.adb:9:56

 info: analyzing call to "Commit" in context
--> mc_commissioning.adb:15:48

 info: analyzing call to "Commit" in context
--> mc_commissioning.adb:19:73

 info: analyzing call to "Commit" in context
--> mc_commissioning.adb:24:43

 info: analyzing call to "Commit" in context
--> mc_commissioning.adb:27:86

 info: analyzing call to "Commit" in context
--> mc_commissioning.adb:31:87

 info: analyzing call to "Commit" in context
--> mc_commissioning.adb:34:73

 info: analyzing call to "Commit" in context
--> mc_commissioning.adb:38:48

 info: analyzing call to "Commit" in context
--> mc_commissioning.adb:41:47

 info: analyzing call to "Commit" in context
--> mc_commissioning.adb:42:99

 info: analyzing call to "Commit" in context
--> mc_commissioning.adb:45:43

 info: initialization of "Status" proved
--> mc_commissioning.ads:29:65

 info: data dependencies proved
--> mc_commissioning.ads:30:11

 info: postcondition proved (CVC5: 2 VC in max 0.0 seconds and 491 steps; Trivial: 2 VC in max 0.0 seconds and 2 steps)
--> mc_commissioning.ads:31:16
 info: loop invariant initialization proved (CVC5: 1 VC in max 0.0 seconds and 1 step)
--> mc_release.adb:8:13

 info: loop invariant preservation proved (CVC5: 1 VC in max 0.0 seconds and 1 step)
--> mc_release.adb:8:13

 info: implicit aspect Always_Terminates on "Qualified" has been proved, subprogram will terminate
--> mc_release.ads:16:13

 info: data dependencies proved
--> mc_release.ads:17:11

 info: postcondition proved (CVC5: 2 VC in max 0.0 seconds and 1 step)
--> mc_release.ads:18:16
 info: overflow check proved (CVC5: 2 VC in max 0.0 seconds and 1 step)
--> mc_request_replay.adb:9:63

 info: overflow check proved (CVC5: 2 VC in max 0.0 seconds and 1 step)
--> mc_request_replay.adb:39:26

 info: initialization of "Status" proved
--> mc_request_replay.ads:19:23

 info: data dependencies proved
--> mc_request_replay.ads:20:11

 info: postcondition proved (CVC5: 1 VC in max 0.0 seconds and 182 steps; Trivial: 1 VC in max 0.0 seconds and 2 steps)
--> mc_request_replay.ads:21:16
 info: range check proved (CVC5: 4 VC in max 0.0 seconds and 1 step)
--> mc_text.adb:4:50

 info: cannot unroll loop (too many loop iterations) [info-unrolling-inlining]
--> mc_text.adb:9:18

 info: range check proved (CVC5: 2 VC in max 0.0 seconds and 1 step)
--> mc_text.adb:12:18

 info: range check proved (CVC5: 4 VC in max 0.0 seconds and 1 step)
--> mc_text.adb:12:28

 info: index check proved (CVC5: 2 VC in max 0.0 seconds and 1 step)
--> mc_text.adb:12:35

 info: index check proved (CVC5: 2 VC in max 0.0 seconds and 1 step)
--> mc_text.adb:12:41

 info: length check proved (CVC5: 3 VC in max 0.0 seconds and 1 step)
--> mc_text.adb:12:48

 info: length check proved (CVC5: 3 VC in max 0.0 seconds and 1 step)
--> mc_text.adb:12:51

 info: index check proved (CVC5: 2 VC in max 0.0 seconds and 1 step)
--> mc_text.adb:18:19

 info: index check proved (CVC5: 2 VC in max 0.0 seconds and 1 step)
--> mc_text.adb:18:53

 info: index check proved (CVC5: 2 VC in max 0.0 seconds and 1 step)
--> mc_text.adb:19:27

 info: cannot unroll loop (too many loop iterations) [info-unrolling-inlining]
--> mc_text.adb:20:18

 info: range check proved (CVC5: 4 VC in max 0.0 seconds and 1 step)
--> mc_text.adb:32:09

 info: overflow check proved (CVC5: 2 VC in max 0.0 seconds and 1 step)
--> mc_text.adb:32:31

 info: overflow check proved (CVC5: 2 VC in max 0.0 seconds and 1 step)
--> mc_text.adb:33:24

 info: cannot unroll loop (too many loop iterations) [info-unrolling-inlining]
--> mc_text.adb:33:38

 info: index check proved (CVC5: 2 VC in max 0.0 seconds and 1 step)
--> mc_text.adb:34:16

 info: range check proved (CVC5: 2 VC in max 0.0 seconds and 1 step)
--> mc_text.adb:34:39

 info: index check proved (CVC5: 2 VC in max 0.0 seconds and 1 step)
--> mc_text.adb:35:16

 info: index check proved (CVC5: 2 VC in max 0.0 seconds and 1 step)
--> mc_text.adb:35:44

 info: index check proved (CVC5: 2 VC in max 0.0 seconds and 1 step)
--> mc_text.adb:38:21

 info: index check proved (CVC5: 2 VC in max 0.0 seconds and 1 step)
--> mc_text.adb:38:49

 info: index check proved (CVC5: 2 VC in max 0.0 seconds and 1 step)
--> mc_text.adb:39:24

 info: index check proved (CVC5: 2 VC in max 0.0 seconds and 1 step)
--> mc_text.adb:39:52

 info: index check proved (CVC5: 2 VC in max 0.0 seconds and 1 step)
--> mc_text.adb:39:72

 info: overflow check proved (CVC5: 2 VC in max 0.0 seconds and 1 step)
--> mc_text.adb:44:44

 info: cannot unroll loop (too many loop iterations) [info-unrolling-inlining]
--> mc_text.adb:46:32

 info: index check proved (CVC5: 2 VC in max 0.0 seconds and 1 step)
--> mc_text.adb:47:21

 info: index check proved (CVC5: 2 VC in max 0.0 seconds and 1 step)
--> mc_text.adb:47:49

 info: index check proved (CVC5: 2 VC in max 0.0 seconds and 1 step)
--> mc_text.adb:48:24

 info: index check proved (CVC5: 2 VC in max 0.0 seconds and 1 step)
--> mc_text.adb:48:52

 info: implicit aspect Always_Terminates on "Length" has been proved, subprogram will terminate
--> mc_text.ads:7:13

 info: data dependencies proved
--> mc_text.ads:7:52

 info: postcondition proved (CVC5: 1 VC in max 0.0 seconds and 1 step)
--> mc_text.ads:8:14

 info: implicit aspect Always_Terminates on "Image" has been proved, subprogram will terminate
--> mc_text.ads:9:13

 info: data dependencies proved
--> mc_text.ads:9:50

 info: postcondition proved (CVC5: 2 VC in max 0.0 seconds and 1 step)
--> mc_text.ads:10:14

 info: range check proved (CVC5: 2 VC in max 0.0 seconds and 1 step)
--> mc_text.ads:10:56

 info: initialization of "V" proved
--> mc_text.ads:11:19

 info: initialization of "Status" proved
--> mc_text.ads:11:46

 info: data dependencies proved
--> mc_text.ads:12:11

 info: postcondition proved (CVC5: 1 VC in max 0.0 seconds and 1 step; Trivial: 1 VC in max 0.0 seconds and 2 steps)
--> mc_text.ads:12:35

 info: implicit aspect Always_Terminates on "Equal" has been proved, subprogram will terminate
--> mc_text.ads:13:13

 info: data dependencies proved
--> mc_text.ads:13:54

 info: implicit aspect Always_Terminates on "Identifier" has been proved, subprogram will terminate
--> mc_text.ads:14:13

 info: data dependencies proved
--> mc_text.ads:14:57

 info: implicit aspect Always_Terminates on "HTTPS_URL" has been proved, subprogram will terminate
--> mc_text.ads:15:13

 info: data dependencies proved
--> mc_text.ads:15:56
 info: local subprogram "Done" only analyzed in the context of calls [info-unrolling-inlining]
--> mc_generation.adb:5:17
      + add a contract to analyze it separately from calling contexts

 info: overflow check proved (CVC5: 2 VC in max 0.0 seconds and 1 step), in call inlined at mc_generation.adb:10
--> mc_generation.adb:5:53

 info: overflow check proved (CVC5: 2 VC in max 0.0 seconds and 1 step), in call inlined at mc_generation.adb:12
--> mc_generation.adb:5:53

 info: overflow check proved (CVC5: 2 VC in max 0.0 seconds and 1 step), in call inlined at mc_generation.adb:18
--> mc_generation.adb:5:53

 info: overflow check proved (CVC5: 2 VC in max 0.0 seconds and 1 step), in call inlined at mc_generation.adb:20
--> mc_generation.adb:5:53

 info: overflow check proved (CVC5: 2 VC in max 0.0 seconds and 1 step), in call inlined at mc_generation.adb:24
--> mc_generation.adb:5:53

 info: overflow check proved (CVC5: 2 VC in max 0.0 seconds and 1 step), in call inlined at mc_generation.adb:27
--> mc_generation.adb:5:53

 info: overflow check proved (CVC5: 2 VC in max 0.0 seconds and 1 step), in call inlined at mc_generation.adb:30
--> mc_generation.adb:5:53

 info: analyzing call to "Done" in context
--> mc_generation.adb:10:73

 info: analyzing call to "Done" in context
--> mc_generation.adb:12:109

 info: analyzing call to "Done" in context
--> mc_generation.adb:18:58

 info: analyzing call to "Done" in context
--> mc_generation.adb:20:125

 info: range check proved (CVC5: 2 VC in max 0.0 seconds and 1 step)
--> mc_generation.adb:24:54

 info: overflow check proved (CVC5: 2 VC in max 0.0 seconds and 1 step)
--> mc_generation.adb:24:96

 info: analyzing call to "Done" in context
--> mc_generation.adb:24:184

 info: analyzing call to "Done" in context
--> mc_generation.adb:27:60

 info: analyzing call to "Done" in context
--> mc_generation.adb:30:61

 info: initialization of "Status" proved
--> mc_generation.ads:19:58

 info: data dependencies proved
--> mc_generation.ads:20:11

 info: postcondition proved (CVC5: 2 VC in max 0.0 seconds and 268 steps; Trivial: 2 VC in max 0.0 seconds and 2 steps)
--> mc_generation.ads:21:16
 info: precondition proved (CVC5: 4 VC in max 0.0 seconds and 1 step)
--> mc_requests.adb:9:15

 info: range check proved (CVC5: 1 VC in max 0.0 seconds and 1 step)
--> mc_requests.adb:9:73

 info: precondition proved (CVC5: 3 VC in max 0.0 seconds and 1 step)
--> mc_requests.adb:12:15

 info: precondition proved (CVC5: 3 VC in max 0.0 seconds and 1 step)
--> mc_requests.adb:13:15

 info: initialization of "B" proved
--> mc_requests.adb:18:07

 info: length check proved (CVC5: 3 VC in max 0.0 seconds and 1 step)
--> mc_requests.adb:22:12

 info: range check proved (CVC5: 4 VC in max 0.0 seconds and 1 step)
--> mc_requests.adb:23:10

 info: precondition proved (CVC5: 3 VC in max 0.0 seconds and 1 step)
--> mc_requests.adb:24:25

 info: range check proved (CVC5: 4 VC in max 0.0 seconds and 1 step)
--> mc_requests.adb:25:54

 info: precondition proved (CVC5: 3 VC in max 0.0 seconds and 1 step)
--> mc_requests.adb:26:25

 info: precondition proved (CVC5: 3 VC in max 0.0 seconds and 1 step)
--> mc_requests.adb:27:25

 info: range check proved (CVC5: 2 VC in max 0.0 seconds and 1 step)
--> mc_requests.adb:29:53

 info: range check proved (CVC5: 4 VC in max 0.0 seconds and 1 step)
--> mc_requests.adb:30:27

 info: range check proved (CVC5: 4 VC in max 0.0 seconds and 1 step)
--> mc_requests.adb:30:54

 info: range check proved (CVC5: 4 VC in max 0.0 seconds and 1 step)
--> mc_requests.adb:31:28

 info: precondition proved (CVC5: 3 VC in max 0.0 seconds and 1 step)
--> mc_requests.adb:32:46

 info: range check proved (CVC5: 2 VC in max 0.0 seconds and 1 step)
--> mc_requests.adb:32:46

 info: precondition proved (CVC5: 3 VC in max 0.0 seconds and 1 step)
--> mc_requests.adb:33:44

 info: range check proved (CVC5: 2 VC in max 0.0 seconds and 2 steps)
--> mc_requests.adb:33:44

 info: range check proved (CVC5: 4 VC in max 0.0 seconds and 1 step)
--> mc_requests.adb:34:29

 info: range check proved (CVC5: 4 VC in max 0.0 seconds and 1 step)
--> mc_requests.adb:34:61

 info: initialization of "Expected" proved
--> mc_requests.adb:43:07

 info: precondition proved (CVC5: 1 VC in max 0.0 seconds and 1 step)
--> mc_requests.adb:57:41

 info: implicit aspect Always_Terminates on "Encode" has been proved, subprogram will terminate
--> mc_requests.ads:18:13

 info: data dependencies proved
--> mc_requests.ads:18:60

 info: initialization of "R" proved
--> mc_requests.ads:19:36

 info: initialization of "Status" proved
--> mc_requests.ads:19:53

 info: data dependencies proved
--> mc_requests.ads:19:80

 info: implicit aspect Always_Terminates on "Header_Binds" has been proved, subprogram will terminate
--> mc_requests.ads:20:13

 info: data dependencies proved
--> mc_requests.ads:20:84
 info: cannot unroll loop (too many loop iterations) [info-unrolling-inlining]
--> mc_paths.adb:10:22

 info: index check proved (CVC5: 2 VC in max 0.0 seconds and 1 step)
--> mc_paths.adb:24:29

 info: index check proved (CVC5: 2 VC in max 0.0 seconds and 1 step)
--> mc_paths.adb:24:63

 info: loop invariant initialization proved (CVC5: 2 VC in max 0.0 seconds and 1 step)
--> mc_paths.adb:30:33

 info: loop invariant preservation proved (CVC5: 2 VC in max 0.0 seconds and 1 step)
--> mc_paths.adb:30:33

 info: range check proved (CVC5: 4 VC in max 0.0 seconds and 1 step)
--> mc_paths.adb:32:54

 info: overflow check proved (CVC5: 2 VC in max 0.0 seconds and 1 step)
--> mc_paths.adb:32:72

 info: overflow check proved (CVC5: 2 VC in max 0.0 seconds and 1 step)
--> mc_paths.adb:35:24

 info: range check proved (CVC5: 4 VC in max 0.0 seconds and 1 step)
--> mc_paths.adb:38:30

 info: implicit aspect Always_Terminates on "Safe_Component" has been proved, subprogram will terminate
--> mc_paths.ads:4:13

 info: data dependencies proved
--> mc_paths.ads:5:11

 info: implicit aspect Always_Terminates on "Safe_Relative" has been proved, subprogram will terminate
--> mc_paths.ads:6:13

 info: data dependencies proved
--> mc_paths.ads:7:11
 info: overflow check proved (CVC5: 2 VC in max 0.0 seconds and 1 step)
--> mc_replay.adb:20:61

 info: implicit aspect Always_Terminates on "Check" has been proved, subprogram will terminate
--> mc_replay.ads:12:13

 info: data dependencies proved
--> mc_replay.ads:15:12

 info: initialization of "Result" proved
--> mc_replay.ads:18:55

 info: data dependencies proved
--> mc_replay.ads:19:11

 info: postcondition proved (CVC5: 1 VC in max 0.0 seconds and 1 step; Trivial: 1 VC in max 0.0 seconds and 2 steps)
--> mc_replay.ads:20:16
 info: implicit aspect Always_Terminates on "Valid" has been proved, subprogram will terminate
--> mc_faults.ads:26:13

 info: data dependencies proved
--> mc_faults.ads:26:51

 info: implicit aspect Always_Terminates on "Worse" has been proved, subprogram will terminate
--> mc_faults.ads:27:13

 info: data dependencies proved
--> mc_faults.ads:27:65

 info: implicit aspect Always_Terminates on "Isolation_Required" has been proved, subprogram will terminate
--> mc_faults.ads:28:13

 info: data dependencies proved
--> mc_faults.ads:28:64

 info: implicit aspect Always_Terminates on "Automatic_Disposition" has been proved, subprogram will terminate
--> mc_faults.ads:29:13

 info: data dependencies proved
--> mc_faults.ads:29:71
 info: range check proved (CVC5: 2 VC in max 0.0 seconds and 1 step)
--> mc_base64.adb:5:07

 info: overflow check proved (CVC5: 2 VC in max 0.0 seconds and 1 step)
--> mc_base64.adb:5:22

 info: range check proved (CVC5: 2 VC in max 0.0 seconds and 1 step)
--> mc_base64.adb:5:29

 info: overflow check proved (CVC5: 2 VC in max 0.0 seconds and 1 step)
--> mc_base64.adb:5:36

 info: division check proved (CVC5: 1 VC in max 0.0 seconds and 1 step)
--> mc_base64.adb:5:39

 info: length check proved (CVC5: 3 VC in max 0.0 seconds and 1 step)
--> mc_base64.adb:5:47

 info: initialization of "A" proved
--> mc_base64.adb:5:95

 info: initialization of "B" proved
--> mc_base64.adb:5:97

 info: initialization of "C" proved
--> mc_base64.adb:5:99

 info: range check proved (CVC5: 4 VC in max 0.0 seconds and 1 step)
--> mc_base64.adb:7:19

 info: loop variant proved (CVC5: 1 VC in max 0.0 seconds and 1 step)
--> mc_base64.adb:8:30

 info: loop invariant preservation proved (CVC5: 2 VC in max 0.0 seconds and 123 steps)
--> mc_base64.adb:9:32

 info: loop invariant initialization proved (CVC5: 2 VC in max 0.0 seconds and 1 step)
--> mc_base64.adb:9:32

 info: range check proved (CVC5: 4 VC in max 0.0 seconds and 1 step)
--> mc_base64.adb:9:39

 info: overflow check proved (CVC5: 4 VC in max 0.0 seconds and 1 step)
--> mc_base64.adb:9:46

 info: division check proved (CVC5: 2 VC in max 0.0 seconds and 1 step)
--> mc_base64.adb:9:60

 info: loop invariant initialization proved (CVC5: 1 VC in max 0.0 seconds and 1 step)
--> mc_base64.adb:10:32

 info: loop invariant preservation proved (CVC5: 1 VC in max 0.0 seconds and 135 steps)
--> mc_base64.adb:10:32

 info: overflow check proved (CVC5: 4 VC in max 0.0 seconds and 57 steps)
--> mc_base64.adb:10:35

 info: division check proved (CVC5: 2 VC in max 0.0 seconds and 1 step)
--> mc_base64.adb:10:38

 info: overflow check proved (CVC5: 4 VC in max 0.0 seconds and 1 step)
--> mc_base64.adb:10:41

 info: overflow check proved (CVC5: 2 VC in max 0.0 seconds and 1 step)
--> mc_base64.adb:11:36

 info: index check proved (CVC5: 2 VC in max 0.0 seconds and 1 step)
--> mc_base64.adb:11:36

 info: overflow check proved (CVC5: 2 VC in max 0.0 seconds and 1 step)
--> mc_base64.adb:12:14

 info: range check proved (CVC5: 2 VC in max 0.0 seconds and 1 step)
--> mc_base64.adb:12:21

 info: overflow check proved (CVC5: 2 VC in max 0.0 seconds and 1 step)
--> mc_base64.adb:12:60

 info: overflow check proved (CVC5: 2 VC in max 0.0 seconds and 1 step)
--> mc_base64.adb:12:62

 info: index check proved (CVC5: 2 VC in max 0.0 seconds and 1 step)
--> mc_base64.adb:12:62

 info: overflow check proved (CVC5: 2 VC in max 0.0 seconds and 1 step)
--> mc_base64.adb:13:14

 info: range check proved (CVC5: 2 VC in max 0.0 seconds and 1 step)
--> mc_base64.adb:13:21

 info: overflow check proved (CVC5: 2 VC in max 0.0 seconds and 1 step)
--> mc_base64.adb:13:60

 info: overflow check proved (CVC5: 2 VC in max 0.0 seconds and 1 step)
--> mc_base64.adb:13:62

 info: index check proved (CVC5: 2 VC in max 0.0 seconds and 1 step)
--> mc_base64.adb:13:62

 info: index check proved (CVC5: 2 VC in max 0.0 seconds and 1 step)
--> mc_base64.adb:14:12

 info: division check proved (CVC5: 1 VC in max 0.0 seconds and 1 step)
--> mc_base64.adb:14:26

 info: index check proved (CVC5: 2 VC in max 0.0 seconds and 227 steps)
--> mc_base64.adb:14:28

 info: overflow check proved (CVC5: 2 VC in max 0.0 seconds and 1 step)
--> mc_base64.adb:14:36

 info: index check proved (CVC5: 2 VC in max 0.0 seconds and 1 step)
--> mc_base64.adb:14:36

 info: division check proved (CVC5: 1 VC in max 0.0 seconds and 1 step)
--> mc_base64.adb:14:53

 info: division check proved (CVC5: 1 VC in max 0.0 seconds and 1 step)
--> mc_base64.adb:14:64

 info: index check proved (CVC5: 2 VC in max 0.0 seconds and 363 steps)
--> mc_base64.adb:14:67

 info: overflow check proved (CVC5: 2 VC in max 0.0 seconds and 1 step)
--> mc_base64.adb:15:13

 info: index check proved (CVC5: 2 VC in max 0.0 seconds and 27 steps)
--> mc_base64.adb:15:13

 info: overflow check proved (CVC5: 2 VC in max 0.0 seconds and 1 step)
--> mc_base64.adb:15:23

 info: range check proved (CVC5: 2 VC in max 0.0 seconds and 1 step)
--> mc_base64.adb:15:30

 info: division check proved (CVC5: 1 VC in max 0.0 seconds and 1 step)
--> mc_base64.adb:15:55

 info: division check proved (CVC5: 1 VC in max 0.0 seconds and 1 step)
--> mc_base64.adb:15:66

 info: index check proved (CVC5: 2 VC in max 0.0 seconds and 10174 steps)
--> mc_base64.adb:15:69

 info: overflow check proved (CVC5: 2 VC in max 0.0 seconds and 1 step)
--> mc_base64.adb:16:13

 info: index check proved (CVC5: 2 VC in max 0.0 seconds and 70 steps)
--> mc_base64.adb:16:13

 info: overflow check proved (CVC5: 2 VC in max 0.0 seconds and 1 step)
--> mc_base64.adb:16:23

 info: range check proved (CVC5: 2 VC in max 0.0 seconds and 1 step)
--> mc_base64.adb:16:30

 info: division check proved (CVC5: 1 VC in max 0.0 seconds and 1 step)
--> mc_base64.adb:16:54

 info: overflow check proved (CVC5: 2 VC in max 0.0 seconds and 1 step)
--> mc_base64.adb:17:14

 info: overflow check proved (CVC5: 2 VC in max 0.0 seconds and 1 step)
--> mc_base64.adb:17:22

 info: initialization of "Pads" proved
--> mc_base64.adb:22:66

 info: implicit aspect Always_Terminates on "Value" has been proved, subprogram will terminate
--> mc_base64.adb:23:16

 info: local subprogram "Value" only analyzed in the context of calls [info-unrolling-inlining]
--> mc_base64.adb:23:16
      + add a contract to analyze it separately from calling contexts

 info: range check proved (CVC5: 2 VC in max 0.0 seconds and 1 step)
--> mc_base64.adb:26:30

 info: postcondition proved (CVC5: 1 VC in max 0.0 seconds and 1 step)
--> mc_base64.adb:26:63

 info: overflow check proved (CVC5: 2 VC in max 0.0 seconds and 1 step)
--> mc_base64.adb:26:76

 info: overflow check proved (CVC5: 2 VC in max 0.0 seconds and 1 step)
--> mc_base64.adb:27:26

 info: overflow check proved (CVC5: 2 VC in max 0.0 seconds and 1 step)
--> mc_base64.adb:27:45

 info: index check proved (CVC5: 2 VC in max 0.0 seconds and 1 step)
--> mc_base64.adb:27:45

 info: range check proved (CVC5: 1 VC in max 0.0 seconds and 1 step)
--> mc_base64.adb:27:62

 info: length check proved (CVC5: 3 VC in max 0.0 seconds and 1 step)
--> mc_base64.adb:29:20

 info: division check proved (CVC5: 1 VC in max 0.0 seconds and 1 step)
--> mc_base64.adb:30:22

 info: range check proved (CVC5: 4 VC in max 0.0 seconds and 1 step)
--> mc_base64.adb:31:21

 info: loop invariant initialization proved (CVC5: 2 VC in max 0.0 seconds and 1 step)
--> mc_base64.adb:32:32

 info: loop invariant preservation proved (CVC5: 2 VC in max 0.0 seconds and 147 steps)
--> mc_base64.adb:32:32

 info: range check proved (CVC5: 4 VC in max 0.0 seconds and 1 step)
--> mc_base64.adb:32:41

 info: division check proved (CVC5: 2 VC in max 0.0 seconds and 1 step)
--> mc_base64.adb:32:62

 info: loop invariant preservation proved (CVC5: 2 VC in max 0.0 seconds and 154 steps)
--> mc_base64.adb:33:32

 info: loop invariant initialization proved (CVC5: 2 VC in max 0.0 seconds and 1 step)
--> mc_base64.adb:33:32

 info: division check proved (CVC5: 2 VC in max 0.0 seconds and 1 step)
--> mc_base64.adb:33:44

 info: range check proved (CVC5: 4 VC in max 0.0 seconds and 1 step)
--> mc_base64.adb:33:67

 info: loop variant proved (CVC5: 1 VC in max 0.0 seconds and 1 step)
--> mc_base64.adb:34:30

 info: overflow check proved (CVC5: 4 VC in max 0.0 seconds and 1 step)
--> mc_base64.adb:37:31

 info: overflow check proved (CVC5: 4 VC in max 0.0 seconds and 10 steps)
--> mc_base64.adb:37:35

 info: index check proved (CVC5: 4 VC in max 0.0 seconds and 15 steps)
--> mc_base64.adb:37:35

 info: range check proved (CVC5: 4 VC in max 0.0 seconds and 1 step)
--> mc_base64.adb:37:67

 info: analyzing call to "Value" in context
--> mc_base64.adb:40:22

 info: in inlined body at line 24
--> mc_base64.adb:40:22
      + cannot unroll loop (too many loop iterations) [info-unrolling-inlining]

 info: overflow check proved (CVC5: 4 VC in max 0.0 seconds and 1 step)
--> mc_base64.adb:40:43

 info: overflow check proved (CVC5: 4 VC in max 0.0 seconds and 1 step)
--> mc_base64.adb:40:47

 info: index check proved (CVC5: 4 VC in max 0.0 seconds and 1 step)
--> mc_base64.adb:40:47

 info: loop invariant initialization proved (CVC5: 1 VC in max 0.0 seconds and 1 step)
--> mc_base64.adb:42:35

 info: loop invariant preservation proved (CVC5: 1 VC in max 0.0 seconds and 95 steps)
--> mc_base64.adb:42:35

 info: loop invariant initialization proved (CVC5: 1 VC in max 0.0 seconds and 1 step)
--> mc_base64.adb:43:35

 info: loop invariant preservation proved (CVC5: 1 VC in max 0.0 seconds and 346 steps)
--> mc_base64.adb:43:35

 info: index check proved (CVC5: 4 VC in max 0.0 seconds and 56 steps)
--> mc_base64.adb:43:60

 info: overflow check proved (CVC5: 2 VC in max 0.0 seconds and 1 step)
--> mc_base64.adb:45:48

 info: range check proved (CVC5: 2 VC in max 0.0 seconds and 1 step)
--> mc_base64.adb:45:56

 info: overflow check proved (CVC5: 2 VC in max 0.0 seconds and 1 step)
--> mc_base64.adb:45:77

 info: overflow check proved (CVC5: 2 VC in max 0.0 seconds and 1 step)
--> mc_base64.adb:45:79

 info: range check proved (CVC5: 2 VC in max 0.0 seconds and 1 step)
--> mc_base64.adb:45:89

 info: division check proved (CVC5: 1 VC in max 0.0 seconds and 1 step)
--> mc_base64.adb:46:34

 info: division check proved (CVC5: 1 VC in max 0.0 seconds and 1 step)
--> mc_base64.adb:47:34

 info: precondition proved (CVC5: 2 VC in max 0.0 seconds and 151 steps)
--> mc_base64.adb:48:10

 info: division check proved (CVC5: 1 VC in max 0.0 seconds and 1 step)
--> mc_base64.adb:48:26

 info: precondition proved (CVC5: 2 VC in max 0.0 seconds and 170 steps)
--> mc_base64.adb:49:25

 info: division check proved (CVC5: 1 VC in max 0.0 seconds and 1 step)
--> mc_base64.adb:49:36

 info: division check proved (CVC5: 1 VC in max 0.0 seconds and 1 step)
--> mc_base64.adb:49:51

 info: precondition proved (CVC5: 2 VC in max 0.0 seconds and 173 steps)
--> mc_base64.adb:50:25

 info: division check proved (CVC5: 1 VC in max 0.0 seconds and 1 step)
--> mc_base64.adb:50:36

 info: overflow check proved (CVC5: 2 VC in max 0.0 seconds and 54 steps)
--> mc_base64.adb:51:18

 info: implicit aspect Always_Terminates on "Encode" has been proved, subprogram will terminate
--> mc_base64.ads:4:13

 info: data dependencies proved
--> mc_base64.ads:4:53

 info: postcondition proved (CVC5: 2 VC in max 0.0 seconds and 77 steps)
--> mc_base64.ads:5:14

 info: division check proved (CVC5: 1 VC in max 0.0 seconds and 1 step)
--> mc_base64.ads:5:84

 info: initialization of "Data" proved
--> mc_base64.ads:6:36

 info: initialization of "Used" proved
--> mc_base64.ads:6:54

 info: initialization of "Status" proved
--> mc_base64.ads:6:74

 info: data dependencies proved
--> mc_base64.ads:6:101

 info: postcondition proved (CVC5: 1 VC in max 0.0 seconds and 441 steps)
--> mc_base64.ads:6:120

 info: range check proved (CVC5: 2 VC in max 0.0 seconds and 305 steps)
--> mc_base64.ads:6:130
 info: implicit aspect Always_Terminates on "Base_OK" has been proved, subprogram will terminate
--> mc_diagnostic_bundle.adb:3:13

 info: implicit aspect Always_Terminates on "Sufficient_For_Kernel_Incident" has been proved, subprogram will terminate
--> mc_diagnostic_bundle.ads:16:13

 info: data dependencies proved
--> mc_diagnostic_bundle.ads:16:92

 info: implicit aspect Always_Terminates on "Sufficient_For_Change_Incident" has been proved, subprogram will terminate
--> mc_diagnostic_bundle.ads:17:13

 info: data dependencies proved
--> mc_diagnostic_bundle.ads:17:92
 info: unrolling loop [info-unrolling-inlining]
--> mc_qualification.adb:12:29

 info: cannot unroll loop (too many loop iterations) [info-unrolling-inlining]
--> mc_qualification.adb:15:28

 info: index check proved (CVC5: 32 VC in max 0.0 seconds and 625 steps)
--> mc_qualification.adb:16:41

 info: precondition proved (CVC5: 3 VC in max 0.0 seconds and 1 step)
--> mc_qualification.adb:29:44

 info: precondition proved (CVC5: 3 VC in max 0.0 seconds and 1 step)
--> mc_qualification.adb:30:15

 info: precondition proved (CVC5: 3 VC in max 0.0 seconds and 1 step)
--> mc_qualification.adb:30:56

 info: precondition proved (CVC5: 1 VC in max 0.0 seconds and 894 steps)
--> mc_qualification.adb:31:32

 info: range check proved (CVC5: 4 VC in max 0.0 seconds and 1 step)
--> mc_qualification.adb:31:39

 info: initialization of "F" proved
--> mc_qualification.adb:34:07

 info: initialization of "T" proved
--> mc_qualification.adb:34:18

 info: length check proved (CVC5: 3 VC in max 0.0 seconds and 1 step)
--> mc_qualification.adb:36:98

 info: range check proved (CVC5: 4 VC in max 0.0 seconds and 1 step)
--> mc_qualification.adb:37:10

 info: unrolling loop [info-unrolling-inlining]
--> mc_qualification.adb:41:23

 info: precondition proved (CVC5: 9 VC in max 0.0 seconds and 1 step)
--> mc_qualification.adb:41:39

 info: range check proved (CVC5: 2 VC in max 0.0 seconds and 1 step)
--> mc_qualification.adb:42:47

 info: range check proved (CVC5: 2 VC in max 0.0 seconds and 6 steps)
--> mc_qualification.adb:42:98

 info: range check proved (CVC5: 4 VC in max 0.0 seconds and 1 step)
--> mc_qualification.adb:43:19

 info: range check proved (CVC5: 4 VC in max 0.0 seconds and 1 step)
--> mc_qualification.adb:43:47

 info: range check proved (CVC5: 4 VC in max 0.0 seconds and 1 step)
--> mc_qualification.adb:43:75

 info: range check proved (CVC5: 4 VC in max 0.0 seconds and 1 step)
--> mc_qualification.adb:44:21

 info: range check proved (CVC5: 4 VC in max 0.0 seconds and 1 step)
--> mc_qualification.adb:44:49

 info: range check proved (CVC5: 4 VC in max 0.0 seconds and 1 step)
--> mc_qualification.adb:44:75

 info: range check proved (CVC5: 4 VC in max 0.0 seconds and 1 step)
--> mc_qualification.adb:45:22

 info: precondition proved (CVC5: 3 VC in max 0.0 seconds and 1 step)
--> mc_qualification.adb:45:69

 info: range check proved (CVC5: 2 VC in max 0.0 seconds and 66 steps)
--> mc_qualification.adb:45:69

 info: precondition proved (CVC5: 3 VC in max 0.0 seconds and 1 step)
--> mc_qualification.adb:46:37

 info: range check proved (CVC5: 2 VC in max 0.0 seconds and 101 steps)
--> mc_qualification.adb:46:37

 info: precondition proved (CVC5: 3 VC in max 0.0 seconds and 1 step)
--> mc_qualification.adb:46:86

 info: range check proved (CVC5: 2 VC in max 0.0 seconds and 136 steps)
--> mc_qualification.adb:46:86

 info: initialization of "A" proved
--> mc_qualification.adb:52:07

 info: initialization of "Who" proved
--> mc_qualification.adb:53:07

 info: cannot unroll loop (too many loop iterations) [info-unrolling-inlining]
--> mc_qualification.adb:57:41

 info: unrolling loop [info-unrolling-inlining]
--> mc_qualification.adb:59:32

 info: overflow check proved (CVC5: 2 VC in max 0.0 seconds and 323 steps)
--> mc_qualification.adb:67:33

 info: index check proved (CVC5: 2 VC in max 0.0 seconds and 484 steps)
--> mc_qualification.adb:71:58

 info: index check proved (CVC5: 2 VC in max 0.0 seconds and 487 steps)
--> mc_qualification.adb:73:59

 info: index check proved (CVC5: 2 VC in max 0.0 seconds and 490 steps)
--> mc_qualification.adb:75:60

 info: index check proved (CVC5: 2 VC in max 0.0 seconds and 362 steps)
--> mc_qualification.adb:82:41

 info: index check proved (CVC5: 2 VC in max 0.0 seconds and 360 steps)
--> mc_qualification.adb:82:69

 info: index check proved (CVC5: 2 VC in max 0.0 seconds and 41 steps)
--> mc_qualification.adb:83:29

 info: index check proved (CVC5: 2 VC in max 0.0 seconds and 371 steps)
--> mc_qualification.adb:83:57

 info: index check proved (CVC5: 2 VC in max 0.0 seconds and 43 steps)
--> mc_qualification.adb:84:29

 info: index check proved (CVC5: 2 VC in max 0.0 seconds and 45 steps)
--> mc_qualification.adb:84:58

 info: index check proved (CVC5: 2 VC in max 0.0 seconds and 51 steps)
--> mc_qualification.adb:85:29

 info: index check proved (CVC5: 2 VC in max 0.0 seconds and 49 steps)
--> mc_qualification.adb:85:54

 info: index check proved (CVC5: 2 VC in max 0.0 seconds and 59 steps)
--> mc_qualification.adb:86:29

 info: index check proved (CVC5: 2 VC in max 0.0 seconds and 62 steps)
--> mc_qualification.adb:86:54

 info: index check proved (CVC5: 2 VC in max 0.0 seconds and 67 steps)
--> mc_qualification.adb:87:29

 info: index check proved (CVC5: 2 VC in max 0.0 seconds and 72 steps)
--> mc_qualification.adb:87:55

 info: implicit aspect Always_Terminates on "Valid" has been proved, subprogram will terminate
--> mc_qualification.ads:32:13

 info: data dependencies proved
--> mc_qualification.ads:32:52

 info: implicit aspect Always_Terminates on "Encode" has been proved, subprogram will terminate
--> mc_qualification.ads:33:13

 info: data dependencies proved
--> mc_qualification.ads:33:50

 info: initialization of "C" proved
--> mc_qualification.ads:34:33

 info: initialization of "Status" proved
--> mc_qualification.ads:34:48

 info: data dependencies proved
--> mc_qualification.ads:34:75

 info: implicit aspect Always_Terminates on "Evaluate" has been proved, subprogram will terminate
--> mc_qualification.ads:35:13

 info: data dependencies proved
--> mc_qualification.ads:36:45
 info: overflow check proved (CVC5: 2 VC in max 0.0 seconds and 3 steps)
--> mc_incidents.adb:29:44

 info: range check proved (CVC5: 2 VC in max 0.0 seconds and 13 steps)
--> mc_incidents.adb:58:44

 info: range check proved (CVC5: 2 VC in max 0.0 seconds and 13 steps)
--> mc_incidents.adb:60:44

 info: overflow check proved (CVC5: 2 VC in max 0.0 seconds and 455 steps)
--> mc_incidents.adb:73:32

 info: implicit aspect Always_Terminates on "Valid" has been proved, subprogram will terminate
--> mc_incidents.ads:32:13

 info: data dependencies proved
--> mc_incidents.ads:32:51

 info: initialization of "Status" proved
--> mc_incidents.ads:34:50

 info: data dependencies proved
--> mc_incidents.ads:35:11

 info: postcondition proved (CVC5: 2 VC in max 0.0 seconds and 590 steps; Trivial: 2 VC in max 0.0 seconds and 2 steps)
--> mc_incidents.ads:36:16

 info: overflow check proved (CVC5: 2 VC in max 0.0 seconds and 207 steps)
--> mc_incidents.ads:37:68
 info: initialization of "I" proved
--> mc_json.adb:6:07

 info: initialization of "B" proved
--> mc_json.adb:6:20

 info: length check proved (CVC5: 3 VC in max 0.0 seconds and 1 step)
--> mc_json.adb:8:21

 info: index check proved (CVC5: 2 VC in max 0.0 seconds and 1 step)
--> mc_json.adb:9:48

 info: index check proved (CVC5: 2 VC in max 0.0 seconds and 1 step)
--> mc_json.adb:9:90

 info: index check proved (CVC5: 2 VC in max 0.0 seconds and 1 step)
--> mc_json.adb:10:25

 info: index check proved (CVC5: 2 VC in max 0.0 seconds and 1 step)
--> mc_json.adb:10:59

 info: index check proved (CVC5: 2 VC in max 0.0 seconds and 1 step)
--> mc_json.adb:10:76

 info: index check proved (CVC5: 2 VC in max 0.0 seconds and 1 step)
--> mc_json.adb:11:23

 info: index check proved (CVC5: 2 VC in max 0.0 seconds and 1 step)
--> mc_json.adb:11:25

 info: index check proved (CVC5: 2 VC in max 0.0 seconds and 1 step)
--> mc_json.adb:11:58

 info: index check proved (CVC5: 2 VC in max 0.0 seconds and 1 step)
--> mc_json.adb:11:60

 info: index check proved (CVC5: 2 VC in max 0.0 seconds and 1 step)
--> mc_json.adb:12:18

 info: overflow check proved (CVC5: 2 VC in max 0.0 seconds and 1 step)
--> mc_json.adb:12:26

 info: index check proved (CVC5: 4 VC in max 0.0 seconds and 1 step)
--> mc_json.adb:13:23

 info: loop variant proved (CVC5: 1 VC in max 0.0 seconds and 31 steps)
--> mc_json.adb:14:30

 info: loop invariant initialization proved (CVC5: 2 VC in max 0.0 seconds and 1 step)
--> mc_json.adb:15:32

 info: loop invariant preservation proved (CVC5: 2 VC in max 0.0 seconds and 34 steps)
--> mc_json.adb:15:32

 info: index check proved (CVC5: 4 VC in max 0.0 seconds and 1 step)
--> mc_json.adb:15:45

 info: overflow check proved (CVC5: 4 VC in max 0.0 seconds and 1 step)
--> mc_json.adb:15:53

 info: index check proved (CVC5: 4 VC in max 0.0 seconds and 1 step)
--> mc_json.adb:15:67

 info: loop invariant initialization proved (CVC5: 1 VC in max 0.0 seconds and 1 step)
--> mc_json.adb:16:32

 info: loop invariant preservation proved (CVC5: 1 VC in max 0.0 seconds and 27 steps)
--> mc_json.adb:16:32

 info: range check proved (CVC5: 4 VC in max 0.0 seconds and 1 step)
--> mc_json.adb:16:45

 info: index check proved (CVC5: 2 VC in max 0.0 seconds and 1 step)
--> mc_json.adb:17:18

 info: overflow check proved (CVC5: 2 VC in max 0.0 seconds and 1 step)
--> mc_json.adb:17:26

 info: index check proved (CVC5: 2 VC in max 0.0 seconds and 1 step)
--> mc_json.adb:19:27

 info: index check proved (CVC5: 2 VC in max 0.0 seconds and 1 step)
--> mc_json.adb:20:23

 info: index check proved (CVC5: 2 VC in max 0.0 seconds and 1 step)
--> mc_json.adb:21:39

 info: overflow check proved (CVC5: 2 VC in max 0.0 seconds and 1 step)
--> mc_json.adb:24:27

 info: range check proved (CVC5: 2 VC in max 0.0 seconds and 1 step)
--> mc_json.adb:27:23

 info: overflow check proved (CVC5: 2 VC in max 0.0 seconds and 1 step)
--> mc_json.adb:28:20

 info: overflow check proved (CVC5: 2 VC in max 0.0 seconds and 1 step)
--> mc_json.adb:28:41

 info: index check proved (CVC5: 2 VC in max 0.0 seconds and 4 steps)
--> mc_json.adb:28:41

 info: initialization of "I" proved
--> mc_json.adb:32:07

 info: initialization of "B" proved
--> mc_json.adb:32:45

 info: initialization of "Used" proved
--> mc_json.adb:32:64

 info: initialization of "S" proved
--> mc_json.adb:32:80

 info: initialization of "Equal" proved
--> mc_json.adb:32:93

 info: index check proved (CVC5: 2 VC in max 0.0 seconds and 1 step)
--> mc_json.adb:34:70

 info: index check proved (CVC5: 2 VC in max 0.0 seconds and 1 step)
--> mc_json.adb:35:18

 info: index check proved (CVC5: 4 VC in max 0.0 seconds and 1 step)
--> mc_json.adb:37:24

 info: loop variant proved (CVC5: 1 VC in max 0.0 seconds and 1 step)
--> mc_json.adb:38:30

 info: loop invariant initialization proved (CVC5: 1 VC in max 0.0 seconds and 1 step)
--> mc_json.adb:39:32

 info: loop invariant preservation proved (CVC5: 1 VC in max 0.0 seconds and 1 step)
--> mc_json.adb:39:32

 info: index check proved (CVC5: 2 VC in max 0.0 seconds and 1 step)
--> mc_json.adb:40:43

 info: index check proved (CVC5: 2 VC in max 0.0 seconds and 1 step)
--> mc_json.adb:41:28

 info: index check proved (CVC5: 2 VC in max 0.0 seconds and 1 step)
--> mc_json.adb:41:69

 info: index check proved (CVC5: 2 VC in max 0.0 seconds and 1 step)
--> mc_json.adb:42:29

 info: index check proved (CVC5: 2 VC in max 0.0 seconds and 1 step)
--> mc_json.adb:43:29

 info: index check proved (CVC5: 2 VC in max 0.0 seconds and 1 step)
--> mc_json.adb:43:51

 info: range check proved (CVC5: 2 VC in max 0.0 seconds and 1 step)
--> mc_json.adb:44:30

 info: range check proved (CVC5: 2 VC in max 0.0 seconds and 1 step)
--> mc_json.adb:45:25

 info: cannot unroll loop (too many loop iterations) [info-unrolling-inlining]
--> mc_json.adb:46:43

 info: overflow check proved (CVC5: 2 VC in max 0.0 seconds and 1 step)
--> mc_json.adb:46:54

 info: overflow check proved (CVC5: 2 VC in max 0.0 seconds and 1 step)
--> mc_json.adb:46:64

 info: index check proved (CVC5: 2 VC in max 0.0 seconds and 1 step)
--> mc_json.adb:46:64

 info: range check proved (CVC5: 2 VC in max 0.0 seconds and 1 step)
--> mc_json.adb:47:32

 info: index check proved (CVC5: 2 VC in max 0.0 seconds and 1 step)
--> mc_json.adb:48:30

 info: initialization of "I" proved
--> mc_json.adb:52:07

 info: index check proved (CVC5: 2 VC in max 0.0 seconds and 1 step)
--> mc_json.adb:54:68

 info: index check proved (CVC5: 2 VC in max 0.0 seconds and 1 step)
--> mc_json.adb:55:18

 info: index check proved (CVC5: 4 VC in max 0.0 seconds and 1 step)
--> mc_json.adb:57:24

 info: loop variant proved (CVC5: 1 VC in max 0.0 seconds and 1 step)
--> mc_json.adb:58:30

 info: loop invariant initialization proved (CVC5: 1 VC in max 0.0 seconds and 1 step)
--> mc_json.adb:59:32

 info: loop invariant preservation proved (CVC5: 1 VC in max 0.0 seconds and 1 step)
--> mc_json.adb:59:32

 info: index check proved (CVC5: 2 VC in max 0.0 seconds and 1 step)
--> mc_json.adb:60:21

 info: index check proved (CVC5: 2 VC in max 0.0 seconds and 1 step)
--> mc_json.adb:60:60

 info: index check proved (CVC5: 2 VC in max 0.0 seconds and 1 step)
--> mc_json.adb:61:28

 info: index check proved (CVC5: 2 VC in max 0.0 seconds and 1 step)
--> mc_json.adb:61:49

 info: range check proved (CVC5: 2 VC in max 0.0 seconds and 1 step)
--> mc_json.adb:62:36

 info: index check proved (CVC5: 2 VC in max 0.0 seconds and 1 step)
--> mc_json.adb:63:29

 info: overflow check proved (CVC5: 2 VC in max 0.0 seconds and 1 step)
--> mc_json.adb:63:50

 info: initialization of "Pos" proved
--> mc_json.adb:67:07

 info: implicit aspect Always_Terminates on "Cursor_Valid" has been proved, subprogram will terminate
--> mc_json.adb:68:16

 info: overflow check proved (CVC5: 2 VC in max 0.0 seconds and 1 step)
--> mc_json.adb:70:49

 info: postcondition proved (CVC5: 2 VC in max 0.0 seconds and 1 step)
--> mc_json.adb:72:17

 info: index check proved (CVC5: 4 VC in max 0.0 seconds and 1 step)
--> mc_json.adb:74:45

 info: loop invariant initialization proved (CVC5: 1 VC in max 0.0 seconds and 1 step)
--> mc_json.adb:75:35

 info: loop invariant preservation proved (CVC5: 1 VC in max 0.0 seconds and 1 step)
--> mc_json.adb:75:35

 info: loop invariant initialization proved (CVC5: 1 VC in max 0.0 seconds and 1 step)
--> mc_json.adb:76:35

 info: loop invariant preservation proved (CVC5: 1 VC in max 0.0 seconds and 1 step)
--> mc_json.adb:76:35

 info: loop variant proved (CVC5: 1 VC in max 0.0 seconds and 1 step)
--> mc_json.adb:77:33

 info: overflow check proved (CVC5: 2 VC in max 0.0 seconds and 1 step)
--> mc_json.adb:78:21

 info: initialization of "N" proved
--> mc_json.adb:81:47

 info: postcondition proved (CVC5: 6 VC in max 0.0 seconds and 1 step; Trivial: 2 VC in max 0.0 seconds and 2 steps)
--> mc_json.adb:83:19

 info: index check proved (CVC5: 2 VC in max 0.0 seconds and 1 step)
--> mc_json.adb:86:32

 info: range check proved (CVC5: 2 VC in max 0.0 seconds and 1 step)
--> mc_json.adb:90:26

 info: index check proved (CVC5: 2 VC in max 0.0 seconds and 1 step)
--> mc_json.adb:90:50

 info: initialization of "N" proved
--> mc_json.adb:92:50

 info: postcondition proved (CVC5: 6 VC in max 0.0 seconds and 1 step; Trivial: 1 VC in max 0.0 seconds and 2 steps)
--> mc_json.adb:94:19

 info: precondition proved (CVC5: 1 VC in max 0.0 seconds and 1 step)
--> mc_json.adb:99:10

 info: index check proved (CVC5: 2 VC in max 0.0 seconds and 1 step)
--> mc_json.adb:100:40

 info: overflow check proved (CVC5: 2 VC in max 0.0 seconds and 1 step)
--> mc_json.adb:100:89

 info: loop invariant initialization proved (CVC5: 1 VC in max 0.0 seconds and 1 step)
--> mc_json.adb:102:35

 info: loop invariant preservation proved (CVC5: 1 VC in max 0.0 seconds and 1 step)
--> mc_json.adb:102:35

 info: loop invariant initialization proved (CVC5: 1 VC in max 0.0 seconds and 1 step)
--> mc_json.adb:103:35

 info: loop invariant preservation proved (CVC5: 1 VC in max 0.0 seconds and 1 step)
--> mc_json.adb:103:35

 info: loop invariant initialization proved (CVC5: 2 VC in max 0.0 seconds and 1 step)
--> mc_json.adb:104:35

 info: loop invariant preservation proved (CVC5: 2 VC in max 0.0 seconds and 1 step)
--> mc_json.adb:104:35

 info: loop variant proved (CVC5: 1 VC in max 0.0 seconds and 1 step)
--> mc_json.adb:105:33

 info: index check proved (CVC5: 2 VC in max 0.0 seconds and 1 step)
--> mc_json.adb:107:24

 info: index check proved (CVC5: 2 VC in max 0.0 seconds and 1 step)
--> mc_json.adb:109:24

 info: index check proved (CVC5: 2 VC in max 0.0 seconds and 1 step)
--> mc_json.adb:110:24

 info: index check proved (CVC5: 2 VC in max 0.0 seconds and 1 step)
--> mc_json.adb:110:45

 info: overflow check proved (CVC5: 2 VC in max 0.0 seconds and 1 step)
--> mc_json.adb:110:67

 info: index check proved (CVC5: 2 VC in max 0.0 seconds and 1 step)
--> mc_json.adb:111:24

 info: index check proved (CVC5: 2 VC in max 0.0 seconds and 1 step)
--> mc_json.adb:111:45

 info: overflow check proved (CVC5: 2 VC in max 0.0 seconds and 1 step)
--> mc_json.adb:112:21

 info: initialization of "N" proved
--> mc_json.adb:115:61

 info: postcondition proved (CVC5: 6 VC in max 0.0 seconds and 986 steps; Trivial: 1 VC in max 0.0 seconds and 2 steps)
--> mc_json.adb:117:19

 info: initialization of "K" proved
--> mc_json.adb:121:10

 info: initialization of "Value_Node" proved
--> mc_json.adb:121:12

 info: initialization of "Earlier" proved
--> mc_json.adb:121:32

 info: initialization of "Object_Form" proved
--> mc_json.adb:121:76

 info: initialization of "Close_Byte" proved
--> mc_json.adb:121:99

 info: initialization of "Key" proved
--> mc_json.adb:122:10

 info: initialization of "Other" proved
--> mc_json.adb:122:14

 info: initialization of "KN" proved
--> mc_json.adb:122:37

 info: initialization of "ON" proved
--> mc_json.adb:122:40

 info: initialization of "S" proved
--> mc_json.adb:122:54

 info: precondition proved (CVC5: 1 VC in max 0.0 seconds and 1 step)
--> mc_json.adb:124:16

 info: index check proved (CVC5: 2 VC in max 0.0 seconds and 1 step)
--> mc_json.adb:126:18

 info: precondition proved (CVC5: 1 VC in max 0.0 seconds and 1 step)
--> mc_json.adb:126:31

 info: index check proved (CVC5: 2 VC in max 0.0 seconds and 1 step)
--> mc_json.adb:127:21

 info: index check proved (CVC5: 2 VC in max 0.0 seconds and 1 step)
--> mc_json.adb:128:31

 info: precondition proved (CVC5: 1 VC in max 0.0 seconds and 1 step)
--> mc_json.adb:129:13

 info: overflow check proved (CVC5: 2 VC in max 0.0 seconds and 1 step)
--> mc_json.adb:130:21

 info: precondition proved (CVC5: 1 VC in max 0.0 seconds and 1 step)
--> mc_json.adb:130:25

 info: index check proved (CVC5: 2 VC in max 0.0 seconds and 1 step)
--> mc_json.adb:131:45

 info: index check proved (CVC5: 2 VC in max 0.0 seconds and 1 step)
--> mc_json.adb:131:74

 info: overflow check proved (CVC5: 2 VC in max 0.0 seconds and 1 step)
--> mc_json.adb:131:96

 info: loop invariant preservation proved (CVC5: 1 VC in max 0.0 seconds and 179 steps)
--> mc_json.adb:133:38

 info: loop invariant initialization proved (CVC5: 1 VC in max 0.0 seconds and 1 step)
--> mc_json.adb:133:38

 info: loop invariant initialization proved (CVC5: 1 VC in max 0.0 seconds and 1 step)
--> mc_json.adb:134:38

 info: loop invariant preservation proved (CVC5: 1 VC in max 0.0 seconds and 183 steps)
--> mc_json.adb:134:38

 info: loop invariant initialization proved (CVC5: 2 VC in max 0.0 seconds and 1 step)
--> mc_json.adb:135:38

 info: loop invariant preservation proved (CVC5: 2 VC in max 0.0 seconds and 234 steps)
--> mc_json.adb:135:38

 info: loop invariant initialization proved (CVC5: 1 VC in max 0.0 seconds and 1 step)
--> mc_json.adb:136:38

 info: loop invariant preservation proved (CVC5: 1 VC in max 0.0 seconds and 1 step)
--> mc_json.adb:136:38

 info: loop variant proved (CVC5: 1 VC in max 0.0 seconds and 229 steps)
--> mc_json.adb:137:36

 info: precondition proved (CVC5: 1 VC in max 0.0 seconds and 1 step)
--> mc_json.adb:139:19

 info: range check proved (CVC5: 2 VC in max 0.0 seconds and 2 steps)
--> mc_json.adb:143:42

 info: range check proved (CVC5: 4 VC in max 0.0 seconds and 1 step)
--> mc_json.adb:144:55

 info: range check proved (CVC5: 4 VC in max 0.0 seconds and 1 step)
--> mc_json.adb:144:66

 info: index check proved (CVC5: 2 VC in max 0.0 seconds and 64 steps)
--> mc_json.adb:145:54

 info: precondition proved (CVC5: 1 VC in max 0.0 seconds and 42 steps)
--> mc_json.adb:147:19

 info: index check proved (CVC5: 2 VC in max 0.0 seconds and 1 step)
--> mc_json.adb:147:56

 info: overflow check proved (CVC5: 2 VC in max 0.0 seconds and 53 steps)
--> mc_json.adb:147:105

 info: precondition proved (CVC5: 1 VC in max 0.0 seconds and 153 steps)
--> mc_json.adb:149:16

 info: subprogram variant proved (CVC5: 1 VC in max 0.0 seconds and 1 step)
--> mc_json.adb:149:16

 info: overflow check proved (CVC5: 2 VC in max 0.0 seconds and 33 steps)
--> mc_json.adb:149:34

 info: precondition proved (CVC5: 1 VC in max 0.0 seconds and 131 steps)
--> mc_json.adb:150:16

 info: index check proved (CVC5: 2 VC in max 0.0 seconds and 1 step)
--> mc_json.adb:151:24

 info: index check proved (CVC5: 2 VC in max 0.0 seconds and 1 step)
--> mc_json.adb:151:53

 info: index check proved (CVC5: 2 VC in max 0.0 seconds and 1 step)
--> mc_json.adb:151:75

 info: overflow check proved (CVC5: 2 VC in max 0.0 seconds and 170 steps)
--> mc_json.adb:151:106

 info: index check proved (CVC5: 2 VC in max 0.0 seconds and 1 step)
--> mc_json.adb:152:27

 info: overflow check proved (CVC5: 2 VC in max 0.0 seconds and 152 steps)
--> mc_json.adb:153:29

 info: precondition proved (CVC5: 1 VC in max 0.0 seconds and 158 steps)
--> mc_json.adb:153:33

 info: index check proved (CVC5: 2 VC in max 0.0 seconds and 1 step)
--> mc_json.adb:155:21

 info: precondition proved (CVC5: 1 VC in max 0.0 seconds and 1 step)
--> mc_json.adb:156:13

 info: index check proved (CVC5: 4 VC in max 0.0 seconds and 1 step)
--> mc_json.adb:157:48

 info: loop invariant preservation proved (CVC5: 1 VC in max 0.0 seconds and 1 step)
--> mc_json.adb:158:38

 info: loop invariant initialization proved (CVC5: 1 VC in max 0.0 seconds and 1 step)
--> mc_json.adb:158:38

 info: loop invariant preservation proved (CVC5: 1 VC in max 0.0 seconds and 1 step)
--> mc_json.adb:159:38

 info: loop invariant initialization proved (CVC5: 1 VC in max 0.0 seconds and 1 step)
--> mc_json.adb:159:38

 info: loop variant proved (CVC5: 1 VC in max 0.0 seconds and 1 step)
--> mc_json.adb:160:36

 info: overflow check proved (CVC5: 2 VC in max 0.0 seconds and 1 step)
--> mc_json.adb:161:24

 info: index check proved (CVC5: 2 VC in max 0.0 seconds and 1 step)
--> mc_json.adb:163:21

 info: overflow check proved (CVC5: 2 VC in max 0.0 seconds and 1 step)
--> mc_json.adb:164:19

 info: index check proved (CVC5: 2 VC in max 0.0 seconds and 1 step)
--> mc_json.adb:164:28

 info: overflow check proved (CVC5: 2 VC in max 0.0 seconds and 1 step)
--> mc_json.adb:164:52

 info: index check proved (CVC5: 2 VC in max 0.0 seconds and 1 step)
--> mc_json.adb:164:61

 info: index check proved (CVC5: 2 VC in max 0.0 seconds and 1 step)
--> mc_json.adb:164:94

 info: index check proved (CVC5: 2 VC in max 0.0 seconds and 1 step)
--> mc_json.adb:164:96

 info: index check proved (CVC5: 2 VC in max 0.0 seconds and 1 step)
--> mc_json.adb:166:57

 info: index check proved (CVC5: 2 VC in max 0.0 seconds and 1 step)
--> mc_json.adb:166:89

 info: index check proved (CVC5: 2 VC in max 0.0 seconds and 1 step)
--> mc_json.adb:167:46

 info: index check proved (CVC5: 2 VC in max 0.0 seconds and 1 step)
--> mc_json.adb:167:81

 info: precondition proved (CVC5: 1 VC in max 0.0 seconds and 1 step)
--> mc_json.adb:169:16

 info: range check proved (CVC5: 2 VC in max 0.0 seconds and 1 step)
--> mc_json.adb:170:26

 info: overflow check proved (CVC5: 2 VC in max 0.0 seconds and 1 step)
--> mc_json.adb:170:43

 info: overflow check proved (CVC5: 2 VC in max 0.0 seconds and 1 step)
--> mc_json.adb:170:47

 info: loop invariant preservation proved (CVC5: 1 VC in max 0.0 seconds and 1 step)
--> mc_json.adb:172:41

 info: loop invariant initialization proved (CVC5: 1 VC in max 0.0 seconds and 1 step)
--> mc_json.adb:172:41

 info: overflow check proved (CVC5: 4 VC in max 0.0 seconds and 1 step)
--> mc_json.adb:172:59

 info: overflow check proved (CVC5: 4 VC in max 0.0 seconds and 1 step)
--> mc_json.adb:172:62

 info: index check proved (CVC5: 2 VC in max 0.0 seconds and 1 step)
--> mc_json.adb:173:27

 info: index check proved (CVC5: 2 VC in max 0.0 seconds and 1 step)
--> mc_json.adb:173:60

 info: overflow check proved (CVC5: 2 VC in max 0.0 seconds and 1 step)
--> mc_json.adb:174:27

 info: index check proved (CVC5: 2 VC in max 0.0 seconds and 1 step)
--> mc_json.adb:176:24

 info: initialization of "N" proved
--> mc_json.adb:180:07

 info: range check proved (CVC5: 2 VC in max 0.0 seconds and 1 step)
--> mc_json.adb:184:16

 info: precondition proved (CVC5: 1 VC in max 0.0 seconds and 1 step)
--> mc_json.adb:185:07

 info: precondition proved (CVC5: 1 VC in max 0.0 seconds and 1 step)
--> mc_json.adb:185:26

 info: overflow check proved (CVC5: 2 VC in max 0.0 seconds and 1 step)
--> mc_json.adb:186:40

 info: initialization of "Used" proved
--> mc_json.adb:189:40

 info: index check proved (CVC5: 2 VC in max 0.0 seconds and 1 step)
--> mc_json.adb:193:18

 info: index check proved (CVC5: 2 VC in max 0.0 seconds and 1 step)
--> mc_json.adb:194:21

 info: index check proved (CVC5: 2 VC in max 0.0 seconds and 1 step)
--> mc_json.adb:195:21

 info: index check proved (CVC5: 2 VC in max 0.0 seconds and 1 step)
--> mc_json.adb:195:64

 info: index check proved (CVC5: 2 VC in max 0.0 seconds and 1 step)
--> mc_json.adb:195:87

 info: index check proved (CVC5: 2 VC in max 0.0 seconds and 1 step)
--> mc_json.adb:196:28

 info: overflow check proved (CVC5: 2 VC in max 0.0 seconds and 1 step)
--> mc_json.adb:196:35

 info: index check proved (CVC5: 2 VC in max 0.0 seconds and 1 step)
--> mc_json.adb:196:44

 info: index check proved (CVC5: 2 VC in max 0.0 seconds and 1 step)
--> mc_json.adb:197:24

 info: overflow check proved (CVC5: 2 VC in max 0.0 seconds and 1 step)
--> mc_json.adb:197:31

 info: index check proved (CVC5: 2 VC in max 0.0 seconds and 1 step)
--> mc_json.adb:197:40

 info: overflow check proved (CVC5: 2 VC in max 0.0 seconds and 1 step)
--> mc_json.adb:197:48

 info: range check proved (CVC5: 2 VC in max 0.0 seconds and 1 step)
--> mc_json.adb:197:48

 info: range check proved (CVC5: 4 VC in max 0.0 seconds and 1 step)
--> mc_json.adb:198:10

 info: index check proved (CVC5: 2 VC in max 0.0 seconds and 1 step)
--> mc_json.adb:198:12

 info: index check proved (CVC5: 2 VC in max 0.0 seconds and 1 step)
--> mc_json.adb:198:15

 info: length check proved (CVC5: 3 VC in max 0.0 seconds and 1 step)
--> mc_json.adb:198:20

 info: range check proved (CVC5: 4 VC in max 0.0 seconds and 1 step)
--> mc_json.adb:198:22

 info: length check proved (CVC5: 3 VC in max 0.0 seconds and 1 step)
--> mc_json.adb:198:22

 info: index check proved (CVC5: 2 VC in max 0.0 seconds and 1 step)
--> mc_json.adb:198:35

 info: index check proved (CVC5: 2 VC in max 0.0 seconds and 1 step)
--> mc_json.adb:198:53

 info: initialization of "S" proved
--> mc_json.adb:200:50

 info: range check proved (CVC5: 2 VC in max 0.0 seconds and 1 step)
--> mc_json.adb:200:50

 info: cannot unroll loop (too many loop iterations) [info-unrolling-inlining]
--> mc_json.adb:201:27

 info: index check proved (CVC5: 2 VC in max 0.0 seconds and 18 steps)
--> mc_json.adb:201:54

 info: initialization of "D" proved
--> mc_json.ads:10:34

 info: initialization of "Status" proved
--> mc_json.ads:10:52

 info: data dependencies proved
--> mc_json.ads:10:79

 info: implicit aspect Always_Terminates on "Member" has been proved, subprogram will terminate
--> mc_json.ads:11:13

 info: data dependencies proved
--> mc_json.ads:11:102

 info: implicit aspect Always_Terminates on "Element" has been proved, subprogram will terminate
--> mc_json.ads:12:13

 info: data dependencies proved
--> mc_json.ads:12:95

 info: aspect Always_Terminates on "String_Bytes" has been proved, subprogram will terminate
--> mc_json.ads:13:14

 info: initialization of "Value" proved
--> mc_json.ads:13:66

 info: initialization of "Used" proved
--> mc_json.ads:13:85

 info: initialization of "Status" proved
--> mc_json.ads:13:105

 info: data dependencies proved
--> mc_json.ads:13:132

 info: postcondition proved (CVC5: 1 VC in max 0.0 seconds and 197 steps)
--> mc_json.ads:13:173

 info: range check proved (CVC5: 2 VC in max 0.0 seconds and 86 steps)
--> mc_json.ads:13:186

 info: initialization of "Value" proved
--> mc_json.ads:14:68

 info: initialization of "Status" proved
--> mc_json.ads:14:89

 info: data dependencies proved
--> mc_json.ads:14:116
 info: precondition proved (CVC5: 1 VC in max 0.0 seconds and 1 step)
--> mc_golden.adb:10:52

 info: implicit aspect Always_Terminates on "Header" has been proved, subprogram will terminate
--> mc_golden.ads:5:13

 info: data dependencies proved
--> mc_golden.ads:5:51
 info: cannot unroll loop (too many loop iterations) [info-unrolling-inlining]
--> mc_types.adb:7:25

 info: range check proved (CVC5: 2 VC in max 0.0 seconds and 1 step)
--> mc_types.adb:19:25

 info: cannot unroll loop (too many loop iterations) [info-unrolling-inlining]
--> mc_types.adb:19:37

 info: overflow check proved (CVC5: 2 VC in max 0.0 seconds and 1 step)
--> mc_types.adb:21:30

 info: index check proved (CVC5: 2 VC in max 0.0 seconds and 1 step)
--> mc_types.adb:21:30

 info: overflow check proved (CVC5: 2 VC in max 0.0 seconds and 1 step)
--> mc_types.adb:21:58

 info: index check proved (CVC5: 2 VC in max 0.0 seconds and 1 step)
--> mc_types.adb:21:58

 info: implicit aspect Always_Terminates on "Is_Zero" has been proved, subprogram will terminate
--> mc_types.ads:19:13

 info: data dependencies proved
--> mc_types.ads:20:11

 info: implicit aspect Always_Terminates on "Same_Bytes" has been proved, subprogram will terminate
--> mc_types.ads:21:13

 info: data dependencies proved
--> mc_types.ads:22:11
 info: length check proved (CVC5: 3 VC in max 0.0 seconds and 1 step)
--> mc_config_receipt.adb:24:16

 info: precondition proved (CVC5: 3 VC in max 0.0 seconds and 1 step)
--> mc_config_receipt.adb:29:15

 info: precondition proved (CVC5: 3 VC in max 0.0 seconds and 1 step)
--> mc_config_receipt.adb:29:64

 info: precondition proved (CVC5: 3 VC in max 0.0 seconds and 1 step)
--> mc_config_receipt.adb:30:15

 info: precondition proved (CVC5: 3 VC in max 0.0 seconds and 1 step)
--> mc_config_receipt.adb:30:62

 info: precondition proved (CVC5: 3 VC in max 0.0 seconds and 1 step)
--> mc_config_receipt.adb:31:15

 info: precondition proved (CVC5: 3 VC in max 0.0 seconds and 6 steps)
--> mc_config_receipt.adb:31:56

 info: range check proved (CVC5: 1 VC in max 0.0 seconds and 1890 steps)
--> mc_config_receipt.adb:32:46

 info: initialization of "W" proved
--> mc_config_receipt.adb:39:07

 info: initialization of "Canonical" proved
--> mc_config_receipt.adb:39:09

 info: initialization of "T" proved
--> mc_config_receipt.adb:39:26

 info: initialization of "N" proved
--> mc_config_receipt.adb:39:38

 info: initialization of "Local" proved
--> mc_config_receipt.adb:39:47

 info: implicit aspect Always_Terminates on "Count" has been proved, subprogram will terminate
--> mc_config_receipt.adb:40:16

 info: precondition proved (CVC5: 3 VC in max 0.0 seconds and 1 step)
--> mc_config_receipt.adb:40:71

 info: range check proved (CVC5: 2 VC in max 0.0 seconds and 1 step)
--> mc_config_receipt.adb:40:71

 info: precondition proved (CVC5: 3 VC in max 0.0 seconds and 1 step)
--> mc_config_receipt.adb:42:28

 info: length check proved (CVC5: 3 VC in max 0.0 seconds and 1 step)
--> mc_config_receipt.adb:44:90

 info: range check proved (CVC5: 4 VC in max 0.0 seconds and 1 step)
--> mc_config_receipt.adb:45:10

 info: cannot unroll loop (too many loop iterations) [info-unrolling-inlining]
--> mc_config_receipt.adb:46:25

 info: unrolling loop [info-unrolling-inlining]
--> mc_config_receipt.adb:47:21

 info: precondition proved (CVC5: 18 VC in max 0.0 seconds and 1 step)
--> mc_config_receipt.adb:47:37

 info: range check proved (CVC5: 4 VC in max 0.0 seconds and 1 step)
--> mc_config_receipt.adb:48:23

 info: range check proved (CVC5: 4 VC in max 0.0 seconds and 1 step)
--> mc_config_receipt.adb:48:55

 info: range check proved (CVC5: 4 VC in max 0.0 seconds and 1 step)
--> mc_config_receipt.adb:48:81

 info: range check proved (CVC5: 4 VC in max 0.0 seconds and 1 step)
--> mc_config_receipt.adb:49:23

 info: range check proved (CVC5: 4 VC in max 0.0 seconds and 1 step)
--> mc_config_receipt.adb:49:55

 info: range check proved (CVC5: 4 VC in max 0.0 seconds and 1 step)
--> mc_config_receipt.adb:49:94

 info: range check proved (CVC5: 4 VC in max 0.0 seconds and 1 step)
--> mc_config_receipt.adb:50:35

 info: range check proved (CVC5: 4 VC in max 0.0 seconds and 1 step)
--> mc_config_receipt.adb:50:70

 info: range check proved (CVC5: 4 VC in max 0.0 seconds and 1 step)
--> mc_config_receipt.adb:50:107

 info: range check proved (CVC5: 4 VC in max 0.0 seconds and 1 step)
--> mc_config_receipt.adb:51:30

 info: range check proved (CVC5: 4 VC in max 0.0 seconds and 1 step)
--> mc_config_receipt.adb:51:67

 info: range check proved (CVC5: 4 VC in max 0.0 seconds and 1 step)
--> mc_config_receipt.adb:51:97

 info: range check proved (CVC5: 4 VC in max 0.0 seconds and 1 step)
--> mc_config_receipt.adb:52:27

 info: range check proved (CVC5: 4 VC in max 0.0 seconds and 1 step)
--> mc_config_receipt.adb:52:57

 info: precondition proved (CVC5: 4 VC in max 0.0 seconds and 1 step)
--> mc_config_receipt.adb:53:29

 info: precondition proved (CVC5: 4 VC in max 0.0 seconds and 1 step)
--> mc_config_receipt.adb:53:57

 info: precondition proved (CVC5: 4 VC in max 0.0 seconds and 1 step)
--> mc_config_receipt.adb:53:88

 info: precondition proved (CVC5: 4 VC in max 0.0 seconds and 1 step)
--> mc_config_receipt.adb:54:22

 info: precondition proved (CVC5: 4 VC in max 0.0 seconds and 1 step)
--> mc_config_receipt.adb:54:47

 info: precondition proved (CVC5: 4 VC in max 0.0 seconds and 1 step)
--> mc_config_receipt.adb:54:69

 info: range check proved (CVC5: 2 VC in max 0.0 seconds and 615 steps)
--> mc_config_receipt.adb:55:49

 info: overflow check proved (CVC5: 2 VC in max 0.0 seconds and 1 step)
--> mc_config_receipt.adb:68:41

 info: overflow check proved (CVC5: 2 VC in max 0.0 seconds and 1 step)
--> mc_config_receipt.adb:69:13

 info: implicit aspect Always_Terminates on "Valid" has been proved, subprogram will terminate
--> mc_config_receipt.ads:19:13

 info: data dependencies proved
--> mc_config_receipt.ads:19:52

 info: initialization of "B" proved
--> mc_config_receipt.ads:20:33

 info: initialization of "Status" proved
--> mc_config_receipt.ads:20:46

 info: data dependencies proved
--> mc_config_receipt.ads:20:73

 info: initialization of "R" proved
--> mc_config_receipt.ads:21:31

 info: initialization of "Status" proved
--> mc_config_receipt.ads:21:47

 info: data dependencies proved
--> mc_config_receipt.ads:21:74

 info: initialization of "Status" proved
--> mc_config_receipt.ads:23:07

 info: data dependencies proved
--> mc_config_receipt.ads:23:34
 info: range check proved (CVC5: 4 VC in max 0.0 seconds and 1 step)
--> mc_dirents.adb:4:48

 info: initialization of "P" proved
--> mc_dirents.adb:6:22

 info: initialization of "Len" proved
--> mc_dirents.adb:6:35

 info: initialization of "Ending" proved
--> mc_dirents.adb:6:39

 info: initialization of "N" proved
--> mc_dirents.adb:6:56

 info: range check proved (CVC5: 2 VC in max 0.0 seconds and 1 step)
--> mc_dirents.adb:11:14

 info: loop invariant initialization proved (CVC5: 2 VC in max 0.0 seconds and 1 step)
--> mc_dirents.adb:13:32

 info: loop invariant preservation proved (CVC5: 2 VC in max 0.0 seconds and 117 steps)
--> mc_dirents.adb:13:32

 info: overflow check proved (CVC5: 4 VC in max 0.0 seconds and 1 step)
--> mc_dirents.adb:13:60

 info: loop variant proved (CVC5: 1 VC in max 0.0 seconds and 111 steps)
--> mc_dirents.adb:14:30

 info: overflow check proved (CVC5: 2 VC in max 0.0 seconds and 1 step)
--> mc_dirents.adb:15:22

 info: overflow check proved (CVC5: 2 VC in max 0.0 seconds and 1 step)
--> mc_dirents.adb:16:29

 info: index check proved (CVC5: 2 VC in max 0.0 seconds and 1 step)
--> mc_dirents.adb:16:29

 info: overflow check proved (CVC5: 2 VC in max 0.0 seconds and 1 step)
--> mc_dirents.adb:16:49

 info: index check proved (CVC5: 2 VC in max 0.0 seconds and 1 step)
--> mc_dirents.adb:16:49

 info: overflow check proved (CVC5: 2 VC in max 0.0 seconds and 1 step)
--> mc_dirents.adb:17:41

 info: overflow check proved (CVC5: 2 VC in max 0.0 seconds and 1 step)
--> mc_dirents.adb:17:43

 info: overflow check proved (CVC5: 2 VC in max 0.0 seconds and 1 step)
--> mc_dirents.adb:18:19

 info: overflow check proved (CVC5: 4 VC in max 0.0 seconds and 1 step)
--> mc_dirents.adb:19:24

 info: index check proved (CVC5: 4 VC in max 0.0 seconds and 1 step)
--> mc_dirents.adb:19:43

 info: loop invariant initialization proved (CVC5: 2 VC in max 0.0 seconds and 1 step)
--> mc_dirents.adb:20:35

 info: loop invariant preservation proved (CVC5: 2 VC in max 0.0 seconds and 1 step)
--> mc_dirents.adb:20:35

 info: overflow check proved (CVC5: 4 VC in max 0.0 seconds and 1 step)
--> mc_dirents.adb:20:46

 info: overflow check proved (CVC5: 4 VC in max 0.0 seconds and 1 step)
--> mc_dirents.adb:20:54

 info: loop variant proved (CVC5: 1 VC in max 0.0 seconds and 1 step)
--> mc_dirents.adb:21:33

 info: overflow check proved (CVC5: 2 VC in max 0.0 seconds and 1 step)
--> mc_dirents.adb:22:27

 info: overflow check proved (CVC5: 2 VC in max 0.0 seconds and 1 step)
--> mc_dirents.adb:24:21

 info: overflow check proved (CVC5: 2 VC in max 0.0 seconds and 1 step)
--> mc_dirents.adb:24:42

 info: overflow check proved (CVC5: 2 VC in max 0.0 seconds and 1 step)
--> mc_dirents.adb:24:63

 info: range check proved (CVC5: 2 VC in max 0.0 seconds and 1 step)
--> mc_dirents.adb:25:42

 info: overflow check proved (CVC5: 2 VC in max 0.0 seconds and 1 step)
--> mc_dirents.adb:25:45

 info: cannot unroll loop (too many loop iterations) [info-unrolling-inlining]
--> mc_dirents.adb:26:31

 info: overflow check proved (CVC5: 2 VC in max 0.0 seconds and 1 step)
--> mc_dirents.adb:27:22

 info: overflow check proved (CVC5: 2 VC in max 0.0 seconds and 1 step)
--> mc_dirents.adb:27:25

 info: index check proved (CVC5: 2 VC in max 0.0 seconds and 1 step)
--> mc_dirents.adb:27:25

 info: overflow check proved (CVC5: 2 VC in max 0.0 seconds and 1 step)
--> mc_dirents.adb:28:44

 info: overflow check proved (CVC5: 2 VC in max 0.0 seconds and 1 step)
--> mc_dirents.adb:28:47

 info: index check proved (CVC5: 2 VC in max 0.0 seconds and 1 step)
--> mc_dirents.adb:28:47

 info: cannot unroll loop (too many loop iterations) [info-unrolling-inlining]
--> mc_dirents.adb:31:33

 info: range check proved (CVC5: 2 VC in max 0.0 seconds and 78 steps)
--> mc_dirents.adb:33:29

 info: index check proved (CVC5: 2 VC in max 0.0 seconds and 105 steps)
--> mc_dirents.adb:33:41

 info: overflow check proved (CVC5: 2 VC in max 0.0 seconds and 1 step)
--> mc_dirents.adb:35:14

 info: initialization of "N" proved
--> mc_dirents.adb:39:42

 info: initialization of "J" proved
--> mc_dirents.adb:39:51

 info: cannot unroll loop (too many loop iterations) [info-unrolling-inlining]
--> mc_dirents.adb:41:27

 info: index check proved (CVC5: 4 VC in max 0.0 seconds and 1 step)
--> mc_dirents.adb:43:53

 info: loop invariant initialization proved (CVC5: 2 VC in max 0.0 seconds and 1 step)
--> mc_dirents.adb:44:35

 info: loop invariant preservation proved (CVC5: 2 VC in max 0.0 seconds and 1 step)
--> mc_dirents.adb:44:35

 info: loop variant proved (CVC5: 1 VC in max 0.0 seconds and 1 step)
--> mc_dirents.adb:45:33

 info: index check proved (CVC5: 2 VC in max 0.0 seconds and 1 step)
--> mc_dirents.adb:46:21

 info: index check proved (CVC5: 2 VC in max 0.0 seconds and 1 step)
--> mc_dirents.adb:46:34

 info: range check proved (CVC5: 2 VC in max 0.0 seconds and 1 step)
--> mc_dirents.adb:46:42

 info: index check proved (CVC5: 2 VC in max 0.0 seconds and 1 step)
--> mc_dirents.adb:48:18

 info: implicit aspect Always_Terminates on "Image" has been proved, subprogram will terminate
--> mc_dirents.ads:8:13

 info: data dependencies proved
--> mc_dirents.ads:8:48

 info: initialization of "Status" proved
--> mc_dirents.ads:9:67

 info: data dependencies proved
--> mc_dirents.ads:9:94

 info: postcondition proved (CVC5: 1 VC in max 0.0 seconds and 372 steps; Trivial: 1 VC in max 0.0 seconds and 2 steps)
--> mc_dirents.ads:10:14

 info: data dependencies proved
--> mc_dirents.ads:11:44
 info: precondition proved (CVC5: 3 VC in max 0.0 seconds and 1 step)
--> state_readmission.adb:14:15

 info: precondition proved (CVC5: 3 VC in max 0.0 seconds and 1 step)
--> state_readmission.adb:14:54

 info: precondition proved (CVC5: 3 VC in max 0.0 seconds and 1 step)
--> state_readmission.adb:15:15

 info: precondition proved (CVC5: 3 VC in max 0.0 seconds and 1 step)
--> state_readmission.adb:16:15

 info: precondition proved (CVC5: 3 VC in max 0.0 seconds and 1 step)
--> state_readmission.adb:17:15

 info: precondition proved (CVC5: 3 VC in max 0.0 seconds and 1 step)
--> state_readmission.adb:18:15

 info: precondition proved (CVC5: 3 VC in max 0.0 seconds and 1 step)
--> state_readmission.adb:19:15

 info: precondition proved (CVC5: 3 VC in max 0.0 seconds and 1 step)
--> state_readmission.adb:20:15

 info: precondition proved (CVC5: 1 VC in max 0.0 seconds and 2105 steps)
--> state_readmission.adb:21:23

 info: range check proved (CVC5: 2 VC in max 0.0 seconds and 535 steps)
--> state_readmission.adb:79:31

 info: overflow check proved (CVC5: 2 VC in max 0.0 seconds and 669 steps)
--> state_readmission.adb:97:45

 info: overflow check proved (CVC5: 2 VC in max 0.0 seconds and 1 step)
--> state_readmission.adb:104:41

 info: range check proved (CVC5: 2 VC in max 0.0 seconds and 710 steps)
--> state_readmission.adb:105:65

 info: overflow check proved (CVC5: 2 VC in max 0.0 seconds and 769 steps)
--> state_readmission.adb:107:49

 info: overflow check proved (CVC5: 2 VC in max 0.0 seconds and 633 steps)
--> state_readmission.adb:117:45

 info: overflow check proved (CVC5: 2 VC in max 0.0 seconds and 1081 steps)
--> state_readmission.adb:121:31

 info: assertion proved (CVC5: 1 VC in max 0.0 seconds and 3226 steps)
--> state_readmission.adb:123:21

 info: precondition proved (CVC5: 3 VC in max 0.0 seconds and 1 step)
--> state_readmission.adb:133:15

 info: precondition proved (CVC5: 3 VC in max 0.0 seconds and 1 step)
--> state_readmission.adb:133:54

 info: precondition proved (CVC5: 3 VC in max 0.0 seconds and 1 step)
--> state_readmission.adb:134:15

 info: precondition proved (CVC5: 3 VC in max 0.0 seconds and 1 step)
--> state_readmission.adb:134:57

 info: precondition proved (CVC5: 3 VC in max 0.0 seconds and 1 step)
--> state_readmission.adb:135:15

 info: precondition proved (CVC5: 3 VC in max 0.0 seconds and 1 step)
--> state_readmission.adb:135:62

 info: precondition proved (CVC5: 3 VC in max 0.0 seconds and 1 step)
--> state_readmission.adb:136:15

 info: precondition proved (CVC5: 1 VC in max 0.0 seconds and 2137 steps)
--> state_readmission.adb:138:32

 info: range check proved (CVC5: 4 VC in max 0.0 seconds and 1 step)
--> state_readmission.adb:138:39

 info: initialization of "T" proved
--> state_readmission.adb:141:07

 info: index check proved (CVC5: 2 VC in max 0.0 seconds and 1 step)
--> state_readmission.adb:145:13

 info: unrolling loop [info-unrolling-inlining]
--> state_readmission.adb:146:21

 info: precondition proved (CVC5: 21 VC in max 0.0 seconds and 1 step)
--> state_readmission.adb:146:37

 info: range check proved (CVC5: 4 VC in max 0.0 seconds and 1 step)
--> state_readmission.adb:147:23

 info: range check proved (CVC5: 4 VC in max 0.0 seconds and 1 step)
--> state_readmission.adb:147:47

 info: range check proved (CVC5: 4 VC in max 0.0 seconds and 1 step)
--> state_readmission.adb:147:78

 info: range check proved (CVC5: 4 VC in max 0.0 seconds and 1 step)
--> state_readmission.adb:148:27

 info: range check proved (CVC5: 4 VC in max 0.0 seconds and 1 step)
--> state_readmission.adb:148:58

 info: range check proved (CVC5: 4 VC in max 0.0 seconds and 1 step)
--> state_readmission.adb:148:80

 info: range check proved (CVC5: 4 VC in max 0.0 seconds and 1 step)
--> state_readmission.adb:149:26

 info: range check proved (CVC5: 4 VC in max 0.0 seconds and 1 step)
--> state_readmission.adb:149:58

 info: range check proved (CVC5: 4 VC in max 0.0 seconds and 1 step)
--> state_readmission.adb:149:88

 info: precondition proved (CVC5: 3 VC in max 0.0 seconds and 1 step)
--> state_readmission.adb:150:35

 info: range check proved (CVC5: 2 VC in max 0.0 seconds and 309 steps)
--> state_readmission.adb:150:35

 info: precondition proved (CVC5: 3 VC in max 0.0 seconds and 10 steps)
--> state_readmission.adb:150:84

 info: range check proved (CVC5: 2 VC in max 0.0 seconds and 345 steps)
--> state_readmission.adb:150:84

 info: precondition proved (CVC5: 3 VC in max 0.0 seconds and 29 steps)
--> state_readmission.adb:151:38

 info: range check proved (CVC5: 2 VC in max 0.0 seconds and 382 steps)
--> state_readmission.adb:151:38

 info: precondition proved (CVC5: 3 VC in max 0.0 seconds and 50 steps)
--> state_readmission.adb:151:89

 info: range check proved (CVC5: 2 VC in max 0.0 seconds and 419 steps)
--> state_readmission.adb:151:89

 info: precondition proved (CVC5: 3 VC in max 0.0 seconds and 71 steps)
--> state_readmission.adb:152:43

 info: range check proved (CVC5: 2 VC in max 0.0 seconds and 458 steps)
--> state_readmission.adb:152:43

 info: precondition proved (CVC5: 3 VC in max 0.0 seconds and 93 steps)
--> state_readmission.adb:152:89

 info: range check proved (CVC5: 2 VC in max 0.0 seconds and 496 steps)
--> state_readmission.adb:152:89

 info: precondition proved (CVC5: 3 VC in max 0.0 seconds and 115 steps)
--> state_readmission.adb:153:43

 info: range check proved (CVC5: 2 VC in max 0.0 seconds and 536 steps)
--> state_readmission.adb:153:43

 info: range check proved (CVC5: 2 VC in max 0.0 seconds and 571 steps)
--> state_readmission.adb:153:82

 info: index check proved (CVC5: 2 VC in max 0.0 seconds and 15 steps)
--> state_readmission.adb:153:85

 info: index check proved (CVC5: 2 VC in max 0.0 seconds and 171 steps)
--> state_readmission.adb:153:117

 info: range check proved (CVC5: 4 VC in max 0.0 seconds and 196 steps)
--> state_readmission.adb:154:26

 info: implicit aspect Always_Terminates on "Fingerprint" has been proved, subprogram will terminate
--> state_readmission.ads:40:13

 info: data dependencies proved
--> state_readmission.ads:40:57

 info: implicit aspect Always_Terminates on "Valid" has been proved, subprogram will terminate
--> state_readmission.ads:41:13

 info: data dependencies proved
--> state_readmission.ads:41:52

 info: implicit aspect Always_Terminates on "Valid" has been proved, subprogram will terminate
--> state_readmission.ads:42:13

 info: data dependencies proved
--> state_readmission.ads:42:51

 info: initialization of "S" proved
--> state_readmission.ads:43:38

 info: initialization of "Status" proved
--> state_readmission.ads:43:53

 info: data dependencies proved
--> state_readmission.ads:43:80

 info: initialization of "Status" proved
--> state_readmission.ads:44:67

 info: data dependencies proved
--> state_readmission.ads:45:12

 info: postcondition proved (CVC5: 3 VC in max 0.0 seconds and 5037 steps; Trivial: 2 VC in max 0.0 seconds and 2 steps)
--> state_readmission.ads:45:36

 info: overflow check proved (CVC5: 2 VC in max 0.0 seconds and 1314 steps)
--> state_readmission.ads:46:86

 info: implicit aspect Always_Terminates on "Encode" has been proved, subprogram will terminate
--> state_readmission.ads:48:13

 info: data dependencies proved
--> state_readmission.ads:48:50

 info: initialization of "S" proved
--> state_readmission.ads:49:33

 info: initialization of "Status" proved
--> state_readmission.ads:49:48

 info: data dependencies proved
--> state_readmission.ads:49:75
 info: local subprogram "Magic" only analyzed in the context of calls [info-unrolling-inlining]
--> state_healing_codec.adb:5:14
      + add a contract to analyze it separately from calling contexts

 info: implicit aspect Always_Terminates on "Correct_Magic" has been proved, subprogram will terminate
--> state_healing_codec.adb:9:13

 info: local subprogram "Correct_Magic" only analyzed in the context of calls [info-unrolling-inlining]
--> state_healing_codec.adb:9:13
      + add a contract to analyze it separately from calling contexts

 info: implicit aspect Always_Terminates on "Bit" has been proved, subprogram will terminate
--> state_healing_codec.adb:15:13

 info: analyzing call to "Magic" in context
--> state_healing_codec.adb:19:07

 info: in inlined body at line 7
--> state_healing_codec.adb:19:07
      + unrolling loop [info-unrolling-inlining]

 info: precondition proved (CVC5: 3 VC in max 0.0 seconds and 1 step)
--> state_healing_codec.adb:23:15

 info: precondition proved (CVC5: 3 VC in max 0.0 seconds and 1 step)
--> state_healing_codec.adb:24:15

 info: precondition proved (CVC5: 3 VC in max 0.0 seconds and 1 step)
--> state_healing_codec.adb:25:15

 info: precondition proved (CVC5: 3 VC in max 0.0 seconds and 28 steps)
--> state_healing_codec.adb:25:59

 info: precondition proved (CVC5: 3 VC in max 0.0 seconds and 90 steps)
--> state_healing_codec.adb:27:15

 info: precondition proved (CVC5: 3 VC in max 0.0 seconds and 126 steps)
--> state_healing_codec.adb:27:66

 info: precondition proved (CVC5: 3 VC in max 0.0 seconds and 163 steps)
--> state_healing_codec.adb:28:15

 info: precondition proved (CVC5: 3 VC in max 0.0 seconds and 202 steps)
--> state_healing_codec.adb:28:71

 info: precondition proved (CVC5: 1 VC in max 0.0 seconds and 2770 steps)
--> state_healing_codec.adb:29:29

 info: range check proved (CVC5: 4 VC in max 0.0 seconds and 1 step)
--> state_healing_codec.adb:29:35

 info: initialization of "F" proved
--> state_healing_codec.adb:32:07

 info: length check proved (CVC5: 3 VC in max 0.0 seconds and 1 step)
--> state_healing_codec.adb:34:93

 info: analyzing call to "Correct_Magic" in context
--> state_healing_codec.adb:35:14

 info: in inlined body at line 11
--> state_healing_codec.adb:35:14
      + unrolling loop [info-unrolling-inlining]

 info: range check proved (CVC5: 4 VC in max 0.0 seconds and 1 step)
--> state_healing_codec.adb:36:10

 info: precondition proved (CVC5: 1 VC in max 0.0 seconds and 69 steps)
--> state_healing_codec.adb:36:32

 info: range check proved (CVC5: 4 VC in max 0.0 seconds and 1 step)
--> state_healing_codec.adb:36:38

 info: precondition proved (CVC5: 3 VC in max 0.0 seconds and 1 step)
--> state_healing_codec.adb:40:25

 info: unrolling loop [info-unrolling-inlining]
--> state_healing_codec.adb:41:21

 info: precondition proved (CVC5: 12 VC in max 0.0 seconds and 1 step)
--> state_healing_codec.adb:42:21

 info: unrolling loop [info-unrolling-inlining]
--> state_healing_codec.adb:44:21

 info: precondition proved (CVC5: 9 VC in max 0.0 seconds and 1 step)
--> state_healing_codec.adb:45:21

 info: range check proved (CVC5: 4 VC in max 0.0 seconds and 1 step)
--> state_healing_codec.adb:47:22

 info: range check proved (CVC5: 4 VC in max 0.0 seconds and 1 step)
--> state_healing_codec.adb:47:49

 info: range check proved (CVC5: 2 VC in max 0.0 seconds and 405 steps)
--> state_healing_codec.adb:48:45

 info: range check proved (CVC5: 2 VC in max 0.0 seconds and 113 steps)
--> state_healing_codec.adb:50:37

 info: range check proved (CVC5: 2 VC in max 0.0 seconds and 137 steps)
--> state_healing_codec.adb:50:75

 info: precondition proved (CVC5: 3 VC in max 0.0 seconds and 1 step)
--> state_healing_codec.adb:51:45

 info: range check proved (CVC5: 2 VC in max 0.0 seconds and 507 steps)
--> state_healing_codec.adb:51:45

 info: precondition proved (CVC5: 3 VC in max 0.0 seconds and 1 step)
--> state_healing_codec.adb:52:50

 info: range check proved (CVC5: 2 VC in max 0.0 seconds and 549 steps)
--> state_healing_codec.adb:52:50

 info: precondition proved (CVC5: 3 VC in max 0.0 seconds and 1 step)
--> state_healing_codec.adb:53:40

 info: range check proved (CVC5: 2 VC in max 0.0 seconds and 592 steps)
--> state_healing_codec.adb:53:40

 info: precondition proved (CVC5: 3 VC in max 0.0 seconds and 1 step)
--> state_healing_codec.adb:53:90

 info: range check proved (CVC5: 2 VC in max 0.0 seconds and 635 steps)
--> state_healing_codec.adb:53:90

 info: range check proved (CVC5: 2 VC in max 0.0 seconds and 679 steps)
--> state_healing_codec.adb:54:34

 info: range check proved (CVC5: 2 VC in max 0.0 seconds and 273 steps)
--> state_healing_codec.adb:54:43

 info: range check proved (CVC5: 2 VC in max 0.0 seconds and 719 steps)
--> state_healing_codec.adb:54:80

 info: range check proved (CVC5: 2 VC in max 0.0 seconds and 310 steps)
--> state_healing_codec.adb:54:89

 info: range check proved (CVC5: 2 VC in max 0.0 seconds and 792 steps)
--> state_healing_codec.adb:55:30

 info: precondition proved (CVC5: 3 VC in max 0.0 seconds and 1 step)
--> state_healing_codec.adb:55:47

 info: range check proved (CVC5: 2 VC in max 0.0 seconds and 761 steps)
--> state_healing_codec.adb:55:47

 info: precondition proved (CVC5: 3 VC in max 0.0 seconds and 1 step)
--> state_healing_codec.adb:56:42

 info: range check proved (CVC5: 2 VC in max 0.0 seconds and 833 steps)
--> state_healing_codec.adb:56:42

 info: precondition proved (CVC5: 3 VC in max 0.0 seconds and 1 step)
--> state_healing_codec.adb:57:51

 info: range check proved (CVC5: 2 VC in max 0.0 seconds and 882 steps)
--> state_healing_codec.adb:57:51

 info: precondition proved (CVC5: 3 VC in max 0.0 seconds and 1 step)
--> state_healing_codec.adb:58:51

 info: range check proved (CVC5: 2 VC in max 0.0 seconds and 932 steps)
--> state_healing_codec.adb:58:51

 info: precondition proved (CVC5: 1 VC in max 0.0 seconds and 1 step)
--> state_healing_codec.adb:59:45

 info: analyzing call to "Magic" in context
--> state_healing_codec.adb:65:07

 info: in inlined body at line 7
--> state_healing_codec.adb:65:07
      + unrolling loop [info-unrolling-inlining]

 info: precondition proved (CVC5: 3 VC in max 0.0 seconds and 1 step)
--> state_healing_codec.adb:66:15

 info: precondition proved (CVC5: 3 VC in max 0.0 seconds and 1 step)
--> state_healing_codec.adb:66:54

 info: precondition proved (CVC5: 3 VC in max 0.0 seconds and 1 step)
--> state_healing_codec.adb:67:15

 info: precondition proved (CVC5: 3 VC in max 0.0 seconds and 30 steps)
--> state_healing_codec.adb:67:59

 info: precondition proved (CVC5: 3 VC in max 0.0 seconds and 141 steps)
--> state_healing_codec.adb:70:66

 info: precondition proved (CVC5: 3 VC in max 0.0 seconds and 189 steps)
--> state_healing_codec.adb:72:15

 info: precondition proved (CVC5: 3 VC in max 0.0 seconds and 227 steps)
--> state_healing_codec.adb:72:57

 info: precondition proved (CVC5: 3 VC in max 0.0 seconds and 306 steps)
--> state_healing_codec.adb:74:15

 info: precondition proved (CVC5: 3 VC in max 0.0 seconds and 348 steps)
--> state_healing_codec.adb:74:58

 info: precondition proved (CVC5: 3 VC in max 0.0 seconds and 391 steps)
--> state_healing_codec.adb:75:15

 info: cannot unroll loop (too many loop iterations) [info-unrolling-inlining]
--> state_healing_codec.adb:76:39

 info: precondition proved (CVC5: 3 VC in max 0.0 seconds and 481 steps)
--> state_healing_codec.adb:76:52

 info: precondition proved (CVC5: 1 VC in max 0.0 seconds and 4003 steps)
--> state_healing_codec.adb:78:31

 info: range check proved (CVC5: 4 VC in max 0.0 seconds and 1 step)
--> state_healing_codec.adb:78:37

 info: initialization of "F" proved
--> state_healing_codec.adb:81:07

 info: length check proved (CVC5: 3 VC in max 0.0 seconds and 1 step)
--> state_healing_codec.adb:84:93

 info: analyzing call to "Correct_Magic" in context
--> state_healing_codec.adb:85:14

 info: in inlined body at line 11
--> state_healing_codec.adb:85:14
      + unrolling loop [info-unrolling-inlining]

 info: range check proved (CVC5: 4 VC in max 0.0 seconds and 1 step)
--> state_healing_codec.adb:86:10

 info: precondition proved (CVC5: 1 VC in max 0.0 seconds and 175 steps)
--> state_healing_codec.adb:86:34

 info: range check proved (CVC5: 4 VC in max 0.0 seconds and 1 step)
--> state_healing_codec.adb:86:40

 info: precondition proved (CVC5: 3 VC in max 0.0 seconds and 1 step)
--> state_healing_codec.adb:90:61

 info: unrolling loop [info-unrolling-inlining]
--> state_healing_codec.adb:91:26

 info: precondition proved (CVC5: 30 VC in max 0.0 seconds and 196 steps)
--> state_healing_codec.adb:91:42

 info: range check proved (CVC5: 4 VC in max 0.0 seconds and 1 step)
--> state_healing_codec.adb:92:22

 info: range check proved (CVC5: 4 VC in max 0.0 seconds and 1 step)
--> state_healing_codec.adb:92:43

 info: range check proved (CVC5: 4 VC in max 0.0 seconds and 1 step)
--> state_healing_codec.adb:92:71

 info: precondition proved (CVC5: 3 VC in max 0.0 seconds and 1 step)
--> state_healing_codec.adb:93:35

 info: range check proved (CVC5: 2 VC in max 0.0 seconds and 694 steps)
--> state_healing_codec.adb:93:35

 info: precondition proved (CVC5: 3 VC in max 0.0 seconds and 1 step)
--> state_healing_codec.adb:93:81

 info: range check proved (CVC5: 2 VC in max 0.0 seconds and 761 steps)
--> state_healing_codec.adb:93:81

 info: precondition proved (CVC5: 3 VC in max 0.0 seconds and 1 step)
--> state_healing_codec.adb:94:40

 info: range check proved (CVC5: 2 VC in max 0.0 seconds and 828 steps)
--> state_healing_codec.adb:94:40

 info: precondition proved (CVC5: 3 VC in max 0.0 seconds and 1 step)
--> state_healing_codec.adb:94:81

 info: range check proved (CVC5: 2 VC in max 0.0 seconds and 896 steps)
--> state_healing_codec.adb:94:81

 info: range check proved (CVC5: 2 VC in max 0.0 seconds and 927 steps)
--> state_healing_codec.adb:95:42

 info: range check proved (CVC5: 2 VC in max 0.0 seconds and 961 steps)
--> state_healing_codec.adb:95:83

 info: range check proved (CVC5: 2 VC in max 0.0 seconds and 1033 steps)
--> state_healing_codec.adb:97:43

 info: precondition proved (CVC5: 3 VC in max 0.0 seconds and 1 step)
--> state_healing_codec.adb:97:85

 info: range check proved (CVC5: 2 VC in max 0.0 seconds and 1110 steps)
--> state_healing_codec.adb:97:85

 info: range check proved (CVC5: 4 VC in max 0.0 seconds and 1 step)
--> state_healing_codec.adb:98:21

 info: range check proved (CVC5: 4 VC in max 0.0 seconds and 1 step)
--> state_healing_codec.adb:98:54

 info: precondition proved (CVC5: 3 VC in max 0.0 seconds and 1 step)
--> state_healing_codec.adb:99:37

 info: range check proved (CVC5: 2 VC in max 0.0 seconds and 1198 steps)
--> state_healing_codec.adb:99:37

 info: precondition proved (CVC5: 3 VC in max 0.0 seconds and 1 step)
--> state_healing_codec.adb:99:87

 info: range check proved (CVC5: 2 VC in max 0.0 seconds and 1277 steps)
--> state_healing_codec.adb:99:87

 info: range check proved (CVC5: 4 VC in max 0.0 seconds and 1 step)
--> state_healing_codec.adb:100:24

 info: range check proved (CVC5: 2 VC in max 0.0 seconds and 1323 steps)
--> state_healing_codec.adb:100:52

 info: range check proved (CVC5: 2 VC in max 0.0 seconds and 1366 steps)
--> state_healing_codec.adb:100:90

 info: range check proved (CVC5: 2 VC in max 0.0 seconds and 1469 steps)
--> state_healing_codec.adb:101:22

 info: precondition proved (CVC5: 3 VC in max 0.0 seconds and 2 steps)
--> state_healing_codec.adb:101:38

 info: range check proved (CVC5: 2 VC in max 0.0 seconds and 1430 steps)
--> state_healing_codec.adb:101:38

 info: precondition proved (CVC5: 3 VC in max 0.0 seconds and 8 steps)
--> state_healing_codec.adb:101:86

 info: range check proved (CVC5: 2 VC in max 0.0 seconds and 1543 steps)
--> state_healing_codec.adb:101:86

 info: precondition proved (CVC5: 3 VC in max 0.0 seconds and 13 steps)
--> state_healing_codec.adb:102:43

 info: range check proved (CVC5: 2 VC in max 0.0 seconds and 1630 steps)
--> state_healing_codec.adb:102:43

 info: range check proved (CVC5: 4 VC in max 0.0 seconds and 19 steps)
--> state_healing_codec.adb:102:79

 info: cannot unroll loop (too many loop iterations) [info-unrolling-inlining]
--> state_healing_codec.adb:103:39

 info: precondition proved (CVC5: 3 VC in max 0.0 seconds and 1419 steps)
--> state_healing_codec.adb:104:51

 info: range check proved (CVC5: 2 VC in max 0.0 seconds and 2250 steps)
--> state_healing_codec.adb:106:42

 info: precondition proved (CVC5: 20 VC in max 0.0 seconds and 1650 steps)
--> state_healing_codec.adb:109:45

 info: implicit aspect Always_Terminates on "Encode" has been proved, subprogram will terminate
--> state_healing_codec.ads:6:13

 info: data dependencies proved
--> state_healing_codec.ads:7:41

 info: implicit aspect Always_Terminates on "Encode" has been proved, subprogram will terminate
--> state_healing_codec.ads:8:13

 info: data dependencies proved
--> state_healing_codec.ads:9:41

 info: initialization of "P" proved
--> state_healing_codec.ads:10:32

 info: initialization of "Status" proved
--> state_healing_codec.ads:10:62

 info: data dependencies proved
--> state_healing_codec.ads:11:12

 info: initialization of "S" proved
--> state_healing_codec.ads:12:32

 info: initialization of "Status" proved
--> state_healing_codec.ads:12:61

 info: data dependencies proved
--> state_healing_codec.ads:13:12
 info: implicit aspect Always_Terminates on "Evaluate" has been proved, subprogram will terminate
--> state_power_integrity.ads:14:13

 info: data dependencies proved
--> state_power_integrity.ads:14:84
 info: overflow check proved (CVC5: 2 VC in max 0.0 seconds and 1 step)
--> state_xfs_health.adb:13:29

 info: overflow check proved (CVC5: 2 VC in max 0.0 seconds and 1 step)
--> state_xfs_health.adb:14:20

 info: unrolling loop [info-unrolling-inlining]
--> state_xfs_health.adb:23:27

 info: overflow check proved (CVC5: 2 VC in max 0.0 seconds and 1 step)
--> state_xfs_health.adb:33:25

 info: overflow check proved (CVC5: 2 VC in max 0.0 seconds and 65 steps)
--> state_xfs_health.adb:38:21

 info: overflow check proved (CVC5: 2 VC in max 0.0 seconds and 109 steps)
--> state_xfs_health.adb:41:21

 info: overflow check proved (CVC5: 2 VC in max 0.0 seconds and 74 steps)
--> state_xfs_health.adb:70:32

 info: overflow check proved (CVC5: 2 VC in max 0.0 seconds and 1 step)
--> state_xfs_health.adb:81:35

 info: overflow check proved (CVC5: 2 VC in max 0.0 seconds and 200 steps)
--> state_xfs_health.adb:85:95

 info: overflow check proved (CVC5: 2 VC in max 0.0 seconds and 6 steps)
--> state_xfs_health.adb:120:32

 info: overflow check proved (CVC5: 2 VC in max 0.0 seconds and 11 steps)
--> state_xfs_health.adb:137:32

 info: range check proved (CVC5: 2 VC in max 0.0 seconds and 1 step)
--> state_xfs_health.adb:147:46

 info: overflow check proved (CVC5: 2 VC in max 0.0 seconds and 1 step)
--> state_xfs_health.adb:147:76

 info: overflow check proved (CVC5: 2 VC in max 0.0 seconds and 1 step)
--> state_xfs_health.adb:162:32

 info: implicit aspect Always_Terminates on "Valid" has been proved, subprogram will terminate
--> state_xfs_health.ads:66:13

 info: data dependencies proved
--> state_xfs_health.ads:66:53

 info: implicit aspect Always_Terminates on "Current" has been proved, subprogram will terminate
--> state_xfs_health.ads:67:13

 info: data dependencies proved
--> state_xfs_health.ads:67:83

 info: implicit aspect Always_Terminates on "Assess" has been proved, subprogram will terminate
--> state_xfs_health.ads:68:13

 info: data dependencies proved
--> state_xfs_health.ads:69:11

 info: postcondition proved (CVC5: 9 VC in max 0.0 seconds and 1 step; Trivial: 1 VC in max 0.0 seconds and 2 steps)
--> state_xfs_health.ads:70:16

 info: initialization of "S" proved
--> state_xfs_health.ads:74:26

 info: initialization of "Result" proved
--> state_xfs_health.ads:74:71

 info: data dependencies proved
--> state_xfs_health.ads:75:11

 info: initialization of "Result" proved
--> state_xfs_health.ads:77:73

 info: data dependencies proved
--> state_xfs_health.ads:78:11

 info: postcondition proved (CVC5: 1 VC in max 0.0 seconds and 41 steps)
--> state_xfs_health.ads:78:35

 info: initialization of "Result" proved
--> state_xfs_health.ads:79:67

 info: data dependencies proved
--> state_xfs_health.ads:80:11

 info: initialization of "Result" proved
--> state_xfs_health.ads:81:79

 info: data dependencies proved
--> state_xfs_health.ads:82:11

 info: postcondition proved (CVC5: 4 VC in max 0.0 seconds and 1 step)
--> state_xfs_health.ads:83:16

 info: initialization of "Result" proved
--> state_xfs_health.ads:84:83

 info: data dependencies proved
--> state_xfs_health.ads:85:11

 info: initialization of "Result" proved
--> state_xfs_health.ads:87:45

 info: data dependencies proved
--> state_xfs_health.ads:87:72

 info: initialization of "Result" proved
--> state_xfs_health.ads:89:89

 info: data dependencies proved
--> state_xfs_health.ads:90:11
 info: implicit aspect Always_Terminates on "Conforms" has been proved, subprogram will terminate
--> state_workload_safety.ads:21:13

 info: data dependencies proved
--> state_workload_safety.ads:21:66
 info: implicit aspect Always_Terminates on "Evaluate" has been proved, subprogram will terminate
--> state_serviceability.ads:13:13

 info: data dependencies proved
--> state_serviceability.ads:13:56
 info: implicit aspect Always_Terminates on "In_Scope" has been proved, subprogram will terminate
--> state_etcd_wire.adb:10:16

 info: index check proved (CVC5: 2 VC in max 0.0 seconds and 1 step)
--> state_etcd_wire.adb:12:39

 info: index check proved (CVC5: 2 VC in max 0.0 seconds and 1 step)
--> state_etcd_wire.adb:13:39

 info: range check proved (CVC5: 4 VC in max 0.0 seconds and 1 step)
--> state_etcd_wire.adb:15:19

 info: overflow check proved (CVC5: 2 VC in max 0.0 seconds and 1 step)
--> state_etcd_wire.adb:15:44

 info: range check proved (CVC5: 2 VC in max 0.0 seconds and 1 step)
--> state_etcd_wire.adb:15:54

 info: overflow check proved (CVC5: 2 VC in max 0.0 seconds and 1 step)
--> state_etcd_wire.adb:15:61

 info: range check proved (CVC5: 4 VC in max 0.0 seconds and 1 step)
--> state_etcd_wire.adb:16:43

 info: overflow check proved (CVC5: 2 VC in max 0.0 seconds and 1 step)
--> state_etcd_wire.adb:16:57

 info: length check proved (CVC5: 3 VC in max 0.0 seconds and 1 step)
--> state_etcd_wire.adb:18:15

 info: range check proved (CVC5: 2 VC in max 0.0 seconds and 1 step)
--> state_etcd_wire.adb:22:64

 info: range check proved (CVC5: 2 VC in max 0.0 seconds and 54 steps)
--> state_etcd_wire.adb:25:21

 info: range check proved (CVC5: 2 VC in max 0.0 seconds and 84 steps)
--> state_etcd_wire.adb:25:33

 info: range check proved (CVC5: 2 VC in max 0.0 seconds and 433 steps)
--> state_etcd_wire.adb:25:46

 info: range check proved (CVC5: 2 VC in max 0.0 seconds and 498 steps)
--> state_etcd_wire.adb:25:82

 info: range check proved (CVC5: 2 VC in max 0.0 seconds and 578 steps)
--> state_etcd_wire.adb:25:89

 info: range check proved (CVC5: 2 VC in max 0.0 seconds and 614 steps)
--> state_etcd_wire.adb:25:100

 info: range check proved (CVC5: 2 VC in max 0.0 seconds and 732 steps)
--> state_etcd_wire.adb:26:23

 info: range check proved (CVC5: 2 VC in max 0.0 seconds and 823 steps)
--> state_etcd_wire.adb:26:35

 info: range check proved (CVC5: 2 VC in max 0.0 seconds and 940 steps)
--> state_etcd_wire.adb:26:48

 info: precondition proved (CVC5: 1 VC in max 0.0 seconds and 159 steps)
--> state_etcd_wire.adb:26:59

 info: range check proved (CVC5: 2 VC in max 0.0 seconds and 990 steps)
--> state_etcd_wire.adb:26:81

 info: range check proved (CVC5: 2 VC in max 0.0 seconds and 1035 steps)
--> state_etcd_wire.adb:26:88

 info: range check proved (CVC5: 2 VC in max 0.0 seconds and 1198 steps)
--> state_etcd_wire.adb:26:99

 info: range check proved (CVC5: 2 VC in max 0.0 seconds and 1318 steps)
--> state_etcd_wire.adb:27:65

 info: range check proved (CVC5: 2 VC in max 0.0 seconds and 1471 steps)
--> state_etcd_wire.adb:27:73

 info: range check proved (CVC5: 2 VC in max 0.0 seconds and 1506 steps)
--> state_etcd_wire.adb:27:82

 info: range check proved (CVC5: 2 VC in max 0.0 seconds and 1641 steps)
--> state_etcd_wire.adb:27:95

 info: range check proved (CVC5: 2 VC in max 0.0 seconds and 1703 steps)
--> state_etcd_wire.adb:28:49

 info: range check proved (CVC5: 2 VC in max 0.0 seconds and 1894 steps)
--> state_etcd_wire.adb:28:56

 info: range check proved (CVC5: 2 VC in max 0.0 seconds and 2160 steps)
--> state_etcd_wire.adb:28:67

 info: range check proved (CVC5: 2 VC in max 0.0 seconds and 2894 steps)
--> state_etcd_wire.adb:28:78

 info: range check proved (CVC5: 2 VC in max 0.0 seconds and 2385 steps)
--> state_etcd_wire.adb:29:21

 info: range check proved (CVC5: 2 VC in max 0.0 seconds and 2483 steps)
--> state_etcd_wire.adb:29:30

 info: range check proved (CVC5: 2 VC in max 0.0 seconds and 2611 steps)
--> state_etcd_wire.adb:29:40

 info: precondition proved (CVC5: 1 VC in max 0.0 seconds and 1 step)
--> state_etcd_wire.adb:29:51

 info: range check proved (CVC5: 2 VC in max 0.0 seconds and 3377 steps)
--> state_etcd_wire.adb:29:67

 info: range check proved (CVC5: 2 VC in max 0.0 seconds and 3816 steps)
--> state_etcd_wire.adb:29:74

 info: range check proved (CVC5: 1 VC in max 0.0 seconds and 3255 steps; Z3: 1 VC in max 0.0 seconds and 1897 steps)
--> state_etcd_wire.adb:29:85

 info: range check proved (CVC5: 2 VC in max 0.0 seconds and 4482 steps)
--> state_etcd_wire.adb:29:96

 info: cannot unroll loop (too many loop iterations) [info-unrolling-inlining]
--> state_etcd_wire.adb:32:30

 info: overflow check proved (CVC5: 2 VC in max 0.0 seconds and 777 steps)
--> state_etcd_wire.adb:32:57

 info: index check proved (CVC5: 2 VC in max 0.0 seconds and 781 steps)
--> state_etcd_wire.adb:32:57

 info: overflow check proved (CVC5: 2 VC in max 0.0 seconds and 544 steps)
--> state_etcd_wire.adb:32:60

 info: index check proved (CVC5: 2 VC in max 0.0 seconds and 204 steps)
--> state_etcd_wire.adb:32:104

 info: range check proved (CVC5: 2 VC in max 0.0 seconds and 559 steps)
--> state_etcd_wire.adb:33:22

 info: local subprogram "Unsigned_Number" only analyzed in the context of calls [info-unrolling-inlining]
--> state_etcd_wire.adb:37:14
      + add a contract to analyze it separately from calling contexts

 info: initialization of "Value" proved
--> state_etcd_wire.adb:39:07

 info: initialization of "Status" proved
--> state_etcd_wire.adb:39:25

 info: initialization of "Used" proved, in call inlined at state_etcd_wire.adb:75, in call inlined at state_etcd_wire.adb:82
--> state_etcd_wire.adb:41:41

 info: initialization of "Used" proved, in call inlined at state_etcd_wire.adb:75, in call inlined at state_etcd_wire.adb:83
--> state_etcd_wire.adb:41:41

 info: initialization of "Used" proved, in call inlined at state_etcd_wire.adb:75, in call inlined at state_etcd_wire.adb:84
--> state_etcd_wire.adb:41:41

 info: initialization of "Used" proved, in call inlined at state_etcd_wire.adb:75, in call inlined at state_etcd_wire.adb:85
--> state_etcd_wire.adb:41:41

 info: initialization of "Used" proved
--> state_etcd_wire.adb:41:41

 info: initialization of "Used" proved, in call inlined at state_etcd_wire.adb:166
--> state_etcd_wire.adb:41:41

 info: initialization of "Used" proved, in call inlined at state_etcd_wire.adb:75
--> state_etcd_wire.adb:41:41

 info: initialization of "Digit" proved, in call inlined at state_etcd_wire.adb:75, in call inlined at state_etcd_wire.adb:85
--> state_etcd_wire.adb:41:72

 info: initialization of "Digit" proved, in call inlined at state_etcd_wire.adb:75, in call inlined at state_etcd_wire.adb:82
--> state_etcd_wire.adb:41:72

 info: initialization of "Digit" proved, in call inlined at state_etcd_wire.adb:75, in call inlined at state_etcd_wire.adb:83
--> state_etcd_wire.adb:41:72

 info: initialization of "Digit" proved, in call inlined at state_etcd_wire.adb:75, in call inlined at state_etcd_wire.adb:84
--> state_etcd_wire.adb:41:72

 info: initialization of "Digit" proved
--> state_etcd_wire.adb:41:72

 info: initialization of "Digit" proved, in call inlined at state_etcd_wire.adb:166
--> state_etcd_wire.adb:41:72

 info: initialization of "Digit" proved, in call inlined at state_etcd_wire.adb:75
--> state_etcd_wire.adb:41:72

 info: index check proved (CVC5: 2 VC in max 0.0 seconds and 568 steps), in call inlined at state_etcd_wire.adb:166
--> state_etcd_wire.adb:45:19

 info: index check proved (CVC5: 2 VC in max 0.0 seconds and 1 step), in call inlined at state_etcd_wire.adb:75, in call inlined at state_etcd_wire.adb:82
--> state_etcd_wire.adb:45:19

 info: index check proved (CVC5: 2 VC in max 0.0 seconds and 103 steps), in call inlined at state_etcd_wire.adb:75, in call inlined at state_etcd_wire.adb:83
--> state_etcd_wire.adb:45:19

 info: index check proved (CVC5: 2 VC in max 0.0 seconds and 392 steps), in call inlined at state_etcd_wire.adb:75, in call inlined at state_etcd_wire.adb:84
--> state_etcd_wire.adb:45:19

 info: index check proved (CVC5: 2 VC in max 0.0 seconds and 684 steps), in call inlined at state_etcd_wire.adb:75, in call inlined at state_etcd_wire.adb:85
--> state_etcd_wire.adb:45:19

 info: index check proved (CVC5: 2 VC in max 0.0 seconds and 7 steps), in call inlined at state_etcd_wire.adb:166
--> state_etcd_wire.adb:48:22

 info: index check proved (CVC5: 2 VC in max 0.0 seconds and 1 step), in call inlined at state_etcd_wire.adb:75, in call inlined at state_etcd_wire.adb:82
--> state_etcd_wire.adb:48:22

 info: index check proved (CVC5: 2 VC in max 0.0 seconds and 1 step), in call inlined at state_etcd_wire.adb:75, in call inlined at state_etcd_wire.adb:83
--> state_etcd_wire.adb:48:22

 info: index check proved (CVC5: 2 VC in max 0.0 seconds and 197 steps), in call inlined at state_etcd_wire.adb:75, in call inlined at state_etcd_wire.adb:84
--> state_etcd_wire.adb:48:22

 info: index check proved (CVC5: 2 VC in max 0.0 seconds and 433 steps), in call inlined at state_etcd_wire.adb:75, in call inlined at state_etcd_wire.adb:85
--> state_etcd_wire.adb:48:22

 info: index check proved (CVC5: 2 VC in max 0.0 seconds and 9 steps), in call inlined at state_etcd_wire.adb:166
--> state_etcd_wire.adb:49:22

 info: index check proved (CVC5: 2 VC in max 0.0 seconds and 1 step), in call inlined at state_etcd_wire.adb:75, in call inlined at state_etcd_wire.adb:82
--> state_etcd_wire.adb:49:22

 info: index check proved (CVC5: 2 VC in max 0.0 seconds and 1 step), in call inlined at state_etcd_wire.adb:75, in call inlined at state_etcd_wire.adb:83
--> state_etcd_wire.adb:49:22

 info: index check proved (CVC5: 2 VC in max 0.0 seconds and 198 steps), in call inlined at state_etcd_wire.adb:75, in call inlined at state_etcd_wire.adb:84
--> state_etcd_wire.adb:49:22

 info: index check proved (CVC5: 2 VC in max 0.0 seconds and 434 steps), in call inlined at state_etcd_wire.adb:75, in call inlined at state_etcd_wire.adb:85
--> state_etcd_wire.adb:49:22

 info: index check proved (CVC5: 2 VC in max 0.0 seconds and 10 steps), in call inlined at state_etcd_wire.adb:166
--> state_etcd_wire.adb:49:61

 info: index check proved (CVC5: 2 VC in max 0.0 seconds and 1 step), in call inlined at state_etcd_wire.adb:75, in call inlined at state_etcd_wire.adb:82
--> state_etcd_wire.adb:49:61

 info: index check proved (CVC5: 2 VC in max 0.0 seconds and 1 step), in call inlined at state_etcd_wire.adb:75, in call inlined at state_etcd_wire.adb:83
--> state_etcd_wire.adb:49:61

 info: index check proved (CVC5: 2 VC in max 0.0 seconds and 199 steps), in call inlined at state_etcd_wire.adb:75, in call inlined at state_etcd_wire.adb:84
--> state_etcd_wire.adb:49:61

 info: index check proved (CVC5: 2 VC in max 0.0 seconds and 435 steps), in call inlined at state_etcd_wire.adb:75, in call inlined at state_etcd_wire.adb:85
--> state_etcd_wire.adb:49:61

 info: index check proved (CVC5: 2 VC in max 0.0 seconds and 16 steps), in call inlined at state_etcd_wire.adb:166
--> state_etcd_wire.adb:50:29

 info: index check proved (CVC5: 2 VC in max 0.0 seconds and 1 step), in call inlined at state_etcd_wire.adb:75, in call inlined at state_etcd_wire.adb:82
--> state_etcd_wire.adb:50:29

 info: index check proved (CVC5: 2 VC in max 0.0 seconds and 1 step), in call inlined at state_etcd_wire.adb:75, in call inlined at state_etcd_wire.adb:83
--> state_etcd_wire.adb:50:29

 info: index check proved (CVC5: 2 VC in max 0.0 seconds and 205 steps), in call inlined at state_etcd_wire.adb:75, in call inlined at state_etcd_wire.adb:84
--> state_etcd_wire.adb:50:29

 info: index check proved (CVC5: 2 VC in max 0.0 seconds and 441 steps), in call inlined at state_etcd_wire.adb:75, in call inlined at state_etcd_wire.adb:85
--> state_etcd_wire.adb:50:29

 info: index check proved (CVC5: 2 VC in max 0.0 seconds and 14 steps), in call inlined at state_etcd_wire.adb:166
--> state_etcd_wire.adb:50:49

 info: index check proved (CVC5: 2 VC in max 0.0 seconds and 1 step), in call inlined at state_etcd_wire.adb:75, in call inlined at state_etcd_wire.adb:82
--> state_etcd_wire.adb:50:49

 info: index check proved (CVC5: 2 VC in max 0.0 seconds and 1 step), in call inlined at state_etcd_wire.adb:75, in call inlined at state_etcd_wire.adb:83
--> state_etcd_wire.adb:50:49

 info: index check proved (CVC5: 2 VC in max 0.0 seconds and 204 steps), in call inlined at state_etcd_wire.adb:75, in call inlined at state_etcd_wire.adb:84
--> state_etcd_wire.adb:50:49

 info: index check proved (CVC5: 2 VC in max 0.0 seconds and 440 steps), in call inlined at state_etcd_wire.adb:75, in call inlined at state_etcd_wire.adb:85
--> state_etcd_wire.adb:50:49

 info: index check proved (CVC5: 2 VC in max 0.0 seconds and 24 steps), in call inlined at state_etcd_wire.adb:166
--> state_etcd_wire.adb:51:27

 info: index check proved (CVC5: 2 VC in max 0.0 seconds and 1 step), in call inlined at state_etcd_wire.adb:75, in call inlined at state_etcd_wire.adb:82
--> state_etcd_wire.adb:51:27

 info: index check proved (CVC5: 2 VC in max 0.0 seconds and 1 step), in call inlined at state_etcd_wire.adb:75, in call inlined at state_etcd_wire.adb:83
--> state_etcd_wire.adb:51:27

 info: index check proved (CVC5: 2 VC in max 0.0 seconds and 211 steps), in call inlined at state_etcd_wire.adb:75, in call inlined at state_etcd_wire.adb:84
--> state_etcd_wire.adb:51:27

 info: index check proved (CVC5: 2 VC in max 0.0 seconds and 447 steps), in call inlined at state_etcd_wire.adb:75, in call inlined at state_etcd_wire.adb:85
--> state_etcd_wire.adb:51:27

 info: overflow check proved (CVC5: 2 VC in max 0.0 seconds and 646 steps), in call inlined at state_etcd_wire.adb:166
--> state_etcd_wire.adb:51:35

 info: overflow check proved (CVC5: 2 VC in max 0.0 seconds and 1 step), in call inlined at state_etcd_wire.adb:75, in call inlined at state_etcd_wire.adb:82
--> state_etcd_wire.adb:51:35

 info: overflow check proved (CVC5: 2 VC in max 0.0 seconds and 166 steps), in call inlined at state_etcd_wire.adb:75, in call inlined at state_etcd_wire.adb:83
--> state_etcd_wire.adb:51:35

 info: overflow check proved (CVC5: 2 VC in max 0.0 seconds and 470 steps), in call inlined at state_etcd_wire.adb:75, in call inlined at state_etcd_wire.adb:84
--> state_etcd_wire.adb:51:35

 info: overflow check proved (CVC5: 2 VC in max 0.0 seconds and 776 steps), in call inlined at state_etcd_wire.adb:75, in call inlined at state_etcd_wire.adb:85
--> state_etcd_wire.adb:51:35

 info: index check proved (CVC5: 2 VC in max 0.0 seconds and 24 steps), in call inlined at state_etcd_wire.adb:166
--> state_etcd_wire.adb:51:46

 info: index check proved (CVC5: 2 VC in max 0.0 seconds and 1 step), in call inlined at state_etcd_wire.adb:75, in call inlined at state_etcd_wire.adb:82
--> state_etcd_wire.adb:51:46

 info: index check proved (CVC5: 2 VC in max 0.0 seconds and 1 step), in call inlined at state_etcd_wire.adb:75, in call inlined at state_etcd_wire.adb:83
--> state_etcd_wire.adb:51:46

 info: index check proved (CVC5: 2 VC in max 0.0 seconds and 210 steps), in call inlined at state_etcd_wire.adb:75, in call inlined at state_etcd_wire.adb:84
--> state_etcd_wire.adb:51:46

 info: index check proved (CVC5: 2 VC in max 0.0 seconds and 446 steps), in call inlined at state_etcd_wire.adb:75, in call inlined at state_etcd_wire.adb:85
--> state_etcd_wire.adb:51:46

 info: overflow check proved (CVC5: 2 VC in max 0.0 seconds and 664 steps), in call inlined at state_etcd_wire.adb:166
--> state_etcd_wire.adb:51:55

 info: range check proved (CVC5: 2 VC in max 0.0 seconds and 681 steps), in call inlined at state_etcd_wire.adb:166
--> state_etcd_wire.adb:51:55

 info: overflow check proved (CVC5: 2 VC in max 0.0 seconds and 1 step), in call inlined at state_etcd_wire.adb:75, in call inlined at state_etcd_wire.adb:82
--> state_etcd_wire.adb:51:55

 info: range check proved (CVC5: 2 VC in max 0.0 seconds and 1 step), in call inlined at state_etcd_wire.adb:75, in call inlined at state_etcd_wire.adb:82
--> state_etcd_wire.adb:51:55

 info: overflow check proved (CVC5: 2 VC in max 0.0 seconds and 175 steps), in call inlined at state_etcd_wire.adb:75, in call inlined at state_etcd_wire.adb:83
--> state_etcd_wire.adb:51:55

 info: range check proved (CVC5: 2 VC in max 0.0 seconds and 164 steps), in call inlined at state_etcd_wire.adb:75, in call inlined at state_etcd_wire.adb:83
--> state_etcd_wire.adb:51:55

 info: overflow check proved (CVC5: 2 VC in max 0.0 seconds and 479 steps), in call inlined at state_etcd_wire.adb:75, in call inlined at state_etcd_wire.adb:84
--> state_etcd_wire.adb:51:55

 info: range check proved (CVC5: 2 VC in max 0.0 seconds and 455 steps), in call inlined at state_etcd_wire.adb:75, in call inlined at state_etcd_wire.adb:84
--> state_etcd_wire.adb:51:55

 info: overflow check proved (CVC5: 2 VC in max 0.0 seconds and 786 steps), in call inlined at state_etcd_wire.adb:75, in call inlined at state_etcd_wire.adb:85
--> state_etcd_wire.adb:51:55

 info: range check proved (CVC5: 2 VC in max 0.0 seconds and 749 steps), in call inlined at state_etcd_wire.adb:75, in call inlined at state_etcd_wire.adb:85
--> state_etcd_wire.adb:51:55

 info: range check proved (CVC5: 4 VC in max 0.0 seconds and 51 steps), in call inlined at state_etcd_wire.adb:166
--> state_etcd_wire.adb:53:10

 info: range check proved (CVC5: 4 VC in max 0.0 seconds and 1 step), in call inlined at state_etcd_wire.adb:75, in call inlined at state_etcd_wire.adb:82
--> state_etcd_wire.adb:53:10

 info: range check proved (CVC5: 4 VC in max 0.0 seconds and 1 step), in call inlined at state_etcd_wire.adb:75, in call inlined at state_etcd_wire.adb:83
--> state_etcd_wire.adb:53:10

 info: range check proved (CVC5: 4 VC in max 0.0 seconds and 225 steps), in call inlined at state_etcd_wire.adb:75, in call inlined at state_etcd_wire.adb:84
--> state_etcd_wire.adb:53:10

 info: range check proved (CVC5: 4 VC in max 0.0 seconds and 461 steps), in call inlined at state_etcd_wire.adb:75, in call inlined at state_etcd_wire.adb:85
--> state_etcd_wire.adb:53:10

 info: index check proved (CVC5: 2 VC in max 0.0 seconds and 41 steps), in call inlined at state_etcd_wire.adb:166
--> state_etcd_wire.adb:53:13

 info: index check proved (CVC5: 2 VC in max 0.0 seconds and 1 step), in call inlined at state_etcd_wire.adb:75, in call inlined at state_etcd_wire.adb:82
--> state_etcd_wire.adb:53:13

 info: index check proved (CVC5: 2 VC in max 0.0 seconds and 1 step), in call inlined at state_etcd_wire.adb:75, in call inlined at state_etcd_wire.adb:83
--> state_etcd_wire.adb:53:13

 info: index check proved (CVC5: 2 VC in max 0.0 seconds and 215 steps), in call inlined at state_etcd_wire.adb:75, in call inlined at state_etcd_wire.adb:84
--> state_etcd_wire.adb:53:13

 info: index check proved (CVC5: 2 VC in max 0.0 seconds and 451 steps), in call inlined at state_etcd_wire.adb:75, in call inlined at state_etcd_wire.adb:85
--> state_etcd_wire.adb:53:13

 info: index check proved (CVC5: 2 VC in max 0.0 seconds and 52 steps), in call inlined at state_etcd_wire.adb:166
--> state_etcd_wire.adb:53:16

 info: index check proved (CVC5: 2 VC in max 0.0 seconds and 1 step), in call inlined at state_etcd_wire.adb:75, in call inlined at state_etcd_wire.adb:82
--> state_etcd_wire.adb:53:16

 info: index check proved (CVC5: 2 VC in max 0.0 seconds and 1 step), in call inlined at state_etcd_wire.adb:75, in call inlined at state_etcd_wire.adb:83
--> state_etcd_wire.adb:53:16

 info: index check proved (CVC5: 2 VC in max 0.0 seconds and 226 steps), in call inlined at state_etcd_wire.adb:75, in call inlined at state_etcd_wire.adb:84
--> state_etcd_wire.adb:53:16

 info: index check proved (CVC5: 2 VC in max 0.0 seconds and 462 steps), in call inlined at state_etcd_wire.adb:75, in call inlined at state_etcd_wire.adb:85
--> state_etcd_wire.adb:53:16

 info: length check proved (CVC5: 3 VC in max 0.0 seconds and 41 steps), in call inlined at state_etcd_wire.adb:166
--> state_etcd_wire.adb:53:22

 info: length check proved (CVC5: 3 VC in max 0.0 seconds and 1 step), in call inlined at state_etcd_wire.adb:75, in call inlined at state_etcd_wire.adb:82
--> state_etcd_wire.adb:53:22

 info: length check proved (CVC5: 3 VC in max 0.0 seconds and 1 step), in call inlined at state_etcd_wire.adb:75, in call inlined at state_etcd_wire.adb:83
--> state_etcd_wire.adb:53:22

 info: length check proved (CVC5: 3 VC in max 0.0 seconds and 215 steps), in call inlined at state_etcd_wire.adb:75, in call inlined at state_etcd_wire.adb:84
--> state_etcd_wire.adb:53:22

 info: length check proved (CVC5: 3 VC in max 0.0 seconds and 451 steps), in call inlined at state_etcd_wire.adb:75, in call inlined at state_etcd_wire.adb:85
--> state_etcd_wire.adb:53:22

 info: range check proved (CVC5: 4 VC in max 0.0 seconds and 711 steps), in call inlined at state_etcd_wire.adb:166
--> state_etcd_wire.adb:53:25

 info: length check proved (CVC5: 3 VC in max 0.0 seconds and 60 steps), in call inlined at state_etcd_wire.adb:166
--> state_etcd_wire.adb:53:25

 info: range check proved (CVC5: 4 VC in max 0.0 seconds and 1 step), in call inlined at state_etcd_wire.adb:75, in call inlined at state_etcd_wire.adb:82
--> state_etcd_wire.adb:53:25

 info: length check proved (CVC5: 3 VC in max 0.0 seconds and 1 step), in call inlined at state_etcd_wire.adb:75, in call inlined at state_etcd_wire.adb:82
--> state_etcd_wire.adb:53:25

 info: range check proved (CVC5: 4 VC in max 0.0 seconds and 185 steps), in call inlined at state_etcd_wire.adb:75, in call inlined at state_etcd_wire.adb:83
--> state_etcd_wire.adb:53:25

 info: length check proved (CVC5: 3 VC in max 0.0 seconds and 1 step), in call inlined at state_etcd_wire.adb:75, in call inlined at state_etcd_wire.adb:83
--> state_etcd_wire.adb:53:25

 info: range check proved (CVC5: 4 VC in max 0.0 seconds and 477 steps), in call inlined at state_etcd_wire.adb:75, in call inlined at state_etcd_wire.adb:84
--> state_etcd_wire.adb:53:25

 info: length check proved (CVC5: 3 VC in max 0.0 seconds and 234 steps), in call inlined at state_etcd_wire.adb:75, in call inlined at state_etcd_wire.adb:84
--> state_etcd_wire.adb:53:25

 info: range check proved (CVC5: 4 VC in max 0.0 seconds and 772 steps), in call inlined at state_etcd_wire.adb:75, in call inlined at state_etcd_wire.adb:85
--> state_etcd_wire.adb:53:25

 info: length check proved (CVC5: 3 VC in max 0.0 seconds and 470 steps), in call inlined at state_etcd_wire.adb:75, in call inlined at state_etcd_wire.adb:85
--> state_etcd_wire.adb:53:25

 info: index check proved (CVC5: 2 VC in max 0.0 seconds and 28 steps), in call inlined at state_etcd_wire.adb:166
--> state_etcd_wire.adb:53:40

 info: index check proved (CVC5: 2 VC in max 0.0 seconds and 1 step), in call inlined at state_etcd_wire.adb:75, in call inlined at state_etcd_wire.adb:82
--> state_etcd_wire.adb:53:40

 info: index check proved (CVC5: 2 VC in max 0.0 seconds and 1 step), in call inlined at state_etcd_wire.adb:75, in call inlined at state_etcd_wire.adb:83
--> state_etcd_wire.adb:53:40

 info: index check proved (CVC5: 2 VC in max 0.0 seconds and 213 steps), in call inlined at state_etcd_wire.adb:75, in call inlined at state_etcd_wire.adb:84
--> state_etcd_wire.adb:53:40

 info: index check proved (CVC5: 2 VC in max 0.0 seconds and 449 steps), in call inlined at state_etcd_wire.adb:75, in call inlined at state_etcd_wire.adb:85
--> state_etcd_wire.adb:53:40

 info: index check proved (CVC5: 2 VC in max 0.0 seconds and 34 steps), in call inlined at state_etcd_wire.adb:166
--> state_etcd_wire.adb:53:59

 info: index check proved (CVC5: 2 VC in max 0.0 seconds and 1 step), in call inlined at state_etcd_wire.adb:75, in call inlined at state_etcd_wire.adb:82
--> state_etcd_wire.adb:53:59

 info: index check proved (CVC5: 2 VC in max 0.0 seconds and 1 step), in call inlined at state_etcd_wire.adb:75, in call inlined at state_etcd_wire.adb:83
--> state_etcd_wire.adb:53:59

 info: index check proved (CVC5: 2 VC in max 0.0 seconds and 217 steps), in call inlined at state_etcd_wire.adb:75, in call inlined at state_etcd_wire.adb:84
--> state_etcd_wire.adb:53:59

 info: index check proved (CVC5: 2 VC in max 0.0 seconds and 453 steps), in call inlined at state_etcd_wire.adb:75, in call inlined at state_etcd_wire.adb:85
--> state_etcd_wire.adb:53:59

 info: index check proved (CVC5: 2 VC in max 0.0 seconds and 866 steps), in call inlined at state_etcd_wire.adb:166
--> state_etcd_wire.adb:58:16

 info: index check proved (CVC5: 2 VC in max 0.0 seconds and 1 step), in call inlined at state_etcd_wire.adb:75, in call inlined at state_etcd_wire.adb:82
--> state_etcd_wire.adb:58:16

 info: index check proved (CVC5: 2 VC in max 0.0 seconds and 277 steps), in call inlined at state_etcd_wire.adb:75, in call inlined at state_etcd_wire.adb:83
--> state_etcd_wire.adb:58:16

 info: index check proved (CVC5: 2 VC in max 0.0 seconds and 582 steps), in call inlined at state_etcd_wire.adb:75, in call inlined at state_etcd_wire.adb:84
--> state_etcd_wire.adb:58:16

 info: index check proved (CVC5: 2 VC in max 0.0 seconds and 890 steps), in call inlined at state_etcd_wire.adb:75, in call inlined at state_etcd_wire.adb:85
--> state_etcd_wire.adb:58:16

 info: index check proved (CVC5: 2 VC in max 0.0 seconds and 125 steps), in call inlined at state_etcd_wire.adb:166
--> state_etcd_wire.adb:59:28

 info: index check proved (CVC5: 2 VC in max 0.0 seconds and 1 step), in call inlined at state_etcd_wire.adb:75, in call inlined at state_etcd_wire.adb:82
--> state_etcd_wire.adb:59:28

 info: index check proved (CVC5: 2 VC in max 0.0 seconds and 45 steps), in call inlined at state_etcd_wire.adb:75, in call inlined at state_etcd_wire.adb:83
--> state_etcd_wire.adb:59:28

 info: index check proved (CVC5: 2 VC in max 0.0 seconds and 283 steps), in call inlined at state_etcd_wire.adb:75, in call inlined at state_etcd_wire.adb:84
--> state_etcd_wire.adb:59:28

 info: index check proved (CVC5: 2 VC in max 0.0 seconds and 519 steps), in call inlined at state_etcd_wire.adb:75, in call inlined at state_etcd_wire.adb:85
--> state_etcd_wire.adb:59:28

 info: division check proved (CVC5: 1 VC in max 0.0 seconds and 124 steps), in call inlined at state_etcd_wire.adb:166
--> state_etcd_wire.adb:60:37

 info: division check proved (CVC5: 1 VC in max 0.0 seconds and 1 step), in call inlined at state_etcd_wire.adb:75, in call inlined at state_etcd_wire.adb:82
--> state_etcd_wire.adb:60:37

 info: division check proved (CVC5: 1 VC in max 0.0 seconds and 44 steps), in call inlined at state_etcd_wire.adb:75, in call inlined at state_etcd_wire.adb:83
--> state_etcd_wire.adb:60:37

 info: division check proved (CVC5: 1 VC in max 0.0 seconds and 281 steps), in call inlined at state_etcd_wire.adb:75, in call inlined at state_etcd_wire.adb:84
--> state_etcd_wire.adb:60:37

 info: division check proved (CVC5: 1 VC in max 0.0 seconds and 517 steps), in call inlined at state_etcd_wire.adb:75, in call inlined at state_etcd_wire.adb:85
--> state_etcd_wire.adb:60:37

 info: initialization of "Revision" proved
--> state_etcd_wire.adb:69:07

 info: initialization of "Status" proved
--> state_etcd_wire.adb:69:31

 info: initialization of "H" proved
--> state_etcd_wire.adb:71:07

 info: initialization of "N" proved
--> state_etcd_wire.adb:71:10

 info: initialization of "Cluster" proved
--> state_etcd_wire.adb:71:29

 info: initialization of "Member" proved
--> state_etcd_wire.adb:71:38

 info: initialization of "Term" proved
--> state_etcd_wire.adb:71:46

 info: initialization of "Rev" proved
--> state_etcd_wire.adb:71:52

 info: no contextual analysis of "Header" (nested subprogram)
--> state_etcd_wire.adb:72:07

 info: local subprogram "Number" only analyzed in the context of calls [info-unrolling-inlining]
--> state_etcd_wire.adb:72:17
      + add a contract to analyze it separately from calling contexts

 info: initialization of "V" proved
--> state_etcd_wire.adb:72:40

 info: analyzing call to "Unsigned_Number" in context
--> state_etcd_wire.adb:75:10

 info: index check proved (CVC5: 2 VC in max 0.0 seconds and 1 step)
--> state_etcd_wire.adb:81:33

 info: analyzing call to "Number" in context
--> state_etcd_wire.adb:82:07

 info: in inlined body at line 57
--> state_etcd_wire.adb:82:07
      + in inlined body at line 75
      + cannot unroll loop (too many loop iterations) [info-unrolling-inlining]

 info: analyzing call to "Number" in context
--> state_etcd_wire.adb:83:07

 info: in inlined body at line 57
--> state_etcd_wire.adb:83:07
      + in inlined body at line 75
      + cannot unroll loop (too many loop iterations) [info-unrolling-inlining]

 info: analyzing call to "Number" in context
--> state_etcd_wire.adb:84:07

 info: in inlined body at line 57
--> state_etcd_wire.adb:84:07
      + in inlined body at line 75
      + cannot unroll loop (too many loop iterations) [info-unrolling-inlining]

 info: analyzing call to "Number" in context
--> state_etcd_wire.adb:85:07

 info: in inlined body at line 57
--> state_etcd_wire.adb:85:07
      + in inlined body at line 75
      + cannot unroll loop (too many loop iterations) [info-unrolling-inlining]

 info: range check proved (CVC5: 2 VC in max 0.0 seconds and 33869 steps)
--> state_etcd_wire.adb:91:28

 info: initialization of "D" proved
--> state_etcd_wire.adb:100:07

 info: initialization of "N" proved
--> state_etcd_wire.adb:100:29

 info: initialization of "A" proved
--> state_etcd_wire.adb:100:32

 info: initialization of "K" proved
--> state_etcd_wire.adb:100:35

 info: initialization of "HR" proved
--> state_etcd_wire.adb:101:07

 info: initialization of "KR" proved
--> state_etcd_wire.adb:101:11

 info: initialization of "Created" proved
--> state_etcd_wire.adb:101:15

 info: initialization of "Version" proved
--> state_etcd_wire.adb:101:24

 info: initialization of "Raw" proved
--> state_etcd_wire.adb:102:07

 info: initialization of "Decoded" proved
--> state_etcd_wire.adb:103:07

 info: initialization of "Output" proved
--> state_etcd_wire.adb:104:07

 info: range check proved (CVC5: 2 VC in max 0.0 seconds and 1 step)
--> state_etcd_wire.adb:104:07

 info: initialization of "RN" proved
--> state_etcd_wire.adb:104:37

 info: initialization of "DN" proved
--> state_etcd_wire.adb:104:41

 info: initialization of "ON" proved
--> state_etcd_wire.adb:104:45

 info: initialization of "Lease" proved
--> state_etcd_wire.adb:105:07

 info: local subprogram "B64" only analyzed in the context of calls [info-unrolling-inlining]
--> state_etcd_wire.adb:106:17
      + add a contract to analyze it separately from calling contexts

 info: initialization of "B" proved
--> state_etcd_wire.adb:106:44

 info: initialization of "Length" proved
--> state_etcd_wire.adb:106:59

 info: initialization of "S" proved
--> state_etcd_wire.adb:111:56

 info: initialization of "S" proved, in call inlined at state_etcd_wire.adb:152
--> state_etcd_wire.adb:111:56

 info: initialization of "S" proved, in call inlined at state_etcd_wire.adb:171
--> state_etcd_wire.adb:111:56

 info: range check proved (CVC5: 2 VC in max 0.0 seconds and 1 step), in call inlined at state_etcd_wire.adb:152
--> state_etcd_wire.adb:111:56

 info: range check proved (CVC5: 2 VC in max 0.0 seconds and 294 steps), in call inlined at state_etcd_wire.adb:171
--> state_etcd_wire.adb:111:56

 info: index check proved (CVC5: 2 VC in max 0.0 seconds and 350 steps), in call inlined at state_etcd_wire.adb:152
--> state_etcd_wire.adb:112:64

 info: index check proved (CVC5: 2 VC in max 0.0 seconds and 1401 steps), in call inlined at state_etcd_wire.adb:171
--> state_etcd_wire.adb:112:64

 info: local subprogram "Number" only analyzed in the context of calls [info-unrolling-inlining]
--> state_etcd_wire.adb:116:17
      + add a contract to analyze it separately from calling contexts

 info: initialization of "V" proved
--> state_etcd_wire.adb:116:64

 info: length check proved (CVC5: 3 VC in max 0.0 seconds and 1 step)
--> state_etcd_wire.adb:121:13

 info: index check proved (CVC5: 2 VC in max 0.0 seconds and 1 step)
--> state_etcd_wire.adb:134:35

 info: index check proved (CVC5: 2 VC in max 0.0 seconds and 1 step)
--> state_etcd_wire.adb:142:35

 info: index check proved (CVC5: 2 VC in max 0.0 seconds and 1 step)
--> state_etcd_wire.adb:150:26

 info: analyzing call to "B64" in context
--> state_etcd_wire.adb:152:07

 info: in inlined body at line 112
--> state_etcd_wire.adb:152:07
      + cannot unroll loop (too many loop iterations) [info-unrolling-inlining]

 info: range check proved (CVC5: 2 VC in max 0.0 seconds and 235 steps)
--> state_etcd_wire.adb:154:28

 info: cannot unroll loop (too many loop iterations) [info-unrolling-inlining]
--> state_etcd_wire.adb:155:35

 info: overflow check proved (CVC5: 2 VC in max 0.0 seconds and 305 steps)
--> state_etcd_wire.adb:156:24

 info: overflow check proved (CVC5: 2 VC in max 0.0 seconds and 308 steps)
--> state_etcd_wire.adb:156:45

 info: index check proved (CVC5: 2 VC in max 0.0 seconds and 325 steps)
--> state_etcd_wire.adb:156:45

 info: analyzing call to "Number" in context
--> state_etcd_wire.adb:159:07

 info: analyzing call to "Number" in context
--> state_etcd_wire.adb:160:07

 info: analyzing call to "Number" in context
--> state_etcd_wire.adb:161:07

 info: analyzing call to "Unsigned_Number" in context
--> state_etcd_wire.adb:166:10

 info: in inlined body at line 57
--> state_etcd_wire.adb:166:10
      + cannot unroll loop (too many loop iterations) [info-unrolling-inlining]

 info: analyzing call to "B64" in context
--> state_etcd_wire.adb:171:07

 info: in inlined body at line 112
--> state_etcd_wire.adb:171:07
      + cannot unroll loop (too many loop iterations) [info-unrolling-inlining]

 info: initialization of "S" proved
--> state_etcd_wire.adb:173:48

 info: range check proved (CVC5: 2 VC in max 0.0 seconds and 412 steps)
--> state_etcd_wire.adb:173:48

 info: cannot unroll loop (too many loop iterations) [info-unrolling-inlining]
--> state_etcd_wire.adb:174:27

 info: index check proved (CVC5: 2 VC in max 0.0 seconds and 1619 steps)
--> state_etcd_wire.adb:174:65

 info: length check proved (CVC5: 3 VC in max 0.0 seconds and 1754 steps)
--> state_etcd_wire.adb:179:13

 info: initialization of "D" proved
--> state_etcd_wire.adb:189:07

 info: initialization of "N" proved
--> state_etcd_wire.adb:189:29

 info: initialization of "A" proved
--> state_etcd_wire.adb:189:32

 info: initialization of "R" proved
--> state_etcd_wire.adb:189:35

 info: initialization of "W" proved
--> state_etcd_wire.adb:189:38

 info: initialization of "P" proved
--> state_etcd_wire.adb:189:41

 info: initialization of "PH" proved
--> state_etcd_wire.adb:189:44

 info: initialization of "HR" proved
--> state_etcd_wire.adb:190:07

 info: initialization of "Result" proved
--> state_etcd_wire.adb:190:21

 info: initialization of "Put_Revision" proved
--> state_etcd_wire.adb:191:35

 info: implicit aspect Always_Terminates on "Single_Member" has been proved, subprogram will terminate
--> state_etcd_wire.adb:192:16

 info: local subprogram "Single_Member" only analyzed in the context of calls [info-unrolling-inlining]
--> state_etcd_wire.adb:192:16
      + add a contract to analyze it separately from calling contexts

 info: index check proved (CVC5: 2 VC in max 0.0 seconds and 1 step), in call inlined at state_etcd_wire.adb:230
--> state_etcd_wire.adb:195:66

 info: index check proved (CVC5: 2 VC in max 0.0 seconds and 23 steps), in call inlined at state_etcd_wire.adb:232
--> state_etcd_wire.adb:195:66

 info: index check proved (CVC5: 2 VC in max 0.0 seconds and 156 steps), in call inlined at state_etcd_wire.adb:234
--> state_etcd_wire.adb:195:66

 info: loop invariant initialization proved (CVC5: 1 VC in max 0.0 seconds and 1 step), in call inlined at state_etcd_wire.adb:230
--> state_etcd_wire.adb:198:35

 info: loop invariant preservation proved (CVC5: 1 VC in max 0.0 seconds and 43 steps), in call inlined at state_etcd_wire.adb:230
--> state_etcd_wire.adb:198:35

 info: loop invariant initialization proved (CVC5: 1 VC in max 0.0 seconds and 1 step), in call inlined at state_etcd_wire.adb:232
--> state_etcd_wire.adb:198:35

 info: loop invariant preservation proved (CVC5: 1 VC in max 0.0 seconds and 182 steps), in call inlined at state_etcd_wire.adb:232
--> state_etcd_wire.adb:198:35

 info: loop invariant initialization proved (CVC5: 1 VC in max 0.0 seconds and 1 step), in call inlined at state_etcd_wire.adb:234
--> state_etcd_wire.adb:198:35

 info: loop invariant preservation proved (CVC5: 1 VC in max 0.0 seconds and 332 steps), in call inlined at state_etcd_wire.adb:234
--> state_etcd_wire.adb:198:35

 info: overflow check proved (CVC5: 2 VC in max 0.0 seconds and 1 step), in call inlined at state_etcd_wire.adb:230
--> state_etcd_wire.adb:199:65

 info: overflow check proved (CVC5: 2 VC in max 0.0 seconds and 117 steps), in call inlined at state_etcd_wire.adb:232
--> state_etcd_wire.adb:199:65

 info: overflow check proved (CVC5: 2 VC in max 0.0 seconds and 265 steps), in call inlined at state_etcd_wire.adb:234
--> state_etcd_wire.adb:199:65

 info: index check proved (CVC5: 2 VC in max 0.0 seconds and 1 step)
--> state_etcd_wire.adb:217:22

 info: index check proved (CVC5: 2 VC in max 0.0 seconds and 1 step)
--> state_etcd_wire.adb:218:30

 info: index check proved (CVC5: 2 VC in max 0.0 seconds and 1 step)
--> state_etcd_wire.adb:221:35

 info: index check proved (CVC5: 2 VC in max 0.0 seconds and 1 step)
--> state_etcd_wire.adb:226:29

 info: analyzing call to "Single_Member" in context
--> state_etcd_wire.adb:230:17

 info: analyzing call to "Single_Member" in context
--> state_etcd_wire.adb:232:17

 info: analyzing call to "Single_Member" in context
--> state_etcd_wire.adb:234:17

 info: index check proved (CVC5: 2 VC in max 0.0 seconds and 312 steps)
--> state_etcd_wire.adb:236:37

 info: initialization of "Request" proved
--> state_etcd_wire.ads:8:44

 info: initialization of "Used" proved
--> state_etcd_wire.ads:8:65

 info: initialization of "Status" proved
--> state_etcd_wire.ads:9:07

 info: data dependencies proved
--> state_etcd_wire.ads:9:34

 info: postcondition proved (CVC5: 1 VC in max 0.0 seconds and 436 steps; Trivial: 1 VC in max 0.0 seconds and 2 steps)
--> state_etcd_wire.ads:10:15

 info: initialization of "Value" proved
--> state_etcd_wire.ads:15:35

 info: initialization of "Used" proved
--> state_etcd_wire.ads:15:54

 info: initialization of "Key_Revision" proved
--> state_etcd_wire.ads:16:07

 info: initialization of "Header_Revision" proved
--> state_etcd_wire.ads:16:21

 info: initialization of "Found" proved
--> state_etcd_wire.ads:16:52

 info: initialization of "Status" proved
--> state_etcd_wire.ads:17:07

 info: data dependencies proved
--> state_etcd_wire.ads:17:34

 info: postcondition proved (CVC5: 4 VC in max 0.0 seconds and 1389 steps; Trivial: 1 VC in max 0.0 seconds and 2 steps)
--> state_etcd_wire.ads:18:15

 info: initialization of "Swapped" proved
--> state_etcd_wire.ads:23:07

 info: initialization of "Header_Revision" proved
--> state_etcd_wire.ads:23:30

 info: initialization of "Status" proved
--> state_etcd_wire.ads:24:07

 info: data dependencies proved
--> state_etcd_wire.ads:24:34

 info: postcondition proved (CVC5: 2 VC in max 0.0 seconds and 673 steps; Trivial: 1 VC in max 0.0 seconds and 2 steps)
--> state_etcd_wire.ads:25:15
 info: implicit aspect Always_Terminates on "Assess" has been proved, subprogram will terminate
--> state_inventory.ads:13:13

 info: data dependencies proved
--> state_inventory.ads:13:55
 info: initialization of "Time_Difference" proved
--> state_fault_correlation.adb:4:07

 info: overflow check proved (CVC5: 2 VC in max 0.0 seconds and 1 step)
--> state_fault_correlation.adb:8:90

 info: range check proved (CVC5: 2 VC in max 0.0 seconds and 1 step)
--> state_fault_correlation.adb:8:90

 info: overflow check proved (CVC5: 2 VC in max 0.0 seconds and 1 step)
--> state_fault_correlation.adb:8:133

 info: range check proved (CVC5: 2 VC in max 0.0 seconds and 1 step)
--> state_fault_correlation.adb:8:133

 info: implicit aspect Always_Terminates on "Correlate" has been proved, subprogram will terminate
--> state_fault_correlation.ads:11:13

 info: data dependencies proved
--> state_fault_correlation.ads:12:11
 info: implicit aspect Always_Terminates on "Valid_Value_Length" has been proved, subprogram will terminate
--> state_etcd_limits.ads:8:13

 info: data dependencies proved
--> state_etcd_limits.ads:9:44
 info: implicit aspect Always_Terminates on "Can_Promote" has been proved, subprogram will terminate
--> state_failover.ads:20:13

 info: data dependencies proved
--> state_failover.ads:21:55
 info: range check proved (CVC5: 2 VC in max 0.0 seconds and 1 step)
--> state_authority.adb:14:28

 info: implicit aspect Always_Terminates on "Valid" has been proved, subprogram will terminate
--> state_authority.ads:13:13

 info: data dependencies proved
--> state_authority.ads:13:51

 info: implicit aspect Always_Terminates on "Permits" has been proved, subprogram will terminate
--> state_authority.ads:14:13

 info: data dependencies proved
--> state_authority.ads:14:98
 info: postcondition proved (CVC5: 3 VC in max 0.0 seconds and 1 step)
--> state_healing.adb:24:14

 info: initialization of "R" proved
--> state_healing.adb:36:07

 info: initialization of "Good" proved
--> state_healing.adb:37:07

 info: initialization of "Effect_Settled" proved
--> state_healing.adb:37:13

 info: overflow check proved (CVC5: 2 VC in max 0.0 seconds and 1 step)
--> state_healing.adb:41:84

 info: postcondition proved (CVC5: 22 VC in max 0.0 seconds and 8 steps)
--> state_healing.adb:42:17

 info: overflow check proved (CVC5: 2 VC in max 0.0 seconds and 1 step)
--> state_healing.adb:44:88

 info: overflow check proved (CVC5: 2 VC in max 0.0 seconds and 1 step)
--> state_healing.adb:48:83

 info: postcondition proved (CVC5: 3 VC in max 0.0 seconds and 1 step)
--> state_healing.adb:52:17

 info: overflow check proved (CVC5: 2 VC in max 0.0 seconds and 174 steps)
--> state_healing.adb:68:56

 info: precondition proved (CVC5: 21 VC in max 0.0 seconds and 644 steps)
--> state_healing.adb:75:39

 info: precondition proved (CVC5: 21 VC in max 0.0 seconds and 618 steps)
--> state_healing.adb:78:69

 info: precondition proved (CVC5: 21 VC in max 0.0 seconds and 220 steps)
--> state_healing.adb:82:10

 info: precondition proved (CVC5: 21 VC in max 0.0 seconds and 669 steps)
--> state_healing.adb:86:39

 info: precondition proved (CVC5: 21 VC in max 0.0 seconds and 642 steps)
--> state_healing.adb:89:64

 info: precondition proved (CVC5: 21 VC in max 0.0 seconds and 657 steps)
--> state_healing.adb:93:62

 info: precondition proved (CVC5: 21 VC in max 0.0 seconds and 664 steps)
--> state_healing.adb:96:66

 info: overflow check proved (CVC5: 2 VC in max 0.0 seconds and 60 steps)
--> state_healing.adb:98:56

 info: range check proved (CVC5: 2 VC in max 0.0 seconds and 772 steps)
--> state_healing.adb:113:30

 info: precondition proved (CVC5: 21 VC in max 0.0 seconds and 7058 steps)
--> state_healing.adb:123:10

 info: precondition proved (CVC5: 21 VC in max 0.0 seconds and 1015 steps)
--> state_healing.adb:127:30

 info: precondition proved (CVC5: 21 VC in max 0.0 seconds and 1806 steps)
--> state_healing.adb:142:10

 info: precondition proved (CVC5: 21 VC in max 0.0 seconds and 980 steps)
--> state_healing.adb:145:49

 info: range check proved (CVC5: 2 VC in max 0.0 seconds and 630 steps)
--> state_healing.adb:147:26

 info: precondition proved (CVC5: 21 VC in max 0.0 seconds and 1020 steps)
--> state_healing.adb:148:69

 info: precondition proved (CVC5: 21 VC in max 0.0 seconds and 1033 steps)
--> state_healing.adb:150:48

 info: precondition proved (CVC5: 21 VC in max 0.0 seconds and 1042 steps)
--> state_healing.adb:152:70

 info: precondition proved (CVC5: 21 VC in max 0.0 seconds and 1079 steps)
--> state_healing.adb:155:35

 info: overflow check proved (CVC5: 2 VC in max 0.0 seconds and 359 steps)
--> state_healing.adb:156:64

 info: precondition proved (CVC5: 21 VC in max 0.0 seconds and 1371 steps)
--> state_healing.adb:165:10

 info: overflow check proved (CVC5: 2 VC in max 0.0 seconds and 864 steps)
--> state_healing.adb:168:53

 info: precondition proved (CVC5: 21 VC in max 0.0 seconds and 1318 steps)
--> state_healing.adb:170:07

 info: overflow check proved (CVC5: 2 VC in max 0.0 seconds and 229 steps)
--> state_healing.adb:188:46

 info: overflow check proved (CVC5: 2 VC in max 0.0 seconds and 1 step)
--> state_healing.adb:196:59

 info: overflow check proved (CVC5: 2 VC in max 0.0 seconds and 32 steps)
--> state_healing.adb:207:52

 info: overflow check proved (CVC5: 2 VC in max 0.0 seconds and 461 steps)
--> state_healing.adb:209:29

 info: implicit aspect Always_Terminates on "Valid" has been proved, subprogram will terminate
--> state_healing.ads:57:13

 info: data dependencies proved
--> state_healing.ads:57:52

 info: implicit aspect Always_Terminates on "Valid" has been proved, subprogram will terminate
--> state_healing.ads:58:13

 info: initialization of "S" proved
--> state_healing.ads:75:22

 info: initialization of "Status" proved
--> state_healing.ads:75:37

 info: data dependencies proved
--> state_healing.ads:75:64

 info: initialization of "Effect" proved
--> state_healing.ads:77:32

 info: initialization of "Status" proved
--> state_healing.ads:77:53

 info: data dependencies proved
--> state_healing.ads:78:11

 info: postcondition proved (CVC5: 30 VC in max 0.0 seconds and 6742 steps; Trivial: 2 VC in max 0.0 seconds and 2 steps; Z3: 3 VC in max 0.0 seconds and 6808 steps)
--> state_healing.ads:79:16

 info: overflow check proved (CVC5: 2 VC in max 0.0 seconds and 3213 steps)
--> state_healing.ads:80:86

 info: initialization of "Status" proved
--> state_healing.ads:89:48

 info: data dependencies proved
--> state_healing.ads:90:11

 info: postcondition proved (CVC5: 2 VC in max 0.0 seconds and 199 steps; Trivial: 1 VC in max 0.0 seconds and 2 steps)
--> state_healing.ads:91:16

 info: initialization of "Status" proved
--> state_healing.ads:94:22

 info: data dependencies proved
--> state_healing.ads:95:11

 info: postcondition proved (CVC5: 2 VC in max 0.0 seconds and 474 steps; Trivial: 1 VC in max 0.0 seconds and 2 steps)
--> state_healing.ads:96:16
 info: implicit aspect Always_Terminates on "Permitted" has been proved, subprogram will terminate
--> state_self_test.ads:22:13

 info: data dependencies proved
--> state_self_test.ads:22:68
 info: range check proved (CVC5: 4 VC in max 0.0 seconds and 1 step)
--> state_unit.adb:9:18

 info: overflow check proved (CVC5: 2 VC in max 0.0 seconds and 1 step)
--> state_unit.adb:9:32

 info: initialization of "Start" proved
--> state_unit.adb:14:07

 info: initialization of "Equal_Pos" proved
--> state_unit.adb:14:25

 info: initialization of "Slot" proved
--> state_unit.adb:14:46

 info: range check proved (CVC5: 2 VC in max 0.0 seconds and 1 step)
--> state_unit.adb:19:18

 info: loop invariant preservation proved (CVC5: 2 VC in max 0.0 seconds and 635 steps)
--> state_unit.adb:21:32

 info: loop invariant initialization proved (CVC5: 2 VC in max 0.0 seconds and 1 step)
--> state_unit.adb:21:32

 info: overflow check proved (CVC5: 2 VC in max 0.0 seconds and 1 step)
--> state_unit.adb:24:30

 info: loop invariant preservation proved (CVC5: 1 VC in max 0.0 seconds and 1 step)
--> state_unit.adb:25:38

 info: loop invariant initialization proved (CVC5: 1 VC in max 0.0 seconds and 1 step)
--> state_unit.adb:25:38

 info: overflow check proved (CVC5: 4 VC in max 0.0 seconds and 1 step)
--> state_unit.adb:25:79

 info: index check proved (CVC5: 2 VC in max 0.0 seconds and 1 step)
--> state_unit.adb:26:24

 info: range check proved (CVC5: 2 VC in max 0.0 seconds and 1 step)
--> state_unit.adb:26:67

 info: index check proved (CVC5: 2 VC in max 0.0 seconds and 1 step)
--> state_unit.adb:27:27

 info: index check proved (CVC5: 2 VC in max 0.0 seconds and 1 step)
--> state_unit.adb:27:46

 info: range check proved (CVC5: 2 VC in max 0.0 seconds and 1 step)
--> state_unit.adb:31:58

 info: overflow check proved (CVC5: 2 VC in max 0.0 seconds and 1 step)
--> state_unit.adb:32:52

 info: overflow check proved (CVC5: 2 VC in max 0.0 seconds and 1 step)
--> state_unit.adb:32:62

 info: range check proved (CVC5: 2 VC in max 0.0 seconds and 1 step)
--> state_unit.adb:32:62

 info: initialization of "Key" proved
--> state_unit.adb:33:16

 info: range check proved (CVC5: 2 VC in max 0.0 seconds and 1 step)
--> state_unit.adb:33:16

 info: initialization of "Value" proved
--> state_unit.adb:33:45

 info: range check proved (CVC5: 2 VC in max 0.0 seconds and 1 step)
--> state_unit.adb:33:45

 info: cannot unroll loop (too many loop iterations) [info-unrolling-inlining]
--> state_unit.adb:35:35

 info: overflow check proved (CVC5: 2 VC in max 0.0 seconds and 150 steps)
--> state_unit.adb:35:72

 info: index check proved (CVC5: 2 VC in max 0.0 seconds and 153 steps)
--> state_unit.adb:35:72

 info: cannot unroll loop (too many loop iterations) [info-unrolling-inlining]
--> state_unit.adb:36:37

 info: overflow check proved (CVC5: 2 VC in max 0.0 seconds and 247 steps)
--> state_unit.adb:36:80

 info: index check proved (CVC5: 2 VC in max 0.0 seconds and 253 steps)
--> state_unit.adb:36:80

 info: index check proved (CVC5: 2 VC in max 0.0 seconds and 331 steps)
--> state_unit.adb:41:39

 info: index check proved (CVC5: 2 VC in max 0.0 seconds and 1 step)
--> state_unit.adb:41:71

 info: range check proved (CVC5: 2 VC in max 0.0 seconds and 1 step)
--> state_unit.adb:42:32

 info: cannot unroll loop (too many loop iterations) [info-unrolling-inlining]
--> state_unit.adb:51:37

 info: range check proved (CVC5: 2 VC in max 0.0 seconds and 469 steps)
--> state_unit.adb:53:75

 info: overflow check proved (CVC5: 2 VC in max 0.0 seconds and 439 steps)
--> state_unit.adb:54:55

 info: division check proved (CVC5: 1 VC in max 0.0 seconds and 13 steps)
--> state_unit.adb:54:62

 info: overflow check proved (CVC5: 2 VC in max 0.0 seconds and 763 steps)
--> state_unit.adb:55:50

 info: overflow check proved (CVC5: 2 VC in max 0.0 seconds and 511 steps)
--> state_unit.adb:55:53

 info: overflow check proved (CVC5: 2 VC in max 0.0 seconds and 661 steps)
--> state_unit.adb:69:44

 info: range check proved (CVC5: 2 VC in max 0.0 seconds and 673 steps)
--> state_unit.adb:69:44

 info: overflow check proved (CVC5: 2 VC in max 0.0 seconds and 544 steps)
--> state_unit.adb:73:26

 info: implicit aspect Always_Terminates on "Valid_Name" has been proved, subprogram will terminate
--> state_unit.ads:12:13

 info: data dependencies proved
--> state_unit.ads:12:59

 info: initialization of "S" proved
--> state_unit.ads:13:58

 info: initialization of "Status" proved
--> state_unit.ads:13:73

 info: data dependencies proved
--> state_unit.ads:13:100

 info: implicit aspect Always_Terminates on "Meets_Postcondition" has been proved, subprogram will terminate
--> state_unit.ads:14:13

 info: data dependencies proved
--> state_unit.ads:14:92
 info: initialization of "Selected" proved
--> state_dependency_graph.adb:9:07

 info: initialization of "Can_Select" proved
--> state_dependency_graph.adb:10:07

 info: loop invariant initialization proved (CVC5: 1 VC in max 0.0 seconds and 1 step)
--> state_dependency_graph.adb:16:32

 info: loop invariant preservation proved (CVC5: 1 VC in max 0.0 seconds and 1 step)
--> state_dependency_graph.adb:16:32

 info: range check proved (CVC5: 2 VC in max 0.0 seconds and 1 step)
--> state_dependency_graph.adb:18:19

 info: cannot unroll loop (too many loop iterations) [info-unrolling-inlining]
--> state_dependency_graph.adb:19:41

 info: cannot unroll loop (too many loop iterations) [info-unrolling-inlining]
--> state_dependency_graph.adb:23:25

 info: cannot unroll loop (too many loop iterations) [info-unrolling-inlining]
--> state_dependency_graph.adb:29:22

 info: cannot unroll loop (too many loop iterations) [info-unrolling-inlining]
--> state_dependency_graph.adb:30:25

 info: cannot unroll loop (too many loop iterations) [info-unrolling-inlining]
--> state_dependency_graph.adb:31:28

 info: cannot unroll loop (too many loop iterations) [info-unrolling-inlining]
--> state_dependency_graph.adb:36:22

 info: cannot unroll loop (too many loop iterations) [info-unrolling-inlining]
--> state_dependency_graph.adb:40:28

 info: cannot unroll loop (too many loop iterations) [info-unrolling-inlining]
--> state_dependency_graph.adb:45:30

 info: cannot unroll loop (too many loop iterations) [info-unrolling-inlining]
--> state_dependency_graph.adb:47:25

 info: cannot unroll loop (too many loop iterations) [info-unrolling-inlining]
--> state_dependency_graph.adb:50:31

 info: index check proved (CVC5: 2 VC in max 0.0 seconds and 116 steps)
--> state_dependency_graph.adb:57:16

 info: range check proved (CVC5: 2 VC in max 0.0 seconds and 1 step)
--> state_dependency_graph.adb:57:52

 info: cannot unroll loop (too many loop iterations) [info-unrolling-inlining]
--> state_dependency_graph.adb:60:23

 info: index check proved (CVC5: 2 VC in max 0.0 seconds and 54 steps)
--> state_dependency_graph.adb:60:54

 info: initialization of "Blocked" proved
--> state_dependency_graph.ads:17:52

 info: initialization of "Start_Order" proved
--> state_dependency_graph.ads:18:07

 info: initialization of "Stop_Order" proved
--> state_dependency_graph.ads:18:20

 info: initialization of "Count" proved
--> state_dependency_graph.ads:18:50

 info: initialization of "Status" proved
--> state_dependency_graph.ads:19:07

 info: data dependencies proved
--> state_dependency_graph.ads:20:11

 info: postcondition proved (CVC5: 2 VC in max 0.0 seconds and 160 steps; Trivial: 1 VC in max 0.0 seconds and 2 steps)
--> state_dependency_graph.ads:21:16
 info: precondition proved (CVC5: 3 VC in max 0.0 seconds and 1 step)
--> state_boot_assessment.adb:16:15

 info: precondition proved (CVC5: 3 VC in max 0.0 seconds and 1 step)
--> state_boot_assessment.adb:16:68

 info: precondition proved (CVC5: 3 VC in max 0.0 seconds and 1 step)
--> state_boot_assessment.adb:17:15

 info: precondition proved (CVC5: 3 VC in max 0.0 seconds and 1 step)
--> state_boot_assessment.adb:17:59

 info: precondition proved (CVC5: 1 VC in max 0.0 seconds and 1133 steps)
--> state_boot_assessment.adb:19:23

 info: initialization of "Good" proved
--> state_boot_assessment.adb:23:23

 info: overflow check proved (CVC5: 2 VC in max 0.0 seconds and 1 step)
--> state_boot_assessment.adb:30:29

 info: overflow check proved (CVC5: 2 VC in max 0.0 seconds and 196 steps)
--> state_boot_assessment.adb:52:33

 info: range check proved (CVC5: 2 VC in max 0.0 seconds and 222 steps)
--> state_boot_assessment.adb:54:59

 info: overflow check proved (CVC5: 2 VC in max 0.0 seconds and 400 steps)
--> state_boot_assessment.adb:56:69

 info: overflow check proved (CVC5: 2 VC in max 0.0 seconds and 1 step)
--> state_boot_assessment.adb:66:31

 info: overflow check proved (CVC5: 2 VC in max 0.0 seconds and 1 step)
--> state_boot_assessment.adb:67:19

 info: overflow check proved (CVC5: 2 VC in max 0.0 seconds and 1 step)
--> state_boot_assessment.adb:68:19

 info: implicit aspect Always_Terminates on "Commitment" has been proved, subprogram will terminate
--> state_boot_assessment.ads:28:13

 info: data dependencies proved
--> state_boot_assessment.ads:28:56

 info: implicit aspect Always_Terminates on "Valid" has been proved, subprogram will terminate
--> state_boot_assessment.ads:29:13

 info: data dependencies proved
--> state_boot_assessment.ads:29:52

 info: initialization of "Status" proved
--> state_boot_assessment.ads:31:07

 info: data dependencies proved
--> state_boot_assessment.ads:31:34

 info: postcondition proved (CVC5: 1 VC in max 0.0 seconds and 267 steps; Trivial: 1 VC in max 0.0 seconds and 2 steps)
--> state_boot_assessment.ads:32:15

 info: implicit aspect Always_Terminates on "May_Bless" has been proved, subprogram will terminate
--> state_boot_assessment.ads:33:13

 info: data dependencies proved
--> state_boot_assessment.ads:34:11
 info: loop invariant initialization proved (CVC5: 1 VC in max 0.0 seconds and 1 step)
--> state_rollout.adb:15:32

 info: loop invariant preservation proved (CVC5: 1 VC in max 0.0 seconds and 156 steps)
--> state_rollout.adb:15:32

 info: index check proved (CVC5: 4 VC in max 0.0 seconds and 1 step)
--> state_rollout.adb:15:63

 info: cannot unroll loop (too many loop iterations) [info-unrolling-inlining]
--> state_rollout.adb:30:26

 info: index check proved (CVC5: 2 VC in max 0.0 seconds and 1 step)
--> state_rollout.adb:31:38

 info: index check proved (CVC5: 2 VC in max 0.0 seconds and 1 step)
--> state_rollout.adb:32:100

 info: cannot unroll loop (too many loop iterations) [info-unrolling-inlining]
--> state_rollout.adb:35:36

 info: loop invariant initialization proved (CVC5: 1 VC in max 0.0 seconds and 1 step)
--> state_rollout.adb:42:32

 info: loop invariant preservation proved (CVC5: 1 VC in max 0.0 seconds and 1 step)
--> state_rollout.adb:42:32

 info: overflow check proved (CVC5: 2 VC in max 0.0 seconds and 1 step)
--> state_rollout.adb:43:58

 info: loop invariant initialization proved (CVC5: 2 VC in max 0.0 seconds and 1 step)
--> state_rollout.adb:51:32

 info: loop invariant preservation proved (CVC5: 2 VC in max 0.0 seconds and 1 step)
--> state_rollout.adb:51:32

 info: overflow check proved (CVC5: 2 VC in max 0.0 seconds and 1 step)
--> state_rollout.adb:54:25

 info: index check proved (CVC5: 2 VC in max 0.0 seconds and 1 step)
--> state_rollout.adb:56:35

 info: index check proved (CVC5: 2 VC in max 0.0 seconds and 1 step)
--> state_rollout.adb:56:67

 info: overflow check proved (CVC5: 2 VC in max 0.0 seconds and 1 step)
--> state_rollout.adb:56:102

 info: initialization of "Proposed" proved
--> state_rollout.adb:63:48

 info: initialization of "Target" proved
--> state_rollout.adb:64:07

 info: initialization of "Found" proved
--> state_rollout.adb:64:25

 info: loop invariant initialization proved (CVC5: 2 VC in max 0.0 seconds and 1 step)
--> state_rollout.adb:72:32

 info: loop invariant preservation proved (CVC5: 2 VC in max 0.0 seconds and 125 steps)
--> state_rollout.adb:72:32

 info: cannot unroll loop (too many loop iterations) [info-unrolling-inlining]
--> state_rollout.adb:75:40

 info: overflow check proved (CVC5: 2 VC in max 0.0 seconds and 1 step)
--> state_rollout.adb:82:39

 info: index check proved (CVC5: 2 VC in max 0.0 seconds and 105 steps)
--> state_rollout.adb:83:35

 info: index check proved (CVC5: 2 VC in max 0.0 seconds and 1 step)
--> state_rollout.adb:83:67

 info: overflow check proved (CVC5: 2 VC in max 0.0 seconds and 1 step)
--> state_rollout.adb:83:102

 info: cannot unroll loop (too many loop iterations) [info-unrolling-inlining]
--> state_rollout.adb:87:43

 info: cannot unroll loop (too many loop iterations) [info-unrolling-inlining]
--> state_rollout.adb:96:27

 info: loop invariant initialization proved (CVC5: 2 VC in max 0.0 seconds and 1 step)
--> state_rollout.adb:100:38

 info: loop invariant preservation proved (CVC5: 2 VC in max 0.0 seconds and 259 steps)
--> state_rollout.adb:100:38

 info: index check proved (CVC5: 2 VC in max 0.0 seconds and 210 steps)
--> state_rollout.adb:105:52

 info: cannot unroll loop (too many loop iterations) [info-unrolling-inlining]
--> state_rollout.adb:121:27

 info: overflow check proved (CVC5: 2 VC in max 0.0 seconds and 1 step)
--> state_rollout.adb:128:29

 info: local subprogram "Clear_Health" only analyzed in the context of calls [info-unrolling-inlining]
--> state_rollout.adb:132:17
      + add a contract to analyze it separately from calling contexts

 info: index check proved (CVC5: 2 VC in max 0.0 seconds and 1 step), in call inlined at state_rollout.adb:158
--> state_rollout.adb:133:21

 info: index check proved (CVC5: 2 VC in max 0.0 seconds and 1 step), in call inlined at state_rollout.adb:162
--> state_rollout.adb:133:21

 info: index check proved (CVC5: 2 VC in max 0.0 seconds and 1 step), in call inlined at state_rollout.adb:167
--> state_rollout.adb:133:21

 info: index check proved (CVC5: 2 VC in max 0.0 seconds and 1 step), in call inlined at state_rollout.adb:171
--> state_rollout.adb:133:21

 info: index check proved (CVC5: 2 VC in max 0.0 seconds and 1 step), in call inlined at state_rollout.adb:178
--> state_rollout.adb:133:21

 info: index check proved (CVC5: 2 VC in max 0.0 seconds and 1 step), in call inlined at state_rollout.adb:187
--> state_rollout.adb:133:21

 info: index check proved (CVC5: 2 VC in max 0.0 seconds and 1 step), in call inlined at state_rollout.adb:188
--> state_rollout.adb:133:21

 info: index check proved (CVC5: 2 VC in max 0.0 seconds and 1 step), in call inlined at state_rollout.adb:198
--> state_rollout.adb:133:21

 info: index check proved (CVC5: 2 VC in max 0.0 seconds and 1 step), in call inlined at state_rollout.adb:158
--> state_rollout.adb:133:57

 info: index check proved (CVC5: 2 VC in max 0.0 seconds and 1 step), in call inlined at state_rollout.adb:162
--> state_rollout.adb:133:57

 info: index check proved (CVC5: 2 VC in max 0.0 seconds and 1 step), in call inlined at state_rollout.adb:167
--> state_rollout.adb:133:57

 info: index check proved (CVC5: 2 VC in max 0.0 seconds and 1 step), in call inlined at state_rollout.adb:171
--> state_rollout.adb:133:57

 info: index check proved (CVC5: 2 VC in max 0.0 seconds and 1 step), in call inlined at state_rollout.adb:178
--> state_rollout.adb:133:57

 info: index check proved (CVC5: 2 VC in max 0.0 seconds and 1 step), in call inlined at state_rollout.adb:187
--> state_rollout.adb:133:57

 info: index check proved (CVC5: 2 VC in max 0.0 seconds and 1 step), in call inlined at state_rollout.adb:188
--> state_rollout.adb:133:57

 info: index check proved (CVC5: 2 VC in max 0.0 seconds and 1 step), in call inlined at state_rollout.adb:198
--> state_rollout.adb:133:57

 info: index check proved (CVC5: 2 VC in max 0.0 seconds and 1 step), in call inlined at state_rollout.adb:158
--> state_rollout.adb:133:91

 info: index check proved (CVC5: 2 VC in max 0.0 seconds and 1 step), in call inlined at state_rollout.adb:162
--> state_rollout.adb:133:91

 info: index check proved (CVC5: 2 VC in max 0.0 seconds and 1 step), in call inlined at state_rollout.adb:167
--> state_rollout.adb:133:91

 info: index check proved (CVC5: 2 VC in max 0.0 seconds and 1 step), in call inlined at state_rollout.adb:171
--> state_rollout.adb:133:91

 info: index check proved (CVC5: 2 VC in max 0.0 seconds and 1 step), in call inlined at state_rollout.adb:178
--> state_rollout.adb:133:91

 info: index check proved (CVC5: 2 VC in max 0.0 seconds and 1 step), in call inlined at state_rollout.adb:187
--> state_rollout.adb:133:91

 info: index check proved (CVC5: 2 VC in max 0.0 seconds and 1 step), in call inlined at state_rollout.adb:188
--> state_rollout.adb:133:91

 info: index check proved (CVC5: 2 VC in max 0.0 seconds and 1 step), in call inlined at state_rollout.adb:198
--> state_rollout.adb:133:91

 info: loop invariant initialization proved (CVC5: 2 VC in max 0.0 seconds and 1 step)
--> state_rollout.adb:144:32

 info: loop invariant preservation proved (CVC5: 2 VC in max 0.0 seconds and 1 step)
--> state_rollout.adb:144:32

 info: index check proved (CVC5: 2 VC in max 0.0 seconds and 1 step)
--> state_rollout.adb:148:26

 info: index check proved (CVC5: 2 VC in max 0.0 seconds and 1 step)
--> state_rollout.adb:148:73

 info: index check proved (CVC5: 2 VC in max 0.0 seconds and 1 step)
--> state_rollout.adb:149:46

 info: index check proved (CVC5: 2 VC in max 0.0 seconds and 1 step)
--> state_rollout.adb:150:36

 info: index check proved (CVC5: 2 VC in max 0.0 seconds and 1 step)
--> state_rollout.adb:150:94

 info: index check proved (CVC5: 2 VC in max 0.0 seconds and 1 step)
--> state_rollout.adb:152:22

 info: index check proved (CVC5: 2 VC in max 0.0 seconds and 1 step)
--> state_rollout.adb:155:21

 info: index check proved (CVC5: 2 VC in max 0.0 seconds and 1 step)
--> state_rollout.adb:156:98

 info: analyzing call to "Clear_Health" in context
--> state_rollout.adb:158:26

 info: index check proved (CVC5: 2 VC in max 0.0 seconds and 1 step)
--> state_rollout.adb:159:34

 info: index check proved (CVC5: 2 VC in max 0.0 seconds and 1 step)
--> state_rollout.adb:162:18

 info: analyzing call to "Clear_Health" in context
--> state_rollout.adb:162:52

 info: index check proved (CVC5: 2 VC in max 0.0 seconds and 1 step)
--> state_rollout.adb:166:27

 info: index check proved (CVC5: 2 VC in max 0.0 seconds and 1 step)
--> state_rollout.adb:167:24

 info: analyzing call to "Clear_Health" in context
--> state_rollout.adb:167:51

 info: index check proved (CVC5: 2 VC in max 0.0 seconds and 1 step)
--> state_rollout.adb:169:27

 info: index check proved (CVC5: 2 VC in max 0.0 seconds and 1 step)
--> state_rollout.adb:171:24

 info: analyzing call to "Clear_Health" in context
--> state_rollout.adb:171:50

 info: index check proved (CVC5: 2 VC in max 0.0 seconds and 1 step)
--> state_rollout.adb:173:27

 info: index check proved (CVC5: 2 VC in max 0.0 seconds and 1 step)
--> state_rollout.adb:176:27

 info: overflow check proved (CVC5: 2 VC in max 0.0 seconds and 153 steps)
--> state_rollout.adb:177:41

 info: index check proved (CVC5: 2 VC in max 0.0 seconds and 1 step)
--> state_rollout.adb:177:50

 info: overflow check proved (CVC5: 2 VC in max 0.0 seconds and 1 step)
--> state_rollout.adb:178:41

 info: index check proved (CVC5: 2 VC in max 0.0 seconds and 1 step)
--> state_rollout.adb:178:50

 info: analyzing call to "Clear_Health" in context
--> state_rollout.adb:178:103

 info: index check proved (CVC5: 2 VC in max 0.0 seconds and 1 step)
--> state_rollout.adb:180:31

 info: index check proved (CVC5: 2 VC in max 0.0 seconds and 1 step)
--> state_rollout.adb:181:27

 info: index check proved (CVC5: 2 VC in max 0.0 seconds and 1 step)
--> state_rollout.adb:181:79

 info: index check proved (CVC5: 2 VC in max 0.0 seconds and 1 step)
--> state_rollout.adb:183:24

 info: range check proved (CVC5: 2 VC in max 0.0 seconds and 635 steps)
--> state_rollout.adb:183:56

 info: index check proved (CVC5: 2 VC in max 0.0 seconds and 1 step)
--> state_rollout.adb:183:73

 info: index check proved (CVC5: 2 VC in max 0.0 seconds and 1 step)
--> state_rollout.adb:184:27

 info: index check proved (CVC5: 2 VC in max 0.0 seconds and 1 step)
--> state_rollout.adb:185:77

 info: index check proved (CVC5: 2 VC in max 0.0 seconds and 1 step)
--> state_rollout.adb:186:29

 info: index check proved (CVC5: 2 VC in max 0.0 seconds and 1 step)
--> state_rollout.adb:186:77

 info: index check proved (CVC5: 2 VC in max 0.0 seconds and 1 step)
--> state_rollout.adb:187:46

 info: analyzing call to "Clear_Health" in context
--> state_rollout.adb:187:87

 info: index check proved (CVC5: 2 VC in max 0.0 seconds and 1 step)
--> state_rollout.adb:188:44

 info: analyzing call to "Clear_Health" in context
--> state_rollout.adb:188:78

 info: index check proved (CVC5: 2 VC in max 0.0 seconds and 1 step)
--> state_rollout.adb:190:27

 info: overflow check proved (CVC5: 2 VC in max 0.0 seconds and 165 steps)
--> state_rollout.adb:193:45

 info: index check proved (CVC5: 2 VC in max 0.0 seconds and 1 step)
--> state_rollout.adb:193:54

 info: index check proved (CVC5: 2 VC in max 0.0 seconds and 1 step)
--> state_rollout.adb:194:24

 info: index check proved (CVC5: 2 VC in max 0.0 seconds and 1 step)
--> state_rollout.adb:194:59

 info: index check proved (CVC5: 2 VC in max 0.0 seconds and 1 step)
--> state_rollout.adb:196:27

 info: index check proved (CVC5: 2 VC in max 0.0 seconds and 1 step)
--> state_rollout.adb:198:24

 info: index check proved (CVC5: 2 VC in max 0.0 seconds and 1 step)
--> state_rollout.adb:198:62

 info: analyzing call to "Clear_Health" in context
--> state_rollout.adb:198:111

 info: index check proved (CVC5: 2 VC in max 0.0 seconds and 248 steps)
--> state_rollout.adb:201:15

 info: index check proved (CVC5: 2 VC in max 0.0 seconds and 254 steps)
--> state_rollout.adb:201:64

 info: overflow check proved (CVC5: 2 VC in max 0.0 seconds and 739 steps)
--> state_rollout.adb:202:48

 info: loop invariant initialization proved (CVC5: 2 VC in max 0.0 seconds and 1 step)
--> state_rollout.adb:222:32

 info: loop invariant preservation proved (CVC5: 2 VC in max 0.0 seconds and 1 step)
--> state_rollout.adb:222:32

 info: index check proved (CVC5: 2 VC in max 0.0 seconds and 1 step)
--> state_rollout.adb:226:18

 info: index check proved (CVC5: 2 VC in max 0.0 seconds and 1 step)
--> state_rollout.adb:226:67

 info: index check proved (CVC5: 2 VC in max 0.0 seconds and 1 step)
--> state_rollout.adb:227:25

 info: index check proved (CVC5: 2 VC in max 0.0 seconds and 1 step)
--> state_rollout.adb:227:62

 info: index check proved (CVC5: 2 VC in max 0.0 seconds and 1 step)
--> state_rollout.adb:228:29

 info: index check proved (CVC5: 2 VC in max 0.0 seconds and 1 step)
--> state_rollout.adb:229:25

 info: index check proved (CVC5: 2 VC in max 0.0 seconds and 1 step)
--> state_rollout.adb:230:36

 info: index check proved (CVC5: 2 VC in max 0.0 seconds and 1 step)
--> state_rollout.adb:230:94

 info: index check proved (CVC5: 2 VC in max 0.0 seconds and 1 step)
--> state_rollout.adb:232:15

 info: index check proved (CVC5: 2 VC in max 0.0 seconds and 1 step)
--> state_rollout.adb:232:52

 info: index check proved (CVC5: 2 VC in max 0.0 seconds and 1 step)
--> state_rollout.adb:233:15

 info: index check proved (CVC5: 2 VC in max 0.0 seconds and 1 step)
--> state_rollout.adb:233:51

 info: index check proved (CVC5: 2 VC in max 0.0 seconds and 1 step)
--> state_rollout.adb:233:85

 info: index check proved (CVC5: 2 VC in max 0.0 seconds and 1 step)
--> state_rollout.adb:234:15

 info: index check proved (CVC5: 2 VC in max 0.0 seconds and 1 step)
--> state_rollout.adb:234:64

 info: overflow check proved (CVC5: 2 VC in max 0.0 seconds and 247 steps)
--> state_rollout.adb:235:48

 info: cannot unroll loop (too many loop iterations) [info-unrolling-inlining]
--> state_rollout.adb:244:27

 info: overflow check proved (CVC5: 2 VC in max 0.0 seconds and 238 steps)
--> state_rollout.adb:249:75

 info: initialization of "Status" proved
--> state_rollout.ads:55:82

 info: data dependencies proved
--> state_rollout.ads:56:11

 info: postcondition proved (CVC5: 1 VC in max 0.0 seconds and 692 steps; Trivial: 1 VC in max 0.0 seconds and 2 steps)
--> state_rollout.ads:56:30

 info: implicit aspect Always_Terminates on "Valid" has been proved, subprogram will terminate
--> state_rollout.ads:59:13

 info: data dependencies proved
--> state_rollout.ads:59:51

 info: implicit aspect Always_Terminates on "Valid" has been proved, subprogram will terminate
--> state_rollout.ads:60:13

 info: data dependencies proved
--> state_rollout.ads:60:50

 info: postcondition proved (CVC5: 1 VC in max 0.0 seconds and 297 steps; Trivial: 1 VC in max 0.0 seconds and 2 steps)
--> state_rollout.ads:61:14

 info: index check proved (CVC5: 2 VC in max 0.0 seconds and 56 steps)
--> state_rollout.ads:61:72

 info: implicit aspect Always_Terminates on "In_Flight" has been proved, subprogram will terminate
--> state_rollout.ads:62:13

 info: data dependencies proved
--> state_rollout.ads:62:54

 info: implicit aspect Always_Terminates on "Canaries_Accepted" has been proved, subprogram will terminate
--> state_rollout.ads:63:13

 info: data dependencies proved
--> state_rollout.ads:63:74

 info: initialization of "Selected" proved
--> state_rollout.ads:65:44

 info: initialization of "Status" proved
--> state_rollout.ads:65:68

 info: data dependencies proved
--> state_rollout.ads:65:95

 info: initialization of "Status" proved
--> state_rollout.ads:67:51

 info: data dependencies proved
--> state_rollout.ads:67:78

 info: postcondition proved (CVC5: 1 VC in max 0.0 seconds and 222 steps; Trivial: 1 VC in max 0.0 seconds and 2 steps)
--> state_rollout.ads:68:13

 info: initialization of "Status" proved
--> state_rollout.ads:69:63

 info: data dependencies proved
--> state_rollout.ads:69:90

 info: postcondition proved (CVC5: 1 VC in max 0.0 seconds and 1352 steps; Trivial: 1 VC in max 0.0 seconds and 2 steps)
--> state_rollout.ads:70:13

 info: initialization of "Status" proved
--> state_rollout.ads:71:86

 info: data dependencies proved
--> state_rollout.ads:72:12

 info: postcondition proved (CVC5: 1 VC in max 0.0 seconds and 206 steps; Trivial: 1 VC in max 0.0 seconds and 2 steps)
--> state_rollout.ads:72:32
 info: range check proved (CVC5: 2 VC in max 0.0 seconds and 1 step)
--> state_boot.adb:19:51

 info: overflow check proved (CVC5: 2 VC in max 0.0 seconds and 1 step)
--> state_boot.adb:20:35

 info: implicit aspect Always_Terminates on "Admissible" has been proved, subprogram will terminate
--> state_boot.ads:19:13

 info: data dependencies proved
--> state_boot.ads:19:84

 info: implicit aspect Always_Terminates on "Choose" has been proved, subprogram will terminate
--> state_boot.ads:20:13

 info: data dependencies proved
--> state_boot.ads:20:59

 info: postcondition proved (CVC5: 1 VC in max 0.0 seconds and 1 step; Trivial: 1 VC in max 0.0 seconds and 2 steps)
--> state_boot.ads:21:14

 info: initialization of "Status" proved
--> state_boot.ads:22:52

 info: data dependencies proved
--> state_boot.ads:23:11

 info: postcondition proved (CVC5: 2 VC in max 0.0 seconds and 1 step; Trivial: 2 VC in max 0.0 seconds and 2 steps)
--> state_boot.ads:24:16
 info: overflow check proved (CVC5: 2 VC in max 0.0 seconds and 1 step)
--> state_ras.adb:21:51

 info: overflow check proved (CVC5: 2 VC in max 0.0 seconds and 80 steps)
--> state_ras.adb:29:26

 info: overflow check proved (CVC5: 2 VC in max 0.0 seconds and 61 steps)
--> state_ras.adb:30:49

 info: overflow check proved (CVC5: 2 VC in max 0.0 seconds and 205 steps)
--> state_ras.adb:41:32

 info: implicit aspect Always_Terminates on "Valid" has been proved, subprogram will terminate
--> state_ras.ads:21:13

 info: data dependencies proved
--> state_ras.ads:21:52

 info: implicit aspect Always_Terminates on "Valid" has been proved, subprogram will terminate
--> state_ras.ads:22:13

 info: data dependencies proved
--> state_ras.ads:22:51

 info: initialization of "Status" proved
--> state_ras.ads:23:74

 info: data dependencies proved
--> state_ras.ads:24:11

 info: postcondition proved (CVC5: 2 VC in max 0.0 seconds and 238 steps; Trivial: 2 VC in max 0.0 seconds and 2 steps)
--> state_ras.ads:25:16

 info: overflow check proved (CVC5: 2 VC in max 0.0 seconds and 1 step)
--> state_ras.ads:26:68
 info: implicit aspect Always_Terminates on "Evaluate" has been proved, subprogram will terminate
--> state_fru_health.ads:14:13

 info: data dependencies proved
--> state_fru_health.ads:14:79

 info: implicit aspect Always_Terminates on "May_Replace_Online" has been proved, subprogram will terminate
--> state_fru_health.ads:15:13

 info: data dependencies proved
--> state_fru_health.ads:15:76
 info: unrolling loop [info-unrolling-inlining]
--> state_healing_repair_claim.adb:13:24

 info: precondition proved (CVC5: 3 VC in max 0.0 seconds and 1 step)
--> state_healing_repair_claim.adb:15:42

 info: precondition proved (CVC5: 3 VC in max 0.0 seconds and 1 step)
--> state_healing_repair_claim.adb:17:15

 info: precondition proved (CVC5: 1 VC in max 0.0 seconds and 765 steps)
--> state_healing_repair_claim.adb:17:68

 info: range check proved (CVC5: 4 VC in max 0.0 seconds and 1 step)
--> state_healing_repair_claim.adb:17:74

 info: initialization of "F" proved
--> state_healing_repair_claim.adb:20:07

 info: length check proved (CVC5: 3 VC in max 0.0 seconds and 1 step)
--> state_healing_repair_claim.adb:22:93

 info: unrolling loop [info-unrolling-inlining]
--> state_healing_repair_claim.adb:23:24

 info: range check proved (CVC5: 4 VC in max 0.0 seconds and 1 step)
--> state_healing_repair_claim.adb:24:10

 info: precondition proved (CVC5: 1 VC in max 0.0 seconds and 1 step)
--> state_healing_repair_claim.adb:24:32

 info: range check proved (CVC5: 4 VC in max 0.0 seconds and 1 step)
--> state_healing_repair_claim.adb:24:38

 info: precondition proved (CVC5: 3 VC in max 0.0 seconds and 1 step)
--> state_healing_repair_claim.adb:25:18

 info: precondition proved (CVC5: 3 VC in max 0.0 seconds and 1 step)
--> state_healing_repair_claim.adb:25:65

 info: range check proved (CVC5: 4 VC in max 0.0 seconds and 1 step)
--> state_healing_repair_claim.adb:26:22

 info: range check proved (CVC5: 4 VC in max 0.0 seconds and 1 step)
--> state_healing_repair_claim.adb:26:48

 info: range check proved (CVC5: 4 VC in max 0.0 seconds and 1 step)
--> state_healing_repair_claim.adb:26:71

 info: range check proved (CVC5: 4 VC in max 0.0 seconds and 1 step)
--> state_healing_repair_claim.adb:26:97

 info: precondition proved (CVC5: 3 VC in max 0.0 seconds and 1 step)
--> state_healing_repair_claim.adb:27:35

 info: range check proved (CVC5: 2 VC in max 0.0 seconds and 39 steps)
--> state_healing_repair_claim.adb:27:35

 info: range check proved (CVC5: 4 VC in max 0.0 seconds and 1 step)
--> state_healing_repair_claim.adb:27:66

 info: range check proved (CVC5: 4 VC in max 0.0 seconds and 1 step)
--> state_healing_repair_claim.adb:27:97

 info: precondition proved (CVC5: 3 VC in max 0.0 seconds and 1 step)
--> state_healing_repair_claim.adb:28:34

 info: range check proved (CVC5: 2 VC in max 0.0 seconds and 85 steps)
--> state_healing_repair_claim.adb:28:34

 info: precondition proved (CVC5: 1 VC in max 0.0 seconds and 107 steps)
--> state_healing_repair_claim.adb:29:31

 info: implicit aspect Always_Terminates on "Valid" has been proved, subprogram will terminate
--> state_healing_repair_claim.ads:10:13

 info: data dependencies proved
--> state_healing_repair_claim.ads:10:50

 info: implicit aspect Always_Terminates on "Encode" has been proved, subprogram will terminate
--> state_healing_repair_claim.ads:11:13

 info: data dependencies proved
--> state_healing_repair_claim.ads:11:63

 info: initialization of "C" proved
--> state_healing_repair_claim.ads:12:32

 info: initialization of "Status" proved
--> state_healing_repair_claim.ads:12:47

 info: data dependencies proved
--> state_healing_repair_claim.ads:12:74
 info: cannot unroll loop (too many loop iterations) [info-unrolling-inlining]
--> state_budget.adb:9:30

 info: cannot unroll loop (too many loop iterations) [info-unrolling-inlining]
--> state_budget.adb:14:41

 info: initialization of "P" proved
--> state_budget.adb:25:31

 info: unrolling loop [info-unrolling-inlining]
--> state_budget.adb:27:28

 info: precondition proved (CVC5: 3 VC in max 0.0 seconds and 1 step)
--> state_budget.adb:28:39

 info: precondition proved (CVC5: 3 VC in max 0.0 seconds and 1 step)
--> state_budget.adb:29:15

 info: precondition proved (CVC5: 3 VC in max 0.0 seconds and 1 step)
--> state_budget.adb:29:56

 info: cannot unroll loop (too many loop iterations) [info-unrolling-inlining]
--> state_budget.adb:30:30

 info: index check proved (CVC5: 2 VC in max 0.0 seconds and 1 step)
--> state_budget.adb:33:15

 info: range check proved (CVC5: 4 VC in max 0.0 seconds and 1 step)
--> state_budget.adb:33:22

 info: overflow check proved (CVC5: 2 VC in max 0.0 seconds and 1 step)
--> state_budget.adb:33:25

 info: index check proved (CVC5: 2 VC in max 0.0 seconds and 1 step)
--> state_budget.adb:33:25

 info: overflow check proved (CVC5: 2 VC in max 0.0 seconds and 1 step)
--> state_budget.adb:33:30

 info: index check proved (CVC5: 2 VC in max 0.0 seconds and 1 step)
--> state_budget.adb:33:30

 info: length check proved (CVC5: 3 VC in max 0.0 seconds and 1 step)
--> state_budget.adb:33:34

 info: length check proved (CVC5: 3 VC in max 0.0 seconds and 1 step)
--> state_budget.adb:33:46

 info: range check proved (CVC5: 4 VC in max 0.0 seconds and 1 step)
--> state_budget.adb:33:56

 info: overflow check proved (CVC5: 2 VC in max 0.0 seconds and 1 step)
--> state_budget.adb:33:59

 info: index check proved (CVC5: 2 VC in max 0.0 seconds and 1 step)
--> state_budget.adb:33:59

 info: overflow check proved (CVC5: 2 VC in max 0.0 seconds and 1 step)
--> state_budget.adb:33:65

 info: index check proved (CVC5: 2 VC in max 0.0 seconds and 1 step)
--> state_budget.adb:33:65

 info: length check proved (CVC5: 3 VC in max 0.0 seconds and 1 step)
--> state_budget.adb:33:69

 info: length check proved (CVC5: 3 VC in max 0.0 seconds and 1 step)
--> state_budget.adb:33:81

 info: range check proved (CVC5: 4 VC in max 0.0 seconds and 1 step)
--> state_budget.adb:34:13

 info: overflow check proved (CVC5: 2 VC in max 0.0 seconds and 1 step)
--> state_budget.adb:34:16

 info: index check proved (CVC5: 2 VC in max 0.0 seconds and 1 step)
--> state_budget.adb:34:16

 info: overflow check proved (CVC5: 2 VC in max 0.0 seconds and 1 step)
--> state_budget.adb:34:22

 info: index check proved (CVC5: 2 VC in max 0.0 seconds and 1 step)
--> state_budget.adb:34:22

 info: length check proved (CVC5: 3 VC in max 0.0 seconds and 1 step)
--> state_budget.adb:34:26

 info: length check proved (CVC5: 3 VC in max 0.0 seconds and 1 step)
--> state_budget.adb:34:38

 info: precondition proved (CVC5: 3 VC in max 0.0 seconds and 52 steps)
--> state_budget.adb:34:53

 info: overflow check proved (CVC5: 2 VC in max 0.0 seconds and 1 step)
--> state_budget.adb:34:63

 info: precondition proved (CVC5: 1 VC in max 0.0 seconds and 1369 steps)
--> state_budget.adb:37:33

 info: range check proved (CVC5: 4 VC in max 0.0 seconds and 1 step)
--> state_budget.adb:37:39

 info: initialization of "B" proved
--> state_budget.adb:40:07

 info: initialization of "P" proved
--> state_budget.adb:40:18

 info: length check proved (CVC5: 3 VC in max 0.0 seconds and 1 step)
--> state_budget.adb:43:58

 info: unrolling loop [info-unrolling-inlining]
--> state_budget.adb:44:28

 info: range check proved (CVC5: 4 VC in max 0.0 seconds and 1 step)
--> state_budget.adb:45:10

 info: precondition proved (CVC5: 1 VC in max 0.0 seconds and 1 step)
--> state_budget.adb:45:36

 info: range check proved (CVC5: 4 VC in max 0.0 seconds and 1 step)
--> state_budget.adb:45:42

 info: precondition proved (CVC5: 3 VC in max 0.0 seconds and 1 step)
--> state_budget.adb:46:18

 info: precondition proved (CVC5: 3 VC in max 0.0 seconds and 1 step)
--> state_budget.adb:46:64

 info: precondition proved (CVC5: 3 VC in max 0.0 seconds and 1 step)
--> state_budget.adb:47:25

 info: range check proved (CVC5: 4 VC in max 0.0 seconds and 1 step)
--> state_budget.adb:48:21

 info: precondition proved (CVC5: 3 VC in max 0.0 seconds and 1 step)
--> state_budget.adb:48:56

 info: range check proved (CVC5: 2 VC in max 0.0 seconds and 92 steps)
--> state_budget.adb:48:56

 info: range check proved (CVC5: 4 VC in max 0.0 seconds and 1 step)
--> state_budget.adb:48:86

 info: precondition proved (CVC5: 3 VC in max 0.0 seconds and 1 step)
--> state_budget.adb:49:37

 info: range check proved (CVC5: 2 VC in max 0.0 seconds and 133 steps)
--> state_budget.adb:49:37

 info: precondition proved (CVC5: 3 VC in max 0.0 seconds and 1 step)
--> state_budget.adb:49:76

 info: range check proved (CVC5: 2 VC in max 0.0 seconds and 172 steps)
--> state_budget.adb:49:76

 info: cannot unroll loop (too many loop iterations) [info-unrolling-inlining]
--> state_budget.adb:50:30

 info: index check proved (CVC5: 2 VC in max 0.0 seconds and 71 steps)
--> state_budget.adb:51:32

 info: precondition proved (CVC5: 3 VC in max 0.0 seconds and 85 steps)
--> state_budget.adb:51:53

 info: overflow check proved (CVC5: 2 VC in max 0.0 seconds and 80 steps)
--> state_budget.adb:51:61

 info: index check proved (CVC5: 2 VC in max 0.0 seconds and 1 step)
--> state_budget.adb:52:33

 info: range check proved (CVC5: 4 VC in max 0.0 seconds and 1 step)
--> state_budget.adb:52:48

 info: length check proved (CVC5: 3 VC in max 0.0 seconds and 1 step)
--> state_budget.adb:52:48

 info: overflow check proved (CVC5: 2 VC in max 0.0 seconds and 1 step)
--> state_budget.adb:52:51

 info: overflow check proved (CVC5: 2 VC in max 0.0 seconds and 1 step)
--> state_budget.adb:52:56

 info: range check proved (CVC5: 4 VC in max 0.0 seconds and 1 step)
--> state_budget.adb:52:77

 info: length check proved (CVC5: 3 VC in max 0.0 seconds and 1 step)
--> state_budget.adb:52:77

 info: overflow check proved (CVC5: 2 VC in max 0.0 seconds and 126 steps)
--> state_budget.adb:52:80

 info: overflow check proved (CVC5: 2 VC in max 0.0 seconds and 1 step)
--> state_budget.adb:52:86

 info: range check proved (CVC5: 4 VC in max 0.0 seconds and 117 steps)
--> state_budget.adb:53:20

 info: length check proved (CVC5: 3 VC in max 0.0 seconds and 1 step)
--> state_budget.adb:53:20

 info: overflow check proved (CVC5: 2 VC in max 0.0 seconds and 1 step)
--> state_budget.adb:53:23

 info: overflow check proved (CVC5: 2 VC in max 0.0 seconds and 1 step)
--> state_budget.adb:53:29

 info: precondition proved (CVC5: 3 VC in max 0.0 seconds and 96 steps)
--> state_budget.adb:53:57

 info: range check proved (CVC5: 2 VC in max 0.0 seconds and 338 steps)
--> state_budget.adb:53:57

 info: overflow check proved (CVC5: 2 VC in max 0.0 seconds and 1 step)
--> state_budget.adb:53:65

 info: precondition proved (CVC5: 1 VC in max 0.0 seconds and 1 step)
--> state_budget.adb:55:31

 info: initialization of "Found" proved
--> state_budget.adb:61:73

 info: loop invariant initialization proved (CVC5: 2 VC in max 0.0 seconds and 1 step)
--> state_budget.adb:74:32

 info: loop invariant preservation proved (CVC5: 2 VC in max 0.0 seconds and 13 steps)
--> state_budget.adb:74:32

 info: cannot unroll loop (too many loop iterations) [info-unrolling-inlining]
--> state_budget.adb:83:43

 info: overflow check proved (CVC5: 2 VC in max 0.0 seconds and 183 steps)
--> state_budget.adb:94:31

 info: overflow check proved (CVC5: 2 VC in max 0.0 seconds and 203 steps)
--> state_budget.adb:94:87

 info: index check proved (CVC5: 2 VC in max 0.0 seconds and 85 steps)
--> state_budget.adb:95:19

 info: cannot unroll loop (too many loop iterations) [info-unrolling-inlining]
--> state_budget.adb:102:35

 info: overflow check proved (CVC5: 2 VC in max 0.0 seconds and 1 step)
--> state_budget.adb:107:70

 info: implicit aspect Always_Terminates on "Valid" has been proved, subprogram will terminate
--> state_budget.ads:20:13

 info: data dependencies proved
--> state_budget.ads:20:51

 info: implicit aspect Always_Terminates on "Encode" has been proved, subprogram will terminate
--> state_budget.ads:21:13

 info: data dependencies proved
--> state_budget.ads:21:65

 info: initialization of "L" proved
--> state_budget.ads:22:35

 info: initialization of "Status" proved
--> state_budget.ads:22:51

 info: data dependencies proved
--> state_budget.ads:22:78

 info: initialization of "After" proved
--> state_budget.ads:25:49

 info: initialization of "Token" proved
--> state_budget.ads:26:07

 info: initialization of "Status" proved
--> state_budget.ads:26:28

 info: data dependencies proved
--> state_budget.ads:26:55

 info: initialization of "After" proved
--> state_budget.ads:28:39

 info: initialization of "Status" proved
--> state_budget.ads:28:59

 info: data dependencies proved
--> state_budget.ads:28:86
 info: implicit aspect Always_Terminates on "Select_Mode" has been proved, subprogram will terminate
--> state_degraded_mode.ads:11:13

 info: data dependencies proved
--> state_degraded_mode.ads:11:54

 info: implicit aspect Always_Terminates on "May_Run" has been proved, subprogram will terminate
--> state_degraded_mode.ads:12:13

 info: data dependencies proved
--> state_degraded_mode.ads:12:89
 info: index check proved (CVC5: 2 VC in max 0.0 seconds and 1 step)
--> state_service_catalogue.adb:7:77

 info: cannot unroll loop (too many loop iterations) [info-unrolling-inlining]
--> state_service_catalogue.adb:9:21

 info: index check proved (CVC5: 2 VC in max 0.0 seconds and 1 step)
--> state_service_catalogue.adb:14:56

 info: index check proved (CVC5: 2 VC in max 0.0 seconds and 1 step)
--> state_service_catalogue.adb:14:89

 info: cannot unroll loop (too many loop iterations) [info-unrolling-inlining]
--> state_service_catalogue.adb:16:27

 info: overflow check proved (CVC5: 2 VC in max 0.0 seconds and 1 step)
--> state_service_catalogue.adb:18:68

 info: index check proved (CVC5: 2 VC in max 0.0 seconds and 1 step)
--> state_service_catalogue.adb:18:68

 info: overflow check proved (CVC5: 2 VC in max 0.0 seconds and 1 step)
--> state_service_catalogue.adb:19:52

 info: overflow check proved (CVC5: 2 VC in max 0.0 seconds and 1 step)
--> state_service_catalogue.adb:19:70

 info: index check proved (CVC5: 2 VC in max 0.0 seconds and 1 step)
--> state_service_catalogue.adb:19:70

 info: overflow check proved (CVC5: 2 VC in max 0.0 seconds and 1 step)
--> state_service_catalogue.adb:20:45

 info: index check proved (CVC5: 2 VC in max 0.0 seconds and 1 step)
--> state_service_catalogue.adb:20:45

 info: implicit aspect Always_Terminates on "Ordering" has been proved, subprogram will terminate
--> state_service_catalogue.adb:25:13

 info: local subprogram "Ordering" only analyzed in the context of calls [info-unrolling-inlining]
--> state_service_catalogue.adb:25:13
      + add a contract to analyze it separately from calling contexts

 info: initialization of "Progress" proved, in call inlined at state_service_catalogue.adb:77
--> state_service_catalogue.adb:26:42

 info: initialization of "Progress" proved
--> state_service_catalogue.adb:26:42

 info: initialization of "Free" proved, in call inlined at state_service_catalogue.adb:77
--> state_service_catalogue.adb:26:52

 info: initialization of "Free" proved
--> state_service_catalogue.adb:26:52

 info: index check proved (CVC5: 2 VC in max 0.0 seconds and 233 steps), in call inlined at state_service_catalogue.adb:77
--> state_service_catalogue.adb:41:50

 info: initialization of "M" proved
--> state_service_catalogue.adb:44:07

 info: initialization of "T" proved
--> state_service_catalogue.adb:44:10

 info: initialization of "CPU" proved
--> state_service_catalogue.adb:44:13

 info: overflow check proved (CVC5: 2 VC in max 0.0 seconds and 1 step)
--> state_service_catalogue.adb:49:25

 info: range check proved (CVC5: 2 VC in max 0.0 seconds and 1 step)
--> state_service_catalogue.adb:49:25

 info: overflow check proved (CVC5: 2 VC in max 0.0 seconds and 1 step)
--> state_service_catalogue.adb:49:62

 info: range check proved (CVC5: 2 VC in max 0.0 seconds and 1 step)
--> state_service_catalogue.adb:49:62

 info: overflow check proved (CVC5: 2 VC in max 0.0 seconds and 1 step)
--> state_service_catalogue.adb:50:24

 info: range check proved (CVC5: 2 VC in max 0.0 seconds and 1 step)
--> state_service_catalogue.adb:50:24

 info: cannot unroll loop (too many loop iterations) [info-unrolling-inlining]
--> state_service_catalogue.adb:51:29

 info: overflow check proved (CVC5: 2 VC in max 0.0 seconds and 78 steps)
--> state_service_catalogue.adb:60:19

 info: range check proved (CVC5: 2 VC in max 0.0 seconds and 1 step)
--> state_service_catalogue.adb:60:19

 info: overflow check proved (CVC5: 2 VC in max 0.0 seconds and 83 steps)
--> state_service_catalogue.adb:60:42

 info: range check proved (CVC5: 2 VC in max 0.0 seconds and 1 step)
--> state_service_catalogue.adb:60:42

 info: overflow check proved (CVC5: 2 VC in max 0.0 seconds and 88 steps)
--> state_service_catalogue.adb:60:62

 info: range check proved (CVC5: 2 VC in max 0.0 seconds and 1 step)
--> state_service_catalogue.adb:60:62

 info: cannot unroll loop (too many loop iterations) [info-unrolling-inlining]
--> state_service_catalogue.adb:61:31

 info: index check proved (CVC5: 2 VC in max 0.0 seconds and 1 step)
--> state_service_catalogue.adb:62:44

 info: index check proved (CVC5: 2 VC in max 0.0 seconds and 1 step)
--> state_service_catalogue.adb:63:66

 info: index check proved (CVC5: 2 VC in max 0.0 seconds and 1 step)
--> state_service_catalogue.adb:64:63

 info: cannot unroll loop (too many loop iterations) [info-unrolling-inlining]
--> state_service_catalogue.adb:69:22

 info: cannot unroll loop (too many loop iterations) [info-unrolling-inlining]
--> state_service_catalogue.adb:70:25

 info: analyzing call to "Ordering" in context
--> state_service_catalogue.adb:77:14

 info: in inlined body at line 28
--> state_service_catalogue.adb:77:14
      + cannot unroll loop (too many loop iterations) [info-unrolling-inlining]

 info: in inlined body at line 30
--> state_service_catalogue.adb:77:14
      + cannot unroll loop (too many loop iterations) [info-unrolling-inlining]

 info: in inlined body at line 33
--> state_service_catalogue.adb:77:14
      + cannot unroll loop (too many loop iterations) [info-unrolling-inlining]

 info: initialization of "P" proved
--> state_service_catalogue.adb:79:53

 info: initialization of "Status" proved
--> state_service_catalogue.adb:79:74

 info: postcondition proved (CVC5: 2 VC in max 0.0 seconds and 286 steps; Trivial: 1 VC in max 0.0 seconds and 2 steps)
--> state_service_catalogue.adb:80:14

 info: initialization of "Progress" proved
--> state_service_catalogue.adb:82:42

 info: initialization of "Free" proved
--> state_service_catalogue.adb:82:52

 info: loop invariant initialization proved (CVC5: 1 VC in max 0.0 seconds and 1 step)
--> state_service_catalogue.adb:86:32

 info: loop invariant preservation proved (CVC5: 1 VC in max 0.0 seconds and 1 step)
--> state_service_catalogue.adb:86:32

 info: loop invariant initialization proved (CVC5: 1 VC in max 0.0 seconds and 1 step)
--> state_service_catalogue.adb:89:35

 info: loop invariant preservation proved (CVC5: 1 VC in max 0.0 seconds and 1 step)
--> state_service_catalogue.adb:89:35

 info: cannot unroll loop (too many loop iterations) [info-unrolling-inlining]
--> state_service_catalogue.adb:92:38

 info: range check proved (CVC5: 2 VC in max 0.0 seconds and 1 step)
--> state_service_catalogue.adb:98:37

 info: index check proved (CVC5: 2 VC in max 0.0 seconds and 1 step)
--> state_service_catalogue.adb:98:57

 info: cannot unroll loop (too many loop iterations) [info-unrolling-inlining]
--> state_service_catalogue.adb:105:29

 info: cannot unroll loop (too many loop iterations) [info-unrolling-inlining]
--> state_service_catalogue.adb:106:29

 info: index check proved (CVC5: 2 VC in max 0.0 seconds and 1 step)
--> state_service_catalogue.adb:106:78

 info: cannot unroll loop (too many loop iterations) [info-unrolling-inlining]
--> state_service_catalogue.adb:114:38

 info: cannot unroll loop (too many loop iterations) [info-unrolling-inlining]
--> state_service_catalogue.adb:115:32

 info: cannot unroll loop (too many loop iterations) [info-unrolling-inlining]
--> state_service_catalogue.adb:116:32

 info: cannot unroll loop (too many loop iterations) [info-unrolling-inlining]
--> state_service_catalogue.adb:118:38

 info: cannot unroll loop (too many loop iterations) [info-unrolling-inlining]
--> state_service_catalogue.adb:122:29

 info: cannot unroll loop (too many loop iterations) [info-unrolling-inlining]
--> state_service_catalogue.adb:123:32

 info: cannot unroll loop (too many loop iterations) [info-unrolling-inlining]
--> state_service_catalogue.adb:135:38

 info: cannot unroll loop (too many loop iterations) [info-unrolling-inlining]
--> state_service_catalogue.adb:136:32

 info: cannot unroll loop (too many loop iterations) [info-unrolling-inlining]
--> state_service_catalogue.adb:137:32

 info: cannot unroll loop (too many loop iterations) [info-unrolling-inlining]
--> state_service_catalogue.adb:138:35

 info: implicit aspect Always_Terminates on "Number" has been proved, subprogram will terminate
--> state_service_catalogue.adb:145:13

 info: implicit aspect Always_Terminates on "Unit_Name" has been proved, subprogram will terminate
--> state_service_catalogue.adb:146:13

 info: range check proved (CVC5: 2 VC in max 0.0 seconds and 1 step)
--> state_service_catalogue.adb:147:18

 info: precondition proved (CVC5: 1 VC in max 0.0 seconds and 1 step)
--> state_service_catalogue.adb:147:26

 info: range check proved (CVC5: 2 VC in max 0.0 seconds and 1 step)
--> state_service_catalogue.adb:147:47

 info: initialization of "S" proved
--> state_service_catalogue.adb:151:07

 info: postcondition proved (CVC5: 1 VC in max 0.0 seconds and 1 step)
--> state_service_catalogue.adb:153:45

 info: range check proved (CVC5: 2 VC in max 0.0 seconds and 1 step)
--> state_service_catalogue.adb:157:17

 info: range check proved (CVC5: 4 VC in max 0.0 seconds and 1 step)
--> state_service_catalogue.adb:158:10

 info: overflow check proved (CVC5: 2 VC in max 0.0 seconds and 1 step)
--> state_service_catalogue.adb:158:22

 info: index check proved (CVC5: 2 VC in max 0.0 seconds and 1 step)
--> state_service_catalogue.adb:158:22

 info: overflow check proved (CVC5: 2 VC in max 0.0 seconds and 1 step)
--> state_service_catalogue.adb:158:32

 info: index check proved (CVC5: 2 VC in max 0.0 seconds and 1 step)
--> state_service_catalogue.adb:158:32

 info: range check proved (CVC5: 2 VC in max 0.0 seconds and 1 step)
--> state_service_catalogue.adb:158:37

 info: length check proved (CVC5: 3 VC in max 0.0 seconds and 1 step)
--> state_service_catalogue.adb:158:46

 info: length check proved (CVC5: 3 VC in max 0.0 seconds and 1 step)
--> state_service_catalogue.adb:158:49

 info: overflow check proved (CVC5: 2 VC in max 0.0 seconds and 1 step)
--> state_service_catalogue.adb:158:67

 info: range check proved (CVC5: 2 VC in max 0.0 seconds and 1 step)
--> state_service_catalogue.adb:158:72

 info: overflow check proved (CVC5: 2 VC in max 0.0 seconds and 1 step)
--> state_service_catalogue.adb:159:22

 info: index check proved (CVC5: 2 VC in max 0.0 seconds and 1 step)
--> state_service_catalogue.adb:159:34

 info: precondition proved (CVC5: 1 VC in max 0.0 seconds and 1 step)
--> state_service_catalogue.adb:165:07

 info: precondition proved (CVC5: 1 VC in max 0.0 seconds and 1 step)
--> state_service_catalogue.adb:166:07

 info: range check proved (CVC5: 2 VC in max 0.0 seconds and 14 steps)
--> state_service_catalogue.adb:166:32

 info: precondition proved (CVC5: 1 VC in max 0.0 seconds and 1 step)
--> state_service_catalogue.adb:166:40

 info: precondition proved (CVC5: 1 VC in max 0.0 seconds and 1 step)
--> state_service_catalogue.adb:167:07

 info: precondition proved (CVC5: 1 VC in max 0.0 seconds and 1 step)
--> state_service_catalogue.adb:167:23

 info: range check proved (CVC5: 2 VC in max 0.0 seconds and 105 steps)
--> state_service_catalogue.adb:167:65

 info: precondition proved (CVC5: 1 VC in max 0.0 seconds and 55 steps)
--> state_service_catalogue.adb:167:73

 info: loop invariant preservation proved (CVC5: 1 VC in max 0.0 seconds and 102 steps)
--> state_service_catalogue.adb:169:32

 info: loop invariant initialization proved (CVC5: 1 VC in max 0.0 seconds and 1 step)
--> state_service_catalogue.adb:169:32

 info: precondition proved (CVC5: 1 VC in max 0.0 seconds and 1 step)
--> state_service_catalogue.adb:170:41

 info: range check proved (CVC5: 2 VC in max 0.0 seconds and 426 steps)
--> state_service_catalogue.adb:170:58

 info: precondition proved (CVC5: 1 VC in max 0.0 seconds and 65 steps)
--> state_service_catalogue.adb:171:64

 info: range check proved (CVC5: 2 VC in max 0.0 seconds and 449 steps)
--> state_service_catalogue.adb:171:78

 info: precondition proved (CVC5: 1 VC in max 0.0 seconds and 87 steps)
--> state_service_catalogue.adb:172:42

 info: range check proved (CVC5: 2 VC in max 0.0 seconds and 473 steps)
--> state_service_catalogue.adb:172:60

 info: precondition proved (CVC5: 1 VC in max 0.0 seconds and 183 steps)
--> state_service_catalogue.adb:174:07

 info: precondition proved (CVC5: 1 VC in max 0.0 seconds and 1 step)
--> state_service_catalogue.adb:174:42

 info: precondition proved (CVC5: 1 VC in max 0.0 seconds and 1 step)
--> state_service_catalogue.adb:175:07

 info: precondition proved (CVC5: 1 VC in max 0.0 seconds and 1 step)
--> state_service_catalogue.adb:175:26

 info: precondition proved (CVC5: 1 VC in max 0.0 seconds and 1 step)
--> state_service_catalogue.adb:176:07

 info: range check proved (CVC5: 2 VC in max 0.0 seconds and 527 steps)
--> state_service_catalogue.adb:176:20

 info: precondition proved (CVC5: 1 VC in max 0.0 seconds and 1 step)
--> state_service_catalogue.adb:176:50

 info: range check proved (CVC5: 2 VC in max 0.0 seconds and 551 steps)
--> state_service_catalogue.adb:176:64

 info: precondition proved (CVC5: 1 VC in max 0.0 seconds and 1 step)
--> state_service_catalogue.adb:177:07

 info: range check proved (CVC5: 2 VC in max 0.0 seconds and 636 steps)
--> state_service_catalogue.adb:177:25

 info: precondition proved (CVC5: 1 VC in max 0.0 seconds and 1 step)
--> state_service_catalogue.adb:177:58

 info: precondition proved (CVC5: 1 VC in max 0.0 seconds and 1 step)
--> state_service_catalogue.adb:178:07

 info: range check proved (CVC5: 2 VC in max 0.0 seconds and 745 steps)
--> state_service_catalogue.adb:178:30

 info: precondition proved (CVC5: 1 VC in max 0.0 seconds and 1 step)
--> state_service_catalogue.adb:178:63

 info: precondition proved (CVC5: 1 VC in max 0.0 seconds and 1 step)
--> state_service_catalogue.adb:179:07

 info: range check proved (CVC5: 2 VC in max 0.0 seconds and 882 steps)
--> state_service_catalogue.adb:179:25

 info: precondition proved (CVC5: 1 VC in max 0.0 seconds and 1 step)
--> state_service_catalogue.adb:179:53

 info: range check proved (CVC5: 2 VC in max 0.0 seconds and 981 steps)
--> state_service_catalogue.adb:179:70

 info: precondition proved (CVC5: 1 VC in max 0.0 seconds and 1 step)
--> state_service_catalogue.adb:180:07

 info: range check proved (CVC5: 2 VC in max 0.0 seconds and 1085 steps)
--> state_service_catalogue.adb:180:24

 info: range check proved (CVC5: 2 VC in max 0.0 seconds and 1138 steps)
--> state_service_catalogue.adb:180:49

 info: precondition proved (CVC5: 1 VC in max 0.0 seconds and 1 step)
--> state_service_catalogue.adb:181:07

 info: precondition proved (CVC5: 1 VC in max 0.0 seconds and 7 steps)
--> state_service_catalogue.adb:182:07

 info: precondition proved (CVC5: 1 VC in max 0.0 seconds and 16 steps)
--> state_service_catalogue.adb:182:30

 info: precondition proved (CVC5: 1 VC in max 0.0 seconds and 25 steps)
--> state_service_catalogue.adb:182:59

 info: precondition proved (CVC5: 1 VC in max 0.0 seconds and 34 steps)
--> state_service_catalogue.adb:183:07

 info: precondition proved (CVC5: 1 VC in max 0.0 seconds and 45 steps)
--> state_service_catalogue.adb:183:36

 info: precondition proved (CVC5: 1 VC in max 0.0 seconds and 54 steps)
--> state_service_catalogue.adb:183:68

 info: precondition proved (CVC5: 1 VC in max 0.0 seconds and 64 steps)
--> state_service_catalogue.adb:184:07

 info: precondition proved (CVC5: 1 VC in max 0.0 seconds and 72 steps)
--> state_service_catalogue.adb:184:37

 info: precondition proved (CVC5: 1 VC in max 0.0 seconds and 80 steps)
--> state_service_catalogue.adb:184:62

 info: precondition proved (CVC5: 1 VC in max 0.0 seconds and 88 steps)
--> state_service_catalogue.adb:185:07

 info: precondition proved (CVC5: 1 VC in max 0.0 seconds and 100 steps)
--> state_service_catalogue.adb:185:35

 info: precondition proved (CVC5: 1 VC in max 0.0 seconds and 111 steps)
--> state_service_catalogue.adb:185:70

 info: precondition proved (CVC5: 1 VC in max 0.0 seconds and 122 steps)
--> state_service_catalogue.adb:186:07

 info: precondition proved (CVC5: 1 VC in max 0.0 seconds and 131 steps)
--> state_service_catalogue.adb:186:41

 info: precondition proved (CVC5: 1 VC in max 0.0 seconds and 141 steps)
--> state_service_catalogue.adb:186:71

 info: precondition proved (CVC5: 1 VC in max 0.0 seconds and 150 steps)
--> state_service_catalogue.adb:187:07

 info: precondition proved (CVC5: 1 VC in max 0.0 seconds and 161 steps)
--> state_service_catalogue.adb:187:37

 info: precondition proved (CVC5: 1 VC in max 0.0 seconds and 191 steps)
--> state_service_catalogue.adb:188:07

 info: precondition proved (CVC5: 1 VC in max 0.0 seconds and 201 steps)
--> state_service_catalogue.adb:189:38

 info: precondition proved (CVC5: 1 VC in max 0.0 seconds and 1307 steps)
--> state_service_catalogue.adb:190:07

 info: precondition proved (CVC5: 1 VC in max 0.0 seconds and 221 steps)
--> state_service_catalogue.adb:190:39

 info: range check proved (CVC5: 2 VC in max 0.0 seconds and 225 steps)
--> state_service_catalogue.adb:192:59

 info: implicit aspect Always_Terminates on "Valid_Account" has been proved, subprogram will terminate
--> state_service_catalogue.ads:32:13

 info: data dependencies proved
--> state_service_catalogue.ads:32:63

 info: implicit aspect Always_Terminates on "Valid_Executable" has been proved, subprogram will terminate
--> state_service_catalogue.ads:33:13

 info: data dependencies proved
--> state_service_catalogue.ads:33:66

 info: implicit aspect Always_Terminates on "Valid" has been proved, subprogram will terminate
--> state_service_catalogue.ads:34:13

 info: data dependencies proved
--> state_service_catalogue.ads:34:55

 info: initialization of "P" proved
--> state_service_catalogue.ads:36:07

 info: initialization of "Status" proved
--> state_service_catalogue.ads:36:28

 info: data dependencies proved
--> state_service_catalogue.ads:36:55

 info: initialization of "P" proved
--> state_service_catalogue.ads:38:07

 info: initialization of "Status" proved
--> state_service_catalogue.ads:38:28

 info: data dependencies proved
--> state_service_catalogue.ads:38:55

 info: initialization of "Text" proved
--> state_service_catalogue.ads:43:59

 info: initialization of "Status" proved
--> state_service_catalogue.ads:44:07

 info: data dependencies proved
--> state_service_catalogue.ads:44:34
 info: overflow check proved (CVC5: 2 VC in max 0.0 seconds and 1 step)
--> state_kernel_health.adb:13:39

 info: implicit aspect Always_Terminates on "Evaluate" has been proved, subprogram will terminate
--> state_kernel_health.ads:13:13

 info: data dependencies proved
--> state_kernel_health.ads:14:11
 info: unrolling loop [info-unrolling-inlining]
--> state_operation.adb:9:28

 info: range check proved (CVC5: 1 VC in max 0.0 seconds and 1 step)
--> state_operation.adb:10:41

 info: precondition proved (CVC5: 4 VC in max 0.0 seconds and 1 step)
--> state_operation.adb:10:54

 info: range check proved (CVC5: 2 VC in max 0.0 seconds and 1 step)
--> state_operation.adb:10:67

 info: precondition proved (CVC5: 3 VC in max 0.0 seconds and 1 step)
--> state_operation.adb:12:15

 info: precondition proved (CVC5: 3 VC in max 0.0 seconds and 1 step)
--> state_operation.adb:12:51

 info: precondition proved (CVC5: 3 VC in max 0.0 seconds and 1 step)
--> state_operation.adb:12:87

 info: cannot unroll loop (too many loop iterations) [info-unrolling-inlining]
--> state_operation.adb:14:24

 info: overflow check proved (CVC5: 2 VC in max 0.0 seconds and 50 steps)
--> state_operation.adb:14:34

 info: index check proved (CVC5: 2 VC in max 0.0 seconds and 52 steps)
--> state_operation.adb:14:34

 info: index check proved (CVC5: 2 VC in max 0.0 seconds and 1 step)
--> state_operation.adb:14:60

 info: precondition proved (CVC5: 1 VC in max 0.0 seconds and 1170 steps)
--> state_operation.adb:15:29

 info: range check proved (CVC5: 4 VC in max 0.0 seconds and 1 step)
--> state_operation.adb:15:35

 info: initialization of "F" proved
--> state_operation.adb:18:07

 info: initialization of "N" proved
--> state_operation.adb:18:18

 info: length check proved (CVC5: 3 VC in max 0.0 seconds and 1 step)
--> state_operation.adb:20:88

 info: precondition proved (CVC5: 3 VC in max 0.0 seconds and 1 step)
--> state_operation.adb:22:18

 info: unrolling loop [info-unrolling-inlining]
--> state_operation.adb:23:21

 info: precondition proved (CVC5: 9 VC in max 0.0 seconds and 1 step)
--> state_operation.adb:23:37

 info: range check proved (CVC5: 2 VC in max 0.0 seconds and 1 step)
--> state_operation.adb:24:44

 info: range check proved (CVC5: 4 VC in max 0.0 seconds and 1 step)
--> state_operation.adb:24:60

 info: range check proved (CVC5: 4 VC in max 0.0 seconds and 1 step)
--> state_operation.adb:24:89

 info: range check proved (CVC5: 4 VC in max 0.0 seconds and 1 step)
--> state_operation.adb:25:30

 info: precondition proved (CVC5: 3 VC in max 0.0 seconds and 1 step)
--> state_operation.adb:25:66

 info: range check proved (CVC5: 2 VC in max 0.0 seconds and 1 step)
--> state_operation.adb:25:66

 info: precondition proved (CVC5: 3 VC in max 0.0 seconds and 1 step)
--> state_operation.adb:25:104

 info: range check proved (CVC5: 2 VC in max 0.0 seconds and 14 steps)
--> state_operation.adb:25:104

 info: precondition proved (CVC5: 3 VC in max 0.0 seconds and 1 step)
--> state_operation.adb:26:40

 info: range check proved (CVC5: 2 VC in max 0.0 seconds and 47 steps)
--> state_operation.adb:26:40

 info: range check proved (CVC5: 4 VC in max 0.0 seconds and 1 step)
--> state_operation.adb:26:64

 info: range check proved (CVC5: 4 VC in max 0.0 seconds and 1 step)
--> state_operation.adb:26:95

 info: initialization of "S" proved
--> state_operation.adb:27:52

 info: range check proved (CVC5: 2 VC in max 0.0 seconds and 1 step)
--> state_operation.adb:27:52

 info: cannot unroll loop (too many loop iterations) [info-unrolling-inlining]
--> state_operation.adb:28:27

 info: overflow check proved (CVC5: 2 VC in max 0.0 seconds and 490 steps)
--> state_operation.adb:28:57

 info: index check proved (CVC5: 2 VC in max 0.0 seconds and 492 steps)
--> state_operation.adb:28:57

 info: implicit aspect Always_Terminates on "Encode" has been proved, subprogram will terminate
--> state_operation.ads:13:13

 info: data dependencies proved
--> state_operation.ads:13:48

 info: initialization of "P" proved
--> state_operation.ads:14:32

 info: initialization of "Status" proved
--> state_operation.ads:14:46

 info: data dependencies proved
--> state_operation.ads:14:73

 info: implicit aspect Always_Terminates on "Phase" has been proved, subprogram will terminate
--> state_operation.ads:15:13

 info: data dependencies proved
--> state_operation.ads:15:50
 info: implicit aspect Always_Terminates on "Valid" has been proved, subprogram will terminate
--> state_crash_evidence.ads:14:13

 info: data dependencies proved
--> state_crash_evidence.ads:14:54

 info: implicit aspect Always_Terminates on "Must_Quarantine" has been proved, subprogram will terminate
--> state_crash_evidence.ads:15:13

 info: data dependencies proved
--> state_crash_evidence.ads:15:100
 info: implicit aspect Always_Terminates on "Decide" has been proved, subprogram will terminate
--> state_resilience_controller.ads:17:13

 info: data dependencies proved
--> state_resilience_controller.ads:17:51
 info: initialization of "P" proved
--> state_rollout_codec.adb:7:31

 info: unrolling loop [info-unrolling-inlining]
--> state_rollout_codec.adb:9:28

 info: precondition proved (CVC5: 3 VC in max 0.0 seconds and 1 step)
--> state_rollout_codec.adb:12:15

 info: precondition proved (CVC5: 3 VC in max 0.0 seconds and 1 step)
--> state_rollout_codec.adb:12:52

 info: precondition proved (CVC5: 3 VC in max 0.0 seconds and 1 step)
--> state_rollout_codec.adb:12:92

 info: cannot unroll loop (too many loop iterations) [info-unrolling-inlining]
--> state_rollout_codec.adb:14:27

 info: overflow check proved (CVC5: 2 VC in max 0.0 seconds and 1 step)
--> state_rollout_codec.adb:15:16

 info: overflow check proved (CVC5: 2 VC in max 0.0 seconds and 58 steps)
--> state_rollout_codec.adb:15:22

 info: range check proved (CVC5: 4 VC in max 0.0 seconds and 66 steps)
--> state_rollout_codec.adb:16:10

 info: index check proved (CVC5: 2 VC in max 0.0 seconds and 1 step)
--> state_rollout_codec.adb:16:12

 info: overflow check proved (CVC5: 2 VC in max 0.0 seconds and 1 step)
--> state_rollout_codec.adb:16:16

 info: index check proved (CVC5: 2 VC in max 0.0 seconds and 1 step)
--> state_rollout_codec.adb:16:16

 info: length check proved (CVC5: 3 VC in max 0.0 seconds and 1 step)
--> state_rollout_codec.adb:16:20

 info: length check proved (CVC5: 3 VC in max 0.0 seconds and 1 step)
--> state_rollout_codec.adb:16:32

 info: range check proved (CVC5: 4 VC in max 0.0 seconds and 1 step)
--> state_rollout_codec.adb:16:37

 info: overflow check proved (CVC5: 2 VC in max 0.0 seconds and 1 step)
--> state_rollout_codec.adb:16:40

 info: index check proved (CVC5: 2 VC in max 0.0 seconds and 1 step)
--> state_rollout_codec.adb:16:40

 info: overflow check proved (CVC5: 2 VC in max 0.0 seconds and 73 steps)
--> state_rollout_codec.adb:16:46

 info: overflow check proved (CVC5: 2 VC in max 0.0 seconds and 1 step)
--> state_rollout_codec.adb:16:46

 info: index check proved (CVC5: 2 VC in max 0.0 seconds and 1 step)
--> state_rollout_codec.adb:16:46

 info: length check proved (CVC5: 3 VC in max 0.0 seconds and 1 step)
--> state_rollout_codec.adb:16:50

 info: length check proved (CVC5: 3 VC in max 0.0 seconds and 1 step)
--> state_rollout_codec.adb:16:62

 info: range check proved (CVC5: 4 VC in max 0.0 seconds and 102 steps)
--> state_rollout_codec.adb:16:72

 info: overflow check proved (CVC5: 2 VC in max 0.0 seconds and 1 step)
--> state_rollout_codec.adb:16:75

 info: index check proved (CVC5: 2 VC in max 0.0 seconds and 1 step)
--> state_rollout_codec.adb:16:75

 info: overflow check proved (CVC5: 2 VC in max 0.0 seconds and 1 step)
--> state_rollout_codec.adb:16:81

 info: index check proved (CVC5: 2 VC in max 0.0 seconds and 1 step)
--> state_rollout_codec.adb:16:81

 info: length check proved (CVC5: 3 VC in max 0.0 seconds and 1 step)
--> state_rollout_codec.adb:16:85

 info: length check proved (CVC5: 3 VC in max 0.0 seconds and 1 step)
--> state_rollout_codec.adb:16:97

 info: range check proved (CVC5: 4 VC in max 0.0 seconds and 1 step)
--> state_rollout_codec.adb:17:10

 info: overflow check proved (CVC5: 2 VC in max 0.0 seconds and 1 step)
--> state_rollout_codec.adb:17:13

 info: index check proved (CVC5: 2 VC in max 0.0 seconds and 1 step)
--> state_rollout_codec.adb:17:13

 info: overflow check proved (CVC5: 2 VC in max 0.0 seconds and 1 step)
--> state_rollout_codec.adb:17:19

 info: index check proved (CVC5: 2 VC in max 0.0 seconds and 1 step)
--> state_rollout_codec.adb:17:19

 info: length check proved (CVC5: 3 VC in max 0.0 seconds and 1 step)
--> state_rollout_codec.adb:17:23

 info: length check proved (CVC5: 3 VC in max 0.0 seconds and 1 step)
--> state_rollout_codec.adb:17:35

 info: overflow check proved (CVC5: 2 VC in max 0.0 seconds and 1 step)
--> state_rollout_codec.adb:18:13

 info: index check proved (CVC5: 2 VC in max 0.0 seconds and 1 step)
--> state_rollout_codec.adb:18:13

 info: overflow check proved (CVC5: 2 VC in max 0.0 seconds and 1 step)
--> state_rollout_codec.adb:18:54

 info: index check proved (CVC5: 2 VC in max 0.0 seconds and 1 step)
--> state_rollout_codec.adb:18:54

 info: overflow check proved (CVC5: 2 VC in max 0.0 seconds and 1 step)
--> state_rollout_codec.adb:19:13

 info: index check proved (CVC5: 2 VC in max 0.0 seconds and 1 step)
--> state_rollout_codec.adb:19:13

 info: overflow check proved (CVC5: 2 VC in max 0.0 seconds and 1 step)
--> state_rollout_codec.adb:19:73

 info: index check proved (CVC5: 2 VC in max 0.0 seconds and 1 step)
--> state_rollout_codec.adb:19:73

 info: overflow check proved (CVC5: 2 VC in max 0.0 seconds and 1 step)
--> state_rollout_codec.adb:20:13

 info: index check proved (CVC5: 2 VC in max 0.0 seconds and 1 step)
--> state_rollout_codec.adb:20:13

 info: overflow check proved (CVC5: 2 VC in max 0.0 seconds and 1 step)
--> state_rollout_codec.adb:20:64

 info: index check proved (CVC5: 2 VC in max 0.0 seconds and 1 step)
--> state_rollout_codec.adb:20:64

 info: precondition proved (CVC5: 3 VC in max 0.0 seconds and 295 steps)
--> state_rollout_codec.adb:21:18

 info: overflow check proved (CVC5: 2 VC in max 0.0 seconds and 1 step)
--> state_rollout_codec.adb:21:28

 info: precondition proved (CVC5: 3 VC in max 0.0 seconds and 337 steps)
--> state_rollout_codec.adb:21:77

 info: overflow check proved (CVC5: 2 VC in max 0.0 seconds and 1 step)
--> state_rollout_codec.adb:21:87

 info: precondition proved (CVC5: 3 VC in max 0.0 seconds and 382 steps)
--> state_rollout_codec.adb:22:18

 info: overflow check proved (CVC5: 2 VC in max 0.0 seconds and 1 step)
--> state_rollout_codec.adb:22:28

 info: precondition proved (CVC5: 3 VC in max 0.0 seconds and 429 steps)
--> state_rollout_codec.adb:22:74

 info: overflow check proved (CVC5: 2 VC in max 0.0 seconds and 20 steps)
--> state_rollout_codec.adb:22:84

 info: precondition proved (CVC5: 1 VC in max 0.0 seconds and 2770 steps)
--> state_rollout_codec.adb:24:33

 info: range check proved (CVC5: 4 VC in max 0.0 seconds and 110 steps)
--> state_rollout_codec.adb:24:39

 info: initialization of "F" proved
--> state_rollout_codec.adb:27:07

 info: initialization of "P" proved
--> state_rollout_codec.adb:27:18

 info: length check proved (CVC5: 3 VC in max 0.0 seconds and 1 step)
--> state_rollout_codec.adb:29:93

 info: unrolling loop [info-unrolling-inlining]
--> state_rollout_codec.adb:30:28

 info: range check proved (CVC5: 4 VC in max 0.0 seconds and 1 step)
--> state_rollout_codec.adb:31:10

 info: precondition proved (CVC5: 1 VC in max 0.0 seconds and 38 steps)
--> state_rollout_codec.adb:31:36

 info: range check proved (CVC5: 4 VC in max 0.0 seconds and 1 step)
--> state_rollout_codec.adb:31:42

 info: unrolling loop [info-unrolling-inlining]
--> state_rollout_codec.adb:33:21

 info: precondition proved (CVC5: 9 VC in max 0.0 seconds and 1 step)
--> state_rollout_codec.adb:33:37

 info: range check proved (CVC5: 4 VC in max 0.0 seconds and 1 step)
--> state_rollout_codec.adb:34:21

 info: range check proved (CVC5: 4 VC in max 0.0 seconds and 1 step)
--> state_rollout_codec.adb:34:44

 info: range check proved (CVC5: 4 VC in max 0.0 seconds and 1 step)
--> state_rollout_codec.adb:34:74

 info: range check proved (CVC5: 4 VC in max 0.0 seconds and 1 step)
--> state_rollout_codec.adb:35:24

 info: range check proved (CVC5: 4 VC in max 0.0 seconds and 1 step)
--> state_rollout_codec.adb:35:51

 info: precondition proved (CVC5: 3 VC in max 0.0 seconds and 1 step)
--> state_rollout_codec.adb:36:32

 info: range check proved (CVC5: 2 VC in max 0.0 seconds and 186 steps)
--> state_rollout_codec.adb:36:32

 info: precondition proved (CVC5: 3 VC in max 0.0 seconds and 1 step)
--> state_rollout_codec.adb:36:74

 info: range check proved (CVC5: 2 VC in max 0.0 seconds and 228 steps)
--> state_rollout_codec.adb:36:74

 info: precondition proved (CVC5: 3 VC in max 0.0 seconds and 1 step)
--> state_rollout_codec.adb:36:116

 info: range check proved (CVC5: 2 VC in max 0.0 seconds and 272 steps)
--> state_rollout_codec.adb:36:116

 info: range check proved (CVC5: 2 VC in max 0.0 seconds and 302 steps)
--> state_rollout_codec.adb:37:16

 info: cannot unroll loop (too many loop iterations) [info-unrolling-inlining]
--> state_rollout_codec.adb:38:27

 info: overflow check proved (CVC5: 2 VC in max 0.0 seconds and 1 step)
--> state_rollout_codec.adb:39:16

 info: overflow check proved (CVC5: 2 VC in max 0.0 seconds and 298 steps)
--> state_rollout_codec.adb:39:22

 info: overflow check proved (CVC5: 2 VC in max 0.0 seconds and 307 steps)
--> state_rollout_codec.adb:40:16

 info: index check proved (CVC5: 2 VC in max 0.0 seconds and 313 steps)
--> state_rollout_codec.adb:40:16

 info: overflow check proved (CVC5: 2 VC in max 0.0 seconds and 1 step)
--> state_rollout_codec.adb:40:34

 info: index check proved (CVC5: 2 VC in max 0.0 seconds and 1 step)
--> state_rollout_codec.adb:40:34

 info: overflow check proved (CVC5: 2 VC in max 0.0 seconds and 1 step)
--> state_rollout_codec.adb:41:23

 info: index check proved (CVC5: 2 VC in max 0.0 seconds and 1 step)
--> state_rollout_codec.adb:41:23

 info: overflow check proved (CVC5: 2 VC in max 0.0 seconds and 1 step)
--> state_rollout_codec.adb:42:23

 info: index check proved (CVC5: 2 VC in max 0.0 seconds and 1 step)
--> state_rollout_codec.adb:42:23

 info: overflow check proved (CVC5: 2 VC in max 0.0 seconds and 1 step)
--> state_rollout_codec.adb:42:41

 info: index check proved (CVC5: 2 VC in max 0.0 seconds and 1 step)
--> state_rollout_codec.adb:42:41

 info: unrolling loop [info-unrolling-inlining]
--> state_rollout_codec.adb:43:24

 info: precondition proved (CVC5: 12 VC in max 0.0 seconds and 1 step)
--> state_rollout_codec.adb:43:40

 info: overflow check proved (CVC5: 8 VC in max 0.0 seconds and 1 step)
--> state_rollout_codec.adb:43:48

 info: overflow check proved (CVC5: 8 VC in max 0.0 seconds and 1 step)
--> state_rollout_codec.adb:43:51

 info: range check proved (CVC5: 4 VC in max 0.0 seconds and 461 steps)
--> state_rollout_codec.adb:44:25

 info: length check proved (CVC5: 3 VC in max 0.0 seconds and 1 step)
--> state_rollout_codec.adb:44:25

 info: overflow check proved (CVC5: 2 VC in max 0.0 seconds and 1 step)
--> state_rollout_codec.adb:44:31

 info: range check proved (CVC5: 4 VC in max 0.0 seconds and 1 step)
--> state_rollout_codec.adb:44:57

 info: length check proved (CVC5: 3 VC in max 0.0 seconds and 1 step)
--> state_rollout_codec.adb:44:57

 info: overflow check proved (CVC5: 2 VC in max 0.0 seconds and 1 step)
--> state_rollout_codec.adb:44:60

 info: overflow check proved (CVC5: 2 VC in max 0.0 seconds and 1 step)
--> state_rollout_codec.adb:44:66

 info: range check proved (CVC5: 4 VC in max 0.0 seconds and 1 step)
--> state_rollout_codec.adb:44:99

 info: length check proved (CVC5: 3 VC in max 0.0 seconds and 1 step)
--> state_rollout_codec.adb:44:99

 info: overflow check proved (CVC5: 2 VC in max 0.0 seconds and 1 step)
--> state_rollout_codec.adb:44:102

 info: overflow check proved (CVC5: 2 VC in max 0.0 seconds and 1 step)
--> state_rollout_codec.adb:44:108

 info: range check proved (CVC5: 4 VC in max 0.0 seconds and 1 step)
--> state_rollout_codec.adb:45:27

 info: length check proved (CVC5: 3 VC in max 0.0 seconds and 1 step)
--> state_rollout_codec.adb:45:27

 info: overflow check proved (CVC5: 2 VC in max 0.0 seconds and 1 step)
--> state_rollout_codec.adb:45:30

 info: overflow check proved (CVC5: 2 VC in max 0.0 seconds and 1 step)
--> state_rollout_codec.adb:45:36

 info: overflow check proved (CVC5: 2 VC in max 0.0 seconds and 1 step)
--> state_rollout_codec.adb:45:64

 info: index check proved (CVC5: 2 VC in max 0.0 seconds and 1 step)
--> state_rollout_codec.adb:45:64

 info: range check proved (CVC5: 2 VC in max 0.0 seconds and 920 steps)
--> state_rollout_codec.adb:45:94

 info: overflow check proved (CVC5: 2 VC in max 0.0 seconds and 1 step)
--> state_rollout_codec.adb:45:105

 info: index check proved (CVC5: 2 VC in max 0.0 seconds and 1 step)
--> state_rollout_codec.adb:45:105

 info: range check proved (CVC5: 2 VC in max 0.0 seconds and 956 steps)
--> state_rollout_codec.adb:46:54

 info: overflow check proved (CVC5: 2 VC in max 0.0 seconds and 16 steps)
--> state_rollout_codec.adb:46:57

 info: index check proved (CVC5: 2 VC in max 0.0 seconds and 20 steps)
--> state_rollout_codec.adb:46:57

 info: overflow check proved (CVC5: 2 VC in max 0.0 seconds and 40 steps)
--> state_rollout_codec.adb:46:98

 info: index check proved (CVC5: 2 VC in max 0.0 seconds and 45 steps)
--> state_rollout_codec.adb:46:98

 info: overflow check proved (CVC5: 2 VC in max 0.0 seconds and 58 steps)
--> state_rollout_codec.adb:47:42

 info: index check proved (CVC5: 2 VC in max 0.0 seconds and 64 steps)
--> state_rollout_codec.adb:47:42

 info: overflow check proved (CVC5: 2 VC in max 0.0 seconds and 101 steps)
--> state_rollout_codec.adb:47:89

 info: index check proved (CVC5: 2 VC in max 0.0 seconds and 108 steps)
--> state_rollout_codec.adb:47:89

 info: precondition proved (CVC5: 3 VC in max 0.0 seconds and 132 steps)
--> state_rollout_codec.adb:48:56

 info: range check proved (CVC5: 2 VC in max 0.0 seconds and 1072 steps)
--> state_rollout_codec.adb:48:56

 info: overflow check proved (CVC5: 2 VC in max 0.0 seconds and 2 steps)
--> state_rollout_codec.adb:48:64

 info: precondition proved (CVC5: 3 VC in max 0.0 seconds and 160 steps)
--> state_rollout_codec.adb:48:113

 info: range check proved (CVC5: 2 VC in max 0.0 seconds and 1124 steps)
--> state_rollout_codec.adb:48:113

 info: overflow check proved (CVC5: 2 VC in max 0.0 seconds and 78 steps)
--> state_rollout_codec.adb:48:121

 info: precondition proved (CVC5: 3 VC in max 0.0 seconds and 188 steps)
--> state_rollout_codec.adb:49:52

 info: range check proved (CVC5: 2 VC in max 0.0 seconds and 1177 steps)
--> state_rollout_codec.adb:49:52

 info: overflow check proved (CVC5: 2 VC in max 0.0 seconds and 81 steps)
--> state_rollout_codec.adb:49:60

 info: precondition proved (CVC5: 3 VC in max 0.0 seconds and 217 steps)
--> state_rollout_codec.adb:49:110

 info: range check proved (CVC5: 2 VC in max 0.0 seconds and 1230 steps)
--> state_rollout_codec.adb:49:110

 info: overflow check proved (CVC5: 2 VC in max 0.0 seconds and 84 steps)
--> state_rollout_codec.adb:49:118

 info: precondition proved (CVC5: 1 VC in max 0.0 seconds and 932 steps)
--> state_rollout_codec.adb:51:45

 info: implicit aspect Always_Terminates on "Encode" has been proved, subprogram will terminate
--> state_rollout_codec.ads:5:13

 info: data dependencies proved
--> state_rollout_codec.ads:5:63

 info: initialization of "S" proved
--> state_rollout_codec.ads:6:32

 info: initialization of "Status" proved
--> state_rollout_codec.ads:6:61

 info: data dependencies proved
--> state_rollout_codec.ads:6:88
 info: overflow check proved (CVC5: 2 VC in max 0.0 seconds and 1 step)
--> state_boot_acceptance.adb:20:36

 info: overflow check proved (CVC5: 2 VC in max 0.0 seconds and 34 steps)
--> state_boot_acceptance.adb:36:32

 info: implicit aspect Always_Terminates on "Valid" has been proved, subprogram will terminate
--> state_boot_acceptance.ads:18:13

 info: data dependencies proved
--> state_boot_acceptance.ads:18:51

 info: initialization of "Status" proved
--> state_boot_acceptance.ads:19:64

 info: data dependencies proved
--> state_boot_acceptance.ads:20:11

 info: postcondition proved (CVC5: 2 VC in max 0.0 seconds and 69 steps; Trivial: 2 VC in max 0.0 seconds and 2 steps)
--> state_boot_acceptance.ads:21:16

 info: overflow check proved (CVC5: 2 VC in max 0.0 seconds and 1 step)
--> state_boot_acceptance.ads:22:68
 info: implicit aspect Always_Terminates on "Decide" has been proved, subprogram will terminate
--> state_platform_health.ads:18:13

 info: data dependencies proved
--> state_platform_health.ads:18:56
 info: initialization of "Found" proved
--> state_reservation_safety.adb:10:33

 info: loop invariant initialization proved (CVC5: 4 VC in max 0.0 seconds and 1 step)
--> state_reservation_safety.adb:18:32

 info: loop invariant preservation proved (CVC5: 4 VC in max 0.0 seconds and 10 steps)
--> state_reservation_safety.adb:18:32

 info: cannot unroll loop (too many loop iterations) [info-unrolling-inlining]
--> state_reservation_safety.adb:21:43

 info: index check proved (CVC5: 2 VC in max 0.0 seconds and 41 steps)
--> state_reservation_safety.adb:36:44

 info: overflow check proved (CVC5: 2 VC in max 0.0 seconds and 175 steps)
--> state_reservation_safety.adb:38:31

 info: overflow check proved (CVC5: 2 VC in max 0.0 seconds and 197 steps)
--> state_reservation_safety.adb:38:87

 info: index check proved (CVC5: 2 VC in max 0.0 seconds and 85 steps)
--> state_reservation_safety.adb:39:19

 info: initialization of "After" proved
--> state_reservation_safety.ads:6:49

 info: initialization of "Token" proved
--> state_reservation_safety.ads:7:07

 info: initialization of "Status" proved
--> state_reservation_safety.ads:7:28

 info: data dependencies proved
--> state_reservation_safety.ads:7:55
 info: range check proved (CVC5: 2 VC in max 0.0 seconds and 1 step)
--> state_changes.adb:31:32

 info: predicate check proved (CVC5: 1 VC in max 0.0 seconds and 1 step)
--> state_changes.adb:31:32

 info: overflow check proved (CVC5: 2 VC in max 0.0 seconds and 50 steps)
--> state_changes.adb:67:47

 info: implicit aspect Always_Terminates on "Authorized" has been proved, subprogram will terminate
--> state_changes.ads:38:13

 info: data dependencies proved
--> state_changes.ads:38:74

 info: initialization of "Effect" proved
--> state_changes.ads:40:54

 info: initialization of "Status" proved
--> state_changes.ads:40:75

 info: data dependencies proved
--> state_changes.ads:41:11

 info: postcondition proved (CVC5: 19 VC in max 0.0 seconds and 129 steps; Trivial: 3 VC in max 0.0 seconds and 2 steps)
--> state_changes.ads:42:16
 info: overflow check proved (CVC5: 2 VC in max 0.0 seconds and 1 step)
--> state_service.adb:21:22

 info: implicit aspect Always_Terminates on "Assess" has been proved, subprogram will terminate
--> state_service.ads:33:13

 info: data dependencies proved
--> state_service.ads:34:11
 info: implicit aspect Always_Terminates on "Decide" has been proved, subprogram will terminate
--> state_wlm.ads:20:13

 info: data dependencies proved
--> state_wlm.ads:20:78
 info: loop invariant initialization proved (CVC5: 1 VC in max 0.0 seconds and 1 step)
--> state_topology.adb:7:32

 info: loop invariant preservation proved (CVC5: 1 VC in max 0.0 seconds and 1 step)
--> state_topology.adb:7:32

 info: loop invariant initialization proved (CVC5: 1 VC in max 0.0 seconds and 1 step; Trivial: 1 VC in max 0.0 seconds and 2 steps)
--> state_topology.adb:8:32

 info: loop invariant preservation proved (CVC5: 1 VC in max 0.0 seconds and 1 step; Trivial: 1 VC in max 0.0 seconds and 2 steps)
--> state_topology.adb:8:32

 info: index check proved (CVC5: 4 VC in max 0.0 seconds and 1 step)
--> state_topology.adb:9:27

 info: index check proved (CVC5: 4 VC in max 0.0 seconds and 1 step)
--> state_topology.adb:9:57

 info: overflow check proved (CVC5: 2 VC in max 0.0 seconds and 1 step)
--> state_topology.adb:11:27

 info: cannot unroll loop (too many loop iterations) [info-unrolling-inlining]
--> state_topology.adb:13:46

 info: implicit aspect Always_Terminates on "Count_Votes" has been proved, subprogram will terminate
--> state_topology.adb:28:13

 info: postcondition proved (CVC5: 1 VC in max 0.0 seconds and 1 step)
--> state_topology.adb:29:14

 info: initialization of "N" proved
--> state_topology.adb:31:07

 info: loop invariant initialization proved (CVC5: 2 VC in max 0.0 seconds and 1 step)
--> state_topology.adb:34:32

 info: loop invariant preservation proved (CVC5: 2 VC in max 0.0 seconds and 1 step)
--> state_topology.adb:34:32

 info: range check proved (CVC5: 2 VC in max 0.0 seconds and 1 step)
--> state_topology.adb:36:29

 info: range check proved (CVC5: 2 VC in max 0.0 seconds and 1 step)
--> state_topology.adb:37:74

 info: initialization of "Needed_Votes" proved
--> state_topology.adb:51:07

 info: division check proved (CVC5: 1 VC in max 0.0 seconds and 1 step)
--> state_topology.adb:66:41

 info: loop invariant initialization proved (CVC5: 3 VC in max 0.0 seconds and 1 step)
--> state_topology.adb:68:32

 info: loop invariant preservation proved (CVC5: 3 VC in max 0.0 seconds and 1 step)
--> state_topology.adb:68:32

 info: overflow check proved (CVC5: 2 VC in max 0.0 seconds and 1 step)
--> state_topology.adb:73:44

 info: overflow check proved (CVC5: 2 VC in max 0.0 seconds and 1 step)
--> state_topology.adb:76:57

 info: overflow check proved (CVC5: 2 VC in max 0.0 seconds and 1 step)
--> state_topology.adb:78:49

 info: index check proved (CVC5: 2 VC in max 0.0 seconds and 52 steps)
--> state_topology.adb:79:40

 info: overflow check proved (CVC5: 2 VC in max 0.0 seconds and 106 steps)
--> state_topology.adb:84:36

 info: loop invariant initialization proved (CVC5: 1 VC in max 0.0 seconds and 1 step)
--> state_topology.adb:89:32

 info: loop invariant preservation proved (CVC5: 1 VC in max 0.0 seconds and 55 steps)
--> state_topology.adb:89:32

 info: overflow check proved (CVC5: 2 VC in max 0.0 seconds and 1 step)
--> state_topology.adb:90:57

 info: implicit aspect Always_Terminates on "Valid_Configuration" has been proved, subprogram will terminate
--> state_topology.ads:41:13

 info: data dependencies proved
--> state_topology.ads:41:71

 info: postcondition proved (CVC5: 1 VC in max 0.0 seconds and 1 step; Trivial: 2 VC in max 0.0 seconds and 2 steps)
--> state_topology.ads:42:14

 info: implicit aspect Always_Terminates on "Voting_Total" has been proved, subprogram will terminate
--> state_topology.ads:44:13

 info: data dependencies proved
--> state_topology.ads:44:64

 info: postcondition proved (CVC5: 1 VC in max 0.0 seconds and 1 step)
--> state_topology.ads:45:14

 info: implicit aspect Always_Terminates on "Confirmed_Votes" has been proved, subprogram will terminate
--> state_topology.ads:46:13

 info: data dependencies proved
--> state_topology.ads:46:67

 info: postcondition proved (CVC5: 1 VC in max 0.0 seconds and 1 step)
--> state_topology.ads:47:14

 info: implicit aspect Always_Terminates on "Can_Drain" has been proved, subprogram will terminate
--> state_topology.ads:48:13

 info: data dependencies proved
--> state_topology.ads:50:11
 info: initialization of "L" proved
--> state_config_merge.adb:6:07

 info: initialization of "V" proved
--> state_config_merge.adb:6:09

 info: initialization of "S" proved
--> state_config_merge.adb:6:28

 info: loop invariant initialization proved (CVC5: 1 VC in max 0.0 seconds and 1 step)
--> state_config_merge.adb:12:32

 info: loop invariant preservation proved (CVC5: 1 VC in max 0.0 seconds and 1 step)
--> state_config_merge.adb:12:32

 info: range check proved (CVC5: 2 VC in max 0.0 seconds and 1 step)
--> state_config_merge.adb:20:45

 info: index check proved (CVC5: 2 VC in max 0.0 seconds and 1 step)
--> state_config_merge.adb:20:73

 info: range check proved (CVC5: 2 VC in max 0.0 seconds and 1 step)
--> state_config_merge.adb:29:26

 info: range check proved (CVC5: 2 VC in max 0.0 seconds and 1 step)
--> state_config_merge.adb:29:47

 info: range check proved (CVC5: 2 VC in max 0.0 seconds and 1 step)
--> state_config_merge.adb:29:60

 info: overflow check proved (CVC5: 2 VC in max 0.0 seconds and 1 step)
--> state_config_merge.adb:29:67

 info: postcondition proved (CVC5: 1 VC in max 0.0 seconds and 1 step)
--> state_config_merge.adb:30:17

 info: overflow check proved (CVC5: 2 VC in max 0.0 seconds and 1 step)
--> state_config_merge.adb:30:30

 info: range check proved (CVC5: 2 VC in max 0.0 seconds and 1 step)
--> state_config_merge.adb:30:35

 info: loop invariant initialization proved (CVC5: 1 VC in max 0.0 seconds and 1 step)
--> state_config_merge.adb:34:35

 info: loop invariant preservation proved (CVC5: 1 VC in max 0.0 seconds and 1 step)
--> state_config_merge.adb:34:35

 info: overflow check proved (CVC5: 4 VC in max 0.0 seconds and 1 step)
--> state_config_merge.adb:34:55

 info: overflow check proved (CVC5: 4 VC in max 0.0 seconds and 1 step)
--> state_config_merge.adb:34:58

 info: overflow check proved (CVC5: 2 VC in max 0.0 seconds and 1 step)
--> state_config_merge.adb:35:28

 info: index check proved (CVC5: 2 VC in max 0.0 seconds and 1 step)
--> state_config_merge.adb:35:28

 info: overflow check proved (CVC5: 2 VC in max 0.0 seconds and 1 step)
--> state_config_merge.adb:35:76

 info: length check proved (CVC5: 3 VC in max 0.0 seconds and 1 step)
--> state_config_merge.adb:39:11

 info: loop invariant initialization proved (CVC5: 1 VC in max 0.0 seconds and 1 step)
--> state_config_merge.adb:41:32

 info: loop invariant preservation proved (CVC5: 1 VC in max 0.0 seconds and 1 step)
--> state_config_merge.adb:41:32

 info: overflow check proved (CVC5: 4 VC in max 0.0 seconds and 1 step)
--> state_config_merge.adb:41:45

 info: index check proved (CVC5: 2 VC in max 0.0 seconds and 1 step)
--> state_config_merge.adb:43:14

 info: cannot unroll loop (too many loop iterations) [info-unrolling-inlining]
--> state_config_merge.adb:43:51

 info: index check proved (CVC5: 2 VC in max 0.0 seconds and 1 step)
--> state_config_merge.adb:43:59

 info: index check proved (CVC5: 2 VC in max 0.0 seconds and 1 step)
--> state_config_merge.adb:43:73

 info: cannot unroll loop (too many loop iterations) [info-unrolling-inlining]
--> state_config_merge.adb:44:26

 info: index check proved (CVC5: 2 VC in max 0.0 seconds and 1 step)
--> state_config_merge.adb:44:57

 info: overflow check proved (CVC5: 2 VC in max 0.0 seconds and 1 step)
--> state_config_merge.adb:45:24

 info: range check proved (CVC5: 2 VC in max 0.0 seconds and 1 step)
--> state_config_merge.adb:45:54

 info: overflow check proved (CVC5: 2 VC in max 0.0 seconds and 1 step)
--> state_config_merge.adb:45:61

 info: range check proved (CVC5: 2 VC in max 0.0 seconds and 1 step)
--> state_config_merge.adb:45:93

 info: overflow check proved (CVC5: 2 VC in max 0.0 seconds and 1 step)
--> state_config_merge.adb:45:100

 info: range check proved (CVC5: 2 VC in max 0.0 seconds and 1 step)
--> state_config_merge.adb:47:21

 info: loop invariant initialization proved (CVC5: 1 VC in max 0.0 seconds and 1 step)
--> state_config_merge.adb:49:32

 info: loop invariant preservation proved (CVC5: 1 VC in max 0.0 seconds and 416 steps)
--> state_config_merge.adb:49:32

 info: range check proved (CVC5: 4 VC in max 0.0 seconds and 1 step)
--> state_config_merge.adb:49:42

 info: range check proved (CVC5: 2 VC in max 0.0 seconds and 92 steps)
--> state_config_merge.adb:54:17

 info: overflow check proved (CVC5: 2 VC in max 0.0 seconds and 280 steps)
--> state_config_merge.adb:54:24

 info: range check proved (CVC5: 2 VC in max 0.0 seconds and 81 steps)
--> state_config_merge.adb:54:26

 info: overflow check proved (CVC5: 2 VC in max 0.0 seconds and 301 steps)
--> state_config_merge.adb:54:33

 info: range check proved (CVC5: 2 VC in max 0.0 seconds and 1 step)
--> state_config_merge.adb:54:40

 info: overflow check proved (CVC5: 2 VC in max 0.0 seconds and 106 steps)
--> state_config_merge.adb:54:47

 info: length check proved (CVC5: 3 VC in max 0.0 seconds and 272 steps)
--> state_config_merge.adb:55:20

 info: precondition proved (CVC5: 2 VC in max 0.0 seconds and 180 steps)
--> state_config_merge.adb:57:13

 info: precondition proved (CVC5: 2 VC in max 0.0 seconds and 329 steps)
--> state_config_merge.adb:57:22

 info: precondition proved (CVC5: 2 VC in max 0.0 seconds and 346 steps)
--> state_config_merge.adb:57:33

 info: precondition proved (CVC5: 2 VC in max 0.0 seconds and 384 steps)
--> state_config_merge.adb:57:42

 info: initialization of "Result" proved
--> state_config_merge.ads:7:07

 info: initialization of "Conflicts" proved
--> state_config_merge.ads:7:44

 info: initialization of "Status" proved
--> state_config_merge.ads:7:74

 info: data dependencies proved
--> state_config_merge.ads:7:101

 info: initialization of "Data" proved
--> state_config_merge.ads:8:49

 info: initialization of "Used" proved
--> state_config_merge.ads:8:67

 info: initialization of "Status" proved
--> state_config_merge.ads:8:87

 info: data dependencies proved
--> state_config_merge.ads:8:114
 info: implicit aspect Always_Terminates on "Decide" has been proved, subprogram will terminate
--> state_kernel_maintenance.ads:14:13

 info: data dependencies proved
--> state_kernel_maintenance.ads:14:51
 info: overflow check proved (CVC5: 2 VC in max 0.0 seconds and 1 step)
--> state_time_integrity.adb:21:79

 info: overflow check proved (CVC5: 2 VC in max 0.0 seconds and 1 step)
--> state_time_integrity.adb:24:85

 info: implicit aspect Always_Terminates on "Evaluate" has been proved, subprogram will terminate
--> state_time_integrity.ads:18:13

 info: data dependencies proved
--> state_time_integrity.ads:18:64

 info: implicit aspect Always_Terminates on "May_Issue_Wall_Clock_Credential" has been proved, subprogram will terminate
--> state_time_integrity.ads:19:13

 info: data dependencies proved
--> state_time_integrity.ads:19:77

 info: implicit aspect Always_Terminates on "May_Run_Monotonic_Lease" has been proved, subprogram will terminate
--> state_time_integrity.ads:20:13

 info: data dependencies proved
--> state_time_integrity.ads:20:99
 info: overflow check proved (CVC5: 2 VC in max 0.0 seconds and 177 steps)
--> state_node_lifecycle.adb:53:32

 info: implicit aspect Always_Terminates on "Valid" has been proved, subprogram will terminate
--> state_node_lifecycle.ads:24:13

 info: data dependencies proved
--> state_node_lifecycle.ads:24:51

 info: initialization of "Status" proved
--> state_node_lifecycle.ads:25:65

 info: data dependencies proved
--> state_node_lifecycle.ads:26:11

 info: postcondition proved (CVC5: 2 VC in max 0.0 seconds and 289 steps; Trivial: 2 VC in max 0.0 seconds and 2 steps)
--> state_node_lifecycle.ads:27:16

 info: overflow check proved (CVC5: 2 VC in max 0.0 seconds and 46 steps)
--> state_node_lifecycle.ads:28:68
 info: no contextual analysis of "Decimal" (object renaming)
--> state_config.adb:10:04

 info: initialization of "Value" proved
--> state_config.adb:10:38

 info: initialization of "Status" proved
--> state_config.adb:10:59

 info: initialization of "D" proved
--> state_config.adb:11:07

 info: index check proved (CVC5: 2 VC in max 0.0 seconds and 1 step)
--> state_config.adb:15:44

 info: cannot unroll loop (too many loop iterations) [info-unrolling-inlining]
--> state_config.adb:16:21

 info: range check proved (CVC5: 2 VC in max 0.0 seconds and 1 step)
--> state_config.adb:18:31

 info: overflow check proved (CVC5: 2 VC in max 0.0 seconds and 1 step)
--> state_config.adb:19:34

 info: division check proved (CVC5: 1 VC in max 0.0 seconds and 1 step)
--> state_config.adb:19:37

 info: overflow check proved (CVC5: 2 VC in max 0.0 seconds and 1 step)
--> state_config.adb:20:24

 info: overflow check proved (CVC5: 2 VC in max 0.0 seconds and 1 step)
--> state_config.adb:20:27

 info: local subprogram "Identify" only analyzed in the context of calls [info-unrolling-inlining]
--> state_config.adb:24:14
      + add a contract to analyze it separately from calling contexts

 info: initialization of "K" proved
--> state_config.adb:24:39

 info: initialization of "Good" proved
--> state_config.adb:24:52

 info: range check proved (CVC5: 4 VC in max 0.0 seconds and 1 step), in call inlined at state_config.adb:59
--> state_config.adb:27:10

 info: range check proved (CVC5: 4 VC in max 0.0 seconds and 1 step), in call inlined at state_config.adb:59
--> state_config.adb:28:13

 info: range check proved (CVC5: 4 VC in max 0.0 seconds and 1 step), in call inlined at state_config.adb:59
--> state_config.adb:29:13

 info: range check proved (CVC5: 4 VC in max 0.0 seconds and 1 step), in call inlined at state_config.adb:59
--> state_config.adb:30:13

 info: range check proved (CVC5: 4 VC in max 0.0 seconds and 1 step), in call inlined at state_config.adb:59
--> state_config.adb:31:13

 info: range check proved (CVC5: 4 VC in max 0.0 seconds and 1 step), in call inlined at state_config.adb:59
--> state_config.adb:32:13

 info: range check proved (CVC5: 4 VC in max 0.0 seconds and 1 step), in call inlined at state_config.adb:59
--> state_config.adb:33:13

 info: range check proved (CVC5: 4 VC in max 0.0 seconds and 1 step), in call inlined at state_config.adb:59
--> state_config.adb:34:13

 info: range check proved (CVC5: 4 VC in max 0.0 seconds and 1 step), in call inlined at state_config.adb:59
--> state_config.adb:35:13

 info: range check proved (CVC5: 4 VC in max 0.0 seconds and 4 steps), in call inlined at state_config.adb:59
--> state_config.adb:36:13

 info: range check proved (CVC5: 4 VC in max 0.0 seconds and 17 steps), in call inlined at state_config.adb:59
--> state_config.adb:37:13

 info: range check proved (CVC5: 4 VC in max 0.0 seconds and 33 steps), in call inlined at state_config.adb:59
--> state_config.adb:38:13

 info: initialization of "Start" proved
--> state_config.adb:43:07

 info: initialization of "Separator" proved
--> state_config.adb:43:14

 info: initialization of "K" proved
--> state_config.adb:44:07

 info: initialization of "Good" proved
--> state_config.adb:45:07

 info: initialization of "N" proved
--> state_config.adb:46:07

 info: initialization of "S" proved
--> state_config.adb:47:07

 info: initialization of "Candidate" proved
--> state_config.adb:48:07

 info: index check proved (CVC5: 2 VC in max 0.0 seconds and 1 step)
--> state_config.adb:52:19

 info: loop invariant preservation proved (CVC5: 3 VC in max 0.0 seconds and 359 steps)
--> state_config.adb:55:32

 info: loop invariant initialization proved (CVC5: 3 VC in max 0.0 seconds and 1 step)
--> state_config.adb:55:32

 info: overflow check proved (CVC5: 4 VC in max 0.0 seconds and 270 steps)
--> state_config.adb:56:63

 info: overflow check proved (CVC5: 2 VC in max 0.0 seconds and 1 step)
--> state_config.adb:58:17

 info: overflow check proved (CVC5: 2 VC in max 0.0 seconds and 1 step)
--> state_config.adb:58:79

 info: analyzing call to "Identify" in context
--> state_config.adb:59:13

 info: range check proved (CVC5: 4 VC in max 0.0 seconds and 1 step)
--> state_config.adb:59:13

 info: overflow check proved (CVC5: 2 VC in max 0.0 seconds and 1 step)
--> state_config.adb:59:43

 info: range check proved (CVC5: 4 VC in max 0.0 seconds and 172 steps)
--> state_config.adb:63:39

 info: overflow check proved (CVC5: 2 VC in max 0.0 seconds and 163 steps)
--> state_config.adb:63:53

 info: overflow check proved (CVC5: 2 VC in max 0.0 seconds and 1 step)
--> state_config.adb:63:58

 info: initialization of "ID" proved
--> state_config.adb:67:30

 info: range check proved (CVC5: 2 VC in max 0.0 seconds and 238 steps)
--> state_config.adb:81:39

 info: predicate check proved (CVC5: 1 VC in max 0.0 seconds and 244 steps)
--> state_config.adb:81:39

 info: range check proved (CVC5: 2 VC in max 0.0 seconds and 1 step)
--> state_config.adb:86:63

 info: range check proved (CVC5: 2 VC in max 0.0 seconds and 238 steps)
--> state_config.adb:86:71

 info: range check proved (CVC5: 2 VC in max 0.0 seconds and 1 step)
--> state_config.adb:89:61

 info: range check proved (CVC5: 2 VC in max 0.0 seconds and 245 steps)
--> state_config.adb:89:69

 info: range check proved (CVC5: 2 VC in max 0.0 seconds and 1 step)
--> state_config.adb:92:63

 info: range check proved (CVC5: 2 VC in max 0.0 seconds and 253 steps)
--> state_config.adb:92:71

 info: range check proved (CVC5: 2 VC in max 0.0 seconds and 1 step)
--> state_config.adb:95:63

 info: range check proved (CVC5: 2 VC in max 0.0 seconds and 261 steps)
--> state_config.adb:95:71

 info: range check proved (CVC5: 2 VC in max 0.0 seconds and 1 step)
--> state_config.adb:98:60

 info: range check proved (CVC5: 2 VC in max 0.0 seconds and 248 steps)
--> state_config.adb:98:68

 info: overflow check proved (CVC5: 2 VC in max 0.0 seconds and 345 steps)
--> state_config.adb:102:23

 info: unrolling loop [info-unrolling-inlining]
--> state_config.adb:109:27

 info: initialization of "Value" proved
--> state_config.ads:16:36

 info: initialization of "Status" proved
--> state_config.ads:16:63

 info: data dependencies proved
--> state_config.ads:17:11
 info: unrolling loop [info-unrolling-inlining]
--> state_healing_request.adb:12:24

 info: precondition proved (CVC5: 3 VC in max 0.0 seconds and 1 step)
--> state_healing_request.adb:15:15

 info: precondition proved (CVC5: 1 VC in max 0.0 seconds and 427 steps)
--> state_healing_request.adb:16:29

 info: range check proved (CVC5: 4 VC in max 0.0 seconds and 1 step)
--> state_healing_request.adb:16:35

 info: initialization of "F" proved
--> state_healing_request.adb:19:07

 info: length check proved (CVC5: 3 VC in max 0.0 seconds and 1 step)
--> state_healing_request.adb:21:93

 info: unrolling loop [info-unrolling-inlining]
--> state_healing_request.adb:22:24

 info: range check proved (CVC5: 4 VC in max 0.0 seconds and 1 step)
--> state_healing_request.adb:23:10

 info: precondition proved (CVC5: 1 VC in max 0.0 seconds and 1 step)
--> state_healing_request.adb:23:32

 info: range check proved (CVC5: 4 VC in max 0.0 seconds and 1 step)
--> state_healing_request.adb:23:38

 info: precondition proved (CVC5: 3 VC in max 0.0 seconds and 1 step)
--> state_healing_request.adb:24:59

 info: range check proved (CVC5: 4 VC in max 0.0 seconds and 1 step)
--> state_healing_request.adb:25:22

 info: range check proved (CVC5: 4 VC in max 0.0 seconds and 1 step)
--> state_healing_request.adb:25:50

 info: range check proved (CVC5: 4 VC in max 0.0 seconds and 1 step)
--> state_healing_request.adb:25:80

 info: range check proved (CVC5: 4 VC in max 0.0 seconds and 1 step)
--> state_healing_request.adb:26:18

 info: range check proved (CVC5: 4 VC in max 0.0 seconds and 1 step)
--> state_healing_request.adb:26:46

 info: precondition proved (CVC5: 3 VC in max 0.0 seconds and 1 step)
--> state_healing_request.adb:26:96

 info: range check proved (CVC5: 2 VC in max 0.0 seconds and 22 steps)
--> state_healing_request.adb:26:96

 info: range check proved (CVC5: 2 VC in max 0.0 seconds and 49 steps)
--> state_healing_request.adb:27:29

 info: range check proved (CVC5: 4 VC in max 0.0 seconds and 1 step)
--> state_healing_request.adb:27:56

 info: implicit aspect Always_Terminates on "Valid" has been proved, subprogram will terminate
--> state_healing_request.ads:12:13

 info: data dependencies proved
--> state_healing_request.ads:12:49

 info: implicit aspect Always_Terminates on "Encode" has been proved, subprogram will terminate
--> state_healing_request.ads:13:13

 info: data dependencies proved
--> state_healing_request.ads:13:48

 info: initialization of "P" proved
--> state_healing_request.ads:14:32

 info: initialization of "Status" proved
--> state_healing_request.ads:14:46

 info: data dependencies proved
--> state_healing_request.ads:14:73
 info: precondition proved (CVC5: 3 VC in max 0.0 seconds and 1 step)
--> state_network_change.adb:24:15

 info: precondition proved (CVC5: 3 VC in max 0.0 seconds and 1 step)
--> state_network_change.adb:24:57

 info: precondition proved (CVC5: 3 VC in max 0.0 seconds and 1 step)
--> state_network_change.adb:25:15

 info: precondition proved (CVC5: 3 VC in max 0.0 seconds and 1 step)
--> state_network_change.adb:25:59

 info: precondition proved (CVC5: 3 VC in max 0.0 seconds and 1 step)
--> state_network_change.adb:26:15

 info: precondition proved (CVC5: 1 VC in max 0.0 seconds and 1494 steps)
--> state_network_change.adb:27:61

 info: initialization of "Bound_Checkpoint" proved
--> state_network_change.adb:45:07

 info: local subprogram "Send" only analyzed in the context of calls [info-unrolling-inlining]
--> state_network_change.adb:46:17
      + add a contract to analyze it separately from calling contexts

 info: initialization of "D" proved, in call inlined at state_network_change.adb:134
--> state_network_change.adb:47:48

 info: initialization of "D" proved, in call inlined at state_network_change.adb:148
--> state_network_change.adb:47:48

 info: initialization of "D" proved, in call inlined at state_network_change.adb:102
--> state_network_change.adb:47:48

 info: initialization of "D" proved, in call inlined at state_network_change.adb:85
--> state_network_change.adb:47:48

 info: initialization of "D" proved
--> state_network_change.adb:47:48

 info: precondition proved (CVC5: 3 VC in max 0.0 seconds and 160 steps), in call inlined at state_network_change.adb:85
--> state_network_change.adb:50:46

 info: precondition proved (CVC5: 3 VC in max 0.0 seconds and 219 steps), in call inlined at state_network_change.adb:102
--> state_network_change.adb:50:46

 info: precondition proved (CVC5: 3 VC in max 0.0 seconds and 279 steps), in call inlined at state_network_change.adb:134
--> state_network_change.adb:50:46

 info: precondition proved (CVC5: 3 VC in max 0.0 seconds and 249 steps), in call inlined at state_network_change.adb:148
--> state_network_change.adb:50:46

 info: overflow check proved (CVC5: 2 VC in max 0.0 seconds and 375 steps), in call inlined at state_network_change.adb:85
--> state_network_change.adb:50:75

 info: range check proved (CVC5: 1 VC in max 0.0 seconds and 387 steps), in call inlined at state_network_change.adb:85
--> state_network_change.adb:50:75

 info: overflow check proved (CVC5: 2 VC in max 0.0 seconds and 445 steps), in call inlined at state_network_change.adb:102
--> state_network_change.adb:50:75

 info: range check proved (CVC5: 1 VC in max 0.0 seconds and 457 steps), in call inlined at state_network_change.adb:102
--> state_network_change.adb:50:75

 info: overflow check proved (CVC5: 2 VC in max 0.0 seconds and 508 steps), in call inlined at state_network_change.adb:134
--> state_network_change.adb:50:75

 info: range check proved (CVC5: 1 VC in max 0.0 seconds and 520 steps), in call inlined at state_network_change.adb:134
--> state_network_change.adb:50:75

 info: overflow check proved (CVC5: 2 VC in max 0.0 seconds and 470 steps), in call inlined at state_network_change.adb:148
--> state_network_change.adb:50:75

 info: range check proved (CVC5: 1 VC in max 0.0 seconds and 484 steps), in call inlined at state_network_change.adb:148
--> state_network_change.adb:50:75

 info: precondition proved (CVC5: 1 VC in max 0.0 seconds and 750 steps), in call inlined at state_network_change.adb:85
--> state_network_change.adb:51:58

 info: precondition proved (CVC5: 1 VC in max 0.0 seconds and 819 steps), in call inlined at state_network_change.adb:102
--> state_network_change.adb:51:58

 info: precondition proved (CVC5: 1 VC in max 0.0 seconds and 884 steps), in call inlined at state_network_change.adb:134
--> state_network_change.adb:51:58

 info: precondition proved (CVC5: 1 VC in max 0.0 seconds and 853 steps), in call inlined at state_network_change.adb:148
--> state_network_change.adb:51:58

 info: range check proved (CVC5: 4 VC in max 0.0 seconds and 1 step), in call inlined at state_network_change.adb:85
--> state_network_change.adb:51:87

 info: range check proved (CVC5: 4 VC in max 0.0 seconds and 1 step), in call inlined at state_network_change.adb:102
--> state_network_change.adb:51:87

 info: range check proved (CVC5: 4 VC in max 0.0 seconds and 1 step), in call inlined at state_network_change.adb:134
--> state_network_change.adb:51:87

 info: range check proved (CVC5: 4 VC in max 0.0 seconds and 1 step), in call inlined at state_network_change.adb:148
--> state_network_change.adb:51:87

 info: implicit aspect Always_Terminates on "Correlated" has been proved, subprogram will terminate
--> state_network_change.adb:53:16

 info: implicit aspect Always_Terminates on "Healthy" has been proved, subprogram will terminate
--> state_network_change.adb:56:16

 info: overflow check proved (CVC5: 2 VC in max 0.0 seconds and 170 steps)
--> state_network_change.adb:68:29

 info: range check proved (CVC5: 2 VC in max 0.0 seconds and 1 step)
--> state_network_change.adb:80:30

 info: overflow check proved (CVC5: 2 VC in max 0.0 seconds and 271 steps)
--> state_network_change.adb:83:36

 info: analyzing call to "Send" in context
--> state_network_change.adb:85:16

 info: overflow check proved (CVC5: 2 VC in max 0.0 seconds and 387 steps)
--> state_network_change.adb:92:45

 info: overflow check proved (CVC5: 2 VC in max 0.0 seconds and 316 steps)
--> state_network_change.adb:100:45

 info: overflow check proved (CVC5: 2 VC in max 0.0 seconds and 1 step)
--> state_network_change.adb:101:45

 info: overflow check proved (CVC5: 2 VC in max 0.0 seconds and 96 steps)
--> state_network_change.adb:101:51

 info: analyzing call to "Send" in context
--> state_network_change.adb:102:16

 info: overflow check proved (CVC5: 2 VC in max 0.0 seconds and 377 steps)
--> state_network_change.adb:122:57

 info: range check proved (CVC5: 2 VC in max 0.0 seconds and 405 steps)
--> state_network_change.adb:124:68

 info: overflow check proved (CVC5: 2 VC in max 0.0 seconds and 347 steps)
--> state_network_change.adb:130:31

 info: overflow check proved (CVC5: 2 VC in max 0.0 seconds and 370 steps)
--> state_network_change.adb:131:40

 info: overflow check proved (CVC5: 2 VC in max 0.0 seconds and 402 steps)
--> state_network_change.adb:132:82

 info: analyzing call to "Send" in context
--> state_network_change.adb:134:16

 info: analyzing call to "Send" in context
--> state_network_change.adb:148:19

 info: overflow check proved (CVC5: 2 VC in max 0.0 seconds and 1432 steps)
--> state_network_change.adb:159:87

 info: precondition proved (CVC5: 3 VC in max 0.0 seconds and 1 step)
--> state_network_change.adb:168:15

 info: precondition proved (CVC5: 3 VC in max 0.0 seconds and 1 step)
--> state_network_change.adb:168:56

 info: precondition proved (CVC5: 3 VC in max 0.0 seconds and 1 step)
--> state_network_change.adb:169:15

 info: precondition proved (CVC5: 3 VC in max 0.0 seconds and 1 step)
--> state_network_change.adb:170:42

 info: precondition proved (CVC5: 3 VC in max 0.0 seconds and 1 step)
--> state_network_change.adb:171:47

 info: precondition proved (CVC5: 3 VC in max 0.0 seconds and 1 step)
--> state_network_change.adb:172:15

 info: precondition proved (CVC5: 3 VC in max 0.0 seconds and 1 step)
--> state_network_change.adb:172:61

 info: precondition proved (CVC5: 1 VC in max 0.0 seconds and 2102 steps)
--> state_network_change.adb:173:32

 info: range check proved (CVC5: 4 VC in max 0.0 seconds and 1 step)
--> state_network_change.adb:173:39

 info: initialization of "F" proved
--> state_network_change.adb:176:07

 info: initialization of "T" proved
--> state_network_change.adb:176:18

 info: length check proved (CVC5: 3 VC in max 0.0 seconds and 1 step)
--> state_network_change.adb:180:103

 info: range check proved (CVC5: 4 VC in max 0.0 seconds and 1 step)
--> state_network_change.adb:181:10

 info: range check proved (CVC5: 4 VC in max 0.0 seconds and 1 step)
--> state_network_change.adb:182:10

 info: precondition proved (CVC5: 1 VC in max 0.0 seconds and 1 step)
--> state_network_change.adb:182:35

 info: range check proved (CVC5: 4 VC in max 0.0 seconds and 1 step)
--> state_network_change.adb:182:42

 info: loop invariant initialization proved (CVC5: 1 VC in max 0.0 seconds and 1 step)
--> state_network_change.adb:185:32

 info: loop invariant preservation proved (CVC5: 1 VC in max 0.0 seconds and 429 steps)
--> state_network_change.adb:185:32

 info: overflow check proved (CVC5: 4 VC in max 0.0 seconds and 1 step)
--> state_network_change.adb:185:63

 info: precondition proved (CVC5: 6 VC in max 0.0 seconds and 477 steps)
--> state_network_change.adb:185:77

 info: index check proved (CVC5: 4 VC in max 0.0 seconds and 1 step)
--> state_network_change.adb:185:94

 info: precondition proved (CVC5: 3 VC in max 0.0 seconds and 91 steps)
--> state_network_change.adb:186:21

 info: index check proved (CVC5: 2 VC in max 0.0 seconds and 1 step)
--> state_network_change.adb:186:38

 info: range check proved (CVC5: 4 VC in max 0.0 seconds and 1 step)
--> state_network_change.adb:188:24

 info: range check proved (CVC5: 2 VC in max 0.0 seconds and 1 step)
--> state_network_change.adb:188:59

 info: precondition proved (CVC5: 3 VC in max 0.0 seconds and 1 step)
--> state_network_change.adb:189:38

 info: range check proved (CVC5: 2 VC in max 0.0 seconds and 783 steps)
--> state_network_change.adb:189:38

 info: precondition proved (CVC5: 3 VC in max 0.0 seconds and 1 step)
--> state_network_change.adb:189:83

 info: range check proved (CVC5: 1 VC in max 0.0 seconds and 1 step; Z3: 1 VC in max 0.0 seconds and 1 step)
--> state_network_change.adb:189:83

 info: precondition proved (CVC5: 3 VC in max 0.0 seconds and 1 step)
--> state_network_change.adb:190:38

 info: range check proved (CVC5: 1 VC in max 0.0 seconds and 1 step; Z3: 1 VC in max 0.0 seconds and 1 step)
--> state_network_change.adb:190:38

 info: range check proved (CVC5: 4 VC in max 0.0 seconds and 1 step)
--> state_network_change.adb:190:68

 info: range check proved (CVC5: 4 VC in max 0.0 seconds and 1 step)
--> state_network_change.adb:190:94

 info: precondition proved (CVC5: 3 VC in max 0.0 seconds and 1 step)
--> state_network_change.adb:191:47

 info: range check proved (CVC5: 1 VC in max 0.0 seconds and 1 step; Z3: 1 VC in max 0.0 seconds and 103 steps)
--> state_network_change.adb:191:47

 info: range check proved (CVC5: 4 VC in max 0.0 seconds and 1 step)
--> state_network_change.adb:191:80

 info: precondition proved (CVC5: 3 VC in max 0.0 seconds and 1 step)
--> state_network_change.adb:192:39

 info: range check proved (CVC5: 1 VC in max 0.0 seconds and 10 steps; Z3: 1 VC in max 0.0 seconds and 149 steps)
--> state_network_change.adb:192:39

 info: precondition proved (CVC5: 3 VC in max 0.0 seconds and 1 step)
--> state_network_change.adb:192:89

 info: range check proved (CVC5: 1 VC in max 0.0 seconds and 33 steps; Z3: 1 VC in max 0.0 seconds and 200 steps)
--> state_network_change.adb:192:89

 info: precondition proved (CVC5: 3 VC in max 0.0 seconds and 1 step)
--> state_network_change.adb:193:43

 info: range check proved (CVC5: 1 VC in max 0.0 seconds and 58 steps; Z3: 1 VC in max 0.0 seconds and 250 steps)
--> state_network_change.adb:193:43

 info: precondition proved (CVC5: 1 VC in max 0.0 seconds and 363 steps)
--> state_network_change.adb:194:32

 info: implicit aspect Always_Terminates on "Valid" has been proved, subprogram will terminate
--> state_network_change.ads:41:13

 info: data dependencies proved
--> state_network_change.ads:41:52

 info: implicit aspect Always_Terminates on "Commitment" has been proved, subprogram will terminate
--> state_network_change.ads:42:13

 info: data dependencies proved
--> state_network_change.ads:42:56

 info: implicit aspect Always_Terminates on "Valid" has been proved, subprogram will terminate
--> state_network_change.ads:43:13

 info: data dependencies proved
--> state_network_change.ads:43:51

 info: initialization of "S" proved
--> state_network_change.ads:44:38

 info: initialization of "Status" proved
--> state_network_change.ads:44:53

 info: data dependencies proved
--> state_network_change.ads:44:80

 info: initialization of "Effect" proved
--> state_network_change.ads:46:07

 info: initialization of "Status" proved
--> state_network_change.ads:46:28

 info: data dependencies proved
--> state_network_change.ads:46:55

 info: postcondition proved (CVC5: 2 VC in max 0.0 seconds and 1773 steps; Trivial: 1 VC in max 0.0 seconds and 2 steps)
--> state_network_change.ads:47:15

 info: implicit aspect Always_Terminates on "Encode" has been proved, subprogram will terminate
--> state_network_change.ads:48:13

 info: data dependencies proved
--> state_network_change.ads:48:50

 info: initialization of "S" proved
--> state_network_change.ads:49:33

 info: initialization of "Status" proved
--> state_network_change.ads:49:48

 info: data dependencies proved
--> state_network_change.ads:49:75
 info: implicit aspect Always_Terminates on "Enough" has been proved, subprogram will terminate
--> state_capacity_guard.adb:3:13

 info: initialization of "Available" proved
--> state_capacity_guard.adb:4:07

 info: initialization of "Projected" proved
--> state_capacity_guard.adb:5:07

 info: overflow check proved (CVC5: 2 VC in max 0.0 seconds and 1 step)
--> state_capacity_guard.adb:7:48

 info: overflow check proved (CVC5: 2 VC in max 0.0 seconds and 1 step)
--> state_capacity_guard.adb:8:26

 info: range check proved (CVC5: 2 VC in max 0.0 seconds and 1 step)
--> state_capacity_guard.adb:8:26

 info: overflow check proved (CVC5: 2 VC in max 0.0 seconds and 1 step)
--> state_capacity_guard.adb:9:30

 info: division check proved (CVC5: 1 VC in max 0.0 seconds and 1 step)
--> state_capacity_guard.adb:11:42

 info: overflow check proved (CVC5: 2 VC in max 0.0 seconds and 1 step)
--> state_capacity_guard.adb:13:25

 info: overflow check proved (CVC5: 2 VC in max 0.0 seconds and 590189 steps)
--> state_capacity_guard.adb:14:43

 info: no contextual analysis of "Enough" (in potentially unevaluated context)
--> state_capacity_guard.adb:19:16

 info: no contextual analysis of "Enough" (in potentially unevaluated context)
--> state_capacity_guard.adb:21:16

 info: no contextual analysis of "Enough" (in potentially unevaluated context)
--> state_capacity_guard.adb:23:16

 info: no contextual analysis of "Enough" (in potentially unevaluated context)
--> state_capacity_guard.adb:25:16

 info: implicit aspect Always_Terminates on "Safe" has been proved, subprogram will terminate
--> state_capacity_guard.ads:18:13

 info: data dependencies proved
--> state_capacity_guard.ads:18:62
 info: implicit aspect Always_Terminates on "Meets" has been proved, subprogram will terminate
--> state_recovery_objective.ads:16:13

 info: data dependencies proved
--> state_recovery_objective.ads:16:66
 info: initialization of "A" proved
--> state_host_admission.adb:36:07

 info: overflow check proved (CVC5: 2 VC in max 0.0 seconds and 1 step)
--> state_host_admission.adb:47:29

 info: overflow check proved (CVC5: 2 VC in max 0.0 seconds and 1 step)
--> state_host_admission.adb:48:20

 info: cannot unroll loop (too many loop iterations) [info-unrolling-inlining]
--> state_host_admission.adb:52:24

 info: implicit aspect Always_Terminates on "Required" has been proved, subprogram will terminate
--> state_host_admission.ads:39:13

 info: data dependencies proved
--> state_host_admission.ads:40:11

 info: implicit aspect Always_Terminates on "Evaluate" has been proved, subprogram will terminate
--> state_host_admission.ads:41:13

 info: data dependencies proved
--> state_host_admission.ads:42:58
 info: initialization of "Replica_Count" proved
--> state_cluster_safety.adb:5:07

 info: loop invariant initialization proved (CVC5: 3 VC in max 0.0 seconds and 1 step)
--> state_cluster_safety.adb:9:32

 info: loop invariant preservation proved (CVC5: 3 VC in max 0.0 seconds and 18 steps)
--> state_cluster_safety.adb:9:32

 info: loop invariant initialization proved (CVC5: 1 VC in max 0.0 seconds and 1 step; Trivial: 1 VC in max 0.0 seconds and 2 steps)
--> state_cluster_safety.adb:11:32

 info: loop invariant preservation proved (CVC5: 1 VC in max 0.0 seconds and 80 steps; Trivial: 1 VC in max 0.0 seconds and 2 steps)
--> state_cluster_safety.adb:11:32

 info: index check proved (CVC5: 4 VC in max 0.0 seconds and 1 step)
--> state_cluster_safety.adb:12:24

 info: index check proved (CVC5: 4 VC in max 0.0 seconds and 1 step)
--> state_cluster_safety.adb:12:47

 info: overflow check proved (CVC5: 2 VC in max 0.0 seconds and 1 step)
--> state_cluster_safety.adb:14:25

 info: overflow check proved (CVC5: 2 VC in max 0.0 seconds and 1 step)
--> state_cluster_safety.adb:18:33

 info: overflow check proved (CVC5: 2 VC in max 0.0 seconds and 1 step)
--> state_cluster_safety.adb:18:77

 info: cannot unroll loop (too many loop iterations) [info-unrolling-inlining]
--> state_cluster_safety.adb:19:44

 info: loop invariant initialization proved (CVC5: 1 VC in max 0.0 seconds and 1 step)
--> state_cluster_safety.adb:29:32

 info: loop invariant preservation proved (CVC5: 1 VC in max 0.0 seconds and 71 steps)
--> state_cluster_safety.adb:29:32

 info: overflow check proved (CVC5: 2 VC in max 0.0 seconds and 1 step)
--> state_cluster_safety.adb:32:31

 info: cannot unroll loop (too many loop iterations) [info-unrolling-inlining]
--> state_cluster_safety.adb:33:47

 info: loop invariant preservation proved (CVC5: 1 VC in max 0.0 seconds and 49 steps)
--> state_cluster_safety.adb:38:35

 info: loop invariant initialization proved (CVC5: 1 VC in max 0.0 seconds and 1 step)
--> state_cluster_safety.adb:38:35

 info: overflow check proved (CVC5: 2 VC in max 0.0 seconds and 1 step)
--> state_cluster_safety.adb:41:44

 info: implicit aspect Always_Terminates on "Survives" has been proved, subprogram will terminate
--> state_cluster_safety.adb:50:13

 info: initialization of "Available" proved
--> state_cluster_safety.adb:54:07

 info: initialization of "Unavailable" proved
--> state_cluster_safety.adb:54:18

 info: initialization of "Domains" proved
--> state_cluster_safety.adb:54:31

 info: initialization of "Seen" proved
--> state_cluster_safety.adb:55:07

 info: loop invariant preservation proved (CVC5: 4 VC in max 0.1 seconds and 1 step)
--> state_cluster_safety.adb:58:32

 info: loop invariant initialization proved (CVC5: 4 VC in max 0.0 seconds and 1 step)
--> state_cluster_safety.adb:58:32

 info: overflow check proved (CVC5: 2 VC in max 0.0 seconds and 1 step)
--> state_cluster_safety.adb:60:30

 info: overflow check proved (CVC5: 2 VC in max 0.0 seconds and 1 step)
--> state_cluster_safety.adb:60:74

 info: overflow check proved (CVC5: 2 VC in max 0.0 seconds and 1 step)
--> state_cluster_safety.adb:63:33

 info: overflow check proved (CVC5: 2 VC in max 0.0 seconds and 1 step)
--> state_cluster_safety.adb:63:77

 info: division check proved (CVC5: 1 VC in max 0.0 seconds and 1 step)
--> state_cluster_safety.adb:66:30

 info: division check proved (CVC5: 1 VC in max 0.0 seconds and 1 step)
--> state_cluster_safety.adb:66:61

 info: loop invariant initialization proved (CVC5: 2 VC in max 0.0 seconds and 1 step)
--> state_cluster_safety.adb:71:13

 info: loop invariant preservation proved (CVC5: 2 VC in max 0.0 seconds and 1 step)
--> state_cluster_safety.adb:71:13

 info: division check proved (CVC5: 2 VC in max 0.0 seconds and 1 step)
--> state_cluster_safety.adb:71:32

 info: division check proved (CVC5: 2 VC in max 0.0 seconds and 1 step)
--> state_cluster_safety.adb:71:63

 info: loop invariant initialization proved (CVC5: 2 VC in max 0.0 seconds and 1 step)
--> state_cluster_safety.adb:76:38

 info: loop invariant preservation proved (CVC5: 2 VC in max 0.1 seconds and 4 steps)
--> state_cluster_safety.adb:76:38

 info: overflow check proved (CVC5: 2 VC in max 0.0 seconds and 1 step)
--> state_cluster_safety.adb:79:42

 info: index check proved (CVC5: 2 VC in max 0.1 seconds and 78 steps)
--> state_cluster_safety.adb:79:61

 info: overflow check proved (CVC5: 2 VC in max 0.1 seconds and 1 step)
--> state_cluster_safety.adb:80:48

 info: loop invariant initialization proved (CVC5: 1 VC in max 0.1 seconds and 1 step)
--> state_cluster_safety.adb:84:38

 info: loop invariant preservation proved (CVC5: 1 VC in max 0.1 seconds and 75 steps)
--> state_cluster_safety.adb:84:38

 info: overflow check proved (CVC5: 2 VC in max 0.1 seconds and 1 step)
--> state_cluster_safety.adb:85:48

 info: initialization of "D" proved
--> state_cluster_safety.adb:94:07

 info: initialization of "Removed" proved
--> state_cluster_safety.adb:94:21

 info: initialization of "Has_Domain" proved
--> state_cluster_safety.adb:95:07

 info: cannot unroll loop (too many loop iterations) [info-unrolling-inlining]
--> state_cluster_safety.adb:103:27

 info: precondition proved (CVC5: 1 VC in max 0.0 seconds and 1 step; Trivial: 1 VC in max 0.0 seconds and 2 steps)
--> state_cluster_safety.adb:107:10

 info: cannot unroll loop (too many loop iterations) [info-unrolling-inlining]
--> state_cluster_safety.adb:109:30

 info: precondition proved (CVC5: 1 VC in max 0.0 seconds and 1 step; Trivial: 1 VC in max 0.0 seconds and 2 steps)
--> state_cluster_safety.adb:112:19

 info: cannot unroll loop (too many loop iterations) [info-unrolling-inlining]
--> state_cluster_safety.adb:117:36

 info: cannot unroll loop (too many loop iterations) [info-unrolling-inlining]
--> state_cluster_safety.adb:119:33

 info: precondition proved (CVC5: 1 VC in max 0.0 seconds and 1 step; Trivial: 1 VC in max 0.0 seconds and 2 steps)
--> state_cluster_safety.adb:125:36

 info: implicit aspect Always_Terminates on "Valid" has been proved, subprogram will terminate
--> state_cluster_safety.ads:46:13

 info: data dependencies proved
--> state_cluster_safety.ads:46:49

 info: postcondition proved (CVC5: 1 VC in max 0.0 seconds and 418 steps; Trivial: 2 VC in max 0.0 seconds and 2 steps)
--> state_cluster_safety.ads:47:14

 info: implicit aspect Always_Terminates on "Admit" has been proved, subprogram will terminate
--> state_cluster_safety.ads:49:13

 info: data dependencies proved
--> state_cluster_safety.ads:49:83
 info: implicit aspect Always_Terminates on "Evaluate" has been proved, subprogram will terminate
--> state_network_integrity.ads:14:13

 info: data dependencies proved
--> state_network_integrity.ads:14:53
 info: precondition proved (CVC5: 3 VC in max 0.0 seconds and 1 step)
--> state_disaster.adb:13:15

 info: precondition proved (CVC5: 3 VC in max 0.0 seconds and 1 step)
--> state_disaster.adb:13:64

 info: precondition proved (CVC5: 3 VC in max 0.0 seconds and 1 step)
--> state_disaster.adb:14:15

 info: precondition proved (CVC5: 3 VC in max 0.0 seconds and 1 step)
--> state_disaster.adb:14:63

 info: precondition proved (CVC5: 3 VC in max 0.0 seconds and 1 step)
--> state_disaster.adb:15:15

 info: precondition proved (CVC5: 3 VC in max 0.0 seconds and 1 step)
--> state_disaster.adb:15:63

 info: precondition proved (CVC5: 3 VC in max 0.0 seconds and 1 step)
--> state_disaster.adb:16:15

 info: precondition proved (CVC5: 3 VC in max 0.0 seconds and 1 step)
--> state_disaster.adb:16:63

 info: precondition proved (CVC5: 3 VC in max 0.0 seconds and 26 steps)
--> state_disaster.adb:20:15

 info: precondition proved (CVC5: 3 VC in max 0.0 seconds and 59 steps)
--> state_disaster.adb:20:72

 info: precondition proved (CVC5: 3 VC in max 0.0 seconds and 94 steps)
--> state_disaster.adb:21:15

 info: precondition proved (CVC5: 3 VC in max 0.0 seconds and 130 steps)
--> state_disaster.adb:22:15

 info: precondition proved (CVC5: 3 VC in max 0.0 seconds and 167 steps)
--> state_disaster.adb:23:15

 info: precondition proved (CVC5: 3 VC in max 0.0 seconds and 205 steps)
--> state_disaster.adb:24:15

 info: precondition proved (CVC5: 1 VC in max 0.0 seconds and 4392 steps)
--> state_disaster.adb:26:23

 info: initialization of "Members" proved
--> state_disaster.adb:47:07

 info: initialization of "Chain_Members" proved
--> state_disaster.adb:47:16

 info: initialization of "D" proved
--> state_disaster.adb:47:54

 info: range check proved (CVC5: 2 VC in max 0.1 seconds and 385 steps)
--> state_disaster.adb:81:30

 info: overflow check proved (CVC5: 2 VC in max 0.0 seconds and 486 steps)
--> state_disaster.adb:109:60

 info: overflow check proved (CVC5: 2 VC in max 0.0 seconds and 1 step)
--> state_disaster.adb:114:41

 info: range check proved (CVC5: 2 VC in max 0.0 seconds and 525 steps)
--> state_disaster.adb:115:65

 info: overflow check proved (CVC5: 2 VC in max 0.1 seconds and 588 steps)
--> state_disaster.adb:116:81

 info: overflow check proved (CVC5: 2 VC in max 0.0 seconds and 476 steps)
--> state_disaster.adb:125:45

 info: overflow check proved (CVC5: 2 VC in max 0.2 seconds and 2063 steps)
--> state_disaster.adb:131:31

 info: precondition proved (CVC5: 3 VC in max 0.0 seconds and 1 step)
--> state_disaster.adb:143:15

 info: precondition proved (CVC5: 3 VC in max 0.0 seconds and 1 step)
--> state_disaster.adb:143:54

 info: precondition proved (CVC5: 3 VC in max 0.0 seconds and 1 step)
--> state_disaster.adb:144:15

 info: precondition proved (CVC5: 3 VC in max 0.0 seconds and 1 step)
--> state_disaster.adb:144:62

 info: precondition proved (CVC5: 3 VC in max 0.0 seconds and 1 step)
--> state_disaster.adb:145:15

 info: precondition proved (CVC5: 3 VC in max 0.0 seconds and 1 step)
--> state_disaster.adb:145:57

 info: precondition proved (CVC5: 3 VC in max 0.0 seconds and 1 step)
--> state_disaster.adb:146:15

 info: precondition proved (CVC5: 3 VC in max 0.0 seconds and 1 step)
--> state_disaster.adb:146:62

 info: precondition proved (CVC5: 1 VC in max 0.0 seconds and 2428 steps)
--> state_disaster.adb:148:32

 info: range check proved (CVC5: 4 VC in max 0.0 seconds and 1 step)
--> state_disaster.adb:148:39

 info: initialization of "T" proved
--> state_disaster.adb:151:07

 info: index check proved (CVC5: 2 VC in max 0.0 seconds and 1 step)
--> state_disaster.adb:155:13

 info: unrolling loop [info-unrolling-inlining]
--> state_disaster.adb:156:21

 info: precondition proved (CVC5: 24 VC in max 0.0 seconds and 1 step)
--> state_disaster.adb:156:37

 info: range check proved (CVC5: 4 VC in max 0.0 seconds and 1 step)
--> state_disaster.adb:157:23

 info: range check proved (CVC5: 4 VC in max 0.0 seconds and 1 step)
--> state_disaster.adb:157:51

 info: range check proved (CVC5: 4 VC in max 0.0 seconds and 1 step)
--> state_disaster.adb:157:82

 info: range check proved (CVC5: 4 VC in max 0.0 seconds and 1 step)
--> state_disaster.adb:158:33

 info: range check proved (CVC5: 4 VC in max 0.0 seconds and 1 step)
--> state_disaster.adb:158:66

 info: range check proved (CVC5: 4 VC in max 0.0 seconds and 1 step)
--> state_disaster.adb:159:17

 info: range check proved (CVC5: 4 VC in max 0.0 seconds and 1 step)
--> state_disaster.adb:159:49

 info: range check proved (CVC5: 4 VC in max 0.0 seconds and 1 step)
--> state_disaster.adb:159:81

 info: range check proved (CVC5: 4 VC in max 0.0 seconds and 1 step)
--> state_disaster.adb:160:26

 info: precondition proved (CVC5: 3 VC in max 0.0 seconds and 8 steps)
--> state_disaster.adb:160:68

 info: range check proved (CVC5: 2 VC in max 0.0 seconds and 355 steps)
--> state_disaster.adb:160:68

 info: precondition proved (CVC5: 3 VC in max 0.0 seconds and 28 steps)
--> state_disaster.adb:161:38

 info: range check proved (CVC5: 2 VC in max 0.0 seconds and 393 steps)
--> state_disaster.adb:161:38

 info: precondition proved (CVC5: 3 VC in max 0.0 seconds and 48 steps)
--> state_disaster.adb:161:89

 info: range check proved (CVC5: 2 VC in max 0.0 seconds and 430 steps)
--> state_disaster.adb:161:89

 info: precondition proved (CVC5: 3 VC in max 0.0 seconds and 70 steps)
--> state_disaster.adb:162:43

 info: range check proved (CVC5: 2 VC in max 0.0 seconds and 469 steps)
--> state_disaster.adb:162:43

 info: precondition proved (CVC5: 3 VC in max 0.0 seconds and 92 steps)
--> state_disaster.adb:162:89

 info: range check proved (CVC5: 2 VC in max 0.0 seconds and 508 steps)
--> state_disaster.adb:162:89

 info: precondition proved (CVC5: 3 VC in max 0.0 seconds and 114 steps)
--> state_disaster.adb:163:44

 info: range check proved (CVC5: 2 VC in max 0.0 seconds and 547 steps)
--> state_disaster.adb:163:44

 info: precondition proved (CVC5: 3 VC in max 0.0 seconds and 138 steps)
--> state_disaster.adb:163:95

 info: range check proved (CVC5: 2 VC in max 0.0 seconds and 588 steps)
--> state_disaster.adb:163:95

 info: precondition proved (CVC5: 3 VC in max 0.0 seconds and 162 steps)
--> state_disaster.adb:164:43

 info: range check proved (CVC5: 2 VC in max 0.0 seconds and 629 steps)
--> state_disaster.adb:164:43

 info: index check proved (CVC5: 2 VC in max 0.0 seconds and 186 steps)
--> state_disaster.adb:164:83

 info: range check proved (CVC5: 2 VC in max 0.0 seconds and 693 steps)
--> state_disaster.adb:164:114

 info: index check proved (CVC5: 2 VC in max 0.0 seconds and 83 steps)
--> state_disaster.adb:164:117

 info: implicit aspect Always_Terminates on "Valid" has been proved, subprogram will terminate
--> state_disaster.ads:39:13

 info: data dependencies proved
--> state_disaster.ads:39:52

 info: implicit aspect Always_Terminates on "Valid" has been proved, subprogram will terminate
--> state_disaster.ads:40:13

 info: data dependencies proved
--> state_disaster.ads:40:51

 info: implicit aspect Always_Terminates on "Fingerprint" has been proved, subprogram will terminate
--> state_disaster.ads:41:13

 info: data dependencies proved
--> state_disaster.ads:41:57

 info: initialization of "S" proved
--> state_disaster.ads:43:34

 info: initialization of "Status" proved
--> state_disaster.ads:43:49

 info: data dependencies proved
--> state_disaster.ads:43:76

 info: initialization of "Status" proved
--> state_disaster.ads:44:67

 info: data dependencies proved
--> state_disaster.ads:45:12

 info: postcondition proved (CVC5: 2 VC in max 0.3 seconds and 2200 steps; Trivial: 2 VC in max 0.0 seconds and 2 steps; Z3: 1 VC in max 0.0 seconds and 7 steps)
--> state_disaster.ads:45:36

 info: overflow check proved (CVC5: 2 VC in max 0.3 seconds and 2218 steps)
--> state_disaster.ads:46:85

 info: implicit aspect Always_Terminates on "Encode" has been proved, subprogram will terminate
--> state_disaster.ads:48:13

 info: data dependencies proved
--> state_disaster.ads:48:50

 info: initialization of "S" proved
--> state_disaster.ads:49:33

 info: initialization of "Status" proved
--> state_disaster.ads:49:48

 info: data dependencies proved
--> state_disaster.ads:49:75
 info: implicit aspect Always_Terminates on "Evaluate" has been proved, subprogram will terminate
--> state_storage_integrity.ads:15:13

 info: data dependencies proved
--> state_storage_integrity.ads:15:53

 info: implicit aspect Always_Terminates on "Evaluate_XFS" has been proved, subprogram will terminate
--> state_storage_integrity.ads:16:13

 info: data dependencies proved
--> state_storage_integrity.ads:18:26
Success: all checks proved (3592 checks).
Summary logged in /home/nia/devbox/niaos/nia-os-consent/statecore/build/proof-obj/gnatprove/gnatprove.out
proof-guard: {"limits": {"address_mib_per_process": 1536, "minimum_available_mib": 2048, "nice_increment": 15, "sample_interval_seconds": 0.1, "sampled_session_rss_mib": 2048, "seconds": 3600}, "peak_session_rss_bytes": 638849024, "reason": null, "result": "pass", "returncode": 0, "seconds": 982.081}
